flow_row_id,true_label,predicted_label,predicted_probability,evaluation_protocol
2,0,0,0.0,stratified_80_20
10,0,0,0.0,stratified_80_20
12,0,0,0.0,stratified_80_20
15,0,0,0.0,stratified_80_20
21,0,0,0.0,stratified_80_20
28,0,0,0.0,stratified_80_20
36,0,0,0.0,stratified_80_20
37,0,0,0.0,stratified_80_20
48,0,0,0.0,stratified_80_20
51,0,0,0.0,stratified_80_20
55,0,0,0.0,stratified_80_20
56,0,0,0.0,stratified_80_20
60,0,0,0.0,stratified_80_20
66,0,0,0.0,stratified_80_20
73,0,0,0.0,stratified_80_20
74,0,0,0.0,stratified_80_20
77,0,0,0.0,stratified_80_20
78,0,0,0.0,stratified_80_20
93,0,0,0.0,stratified_80_20
105,0,0,0.0,stratified_80_20
112,0,0,0.0,stratified_80_20
117,0,0,0.0,stratified_80_20
126,0,0,0.0,stratified_80_20
132,0,0,0.0,stratified_80_20
136,0,0,0.0,stratified_80_20
138,0,0,0.0,stratified_80_20
148,0,0,0.0,stratified_80_20
153,0,0,0.0,stratified_80_20
155,0,0,0.0,stratified_80_20
159,0,0,0.0,stratified_80_20
162,0,0,0.0,stratified_80_20
163,0,0,0.0,stratified_80_20
174,0,0,0.0,stratified_80_20
178,0,0,0.0,stratified_80_20
179,0,0,0.0,stratified_80_20
192,0,0,0.0,stratified_80_20
193,0,0,0.0,stratified_80_20
203,0,0,0.0,stratified_80_20
206,0,0,0.0,stratified_80_20
207,0,0,0.0,stratified_80_20
209,0,0,0.0,stratified_80_20
211,0,0,0.0,stratified_80_20
215,0,0,0.0,stratified_80_20
228,0,0,0.0,stratified_80_20
229,0,0,0.0,stratified_80_20
235,0,0,0.0,stratified_80_20
236,0,0,0.0,stratified_80_20
246,0,0,0.0,stratified_80_20
255,0,0,0.0,stratified_80_20
256,0,0,0.0,stratified_80_20
260,0,0,0.0,stratified_80_20
276,0,0,0.0,stratified_80_20
281,0,0,0.0,stratified_80_20
282,0,0,0.0,stratified_80_20
287,0,0,0.0,stratified_80_20
294,0,0,0.0,stratified_80_20
296,0,0,0.0,stratified_80_20
301,0,0,0.0,stratified_80_20
302,0,0,0.0,stratified_80_20
306,0,0,0.0,stratified_80_20
307,0,0,0.0,stratified_80_20
319,0,0,0.0,stratified_80_20
320,0,0,0.0,stratified_80_20
328,0,0,0.0,stratified_80_20
329,0,0,0.0,stratified_80_20
331,0,0,0.0,stratified_80_20
336,0,0,0.0,stratified_80_20
338,0,0,0.0,stratified_80_20
340,0,0,0.0,stratified_80_20
347,0,0,0.0,stratified_80_20
350,0,0,0.0,stratified_80_20
352,0,0,0.0,stratified_80_20
358,0,0,0.0,stratified_80_20
363,0,0,0.0,stratified_80_20
364,0,0,0.0,stratified_80_20
368,0,0,0.0,stratified_80_20
370,0,0,0.0,stratified_80_20
372,0,0,0.0,stratified_80_20
384,0,0,0.0,stratified_80_20
386,0,0,0.0,stratified_80_20
389,0,0,0.0,stratified_80_20
390,0,0,0.0,stratified_80_20
394,0,0,0.0,stratified_80_20
400,0,0,0.0,stratified_80_20
402,0,0,0.0,stratified_80_20
404,0,0,0.0,stratified_80_20
412,0,0,0.0,stratified_80_20
427,0,0,0.0,stratified_80_20
432,0,0,0.0,stratified_80_20
442,0,0,0.0,stratified_80_20
443,0,0,0.0,stratified_80_20
453,0,0,0.0,stratified_80_20
463,0,0,0.0,stratified_80_20
486,0,0,0.0,stratified_80_20
490,0,0,0.0,stratified_80_20
492,0,0,0.0,stratified_80_20
493,0,0,0.0,stratified_80_20
495,0,0,0.0,stratified_80_20
496,0,0,0.0,stratified_80_20
497,0,0,0.0,stratified_80_20
507,0,0,0.0,stratified_80_20
510,0,0,0.0,stratified_80_20
515,0,0,0.0,stratified_80_20
519,0,0,0.0,stratified_80_20
524,0,0,0.0,stratified_80_20
526,0,0,0.0,stratified_80_20
528,0,0,0.0,stratified_80_20
534,0,0,0.0,stratified_80_20
555,0,0,0.0,stratified_80_20
557,0,0,0.0,stratified_80_20
559,0,0,0.0,stratified_80_20
560,0,0,0.0,stratified_80_20
562,0,0,0.0,stratified_80_20
565,0,0,0.0,stratified_80_20
567,0,0,0.0,stratified_80_20
569,0,0,0.0,stratified_80_20
570,0,0,0.0,stratified_80_20
582,0,0,0.0,stratified_80_20
587,0,0,0.0,stratified_80_20
590,0,0,0.0,stratified_80_20
591,0,0,0.0,stratified_80_20
595,0,0,0.0,stratified_80_20
597,0,0,0.0,stratified_80_20
598,0,0,0.0,stratified_80_20
615,0,0,0.0,stratified_80_20
619,0,0,0.0,stratified_80_20
632,0,0,0.0,stratified_80_20
633,0,0,0.0,stratified_80_20
634,0,0,0.0,stratified_80_20
636,0,0,0.0,stratified_80_20
641,0,0,0.0,stratified_80_20
642,0,0,0.0,stratified_80_20
645,0,0,0.0,stratified_80_20
652,0,0,0.0,stratified_80_20
654,0,0,0.0,stratified_80_20
660,0,0,0.0,stratified_80_20
661,0,0,0.0,stratified_80_20
665,0,0,0.0,stratified_80_20
666,0,0,0.0,stratified_80_20
669,0,0,0.0,stratified_80_20
670,0,0,0.0,stratified_80_20
671,0,0,0.0,stratified_80_20
678,0,0,0.0,stratified_80_20
684,0,0,0.0,stratified_80_20
690,0,0,0.0,stratified_80_20
691,0,0,0.0,stratified_80_20
692,0,0,0.0,stratified_80_20
694,0,0,0.0,stratified_80_20
706,0,0,0.0,stratified_80_20
713,0,0,0.0,stratified_80_20
717,0,0,0.0,stratified_80_20
719,0,0,0.0,stratified_80_20
722,0,0,0.0,stratified_80_20
726,0,0,0.0,stratified_80_20
727,0,0,0.0,stratified_80_20
728,0,0,0.0,stratified_80_20
730,0,0,0.0,stratified_80_20
731,0,0,0.0,stratified_80_20
737,0,0,0.0,stratified_80_20
739,0,0,0.0,stratified_80_20
755,0,0,0.0,stratified_80_20
760,0,0,0.0,stratified_80_20
763,0,0,0.0,stratified_80_20
765,0,0,0.0,stratified_80_20
767,0,0,0.0,stratified_80_20
769,0,0,0.0,stratified_80_20
781,0,0,0.0,stratified_80_20
784,0,0,0.0,stratified_80_20
786,0,0,0.0,stratified_80_20
788,0,0,0.0,stratified_80_20
797,0,0,0.0,stratified_80_20
798,0,0,0.0,stratified_80_20
799,0,0,0.0,stratified_80_20
801,0,0,0.0,stratified_80_20
806,0,0,0.0,stratified_80_20
808,0,0,0.0,stratified_80_20
814,0,0,0.0,stratified_80_20
815,0,0,0.0,stratified_80_20
818,0,0,0.0,stratified_80_20
824,0,0,0.0,stratified_80_20
834,0,0,0.0,stratified_80_20
835,0,0,0.0,stratified_80_20
840,0,0,0.0,stratified_80_20
845,0,0,0.0,stratified_80_20
846,0,0,0.0,stratified_80_20
854,0,0,0.0,stratified_80_20
858,0,0,0.0,stratified_80_20
860,0,0,0.0,stratified_80_20
864,0,0,0.0,stratified_80_20
865,0,0,0.0,stratified_80_20
868,0,0,0.0,stratified_80_20
869,0,0,0.0,stratified_80_20
877,0,0,0.0,stratified_80_20
882,0,0,0.0,stratified_80_20
886,0,0,0.0,stratified_80_20
887,0,0,0.0,stratified_80_20
889,0,0,0.0,stratified_80_20
893,0,0,0.0,stratified_80_20
897,0,0,0.0,stratified_80_20
901,0,0,0.0,stratified_80_20
908,0,0,0.0,stratified_80_20
909,0,0,0.0,stratified_80_20
910,0,0,0.0,stratified_80_20
916,0,0,0.0,stratified_80_20
917,0,0,0.0,stratified_80_20
922,0,0,0.0,stratified_80_20
924,0,0,0.0,stratified_80_20
929,0,0,0.0,stratified_80_20
944,0,0,0.0,stratified_80_20
946,0,0,0.0,stratified_80_20
947,0,0,0.0,stratified_80_20
954,0,0,0.0,stratified_80_20
956,0,0,0.0,stratified_80_20
968,0,0,0.0,stratified_80_20
992,0,0,0.0,stratified_80_20
1004,0,0,0.0,stratified_80_20
1007,0,0,0.0,stratified_80_20
1014,0,0,0.0,stratified_80_20
1015,0,0,0.0,stratified_80_20
1016,0,0,0.0,stratified_80_20
1018,0,0,0.0,stratified_80_20
1019,0,0,0.0,stratified_80_20
1031,0,0,0.0,stratified_80_20
1040,0,0,0.0,stratified_80_20
1041,0,0,0.0,stratified_80_20
1044,0,0,0.0,stratified_80_20
1049,0,0,0.0,stratified_80_20
1051,0,0,0.0,stratified_80_20
1055,0,0,0.0,stratified_80_20
1058,0,0,0.0,stratified_80_20
1062,0,0,0.0,stratified_80_20
1067,0,0,0.0,stratified_80_20
1070,0,0,0.0,stratified_80_20
1073,0,0,0.0,stratified_80_20
1074,0,0,0.0,stratified_80_20
1079,0,0,0.0,stratified_80_20
1080,0,0,0.0,stratified_80_20
1081,0,0,0.0,stratified_80_20
1089,0,0,0.0,stratified_80_20
1091,0,0,0.0,stratified_80_20
1095,0,0,0.0,stratified_80_20
1102,0,0,0.0,stratified_80_20
1105,0,0,0.0,stratified_80_20
1115,0,0,0.0,stratified_80_20
1125,0,0,0.0,stratified_80_20
1129,0,0,0.0,stratified_80_20
1132,0,0,0.0,stratified_80_20
1134,0,0,0.0,stratified_80_20
1137,0,0,0.0,stratified_80_20
1140,0,0,0.0,stratified_80_20
1150,0,0,0.0,stratified_80_20
1155,0,0,0.0,stratified_80_20
1160,0,0,0.0,stratified_80_20
1161,0,0,0.0,stratified_80_20
1168,0,0,0.0,stratified_80_20
1172,0,0,0.0,stratified_80_20
1177,0,0,0.0,stratified_80_20
1184,0,0,0.0,stratified_80_20
1193,0,0,0.0,stratified_80_20
1195,0,0,0.0,stratified_80_20
1207,0,0,0.0,stratified_80_20
1209,0,0,0.0,stratified_80_20
1211,0,0,0.0,stratified_80_20
1212,0,0,0.0,stratified_80_20
1214,0,0,0.0,stratified_80_20
1218,0,0,0.0,stratified_80_20
1234,0,0,0.0,stratified_80_20
1239,0,0,0.0,stratified_80_20
1242,0,0,0.0,stratified_80_20
1245,0,0,0.0,stratified_80_20
1252,0,0,0.0,stratified_80_20
1257,0,0,0.0,stratified_80_20
1269,0,0,0.0,stratified_80_20
1279,0,0,0.0,stratified_80_20
1283,0,0,0.0,stratified_80_20
1294,0,0,0.0,stratified_80_20
1299,0,0,0.0,stratified_80_20
1301,0,0,0.0,stratified_80_20
1306,0,0,0.0,stratified_80_20
1307,0,0,0.0,stratified_80_20
1308,0,0,0.0,stratified_80_20
1312,0,0,0.0,stratified_80_20
1313,0,0,0.0,stratified_80_20
1324,0,0,0.0,stratified_80_20
1341,0,0,0.0,stratified_80_20
1342,0,0,0.0,stratified_80_20
1353,0,0,0.0,stratified_80_20
1359,0,0,0.0,stratified_80_20
1360,0,0,0.0,stratified_80_20
1367,0,0,0.0,stratified_80_20
1375,0,0,0.0,stratified_80_20
1378,0,0,0.0,stratified_80_20
1379,0,0,0.0,stratified_80_20
1381,0,0,0.0,stratified_80_20
1384,0,0,0.0,stratified_80_20
1386,0,0,0.0,stratified_80_20
1391,0,0,0.0,stratified_80_20
1401,0,0,0.0,stratified_80_20
1403,0,0,0.0,stratified_80_20
1407,0,0,0.0,stratified_80_20
1408,0,0,0.0,stratified_80_20
1409,0,0,0.0,stratified_80_20
1415,0,0,0.0,stratified_80_20
1421,0,0,0.0,stratified_80_20
1425,0,0,0.0,stratified_80_20
1431,0,0,0.0,stratified_80_20
1435,0,0,0.0,stratified_80_20
1447,0,0,0.0,stratified_80_20
1454,0,0,0.0,stratified_80_20
1462,0,0,0.0,stratified_80_20
1466,0,0,0.0,stratified_80_20
1468,0,0,0.0,stratified_80_20
1469,0,0,0.0,stratified_80_20
1481,0,0,0.0,stratified_80_20
1485,0,0,0.0,stratified_80_20
1502,0,0,0.0,stratified_80_20
1506,0,0,0.0,stratified_80_20
1509,0,0,0.0,stratified_80_20
1515,0,0,0.0,stratified_80_20
1524,0,0,0.0,stratified_80_20
1525,0,0,0.0,stratified_80_20
1531,0,0,0.0,stratified_80_20
1537,0,0,0.0,stratified_80_20
1538,0,0,0.0,stratified_80_20
1539,0,0,0.0,stratified_80_20
1541,0,0,0.0,stratified_80_20
1542,0,0,0.0,stratified_80_20
1545,0,0,0.0,stratified_80_20
1548,0,0,0.0,stratified_80_20
1552,0,0,0.0,stratified_80_20
1559,0,0,0.0,stratified_80_20
1560,0,0,0.0,stratified_80_20
1577,0,0,0.0,stratified_80_20
1582,0,0,0.0,stratified_80_20
1587,0,0,0.0,stratified_80_20
1589,0,0,0.0,stratified_80_20
1591,0,0,0.0,stratified_80_20
1597,0,0,0.0,stratified_80_20
1600,0,0,0.0,stratified_80_20
1605,0,0,0.0,stratified_80_20
1607,0,0,0.0,stratified_80_20
1609,0,0,0.0,stratified_80_20
1614,0,0,0.0,stratified_80_20
1620,0,0,0.0,stratified_80_20
1622,0,0,0.0,stratified_80_20
1626,0,0,0.0,stratified_80_20
1630,0,0,0.0,stratified_80_20
1645,0,0,0.0,stratified_80_20
1651,0,0,0.0,stratified_80_20
1652,0,0,0.0,stratified_80_20
1657,0,0,0.0,stratified_80_20
1658,0,0,0.0,stratified_80_20
1667,0,0,0.0,stratified_80_20
1669,0,0,0.0,stratified_80_20
1674,0,0,0.0,stratified_80_20
1695,0,0,0.0,stratified_80_20
1700,0,0,0.0,stratified_80_20
1701,0,0,0.0,stratified_80_20
1708,0,0,0.0,stratified_80_20
1725,0,0,0.0,stratified_80_20
1726,0,0,0.0,stratified_80_20
1728,0,0,0.0,stratified_80_20
1737,0,0,0.0,stratified_80_20
1740,0,0,0.0,stratified_80_20
1746,0,0,0.0,stratified_80_20
1750,0,0,0.0,stratified_80_20
1752,0,0,0.0,stratified_80_20
1753,0,0,0.0,stratified_80_20
1754,0,0,0.0,stratified_80_20
1756,0,0,0.0,stratified_80_20
1759,0,0,0.0,stratified_80_20
1764,0,0,0.0,stratified_80_20
1770,0,0,0.0,stratified_80_20
1773,0,0,0.0,stratified_80_20
1777,0,0,0.0,stratified_80_20
1779,0,0,0.0,stratified_80_20
1780,0,0,0.0,stratified_80_20
1785,0,0,0.0,stratified_80_20
1789,0,0,0.0,stratified_80_20
1798,0,0,0.0,stratified_80_20
1802,0,0,0.0,stratified_80_20
1806,0,0,0.0,stratified_80_20
1813,0,0,0.0,stratified_80_20
1814,0,0,0.0,stratified_80_20
1816,0,0,0.0,stratified_80_20
1823,0,0,0.0,stratified_80_20
1828,0,0,0.0,stratified_80_20
1831,0,0,0.0,stratified_80_20
1832,0,0,0.0,stratified_80_20
1843,0,0,0.0,stratified_80_20
1845,0,0,0.0,stratified_80_20
1848,0,0,0.0,stratified_80_20
1849,0,0,0.0,stratified_80_20
1860,0,0,0.0,stratified_80_20
1868,0,0,0.0,stratified_80_20
1875,0,0,0.0,stratified_80_20
1881,0,0,0.0,stratified_80_20
1883,0,0,0.0,stratified_80_20
1885,0,0,0.0,stratified_80_20
1892,0,0,0.0,stratified_80_20
1893,0,0,0.0,stratified_80_20
1894,0,0,0.0,stratified_80_20
1898,0,0,0.0,stratified_80_20
1902,0,0,0.0,stratified_80_20
1903,0,0,0.0,stratified_80_20
1906,0,0,0.0,stratified_80_20
1909,0,0,0.0,stratified_80_20
1917,0,0,0.0,stratified_80_20
1919,0,0,0.0,stratified_80_20
1920,0,0,0.0,stratified_80_20
1922,0,0,0.0,stratified_80_20
1924,0,0,0.0,stratified_80_20
1925,0,0,0.0,stratified_80_20
1932,0,0,0.0,stratified_80_20
1934,0,0,0.0,stratified_80_20
1936,0,0,0.0,stratified_80_20
1949,0,0,0.0,stratified_80_20
1950,0,0,0.0,stratified_80_20
1951,0,0,0.0,stratified_80_20
1961,0,0,0.0,stratified_80_20
1969,0,0,0.0,stratified_80_20
1971,0,0,0.0,stratified_80_20
1973,0,0,0.0,stratified_80_20
1980,0,0,0.0,stratified_80_20
1986,0,0,0.0,stratified_80_20
1987,0,0,0.0,stratified_80_20
1988,0,0,0.0,stratified_80_20
1995,0,0,0.0,stratified_80_20
1996,0,0,0.0,stratified_80_20
1999,0,0,0.0,stratified_80_20
2010,0,0,0.0,stratified_80_20
2011,0,0,0.0,stratified_80_20
2013,0,0,0.0,stratified_80_20
2015,0,0,0.0,stratified_80_20
2016,0,0,0.0,stratified_80_20
2017,0,0,0.0,stratified_80_20
2019,0,0,0.0,stratified_80_20
2023,0,0,0.0,stratified_80_20
2024,0,0,0.0,stratified_80_20
2035,0,0,0.0,stratified_80_20
2036,0,0,0.0,stratified_80_20
2042,0,0,0.0,stratified_80_20
2049,0,0,0.0,stratified_80_20
2050,0,0,0.0,stratified_80_20
2056,0,0,0.0,stratified_80_20
2057,0,0,0.0,stratified_80_20
2058,0,0,0.0,stratified_80_20
2064,0,0,0.0,stratified_80_20
2073,0,0,0.0,stratified_80_20
2076,0,0,0.0,stratified_80_20
2079,0,0,0.0,stratified_80_20
2083,0,0,0.0,stratified_80_20
2093,0,0,0.0,stratified_80_20
2096,0,0,0.0,stratified_80_20
2100,0,0,0.0,stratified_80_20
2102,0,0,0.0,stratified_80_20
2103,0,0,0.0,stratified_80_20
2105,0,0,0.0,stratified_80_20
2107,0,0,0.0,stratified_80_20
2108,0,0,0.0,stratified_80_20
2114,0,0,0.0,stratified_80_20
2123,0,0,0.0,stratified_80_20
2128,0,0,0.0,stratified_80_20
2147,0,0,0.0,stratified_80_20
2159,0,0,0.0,stratified_80_20
2160,0,0,0.0,stratified_80_20
2169,0,0,0.0,stratified_80_20
2176,0,0,0.0,stratified_80_20
2179,0,0,0.0,stratified_80_20
2187,0,0,0.0,stratified_80_20
2196,0,0,0.0,stratified_80_20
2198,0,0,0.0,stratified_80_20
2200,0,0,0.0,stratified_80_20
2204,0,0,0.0,stratified_80_20
2219,0,0,0.0,stratified_80_20
2224,0,0,0.0,stratified_80_20
2228,0,0,0.0,stratified_80_20
2243,0,0,0.0,stratified_80_20
2244,0,0,0.0,stratified_80_20
2251,0,0,0.0,stratified_80_20
2257,0,0,0.0,stratified_80_20
2260,0,0,0.0,stratified_80_20
2261,0,0,0.0,stratified_80_20
2272,0,0,0.0,stratified_80_20
2274,0,0,0.0,stratified_80_20
2282,0,0,0.0,stratified_80_20
2283,0,0,0.0,stratified_80_20
2302,0,0,0.0,stratified_80_20
2311,0,0,0.0,stratified_80_20
2314,0,0,0.0,stratified_80_20
2317,0,0,0.0,stratified_80_20
2327,0,0,0.0,stratified_80_20
2329,0,0,0.0,stratified_80_20
2336,0,0,0.0,stratified_80_20
2340,0,0,0.0,stratified_80_20
2347,0,0,0.0,stratified_80_20
2352,0,0,0.0,stratified_80_20
2356,0,0,0.0,stratified_80_20
2365,0,0,0.0,stratified_80_20
2366,0,0,0.0,stratified_80_20
2368,0,0,0.0,stratified_80_20
2369,0,0,0.0,stratified_80_20
2370,0,0,0.0,stratified_80_20
2377,0,0,0.0,stratified_80_20
2382,0,0,0.0,stratified_80_20
2384,0,0,0.0,stratified_80_20
2389,0,0,0.0,stratified_80_20
2395,0,0,0.0,stratified_80_20
2396,0,0,0.0,stratified_80_20
2400,0,0,0.0,stratified_80_20
2402,0,0,0.0,stratified_80_20
2409,0,0,0.0,stratified_80_20
2413,0,0,0.0,stratified_80_20
2419,0,0,0.0,stratified_80_20
2421,0,0,0.0,stratified_80_20
2426,0,0,0.0,stratified_80_20
2429,0,0,0.0,stratified_80_20
2431,0,0,0.0,stratified_80_20
2443,0,0,0.0,stratified_80_20
2454,0,0,0.0,stratified_80_20
2459,0,0,0.0,stratified_80_20
2460,0,0,0.0,stratified_80_20
2461,0,0,0.0,stratified_80_20
2462,0,0,0.0,stratified_80_20
2469,0,0,0.0,stratified_80_20
2473,0,0,0.0,stratified_80_20
2482,0,0,0.0,stratified_80_20
2484,0,0,0.0,stratified_80_20
2486,0,0,0.0,stratified_80_20
2509,0,0,0.0,stratified_80_20
2511,0,0,0.0,stratified_80_20
2513,0,0,0.0,stratified_80_20
2523,0,0,0.0,stratified_80_20
2526,0,0,0.0,stratified_80_20
2537,0,0,0.0,stratified_80_20
2539,0,0,0.0,stratified_80_20
2551,0,0,0.0,stratified_80_20
2552,0,0,0.0,stratified_80_20
2557,0,0,0.0,stratified_80_20
2567,0,0,0.0,stratified_80_20
2568,0,0,0.0,stratified_80_20
2573,0,0,0.0,stratified_80_20
2576,0,0,0.0,stratified_80_20
2580,0,0,0.0,stratified_80_20
2581,0,0,0.0,stratified_80_20
2586,0,0,0.0,stratified_80_20
2590,0,0,0.0,stratified_80_20
2591,0,0,0.0,stratified_80_20
2597,0,0,0.0,stratified_80_20
2607,0,0,0.0,stratified_80_20
2610,0,0,0.0,stratified_80_20
2611,0,0,0.0,stratified_80_20
2620,0,0,0.0,stratified_80_20
2623,0,0,0.0,stratified_80_20
2631,0,0,0.0,stratified_80_20
2637,0,0,0.0,stratified_80_20
2642,0,0,0.0,stratified_80_20
2643,0,0,0.0,stratified_80_20
2648,0,0,0.0,stratified_80_20
2651,0,0,0.0,stratified_80_20
2654,0,0,0.0,stratified_80_20
2659,0,0,0.0,stratified_80_20
2663,0,0,0.0,stratified_80_20
2670,0,0,0.0,stratified_80_20
2686,0,0,0.0,stratified_80_20
2690,0,0,0.0,stratified_80_20
2693,0,0,0.0,stratified_80_20
2695,0,0,0.0,stratified_80_20
2696,0,0,0.0,stratified_80_20
2708,0,0,0.0,stratified_80_20
2711,0,0,0.0,stratified_80_20
2716,0,0,0.0,stratified_80_20
2717,0,0,0.0,stratified_80_20
2719,0,0,0.0,stratified_80_20
2722,0,0,0.0,stratified_80_20
2723,0,0,0.0,stratified_80_20
2738,0,0,0.0,stratified_80_20
2739,0,0,0.0,stratified_80_20
2745,0,0,0.0,stratified_80_20
2747,0,0,0.0,stratified_80_20
2759,0,0,0.0,stratified_80_20
2763,0,0,0.0,stratified_80_20
2765,0,0,0.0,stratified_80_20
2768,0,0,0.0,stratified_80_20
2770,0,0,0.0,stratified_80_20
2775,0,0,0.0,stratified_80_20
2779,0,0,0.0,stratified_80_20
2785,0,0,0.0,stratified_80_20
2786,0,0,0.0,stratified_80_20
2795,0,0,0.0,stratified_80_20
2800,0,0,0.0,stratified_80_20
2801,0,0,0.0,stratified_80_20
2808,0,0,0.0,stratified_80_20
2809,0,0,0.0,stratified_80_20
2810,0,0,0.0,stratified_80_20
2811,0,0,0.0,stratified_80_20
2823,0,0,0.0,stratified_80_20
2831,0,0,0.0,stratified_80_20
2833,0,0,0.0,stratified_80_20
2835,0,0,0.0,stratified_80_20
2837,0,0,0.0,stratified_80_20
2839,0,0,0.0,stratified_80_20
2841,0,0,0.0,stratified_80_20
2850,0,0,0.0,stratified_80_20
2866,0,0,0.0,stratified_80_20
2869,0,0,0.0,stratified_80_20
2871,0,0,0.0,stratified_80_20
2880,0,0,0.0,stratified_80_20
2881,0,0,0.0,stratified_80_20
2882,0,0,0.0,stratified_80_20
2886,0,0,0.0,stratified_80_20
2887,0,0,0.0,stratified_80_20
2889,0,0,0.0,stratified_80_20
2890,0,0,0.0,stratified_80_20
2892,0,0,0.0,stratified_80_20
2895,0,0,0.0,stratified_80_20
2911,0,0,0.0,stratified_80_20
2913,0,0,0.0,stratified_80_20
2920,0,0,0.0,stratified_80_20
2921,0,0,0.0,stratified_80_20
2934,0,0,0.0,stratified_80_20
2939,0,0,0.0,stratified_80_20
2940,0,0,0.0,stratified_80_20
2956,0,0,0.0,stratified_80_20
2962,0,0,0.0,stratified_80_20
2963,0,0,0.0,stratified_80_20
2970,0,0,0.0,stratified_80_20
2972,0,0,0.0,stratified_80_20
2978,0,0,0.0,stratified_80_20
2979,0,0,0.0,stratified_80_20
2983,0,0,0.0,stratified_80_20
2985,0,0,0.0,stratified_80_20
2994,0,0,0.0,stratified_80_20
2999,0,0,0.0,stratified_80_20
3009,0,0,0.0,stratified_80_20
3017,0,0,0.0,stratified_80_20
3020,0,0,0.0,stratified_80_20
3044,0,0,0.0,stratified_80_20
3051,0,0,0.0,stratified_80_20
3052,0,0,0.0,stratified_80_20
3057,0,0,0.0,stratified_80_20
3060,0,0,0.0,stratified_80_20
3065,0,0,0.0,stratified_80_20
3066,0,0,0.0,stratified_80_20
3071,0,0,0.0,stratified_80_20
3081,0,0,0.0,stratified_80_20
3083,0,0,0.0,stratified_80_20
3084,0,0,0.0,stratified_80_20
3088,0,0,0.0,stratified_80_20
3089,0,0,0.0,stratified_80_20
3092,0,0,0.0,stratified_80_20
3093,0,0,0.0,stratified_80_20
3098,0,0,0.0,stratified_80_20
3114,0,0,0.0,stratified_80_20
3117,0,0,0.0,stratified_80_20
3121,0,0,0.0,stratified_80_20
3127,0,0,0.0,stratified_80_20
3130,0,0,0.0,stratified_80_20
3145,0,0,0.0,stratified_80_20
3146,0,0,0.0,stratified_80_20
3148,0,0,0.0,stratified_80_20
3149,0,0,0.0,stratified_80_20
3159,0,0,0.0,stratified_80_20
3164,0,0,0.0,stratified_80_20
3170,0,0,0.0,stratified_80_20
3174,0,0,0.0,stratified_80_20
3175,0,0,0.0,stratified_80_20
3178,0,0,0.0,stratified_80_20
3188,0,0,0.0,stratified_80_20
3190,0,0,0.0,stratified_80_20
3191,0,0,0.0,stratified_80_20
3192,0,0,0.0,stratified_80_20
3196,0,0,0.0,stratified_80_20
3201,0,0,0.0,stratified_80_20
3203,0,0,0.0,stratified_80_20
3212,0,0,0.0,stratified_80_20
3216,0,0,0.0,stratified_80_20
3218,0,0,0.0,stratified_80_20
3225,0,0,0.0,stratified_80_20
3228,0,0,0.0,stratified_80_20
3232,0,0,0.0,stratified_80_20
3235,0,0,0.0,stratified_80_20
3236,0,0,0.0,stratified_80_20
3239,0,0,0.0,stratified_80_20
3240,0,0,0.0,stratified_80_20
3255,0,0,0.0,stratified_80_20
3258,0,0,0.0,stratified_80_20
3259,0,0,0.0,stratified_80_20
3262,0,0,0.0,stratified_80_20
3267,0,0,0.0,stratified_80_20
3271,0,0,0.0,stratified_80_20
3273,0,0,0.0,stratified_80_20
3275,0,0,0.0,stratified_80_20
3280,0,0,0.0,stratified_80_20
3285,0,0,0.0,stratified_80_20
3291,0,0,0.0,stratified_80_20
3293,0,0,0.0,stratified_80_20
3317,0,0,0.0,stratified_80_20
3320,0,0,0.0,stratified_80_20
3321,0,0,0.0,stratified_80_20
3326,0,0,0.0,stratified_80_20
3327,0,0,0.0,stratified_80_20
3332,0,0,0.0,stratified_80_20
3338,0,0,0.0,stratified_80_20
3339,0,0,0.0,stratified_80_20
3343,0,0,0.0,stratified_80_20
3346,0,0,0.0,stratified_80_20
3358,0,0,0.0,stratified_80_20
3370,0,0,0.0,stratified_80_20
3373,0,0,0.0,stratified_80_20
3380,0,0,0.0,stratified_80_20
3385,0,0,0.0,stratified_80_20
3389,0,0,0.0,stratified_80_20
3395,0,0,0.0,stratified_80_20
3400,0,0,0.0,stratified_80_20
3407,0,0,0.0,stratified_80_20
3409,0,0,0.0,stratified_80_20
3412,0,0,0.0,stratified_80_20
3414,0,0,0.0,stratified_80_20
3420,0,0,0.0,stratified_80_20
3424,0,0,0.0,stratified_80_20
3430,0,0,0.0,stratified_80_20
3435,0,0,0.0,stratified_80_20
3436,0,0,0.0,stratified_80_20
3439,0,0,0.0,stratified_80_20
3443,0,0,0.0,stratified_80_20
3453,0,0,0.0,stratified_80_20
3457,0,0,0.0,stratified_80_20
3464,0,0,0.0,stratified_80_20
3465,0,0,0.0,stratified_80_20
3466,0,0,0.0,stratified_80_20
3471,0,0,0.0,stratified_80_20
3491,0,0,0.0,stratified_80_20
3499,0,0,0.0,stratified_80_20
3513,0,0,0.0,stratified_80_20
3514,0,0,0.0,stratified_80_20
3516,0,0,0.0,stratified_80_20
3535,0,0,0.0,stratified_80_20
3536,0,0,0.0,stratified_80_20
3543,0,0,0.0,stratified_80_20
3557,0,0,0.0,stratified_80_20
3558,0,0,0.0,stratified_80_20
3561,0,0,0.0,stratified_80_20
3567,0,0,0.0,stratified_80_20
3573,0,0,0.0,stratified_80_20
3574,0,0,0.0,stratified_80_20
3587,0,0,0.0,stratified_80_20
3591,0,0,0.0,stratified_80_20
3596,0,0,0.0,stratified_80_20
3598,0,0,0.0,stratified_80_20
3606,0,0,0.0,stratified_80_20
3621,0,0,0.0,stratified_80_20
3626,0,0,0.0,stratified_80_20
3629,0,0,0.0,stratified_80_20
3630,0,0,0.0,stratified_80_20
3631,0,0,0.0,stratified_80_20
3632,0,0,0.0,stratified_80_20
3641,0,0,0.0,stratified_80_20
3642,0,0,0.0,stratified_80_20
3644,0,0,0.0,stratified_80_20
3650,0,0,0.0,stratified_80_20
3654,0,0,0.0,stratified_80_20
3659,0,0,0.0,stratified_80_20
3664,0,0,0.0,stratified_80_20
3666,0,0,0.0,stratified_80_20
3670,0,0,0.0,stratified_80_20
3675,0,0,0.0,stratified_80_20
3676,0,0,0.0,stratified_80_20
3679,0,0,0.0,stratified_80_20
3681,0,0,0.0,stratified_80_20
3688,0,0,0.0,stratified_80_20
3691,0,0,0.0,stratified_80_20
3696,0,0,0.0,stratified_80_20
3709,0,0,0.0,stratified_80_20
3712,0,0,0.0,stratified_80_20
3720,0,0,0.0,stratified_80_20
3722,0,0,0.0,stratified_80_20
3726,0,0,0.0,stratified_80_20
3727,0,0,0.0,stratified_80_20
3729,0,0,0.0,stratified_80_20
3744,0,0,0.0,stratified_80_20
3747,0,0,0.0,stratified_80_20
3748,0,0,0.0,stratified_80_20
3749,0,0,0.0,stratified_80_20
3754,0,0,0.0,stratified_80_20
3756,0,0,0.0,stratified_80_20
3760,0,0,0.0,stratified_80_20
3765,0,0,0.0,stratified_80_20
3770,0,0,0.0,stratified_80_20
3771,0,0,0.0,stratified_80_20
3774,0,0,0.0,stratified_80_20
3775,0,0,0.0,stratified_80_20
3782,0,0,0.0,stratified_80_20
3783,0,0,0.0,stratified_80_20
3797,0,0,0.0,stratified_80_20
3809,0,0,0.0,stratified_80_20
3810,0,0,0.0,stratified_80_20
3812,0,0,0.0,stratified_80_20
3815,0,0,0.0,stratified_80_20
3822,0,0,0.0,stratified_80_20
3823,0,0,0.0,stratified_80_20
3828,0,0,0.0,stratified_80_20
3832,0,0,0.0,stratified_80_20
3838,0,0,0.0,stratified_80_20
3841,0,0,0.0,stratified_80_20
3845,0,0,0.0,stratified_80_20
3849,0,0,0.0,stratified_80_20
3866,0,0,0.0,stratified_80_20
3869,0,0,0.0,stratified_80_20
3873,0,0,0.0,stratified_80_20
3880,0,0,0.0,stratified_80_20
3883,0,0,0.0,stratified_80_20
3890,0,0,0.0,stratified_80_20
3895,0,0,0.0,stratified_80_20
3908,0,0,0.0,stratified_80_20
3909,0,0,0.0,stratified_80_20
3925,0,0,0.0,stratified_80_20
3932,0,0,0.0,stratified_80_20
3937,0,0,0.0,stratified_80_20
3951,0,0,0.0,stratified_80_20
3952,0,0,0.0,stratified_80_20
3956,0,0,0.0,stratified_80_20
3969,0,0,0.0,stratified_80_20
3970,0,0,0.0,stratified_80_20
3972,0,0,0.0,stratified_80_20
3981,0,0,0.0,stratified_80_20
3983,0,0,0.0,stratified_80_20
3985,0,0,0.0,stratified_80_20
3987,0,0,0.0,stratified_80_20
3990,0,0,0.0,stratified_80_20
3996,0,0,0.0,stratified_80_20
4000,0,0,0.0,stratified_80_20
4001,0,0,0.0,stratified_80_20
4006,0,0,0.0,stratified_80_20
4008,0,0,0.0,stratified_80_20
4011,0,0,0.0,stratified_80_20
4014,0,0,0.0,stratified_80_20
4017,0,0,0.0,stratified_80_20
4018,0,0,0.0,stratified_80_20
4019,0,0,0.0,stratified_80_20
4023,0,0,0.0,stratified_80_20
4025,0,0,0.0,stratified_80_20
4027,0,0,0.0,stratified_80_20
4030,0,0,0.0,stratified_80_20
4042,0,0,0.0,stratified_80_20
4050,0,0,0.0,stratified_80_20
4055,0,0,0.0,stratified_80_20
4067,0,0,0.0,stratified_80_20
4078,0,0,0.0,stratified_80_20
4083,0,0,0.0,stratified_80_20
4096,0,0,0.0,stratified_80_20
4098,0,0,0.0,stratified_80_20
4102,0,0,0.0,stratified_80_20
4114,0,0,0.0,stratified_80_20
4117,0,0,0.0,stratified_80_20
4131,0,0,0.0,stratified_80_20
4134,0,0,0.0,stratified_80_20
4135,0,0,0.0,stratified_80_20
4136,0,0,0.0,stratified_80_20
4137,0,0,0.0,stratified_80_20
4138,0,0,0.0,stratified_80_20
4141,0,0,0.0,stratified_80_20
4150,0,0,0.0,stratified_80_20
4151,0,0,0.0,stratified_80_20
4158,0,0,0.0,stratified_80_20
4173,0,0,0.0,stratified_80_20
4175,0,0,0.0,stratified_80_20
4179,0,0,0.0,stratified_80_20
4190,0,0,0.0,stratified_80_20
4213,0,0,0.0,stratified_80_20
4218,0,0,0.0,stratified_80_20
4231,0,0,0.0,stratified_80_20
4234,0,0,0.0,stratified_80_20
4239,0,0,0.0,stratified_80_20
4242,0,0,0.0,stratified_80_20
4255,0,0,0.0,stratified_80_20
4259,0,0,0.0,stratified_80_20
4261,0,0,0.0,stratified_80_20
4263,0,0,0.0,stratified_80_20
4267,0,0,0.0,stratified_80_20
4274,0,0,0.0,stratified_80_20
4276,0,0,0.0,stratified_80_20
4295,0,0,0.0,stratified_80_20
4298,0,0,0.0,stratified_80_20
4299,0,0,0.0,stratified_80_20
4300,0,0,0.0,stratified_80_20
4301,0,0,0.0,stratified_80_20
4302,0,0,0.0,stratified_80_20
4311,0,0,0.0,stratified_80_20
4316,0,0,0.0,stratified_80_20
4321,0,0,0.0,stratified_80_20
4324,0,0,0.0,stratified_80_20
4327,0,0,0.0,stratified_80_20
4331,0,0,0.0,stratified_80_20
4332,0,0,0.0,stratified_80_20
4357,0,0,0.0,stratified_80_20
4358,0,0,0.0,stratified_80_20
4359,0,0,0.0,stratified_80_20
4368,0,0,0.0,stratified_80_20
4378,0,0,0.0,stratified_80_20
4379,0,0,0.0,stratified_80_20
4381,0,0,0.0,stratified_80_20
4382,0,0,0.0,stratified_80_20
4392,0,0,0.0,stratified_80_20
4394,0,0,0.0,stratified_80_20
4395,0,0,0.0,stratified_80_20
4409,0,0,0.0,stratified_80_20
4414,0,0,0.0,stratified_80_20
4423,0,0,0.0,stratified_80_20
4425,0,0,0.0,stratified_80_20
4426,0,0,0.0,stratified_80_20
4427,0,0,0.0,stratified_80_20
4429,0,0,0.0,stratified_80_20
4432,0,0,0.0,stratified_80_20
4434,0,0,0.0,stratified_80_20
4437,0,0,0.0,stratified_80_20
4458,0,0,0.0,stratified_80_20
4460,0,0,0.0,stratified_80_20
4470,0,0,0.0,stratified_80_20
4473,0,0,0.0,stratified_80_20
4477,0,0,0.0,stratified_80_20
4478,0,0,0.0,stratified_80_20
4482,0,0,0.0,stratified_80_20
4486,0,0,0.0,stratified_80_20
4491,0,0,0.0,stratified_80_20
4493,0,0,0.0,stratified_80_20
4494,0,0,0.0,stratified_80_20
4499,0,0,0.0,stratified_80_20
4507,0,0,0.0,stratified_80_20
4512,0,0,0.0,stratified_80_20
4515,0,0,0.0,stratified_80_20
4529,0,0,0.0,stratified_80_20
4532,0,0,0.0,stratified_80_20
4535,0,0,0.0,stratified_80_20
4541,0,0,0.0,stratified_80_20
4551,0,0,0.0,stratified_80_20
4552,0,0,0.0,stratified_80_20
4566,0,0,0.0,stratified_80_20
4567,0,0,0.0,stratified_80_20
4575,0,0,0.0,stratified_80_20
4576,0,0,0.0,stratified_80_20
4578,0,0,0.0,stratified_80_20
4581,0,0,0.0,stratified_80_20
4582,0,0,0.0,stratified_80_20
4597,0,0,0.0,stratified_80_20
4598,0,0,0.0,stratified_80_20
4603,0,0,0.0,stratified_80_20
4606,0,0,0.0,stratified_80_20
4611,0,0,0.0,stratified_80_20
4617,0,0,0.0,stratified_80_20
4621,0,0,0.0,stratified_80_20
4627,0,0,0.0,stratified_80_20
4632,0,0,0.0,stratified_80_20
4633,0,0,0.0,stratified_80_20
4643,0,0,0.0,stratified_80_20
4646,0,0,0.0,stratified_80_20
4648,0,0,0.0,stratified_80_20
4655,0,0,0.0,stratified_80_20
4656,0,0,0.0,stratified_80_20
4662,0,0,0.0,stratified_80_20
4663,0,0,0.0,stratified_80_20
4666,0,0,0.0,stratified_80_20
4674,0,0,0.0,stratified_80_20
4675,0,0,0.0,stratified_80_20
4676,0,0,0.0,stratified_80_20
4677,0,0,0.0,stratified_80_20
4686,0,0,0.0,stratified_80_20
4694,0,0,0.0,stratified_80_20
4695,0,0,0.0,stratified_80_20
4700,0,0,0.0,stratified_80_20
4703,0,0,0.0,stratified_80_20
4710,0,0,0.0,stratified_80_20
4711,0,0,0.0,stratified_80_20
4712,0,0,0.0,stratified_80_20
4722,0,0,0.0,stratified_80_20
4725,0,0,0.0,stratified_80_20
4732,0,0,0.0,stratified_80_20
4746,0,0,0.0,stratified_80_20
4747,0,0,0.0,stratified_80_20
4748,0,0,0.0,stratified_80_20
4757,0,0,0.0,stratified_80_20
4758,0,0,0.0,stratified_80_20
4760,0,0,0.0,stratified_80_20
4761,0,0,0.0,stratified_80_20
4763,0,0,0.0,stratified_80_20
4765,0,0,0.0,stratified_80_20
4773,0,0,0.0,stratified_80_20
4781,0,0,0.0,stratified_80_20
4782,0,0,0.0,stratified_80_20
4784,0,0,0.0,stratified_80_20
4791,0,0,0.0,stratified_80_20
4792,0,0,0.0,stratified_80_20
4798,0,0,0.0,stratified_80_20
4809,0,0,0.0,stratified_80_20
4820,0,0,0.0,stratified_80_20
4823,0,0,0.0,stratified_80_20
4827,0,0,0.0,stratified_80_20
4830,0,0,0.0,stratified_80_20
4833,0,0,0.0,stratified_80_20
4835,0,0,0.0,stratified_80_20
4837,0,0,0.0,stratified_80_20
4839,0,0,0.0,stratified_80_20
4841,0,0,0.0,stratified_80_20
4846,0,0,0.0,stratified_80_20
4853,0,0,0.0,stratified_80_20
4857,0,0,0.0,stratified_80_20
4858,0,0,0.0,stratified_80_20
4861,0,0,0.0,stratified_80_20
4864,0,0,0.0,stratified_80_20
4868,0,0,0.0,stratified_80_20
4876,0,0,0.0,stratified_80_20
4886,0,0,0.0,stratified_80_20
4887,0,0,0.0,stratified_80_20
4889,0,0,0.0,stratified_80_20
4893,0,0,0.0,stratified_80_20
4895,0,0,0.0,stratified_80_20
4897,0,0,0.0,stratified_80_20
4898,0,0,0.0,stratified_80_20
4905,0,0,0.0,stratified_80_20
4922,0,0,0.0,stratified_80_20
4923,0,0,0.0,stratified_80_20
4924,0,0,0.0,stratified_80_20
4925,0,0,0.0,stratified_80_20
4926,0,0,0.0,stratified_80_20
4931,0,0,0.0,stratified_80_20
4944,0,0,0.0,stratified_80_20
4947,0,0,0.0,stratified_80_20
4951,0,0,0.0,stratified_80_20
4956,0,0,0.0,stratified_80_20
4960,0,0,0.0,stratified_80_20
4967,0,0,0.0,stratified_80_20
4971,0,0,0.0,stratified_80_20
4979,0,0,0.0,stratified_80_20
4986,0,0,0.0,stratified_80_20
4992,0,0,0.0,stratified_80_20
4994,0,0,0.0,stratified_80_20
5002,0,0,0.0,stratified_80_20
5004,0,0,0.0,stratified_80_20
5021,0,0,0.0,stratified_80_20
5024,0,0,0.0,stratified_80_20
5033,0,0,0.0,stratified_80_20
5036,0,0,0.0,stratified_80_20
5037,0,0,0.0,stratified_80_20
5039,0,0,0.0,stratified_80_20
5056,0,0,0.0,stratified_80_20
5057,0,0,0.0,stratified_80_20
5060,0,0,0.0,stratified_80_20
5062,0,0,0.0,stratified_80_20
5065,0,0,0.0,stratified_80_20
5067,0,0,0.0,stratified_80_20
5075,0,0,0.0,stratified_80_20
5077,0,0,0.0,stratified_80_20
5079,0,0,0.0,stratified_80_20
5084,0,0,0.0,stratified_80_20
5097,0,0,0.0,stratified_80_20
5103,0,0,0.0,stratified_80_20
5105,0,0,0.0,stratified_80_20
5109,0,0,0.0,stratified_80_20
5110,0,0,0.0,stratified_80_20
5113,0,0,0.0,stratified_80_20
5122,0,0,0.0,stratified_80_20
5126,0,0,0.0,stratified_80_20
5127,0,0,0.0,stratified_80_20
5141,0,0,0.0,stratified_80_20
5147,0,0,0.0,stratified_80_20
5153,0,0,0.0,stratified_80_20
5154,0,0,0.0,stratified_80_20
5167,0,0,0.0,stratified_80_20
5188,0,0,0.0,stratified_80_20
5190,0,0,0.0,stratified_80_20
5192,0,0,0.0,stratified_80_20
5193,0,0,0.0,stratified_80_20
5198,0,0,0.0,stratified_80_20
5205,0,0,0.0,stratified_80_20
5208,0,0,0.0,stratified_80_20
5211,0,0,0.0,stratified_80_20
5214,0,0,0.0,stratified_80_20
5215,0,0,0.0,stratified_80_20
5232,0,0,0.0,stratified_80_20
5236,0,0,0.0,stratified_80_20
5241,0,0,0.0,stratified_80_20
5243,0,0,0.0,stratified_80_20
5244,0,0,0.0,stratified_80_20
5245,0,0,0.0,stratified_80_20
5251,0,0,0.0,stratified_80_20
5253,0,0,0.0,stratified_80_20
5260,0,0,0.0,stratified_80_20
5262,0,0,0.0,stratified_80_20
5263,0,0,0.0,stratified_80_20
5269,0,0,0.0,stratified_80_20
5275,0,0,0.0,stratified_80_20
5289,0,0,0.0,stratified_80_20
5291,0,0,0.0,stratified_80_20
5293,0,0,0.0,stratified_80_20
5295,0,0,0.0,stratified_80_20
5301,0,0,0.0,stratified_80_20
5317,0,0,0.0,stratified_80_20
5320,0,0,0.0,stratified_80_20
5324,1,1,1.0,stratified_80_20
5330,0,0,0.0,stratified_80_20
5336,0,0,0.0,stratified_80_20
5344,0,0,0.0,stratified_80_20
5353,0,0,0.0,stratified_80_20
5356,0,0,0.0,stratified_80_20
5357,1,1,1.0,stratified_80_20
5366,0,0,0.0,stratified_80_20
5372,0,0,0.0,stratified_80_20
5381,0,0,0.0,stratified_80_20
5384,1,1,1.0,stratified_80_20
5388,0,0,0.0,stratified_80_20
5403,0,0,0.0,stratified_80_20
5410,0,0,0.0,stratified_80_20
5427,1,1,1.0,stratified_80_20
5429,0,0,0.0,stratified_80_20
5430,0,0,0.0,stratified_80_20
5431,0,0,0.0,stratified_80_20
5435,1,1,1.0,stratified_80_20
5438,0,0,0.0,stratified_80_20
5443,0,0,0.0,stratified_80_20
5447,0,0,0.0,stratified_80_20
5448,0,0,0.0,stratified_80_20
5453,1,1,1.0,stratified_80_20
5459,0,0,0.0,stratified_80_20
5461,0,0,0.0,stratified_80_20
5464,0,0,0.0,stratified_80_20
5469,0,0,0.0,stratified_80_20
5475,0,0,0.0,stratified_80_20
5479,0,0,0.0,stratified_80_20
5485,1,1,1.0,stratified_80_20
5486,1,1,1.0,stratified_80_20
5488,0,0,0.0,stratified_80_20
5493,0,0,0.0,stratified_80_20
5505,0,0,0.0,stratified_80_20
5513,0,0,0.0,stratified_80_20
5514,0,0,0.0,stratified_80_20
5527,1,1,1.0,stratified_80_20
5528,0,0,0.0,stratified_80_20
5531,0,0,0.0,stratified_80_20
5535,0,0,0.0,stratified_80_20
5536,0,0,0.0,stratified_80_20
5544,0,0,0.0,stratified_80_20
5547,1,1,1.0,stratified_80_20
5548,1,1,1.0,stratified_80_20
5549,0,0,0.0,stratified_80_20
5551,0,0,0.0,stratified_80_20
5552,0,0,0.0,stratified_80_20
5553,0,0,0.0,stratified_80_20
5561,0,0,0.0,stratified_80_20
5574,0,0,0.0,stratified_80_20
5580,1,1,1.0,stratified_80_20
5581,0,0,0.0,stratified_80_20
5583,0,0,0.0,stratified_80_20
5596,0,0,0.0,stratified_80_20
5597,0,0,0.0,stratified_80_20
5602,1,1,1.0,stratified_80_20
5603,0,0,0.0,stratified_80_20
5608,0,0,0.0,stratified_80_20
5611,0,0,0.0,stratified_80_20
5612,1,1,1.0,stratified_80_20
5615,0,0,0.0,stratified_80_20
5616,0,0,0.0,stratified_80_20
5618,1,1,1.0,stratified_80_20
5627,1,1,1.0,stratified_80_20
5646,0,0,0.0,stratified_80_20
5651,0,0,0.0,stratified_80_20
5655,0,0,0.0,stratified_80_20
5657,0,0,0.0,stratified_80_20
5658,0,0,0.0,stratified_80_20
5662,0,0,0.0,stratified_80_20
5664,1,1,1.0,stratified_80_20
5669,0,0,0.0,stratified_80_20
5672,0,0,0.0,stratified_80_20
5676,0,0,0.0,stratified_80_20
5684,0,0,0.0,stratified_80_20
5688,0,0,0.0,stratified_80_20
5690,0,0,0.0,stratified_80_20
5696,0,0,0.0,stratified_80_20
5701,1,1,1.0,stratified_80_20
5705,0,0,0.0,stratified_80_20
5706,0,0,0.0,stratified_80_20
5708,0,0,0.0,stratified_80_20
5709,0,0,0.0,stratified_80_20
5713,0,0,0.0,stratified_80_20
5722,0,0,0.0,stratified_80_20
5723,1,1,1.0,stratified_80_20
5728,0,0,0.0,stratified_80_20
5731,0,0,0.0,stratified_80_20
5735,0,0,0.0,stratified_80_20
5738,0,0,0.0,stratified_80_20
5740,1,1,1.0,stratified_80_20
5748,0,0,0.0,stratified_80_20
5762,1,1,1.0,stratified_80_20
5767,0,0,0.0,stratified_80_20
5770,0,0,0.0,stratified_80_20
5774,1,1,1.0,stratified_80_20
5775,0,0,0.0,stratified_80_20
5776,0,0,0.0,stratified_80_20
5778,1,1,1.0,stratified_80_20
5781,0,0,0.0,stratified_80_20
5786,0,0,0.0,stratified_80_20
5790,0,0,0.0,stratified_80_20
5792,0,0,0.0,stratified_80_20
5794,0,0,0.0,stratified_80_20
5800,1,1,1.0,stratified_80_20
5801,0,0,0.0,stratified_80_20
5810,0,0,0.0,stratified_80_20
5811,0,0,0.0,stratified_80_20
5820,1,1,1.0,stratified_80_20
5822,1,1,1.0,stratified_80_20
5829,0,0,0.0,stratified_80_20
5833,0,0,0.0,stratified_80_20
5842,0,0,0.0,stratified_80_20
5843,0,0,0.0,stratified_80_20
5856,0,0,0.0,stratified_80_20
5866,1,1,1.0,stratified_80_20
5867,0,0,0.0,stratified_80_20
5869,1,1,1.0,stratified_80_20
5870,0,0,0.0,stratified_80_20
5876,1,1,1.0,stratified_80_20
5879,0,0,0.0,stratified_80_20
5889,0,0,0.0,stratified_80_20
5894,0,0,0.0,stratified_80_20
5898,0,0,0.0,stratified_80_20
5899,0,0,0.0,stratified_80_20
5901,1,1,1.0,stratified_80_20
5905,0,0,0.0,stratified_80_20
5908,0,0,0.0,stratified_80_20
5927,1,1,1.0,stratified_80_20
5931,1,1,1.0,stratified_80_20
5937,0,0,0.0,stratified_80_20
5938,0,0,0.0,stratified_80_20
5941,0,0,0.0,stratified_80_20
5947,1,1,1.0,stratified_80_20
5950,0,0,0.0,stratified_80_20
5951,0,0,0.0,stratified_80_20
5959,0,0,0.0,stratified_80_20
5960,0,0,0.0,stratified_80_20
5962,0,0,0.0,stratified_80_20
5965,0,0,0.0,stratified_80_20
5970,0,0,0.0,stratified_80_20
5976,0,0,0.0,stratified_80_20
5978,1,1,1.0,stratified_80_20
5983,1,1,1.0,stratified_80_20
5985,0,0,0.0,stratified_80_20
5992,0,0,0.0,stratified_80_20
5993,1,1,1.0,stratified_80_20
5994,0,0,0.0,stratified_80_20
6004,0,0,0.0,stratified_80_20
6009,1,1,1.0,stratified_80_20
6018,0,0,0.0,stratified_80_20
6024,1,1,1.0,stratified_80_20
6031,1,1,1.0,stratified_80_20
6036,0,0,0.0,stratified_80_20
6039,0,0,0.0,stratified_80_20
6048,0,0,0.0,stratified_80_20
6049,1,1,1.0,stratified_80_20
6054,1,1,1.0,stratified_80_20
6060,1,1,1.0,stratified_80_20
6069,0,0,0.0,stratified_80_20
6073,1,1,1.0,stratified_80_20
6082,0,0,0.0,stratified_80_20
6086,1,1,1.0,stratified_80_20
6090,1,1,1.0,stratified_80_20
6095,1,1,1.0,stratified_80_20
6101,1,1,1.0,stratified_80_20
6102,1,1,1.0,stratified_80_20
6109,0,0,0.0,stratified_80_20
6113,0,0,0.0,stratified_80_20
6114,0,0,0.0,stratified_80_20
6117,0,0,0.0,stratified_80_20
6125,0,0,0.0,stratified_80_20
6132,0,0,0.0,stratified_80_20
6133,0,0,0.0,stratified_80_20
6135,0,0,0.0,stratified_80_20
6139,1,1,1.0,stratified_80_20
6142,1,1,1.0,stratified_80_20
6154,0,0,0.0,stratified_80_20
6158,1,1,1.0,stratified_80_20
6162,0,0,0.0,stratified_80_20
6169,0,0,0.0,stratified_80_20
6171,0,0,0.0,stratified_80_20
6173,1,1,1.0,stratified_80_20
6182,0,0,0.0,stratified_80_20
6184,0,0,0.0,stratified_80_20
6185,1,1,1.0,stratified_80_20
6187,0,0,0.0,stratified_80_20
6188,0,0,0.0,stratified_80_20
6192,1,1,1.0,stratified_80_20
6196,0,0,0.0,stratified_80_20
6198,0,0,0.0,stratified_80_20
6203,1,1,1.0,stratified_80_20
6209,0,0,0.0,stratified_80_20
6217,0,0,0.0,stratified_80_20
6220,0,0,0.0,stratified_80_20
6221,1,1,1.0,stratified_80_20
6225,1,1,1.0,stratified_80_20
6228,0,0,0.0,stratified_80_20
6242,0,0,0.0,stratified_80_20
6248,0,0,0.0,stratified_80_20
6253,0,0,0.0,stratified_80_20
6267,0,0,0.0,stratified_80_20
6268,0,0,0.0,stratified_80_20
6271,0,0,0.0,stratified_80_20
6277,0,0,0.0,stratified_80_20
6289,0,0,0.0,stratified_80_20
6291,0,0,0.0,stratified_80_20
6296,0,0,0.0,stratified_80_20
6301,0,0,0.0,stratified_80_20
6303,1,1,1.0,stratified_80_20
6305,1,1,1.0,stratified_80_20
6311,0,0,0.0,stratified_80_20
6314,1,1,1.0,stratified_80_20
6316,0,0,0.0,stratified_80_20
6319,0,0,0.0,stratified_80_20
6322,0,0,0.0,stratified_80_20
6329,0,0,0.0,stratified_80_20
6334,0,0,0.0,stratified_80_20
6335,0,0,0.0,stratified_80_20
6337,0,0,0.0,stratified_80_20
6338,1,1,1.0,stratified_80_20
6341,0,0,0.0,stratified_80_20
6348,1,1,1.0,stratified_80_20
6363,0,0,0.0,stratified_80_20
6368,0,0,0.0,stratified_80_20
6370,0,0,0.0,stratified_80_20
6375,0,0,0.0,stratified_80_20
6378,0,0,0.0,stratified_80_20
6384,0,0,0.0,stratified_80_20
6385,0,0,0.0,stratified_80_20
6388,0,0,0.0,stratified_80_20
6397,1,1,1.0,stratified_80_20
6402,0,0,0.0,stratified_80_20
6408,0,0,0.0,stratified_80_20
6440,0,0,0.0,stratified_80_20
6441,1,1,1.0,stratified_80_20
6444,0,0,0.0,stratified_80_20
6450,0,0,0.0,stratified_80_20
6458,1,1,1.0,stratified_80_20
6460,0,0,0.0,stratified_80_20
6461,1,1,1.0,stratified_80_20
6470,0,0,0.0,stratified_80_20
6473,0,0,0.0,stratified_80_20
6476,0,0,0.0,stratified_80_20
6478,0,0,0.0,stratified_80_20
6483,0,0,0.0,stratified_80_20
6484,0,0,0.0,stratified_80_20
6489,0,0,0.0,stratified_80_20
6498,0,0,0.0,stratified_80_20
6502,0,0,0.0,stratified_80_20
6519,1,1,1.0,stratified_80_20
6520,1,1,1.0,stratified_80_20
6529,0,0,0.0,stratified_80_20
6531,0,0,0.0,stratified_80_20
6534,1,1,1.0,stratified_80_20
6545,0,0,0.0,stratified_80_20
6555,0,0,0.0,stratified_80_20
6562,0,0,0.0,stratified_80_20
6563,0,0,0.0,stratified_80_20
6573,0,0,0.0,stratified_80_20
6579,1,1,1.0,stratified_80_20
6584,0,0,0.0,stratified_80_20
6600,0,0,0.0,stratified_80_20
6604,1,1,1.0,stratified_80_20
6606,1,1,1.0,stratified_80_20
6607,1,1,1.0,stratified_80_20
6609,1,1,1.0,stratified_80_20
6616,1,1,1.0,stratified_80_20
6621,0,0,0.0,stratified_80_20
6624,0,0,0.0,stratified_80_20
6625,1,1,1.0,stratified_80_20
6635,0,0,0.0,stratified_80_20
6644,0,0,0.0,stratified_80_20
6648,0,0,0.0,stratified_80_20
6650,1,1,1.0,stratified_80_20
6655,0,0,0.0,stratified_80_20
6656,0,0,0.0,stratified_80_20
6657,1,1,1.0,stratified_80_20
6664,0,0,0.0,stratified_80_20
6680,0,0,0.0,stratified_80_20
6684,1,1,1.0,stratified_80_20
6688,1,1,1.0,stratified_80_20
6689,0,0,0.0,stratified_80_20
6692,0,0,0.0,stratified_80_20
6694,0,0,0.0,stratified_80_20
6695,0,0,0.0,stratified_80_20
6700,1,1,1.0,stratified_80_20
6705,0,0,0.0,stratified_80_20
6718,1,1,1.0,stratified_80_20
6731,1,1,1.0,stratified_80_20
6738,0,0,0.0,stratified_80_20
6741,0,0,0.0,stratified_80_20
6754,0,0,0.0,stratified_80_20
6762,0,0,0.0,stratified_80_20
6763,1,1,1.0,stratified_80_20
6782,0,0,0.0,stratified_80_20
6786,0,0,0.0,stratified_80_20
6789,0,0,0.0,stratified_80_20
6790,0,0,0.0,stratified_80_20
6797,0,0,0.0,stratified_80_20
6801,0,0,0.0,stratified_80_20
6807,1,1,1.0,stratified_80_20
6821,0,0,0.0,stratified_80_20
6823,0,0,0.0,stratified_80_20
6829,1,1,1.0,stratified_80_20
6831,0,0,0.0,stratified_80_20
6835,0,0,0.0,stratified_80_20
6841,0,0,0.0,stratified_80_20
6844,0,0,0.0,stratified_80_20
6850,0,0,0.0,stratified_80_20
6858,1,1,1.0,stratified_80_20
6878,1,1,1.0,stratified_80_20
6883,0,0,0.0,stratified_80_20
6885,0,0,0.0,stratified_80_20
6888,1,1,1.0,stratified_80_20
6894,0,0,0.0,stratified_80_20
6898,0,0,0.0,stratified_80_20
6907,1,1,1.0,stratified_80_20
6909,0,0,0.0,stratified_80_20
6910,1,1,1.0,stratified_80_20
6915,0,0,0.0,stratified_80_20
6918,0,0,0.0,stratified_80_20
6925,0,0,0.0,stratified_80_20
6926,1,1,1.0,stratified_80_20
6929,0,0,0.0,stratified_80_20
6930,0,0,0.0,stratified_80_20
6933,0,0,0.0,stratified_80_20
6934,0,0,0.0,stratified_80_20
6935,0,0,0.0,stratified_80_20
6937,1,1,1.0,stratified_80_20
6940,0,0,0.0,stratified_80_20
6951,0,0,0.0,stratified_80_20
6955,1,1,1.0,stratified_80_20
6958,1,1,1.0,stratified_80_20
6962,1,1,1.0,stratified_80_20
6972,1,1,1.0,stratified_80_20
6987,0,0,0.0,stratified_80_20
7003,1,1,1.0,stratified_80_20
7007,0,0,0.0,stratified_80_20
7016,0,0,0.0,stratified_80_20
7017,1,1,1.0,stratified_80_20
7022,0,0,0.0,stratified_80_20
7029,0,0,0.0,stratified_80_20
7036,1,1,1.0,stratified_80_20
7040,0,0,0.0,stratified_80_20
7045,0,0,0.0,stratified_80_20
7046,0,0,0.0,stratified_80_20
7049,1,1,1.0,stratified_80_20
7054,0,0,0.0,stratified_80_20
7065,0,0,0.0,stratified_80_20
7066,0,0,0.0,stratified_80_20
7067,0,0,0.0,stratified_80_20
7068,0,0,0.0,stratified_80_20
7071,0,0,0.0,stratified_80_20
7073,1,1,1.0,stratified_80_20
7077,1,1,1.0,stratified_80_20
7078,0,0,0.0,stratified_80_20
7080,0,0,0.0,stratified_80_20
7086,0,0,0.0,stratified_80_20
7087,1,1,1.0,stratified_80_20
7088,0,0,0.0,stratified_80_20
7089,0,0,0.0,stratified_80_20
7117,0,0,0.0,stratified_80_20
7119,0,0,0.0,stratified_80_20
7121,1,1,1.0,stratified_80_20
7126,1,1,1.0,stratified_80_20
7128,0,0,0.0,stratified_80_20
7129,0,0,0.0,stratified_80_20
7132,0,0,0.0,stratified_80_20
7148,0,0,0.0,stratified_80_20
7149,0,0,0.0,stratified_80_20
7153,1,1,1.0,stratified_80_20
7154,1,1,1.0,stratified_80_20
7162,0,0,0.0,stratified_80_20
7164,0,0,0.0,stratified_80_20
7166,0,0,0.0,stratified_80_20
7167,0,0,0.0,stratified_80_20
7168,0,0,0.0,stratified_80_20
7171,0,0,0.0,stratified_80_20
7178,1,1,1.0,stratified_80_20
7184,0,0,0.0,stratified_80_20
7187,1,1,1.0,stratified_80_20
7190,1,1,1.0,stratified_80_20
7200,0,0,0.0,stratified_80_20
7207,0,0,0.0,stratified_80_20
7215,1,1,1.0,stratified_80_20
7221,0,0,0.0,stratified_80_20
7227,0,0,0.0,stratified_80_20
7233,1,1,1.0,stratified_80_20
7234,1,1,1.0,stratified_80_20
7240,0,0,0.0,stratified_80_20
7245,0,0,0.0,stratified_80_20
7247,1,1,1.0,stratified_80_20
7248,0,0,0.0,stratified_80_20
7258,0,0,0.0,stratified_80_20
7266,0,0,0.0,stratified_80_20
7267,1,1,1.0,stratified_80_20
7274,0,0,0.0,stratified_80_20
7278,0,0,0.0,stratified_80_20
7279,0,0,0.0,stratified_80_20
7283,0,0,0.0,stratified_80_20
7284,0,0,0.0,stratified_80_20
7289,0,0,0.0,stratified_80_20
7295,0,0,0.0,stratified_80_20
7305,0,0,0.0,stratified_80_20
7314,0,0,0.0,stratified_80_20
7323,0,0,0.0,stratified_80_20
7341,0,0,0.0,stratified_80_20
7343,0,0,0.0,stratified_80_20
7344,0,0,0.0,stratified_80_20
7345,0,0,0.0,stratified_80_20
7350,1,1,1.0,stratified_80_20
7353,1,1,1.0,stratified_80_20
7356,0,0,0.0,stratified_80_20
7360,0,0,0.0,stratified_80_20
7365,1,1,1.0,stratified_80_20
7366,0,0,0.0,stratified_80_20
7367,1,1,1.0,stratified_80_20
7370,0,0,0.0,stratified_80_20
7371,0,0,0.0,stratified_80_20
7373,0,0,0.0,stratified_80_20
7375,0,0,0.0,stratified_80_20
7378,0,0,0.0,stratified_80_20
7380,0,0,0.0,stratified_80_20
7381,0,0,0.0,stratified_80_20
7384,0,0,0.0,stratified_80_20
7389,0,0,0.0,stratified_80_20
7395,0,0,0.0,stratified_80_20
7400,0,0,0.0,stratified_80_20
7403,0,0,0.0,stratified_80_20
7407,1,1,1.0,stratified_80_20
7416,0,0,0.0,stratified_80_20
7418,1,1,1.0,stratified_80_20
7421,0,0,0.0,stratified_80_20
7424,0,0,0.0,stratified_80_20
7425,0,0,0.0,stratified_80_20
7429,0,0,0.0,stratified_80_20
7432,0,0,0.0,stratified_80_20
7436,1,1,1.0,stratified_80_20
7439,1,1,1.0,stratified_80_20
7449,0,0,0.0,stratified_80_20
7450,0,0,0.0,stratified_80_20
7452,0,0,0.0,stratified_80_20
7454,1,1,1.0,stratified_80_20
7457,1,1,1.0,stratified_80_20
7462,0,0,0.0,stratified_80_20
7465,0,0,0.0,stratified_80_20
7466,0,0,0.0,stratified_80_20
7467,0,0,0.0,stratified_80_20
7474,0,0,0.0,stratified_80_20
7479,0,0,0.0,stratified_80_20
7480,0,0,0.0,stratified_80_20
7488,1,1,1.0,stratified_80_20
7491,0,0,0.0,stratified_80_20
7492,1,1,1.0,stratified_80_20
7501,0,0,0.0,stratified_80_20
7512,0,0,0.0,stratified_80_20
7526,0,0,0.0,stratified_80_20
7529,0,0,0.0,stratified_80_20
7539,0,0,0.0,stratified_80_20
7545,0,0,0.0,stratified_80_20
7547,0,0,0.0,stratified_80_20
7550,0,0,0.0,stratified_80_20
7551,1,1,1.0,stratified_80_20
7566,0,0,0.0,stratified_80_20
7577,0,0,0.0,stratified_80_20
7579,0,0,0.0,stratified_80_20
7586,0,0,0.0,stratified_80_20
7592,0,0,0.0,stratified_80_20
7602,0,0,0.0,stratified_80_20
7606,1,1,1.0,stratified_80_20
7615,1,1,1.0,stratified_80_20
7618,1,1,1.0,stratified_80_20
7619,1,1,1.0,stratified_80_20
7620,0,0,0.0,stratified_80_20
7622,0,0,0.0,stratified_80_20
7625,0,0,0.0,stratified_80_20
7630,0,0,0.0,stratified_80_20
7632,0,0,0.0,stratified_80_20
7634,0,0,0.0,stratified_80_20
7637,1,1,1.0,stratified_80_20
7641,1,1,1.0,stratified_80_20
7646,1,1,1.0,stratified_80_20
7648,0,0,0.0,stratified_80_20
7650,1,1,1.0,stratified_80_20
7655,1,1,1.0,stratified_80_20
7657,0,0,0.0,stratified_80_20
7668,1,1,1.0,stratified_80_20
7675,0,0,0.0,stratified_80_20
7676,0,0,0.0,stratified_80_20
7687,1,1,1.0,stratified_80_20
7689,0,0,0.0,stratified_80_20
7691,0,0,0.0,stratified_80_20
7704,0,0,0.0,stratified_80_20
7706,1,1,1.0,stratified_80_20
7714,0,0,0.0,stratified_80_20
7717,1,1,1.0,stratified_80_20
7722,1,1,1.0,stratified_80_20
7726,0,0,0.0,stratified_80_20
7733,0,0,0.0,stratified_80_20
7734,0,0,0.0,stratified_80_20
7740,0,0,0.0,stratified_80_20
7742,1,1,1.0,stratified_80_20
7743,1,1,1.0,stratified_80_20
7744,0,0,0.0,stratified_80_20
7745,0,0,0.0,stratified_80_20
7746,0,0,0.0,stratified_80_20
7753,1,1,1.0,stratified_80_20
7758,0,0,0.0,stratified_80_20
7761,1,1,1.0,stratified_80_20
7767,0,0,0.0,stratified_80_20
7776,0,0,0.0,stratified_80_20
7781,1,1,1.0,stratified_80_20
7783,0,0,0.0,stratified_80_20
7793,1,1,1.0,stratified_80_20
7802,0,0,0.0,stratified_80_20
7809,0,0,0.0,stratified_80_20
7812,1,1,1.0,stratified_80_20
7823,0,0,0.0,stratified_80_20
7824,1,1,1.0,stratified_80_20
7839,0,0,0.0,stratified_80_20
7844,1,1,1.0,stratified_80_20
7845,0,0,0.0,stratified_80_20
7860,1,1,1.0,stratified_80_20
7869,0,0,0.0,stratified_80_20
7875,0,0,0.0,stratified_80_20
7884,0,0,0.0,stratified_80_20
7889,1,1,1.0,stratified_80_20
7890,0,0,0.0,stratified_80_20
7891,1,1,1.0,stratified_80_20
7892,1,1,1.0,stratified_80_20
7893,0,0,0.0,stratified_80_20
7896,0,0,0.0,stratified_80_20
7900,0,0,0.0,stratified_80_20
7912,1,1,1.0,stratified_80_20
7919,1,1,1.0,stratified_80_20
7929,0,0,0.0,stratified_80_20
7951,0,0,0.0,stratified_80_20
7953,0,0,0.0,stratified_80_20
7956,0,0,0.0,stratified_80_20
7958,0,0,0.0,stratified_80_20
7960,1,1,1.0,stratified_80_20
7961,0,0,0.0,stratified_80_20
7975,1,1,1.0,stratified_80_20
7976,1,1,1.0,stratified_80_20
7981,0,0,0.0,stratified_80_20
7986,0,0,0.0,stratified_80_20
7987,0,0,0.0,stratified_80_20
7989,0,0,0.0,stratified_80_20
7991,0,0,0.0,stratified_80_20
7992,1,1,1.0,stratified_80_20
7998,0,0,0.0,stratified_80_20
8006,1,1,1.0,stratified_80_20
8010,0,0,0.0,stratified_80_20
8011,0,0,0.0,stratified_80_20
8017,1,1,1.0,stratified_80_20
8019,0,0,0.0,stratified_80_20
8021,0,0,0.0,stratified_80_20
8024,0,0,0.0,stratified_80_20
8028,0,0,0.0,stratified_80_20
8030,1,1,1.0,stratified_80_20
8033,0,0,0.0,stratified_80_20
8036,0,0,0.0,stratified_80_20
8038,0,0,0.0,stratified_80_20
8046,0,0,0.0,stratified_80_20
8047,0,0,0.0,stratified_80_20
8049,0,0,0.0,stratified_80_20
8050,1,1,1.0,stratified_80_20
8054,0,0,0.0,stratified_80_20
8062,0,0,0.0,stratified_80_20
8064,0,0,0.0,stratified_80_20
8072,1,1,1.0,stratified_80_20
8075,0,0,0.0,stratified_80_20
8076,0,0,0.0,stratified_80_20
8087,0,0,0.0,stratified_80_20
8094,0,0,0.0,stratified_80_20
8101,0,0,0.0,stratified_80_20
8103,1,1,1.0,stratified_80_20
8107,0,0,0.0,stratified_80_20
8108,0,0,0.0,stratified_80_20
8110,1,1,1.0,stratified_80_20
8111,0,0,0.0,stratified_80_20
8121,1,1,1.0,stratified_80_20
8129,0,0,0.0,stratified_80_20
8130,0,0,0.0,stratified_80_20
8133,0,0,0.0,stratified_80_20
8157,1,1,1.0,stratified_80_20
8168,0,0,0.0,stratified_80_20
8180,0,0,0.0,stratified_80_20
8182,0,0,0.0,stratified_80_20
8184,0,0,0.0,stratified_80_20
8189,0,0,0.0,stratified_80_20
8192,0,0,0.0,stratified_80_20
8194,0,0,0.0,stratified_80_20
8197,0,0,0.0,stratified_80_20
8198,0,0,0.0,stratified_80_20
8208,1,1,1.0,stratified_80_20
8212,0,0,0.0,stratified_80_20
8213,0,0,0.0,stratified_80_20
8215,0,0,0.0,stratified_80_20
8216,0,0,0.0,stratified_80_20
8218,1,1,1.0,stratified_80_20
8219,0,0,0.0,stratified_80_20
8220,0,0,0.0,stratified_80_20
8222,1,1,1.0,stratified_80_20
8227,0,0,0.0,stratified_80_20
8228,0,0,0.0,stratified_80_20
8233,0,0,0.0,stratified_80_20
8236,1,1,1.0,stratified_80_20
8247,0,0,0.0,stratified_80_20
8249,0,0,0.0,stratified_80_20
8251,0,0,0.0,stratified_80_20
8252,1,1,1.0,stratified_80_20
8253,1,1,1.0,stratified_80_20
8256,1,1,1.0,stratified_80_20
8259,0,0,0.0,stratified_80_20
8260,0,0,0.0,stratified_80_20
8266,1,1,1.0,stratified_80_20
8270,1,1,1.0,stratified_80_20
8271,0,0,0.0,stratified_80_20
8275,0,0,0.0,stratified_80_20
8280,0,0,0.0,stratified_80_20
8284,1,1,1.0,stratified_80_20
8285,1,1,1.0,stratified_80_20
8286,1,1,1.0,stratified_80_20
8291,0,0,0.0,stratified_80_20
8293,0,0,0.0,stratified_80_20
8294,0,0,0.0,stratified_80_20
8296,1,1,1.0,stratified_80_20
8298,1,1,1.0,stratified_80_20
8301,1,1,1.0,stratified_80_20
8307,0,0,0.0,stratified_80_20
8308,0,0,0.0,stratified_80_20
8311,0,0,0.0,stratified_80_20
8312,0,0,0.0,stratified_80_20
8320,1,1,1.0,stratified_80_20
8322,0,0,0.0,stratified_80_20
8325,0,0,0.0,stratified_80_20
8332,0,0,0.0,stratified_80_20
8339,1,1,1.0,stratified_80_20
8346,0,0,0.0,stratified_80_20
8347,1,1,1.0,stratified_80_20
8349,0,0,0.0,stratified_80_20
8350,1,1,1.0,stratified_80_20
8351,1,1,1.0,stratified_80_20
8355,0,0,0.0,stratified_80_20
8360,0,0,0.0,stratified_80_20
8364,1,1,1.0,stratified_80_20
8380,0,0,0.0,stratified_80_20
8387,0,0,0.0,stratified_80_20
8388,0,0,0.0,stratified_80_20
8389,0,0,0.0,stratified_80_20
8392,0,0,0.0,stratified_80_20
8393,0,0,0.0,stratified_80_20
8397,0,0,0.0,stratified_80_20
8407,0,0,0.0,stratified_80_20
8412,0,0,0.0,stratified_80_20
8424,1,1,1.0,stratified_80_20
8425,0,0,0.0,stratified_80_20
8426,0,0,0.0,stratified_80_20
8427,0,0,0.0,stratified_80_20
8431,0,0,0.0,stratified_80_20
8437,0,0,0.0,stratified_80_20
8440,0,0,0.0,stratified_80_20
8453,0,0,0.0,stratified_80_20
8458,1,1,1.0,stratified_80_20
8460,0,0,0.0,stratified_80_20
8462,0,0,0.0,stratified_80_20
8476,0,0,0.0,stratified_80_20
8479,0,0,0.0,stratified_80_20
8482,0,0,0.0,stratified_80_20
8496,1,1,1.0,stratified_80_20
8502,1,1,1.0,stratified_80_20
8521,1,1,1.0,stratified_80_20
8522,0,0,0.0,stratified_80_20
8526,0,0,0.0,stratified_80_20
8536,0,0,0.0,stratified_80_20
8539,0,0,0.0,stratified_80_20
8541,0,0,0.0,stratified_80_20
8543,0,0,0.0,stratified_80_20
8549,0,0,0.0,stratified_80_20
8563,0,0,0.0,stratified_80_20
8564,0,0,0.0,stratified_80_20
8565,0,0,0.0,stratified_80_20
8566,0,0,0.0,stratified_80_20
8567,0,0,0.0,stratified_80_20
8570,0,0,0.0,stratified_80_20
8575,0,0,0.0,stratified_80_20
8577,0,0,0.0,stratified_80_20
8580,0,0,0.0,stratified_80_20
8592,0,0,0.0,stratified_80_20
8593,1,1,1.0,stratified_80_20
8595,0,0,0.0,stratified_80_20
8610,0,0,0.0,stratified_80_20
8621,1,1,1.0,stratified_80_20
8622,0,0,0.0,stratified_80_20
8630,0,0,0.0,stratified_80_20
8633,0,0,0.0,stratified_80_20
8636,0,0,0.0,stratified_80_20
8639,0,0,0.0,stratified_80_20
8641,1,1,1.0,stratified_80_20
8658,0,0,0.0,stratified_80_20
8659,0,0,0.0,stratified_80_20
8666,0,0,0.0,stratified_80_20
8680,0,0,0.0,stratified_80_20
8693,0,0,0.0,stratified_80_20
8695,0,0,0.0,stratified_80_20
8699,0,0,0.0,stratified_80_20
8702,1,1,1.0,stratified_80_20
8708,0,0,0.0,stratified_80_20
8722,1,1,1.0,stratified_80_20
8732,0,0,0.0,stratified_80_20
8737,1,1,1.0,stratified_80_20
8738,0,0,0.0,stratified_80_20
8746,0,0,0.0,stratified_80_20
8752,0,0,0.0,stratified_80_20
8759,1,1,1.0,stratified_80_20
8767,0,0,0.0,stratified_80_20
8774,1,1,1.0,stratified_80_20
8780,0,0,0.0,stratified_80_20
8782,1,1,1.0,stratified_80_20
8791,0,0,0.0,stratified_80_20
8793,0,0,0.0,stratified_80_20
8804,0,0,0.0,stratified_80_20
8805,1,1,1.0,stratified_80_20
8806,0,0,0.0,stratified_80_20
8815,0,0,0.0,stratified_80_20
8829,1,1,1.0,stratified_80_20
8832,0,0,0.0,stratified_80_20
8835,1,1,1.0,stratified_80_20
8836,0,0,0.0,stratified_80_20
8838,0,0,0.0,stratified_80_20
8840,0,0,0.0,stratified_80_20
8841,0,0,0.0,stratified_80_20
8849,1,1,1.0,stratified_80_20
8852,1,1,1.0,stratified_80_20
8854,0,0,0.0,stratified_80_20
8855,0,0,0.0,stratified_80_20
8856,0,0,0.0,stratified_80_20
8861,1,1,1.0,stratified_80_20
8863,0,0,0.0,stratified_80_20
8864,1,1,1.0,stratified_80_20
8866,0,0,0.0,stratified_80_20
8868,0,0,0.0,stratified_80_20
8869,0,0,0.0,stratified_80_20
8870,0,0,0.0,stratified_80_20
8876,0,0,0.0,stratified_80_20
8886,0,0,0.0,stratified_80_20
8887,0,0,0.0,stratified_80_20
8898,1,1,1.0,stratified_80_20
8901,0,0,0.0,stratified_80_20
8906,1,1,1.0,stratified_80_20
8914,0,0,0.0,stratified_80_20
8924,0,0,0.0,stratified_80_20
8930,1,1,1.0,stratified_80_20
8932,0,0,0.0,stratified_80_20
8935,0,0,0.0,stratified_80_20
8936,0,0,0.0,stratified_80_20
8939,0,0,0.0,stratified_80_20
8943,0,0,0.0,stratified_80_20
8945,1,1,1.0,stratified_80_20
8952,1,1,1.0,stratified_80_20
8957,0,0,0.0,stratified_80_20
8963,1,1,1.0,stratified_80_20
8969,0,0,0.0,stratified_80_20
8970,0,0,0.0,stratified_80_20
8976,0,0,0.0,stratified_80_20
8981,1,1,1.0,stratified_80_20
8984,0,0,0.0,stratified_80_20
8986,0,0,0.0,stratified_80_20
8990,0,0,0.0,stratified_80_20
8995,1,1,1.0,stratified_80_20
9004,0,0,0.0,stratified_80_20
9006,0,0,0.0,stratified_80_20
9012,0,0,0.0,stratified_80_20
9015,1,1,1.0,stratified_80_20
9016,0,0,0.0,stratified_80_20
9017,0,0,0.0,stratified_80_20
9018,1,1,1.0,stratified_80_20
9019,0,0,0.0,stratified_80_20
9023,0,0,0.0,stratified_80_20
9025,0,0,0.0,stratified_80_20
9034,0,0,0.0,stratified_80_20
9035,0,0,0.0,stratified_80_20
9036,0,0,0.0,stratified_80_20
9047,1,1,1.0,stratified_80_20
9051,1,1,1.0,stratified_80_20
9055,0,0,0.0,stratified_80_20
9059,0,0,0.0,stratified_80_20
9062,1,1,1.0,stratified_80_20
9072,0,0,0.0,stratified_80_20
9075,1,1,1.0,stratified_80_20
9077,0,0,0.0,stratified_80_20
9078,1,1,1.0,stratified_80_20
9081,0,0,0.0,stratified_80_20
9085,0,0,0.0,stratified_80_20
9087,0,0,0.0,stratified_80_20
9091,0,0,0.0,stratified_80_20
9095,1,1,1.0,stratified_80_20
9097,0,0,0.0,stratified_80_20
9099,0,0,0.0,stratified_80_20
9112,0,0,0.0,stratified_80_20
9114,0,0,0.0,stratified_80_20
9121,0,0,0.0,stratified_80_20
9123,1,1,1.0,stratified_80_20
9124,0,0,0.0,stratified_80_20
9127,1,1,1.0,stratified_80_20
9129,0,0,0.0,stratified_80_20
9138,1,1,1.0,stratified_80_20
9144,1,1,1.0,stratified_80_20
9162,0,0,0.0,stratified_80_20
9163,0,0,0.0,stratified_80_20
9164,0,0,0.0,stratified_80_20
9168,0,0,0.0,stratified_80_20
9171,0,0,0.0,stratified_80_20
9174,0,0,0.0,stratified_80_20
9175,0,0,0.0,stratified_80_20
9185,0,0,0.0,stratified_80_20
9186,0,0,0.0,stratified_80_20
9188,0,0,0.0,stratified_80_20
9197,0,0,0.0,stratified_80_20
9212,0,0,0.0,stratified_80_20
9215,0,0,0.0,stratified_80_20
9228,1,1,1.0,stratified_80_20
9230,0,0,0.0,stratified_80_20
9231,0,0,0.0,stratified_80_20
9233,0,0,0.0,stratified_80_20
9237,1,1,1.0,stratified_80_20
9238,1,1,1.0,stratified_80_20
9239,1,1,1.0,stratified_80_20
9242,1,1,1.0,stratified_80_20
9246,0,0,0.0,stratified_80_20
9248,0,0,0.0,stratified_80_20
9251,0,0,0.0,stratified_80_20
9256,0,0,0.0,stratified_80_20
9258,1,1,1.0,stratified_80_20
9261,0,0,0.0,stratified_80_20
9269,1,1,1.0,stratified_80_20
9270,1,1,1.0,stratified_80_20
9293,0,0,0.0,stratified_80_20
9297,1,1,1.0,stratified_80_20
9298,0,0,0.0,stratified_80_20
9302,0,0,0.0,stratified_80_20
9312,1,1,1.0,stratified_80_20
9321,0,0,0.0,stratified_80_20
9322,0,0,0.0,stratified_80_20
9332,0,0,0.0,stratified_80_20
9333,0,0,0.0,stratified_80_20
9337,0,0,0.0,stratified_80_20
9341,0,0,0.0,stratified_80_20
9348,1,1,1.0,stratified_80_20
9350,1,1,1.0,stratified_80_20
9358,1,1,1.0,stratified_80_20
9364,1,1,1.0,stratified_80_20
9367,0,0,0.0,stratified_80_20
9372,0,0,0.0,stratified_80_20
9373,0,0,0.0,stratified_80_20
9374,1,1,1.0,stratified_80_20
9380,1,1,1.0,stratified_80_20
9381,0,0,0.0,stratified_80_20
9383,0,0,0.0,stratified_80_20
9385,0,0,0.0,stratified_80_20
9399,0,0,0.0,stratified_80_20
9400,0,0,0.0,stratified_80_20
9410,1,1,1.0,stratified_80_20
9427,0,0,0.0,stratified_80_20
9428,0,0,0.0,stratified_80_20
9430,1,1,1.0,stratified_80_20
9434,1,1,1.0,stratified_80_20
9438,0,0,0.0,stratified_80_20
9440,0,0,0.0,stratified_80_20
9441,0,0,0.0,stratified_80_20
9442,0,0,0.0,stratified_80_20
9445,1,1,1.0,stratified_80_20
9452,0,0,0.0,stratified_80_20
9456,0,0,0.0,stratified_80_20
9459,0,0,0.0,stratified_80_20
9461,1,1,1.0,stratified_80_20
9466,0,0,0.0,stratified_80_20
9470,0,0,0.0,stratified_80_20
9473,0,0,0.0,stratified_80_20
9475,1,1,1.0,stratified_80_20
9489,1,1,1.0,stratified_80_20
9515,0,0,0.0,stratified_80_20
9520,0,0,0.0,stratified_80_20
9521,0,0,0.0,stratified_80_20
9531,0,0,0.0,stratified_80_20
9538,0,0,0.0,stratified_80_20
9544,1,1,1.0,stratified_80_20
9551,0,0,0.0,stratified_80_20
9552,0,0,0.0,stratified_80_20
9560,0,0,0.0,stratified_80_20
9564,1,1,1.0,stratified_80_20
9574,1,1,1.0,stratified_80_20
9576,0,0,0.0,stratified_80_20
9586,0,0,0.0,stratified_80_20
9591,1,1,1.0,stratified_80_20
9595,1,1,1.0,stratified_80_20
9609,0,0,0.0,stratified_80_20
9624,0,0,0.0,stratified_80_20
9628,1,1,1.0,stratified_80_20
9629,0,0,0.0,stratified_80_20
9644,0,0,0.0,stratified_80_20
9645,0,0,0.0,stratified_80_20
9653,1,1,1.0,stratified_80_20
9654,0,0,0.0,stratified_80_20
9670,0,0,0.0,stratified_80_20
9673,0,0,0.0,stratified_80_20
9676,1,1,1.0,stratified_80_20
9679,0,0,0.0,stratified_80_20
9681,0,0,0.0,stratified_80_20
9682,0,0,0.0,stratified_80_20
9687,0,0,0.0,stratified_80_20
9689,1,1,1.0,stratified_80_20
9693,1,1,1.0,stratified_80_20
9701,0,0,0.0,stratified_80_20
9702,0,0,0.0,stratified_80_20
9706,0,0,0.0,stratified_80_20
9707,0,0,0.0,stratified_80_20
9708,1,1,1.0,stratified_80_20
9719,0,0,0.0,stratified_80_20
9727,1,1,1.0,stratified_80_20
9728,1,1,1.0,stratified_80_20
9736,0,0,0.0,stratified_80_20
9744,0,0,0.0,stratified_80_20
9755,0,0,0.0,stratified_80_20
9759,1,1,1.0,stratified_80_20
9769,1,1,1.0,stratified_80_20
9777,0,0,0.0,stratified_80_20
9784,1,1,1.0,stratified_80_20
9787,0,0,0.0,stratified_80_20
9790,1,1,1.0,stratified_80_20
9796,0,0,0.0,stratified_80_20
9810,0,0,0.0,stratified_80_20
9816,0,0,0.0,stratified_80_20
9821,0,0,0.0,stratified_80_20
9828,0,0,0.0,stratified_80_20
9829,0,0,0.0,stratified_80_20
9832,0,0,0.0,stratified_80_20
9844,0,0,0.0,stratified_80_20
9850,1,1,1.0,stratified_80_20
9851,1,1,1.0,stratified_80_20
9852,0,0,0.0,stratified_80_20
9856,1,1,1.0,stratified_80_20
9870,1,1,1.0,stratified_80_20
9877,0,0,0.0,stratified_80_20
9880,0,0,0.0,stratified_80_20
9886,0,0,0.0,stratified_80_20
9887,0,0,0.0,stratified_80_20
9890,0,0,0.0,stratified_80_20
9891,0,0,0.0,stratified_80_20
9892,1,1,1.0,stratified_80_20
9896,0,0,0.0,stratified_80_20
9901,0,0,0.0,stratified_80_20
9902,0,0,0.0,stratified_80_20
9908,0,0,0.0,stratified_80_20
9909,1,1,1.0,stratified_80_20
9917,0,0,0.0,stratified_80_20
9920,0,0,0.0,stratified_80_20
9922,1,1,1.0,stratified_80_20
9925,1,1,1.0,stratified_80_20
9931,0,0,0.0,stratified_80_20
9935,0,0,0.0,stratified_80_20
9937,1,1,1.0,stratified_80_20
9940,0,0,0.0,stratified_80_20
9942,1,1,1.0,stratified_80_20
9948,0,0,0.0,stratified_80_20
9949,0,0,0.0,stratified_80_20
9953,0,0,0.0,stratified_80_20
9957,1,1,1.0,stratified_80_20
9969,1,1,1.0,stratified_80_20
9971,1,1,1.0,stratified_80_20
9973,1,1,1.0,stratified_80_20
9974,0,0,0.0,stratified_80_20
9977,0,0,0.0,stratified_80_20
9978,0,0,0.0,stratified_80_20
9981,0,0,0.0,stratified_80_20
9986,0,0,0.0,stratified_80_20
9993,0,0,0.0,stratified_80_20
9998,0,0,0.0,stratified_80_20
10009,0,0,0.0,stratified_80_20
10014,1,1,1.0,stratified_80_20
10020,1,1,1.0,stratified_80_20
10023,0,0,0.0,stratified_80_20
10024,0,0,0.0,stratified_80_20
10034,1,1,1.0,stratified_80_20
10039,0,0,0.0,stratified_80_20
10042,0,0,0.0,stratified_80_20
10047,1,1,1.0,stratified_80_20
10048,1,1,1.0,stratified_80_20
10058,0,0,0.0,stratified_80_20
10062,1,1,1.0,stratified_80_20
10083,0,0,0.0,stratified_80_20
10085,0,0,0.0,stratified_80_20
10091,1,1,1.0,stratified_80_20
10095,0,0,0.0,stratified_80_20
10098,0,0,0.0,stratified_80_20
10099,0,0,0.0,stratified_80_20
10104,0,0,0.0,stratified_80_20
10105,1,1,1.0,stratified_80_20
10106,0,0,0.0,stratified_80_20
10111,1,1,1.0,stratified_80_20
10114,0,0,0.0,stratified_80_20
10115,0,0,0.0,stratified_80_20
10117,0,0,0.0,stratified_80_20
10118,0,0,0.0,stratified_80_20
10124,1,1,1.0,stratified_80_20
10134,0,0,0.0,stratified_80_20
10137,0,0,0.0,stratified_80_20
10146,0,0,0.0,stratified_80_20
10152,0,0,0.0,stratified_80_20
10155,0,0,0.0,stratified_80_20
10157,1,1,1.0,stratified_80_20
10158,0,0,0.0,stratified_80_20
10161,1,1,1.0,stratified_80_20
10185,0,0,0.0,stratified_80_20
10189,0,0,0.0,stratified_80_20
10192,0,0,0.0,stratified_80_20
10199,0,0,0.0,stratified_80_20
10200,0,0,0.0,stratified_80_20
10216,0,0,0.0,stratified_80_20
10218,0,0,0.0,stratified_80_20
10221,0,0,0.0,stratified_80_20
10222,0,0,0.0,stratified_80_20
10224,1,1,1.0,stratified_80_20
10225,0,0,0.0,stratified_80_20
10231,1,1,1.0,stratified_80_20
10232,0,0,0.0,stratified_80_20
10236,0,0,0.0,stratified_80_20
10239,0,0,0.0,stratified_80_20
10242,1,1,1.0,stratified_80_20
10243,1,1,1.0,stratified_80_20
10250,0,0,0.0,stratified_80_20
10255,1,1,1.0,stratified_80_20
10260,1,1,1.0,stratified_80_20
10261,0,0,0.0,stratified_80_20
10264,0,0,0.0,stratified_80_20
10276,1,1,1.0,stratified_80_20
10280,0,0,0.0,stratified_80_20
10287,1,1,1.0,stratified_80_20
10289,1,1,1.0,stratified_80_20
10291,0,0,0.0,stratified_80_20
10297,1,1,1.0,stratified_80_20
10301,1,1,1.0,stratified_80_20
10306,0,0,0.0,stratified_80_20
10310,0,0,0.0,stratified_80_20
10314,0,0,0.0,stratified_80_20
10315,1,1,1.0,stratified_80_20
10318,1,1,1.0,stratified_80_20
10319,1,1,1.0,stratified_80_20
10323,0,0,0.0,stratified_80_20
10329,0,0,0.0,stratified_80_20
10331,1,1,1.0,stratified_80_20
10341,0,0,0.0,stratified_80_20
10346,0,0,0.0,stratified_80_20
10349,1,1,1.0,stratified_80_20
10359,0,0,0.0,stratified_80_20
10361,1,1,1.0,stratified_80_20
10362,1,1,1.0,stratified_80_20
10367,0,0,0.0,stratified_80_20
10374,0,0,0.0,stratified_80_20
10377,1,1,1.0,stratified_80_20
10380,1,1,1.0,stratified_80_20
10390,0,0,0.0,stratified_80_20
10391,1,1,1.0,stratified_80_20
10394,1,1,1.0,stratified_80_20
10401,1,1,1.0,stratified_80_20
10410,0,0,0.0,stratified_80_20
10420,0,0,0.0,stratified_80_20
10424,0,0,0.0,stratified_80_20
10427,0,0,0.0,stratified_80_20
10434,1,1,1.0,stratified_80_20
10437,1,1,1.0,stratified_80_20
10445,1,1,1.0,stratified_80_20
10446,0,0,0.0,stratified_80_20
10447,0,0,0.0,stratified_80_20
10448,1,1,1.0,stratified_80_20
10453,0,0,0.0,stratified_80_20
10457,0,0,0.0,stratified_80_20
10464,1,1,1.0,stratified_80_20
10466,1,1,1.0,stratified_80_20
10467,0,0,0.0,stratified_80_20
10472,0,0,0.0,stratified_80_20
10475,1,1,1.0,stratified_80_20
10478,0,0,0.0,stratified_80_20
10483,1,1,1.0,stratified_80_20
10488,0,0,0.0,stratified_80_20
10502,0,0,0.0,stratified_80_20
10509,0,0,0.0,stratified_80_20
10511,0,0,0.0,stratified_80_20
10515,1,1,1.0,stratified_80_20
10517,0,0,0.0,stratified_80_20
10521,0,0,0.0,stratified_80_20
10522,0,0,0.0,stratified_80_20
10526,0,0,0.0,stratified_80_20
10531,1,1,1.0,stratified_80_20
10533,0,0,0.0,stratified_80_20
10546,1,1,1.0,stratified_80_20
10552,0,0,0.0,stratified_80_20
10572,1,1,1.0,stratified_80_20
10575,0,0,0.0,stratified_80_20
10588,1,1,1.0,stratified_80_20
10591,1,1,1.0,stratified_80_20
10592,1,1,1.0,stratified_80_20
10594,0,0,0.0,stratified_80_20
10595,0,0,0.0,stratified_80_20
10604,1,1,1.0,stratified_80_20
10610,1,1,1.0,stratified_80_20
10618,1,1,1.0,stratified_80_20
10620,1,1,1.0,stratified_80_20
10622,0,0,0.0,stratified_80_20
10626,0,0,0.0,stratified_80_20
10635,0,0,0.0,stratified_80_20
10636,1,1,1.0,stratified_80_20
10638,0,0,0.0,stratified_80_20
10639,0,0,0.0,stratified_80_20
10640,0,0,0.0,stratified_80_20
10641,0,0,0.0,stratified_80_20
10653,0,0,0.0,stratified_80_20
10665,0,0,0.0,stratified_80_20
10666,0,0,0.0,stratified_80_20
10671,1,1,1.0,stratified_80_20
10674,1,1,1.0,stratified_80_20
10682,0,0,0.0,stratified_80_20
10683,0,0,0.0,stratified_80_20
10685,0,0,0.0,stratified_80_20
10686,0,0,0.0,stratified_80_20
10689,1,1,1.0,stratified_80_20
10693,0,0,0.0,stratified_80_20
10700,0,0,0.0,stratified_80_20
10701,0,0,0.0,stratified_80_20
10704,1,1,1.0,stratified_80_20
10708,1,1,1.0,stratified_80_20
10715,0,0,0.0,stratified_80_20
10732,1,1,1.0,stratified_80_20
10740,0,0,0.0,stratified_80_20
10746,1,1,1.0,stratified_80_20
10747,1,1,1.0,stratified_80_20
10749,1,1,1.0,stratified_80_20
10769,1,1,1.0,stratified_80_20
10771,0,0,0.0,stratified_80_20
10773,0,0,0.0,stratified_80_20
10776,0,0,0.0,stratified_80_20
10778,1,1,1.0,stratified_80_20
10783,0,0,0.0,stratified_80_20
10790,0,0,0.0,stratified_80_20
10796,0,0,0.0,stratified_80_20
10800,1,1,1.0,stratified_80_20
10802,0,0,0.0,stratified_80_20
10805,0,0,0.0,stratified_80_20
10808,1,1,1.0,stratified_80_20
10809,1,1,1.0,stratified_80_20
10813,1,1,1.0,stratified_80_20
10816,0,0,0.0,stratified_80_20
10820,0,0,0.0,stratified_80_20
10838,1,1,1.0,stratified_80_20
10844,1,1,1.0,stratified_80_20
10846,0,0,0.0,stratified_80_20
10850,0,0,0.0,stratified_80_20
10852,0,0,0.0,stratified_80_20
10853,1,1,1.0,stratified_80_20
10856,1,1,1.0,stratified_80_20
10864,0,0,0.0,stratified_80_20
10866,0,0,0.0,stratified_80_20
10881,0,0,0.0,stratified_80_20
10883,0,0,0.0,stratified_80_20
10884,0,0,0.0,stratified_80_20
10888,0,0,0.0,stratified_80_20
10897,0,0,0.0,stratified_80_20
10899,1,1,1.0,stratified_80_20
10900,1,1,1.0,stratified_80_20
10901,0,0,0.0,stratified_80_20
10903,1,1,1.0,stratified_80_20
10913,0,0,0.0,stratified_80_20
10915,1,1,1.0,stratified_80_20
10918,0,0,0.0,stratified_80_20
10919,0,0,0.0,stratified_80_20
10920,1,1,1.0,stratified_80_20
10926,0,0,0.0,stratified_80_20
10928,0,0,0.0,stratified_80_20
10932,1,1,1.0,stratified_80_20
10934,1,1,1.0,stratified_80_20
10936,0,0,0.0,stratified_80_20
10939,0,0,0.0,stratified_80_20
10951,0,0,0.0,stratified_80_20
10960,1,1,1.0,stratified_80_20
10970,0,0,0.0,stratified_80_20
10974,0,0,0.0,stratified_80_20
10976,1,1,1.0,stratified_80_20
10989,0,0,0.0,stratified_80_20
10991,1,1,1.0,stratified_80_20
10993,1,1,1.0,stratified_80_20
11003,0,0,0.0,stratified_80_20
11016,1,1,1.0,stratified_80_20
11017,0,0,0.0,stratified_80_20
11018,0,0,0.0,stratified_80_20
11021,0,0,0.0,stratified_80_20
11022,0,0,0.0,stratified_80_20
11026,1,1,1.0,stratified_80_20
11028,0,0,0.0,stratified_80_20
11029,0,0,0.0,stratified_80_20
11030,1,1,1.0,stratified_80_20
11032,0,0,0.0,stratified_80_20
11034,0,0,0.0,stratified_80_20
11045,1,1,1.0,stratified_80_20
11050,0,0,0.0,stratified_80_20
11055,1,1,1.0,stratified_80_20
11061,1,1,1.0,stratified_80_20
11067,0,0,0.0,stratified_80_20
11068,0,0,0.0,stratified_80_20
11069,1,1,1.0,stratified_80_20
11073,1,1,1.0,stratified_80_20
11086,0,0,0.0,stratified_80_20
11088,0,0,0.0,stratified_80_20
11097,0,0,0.0,stratified_80_20
11098,0,0,0.0,stratified_80_20
11102,0,0,0.0,stratified_80_20
11104,1,1,1.0,stratified_80_20
11116,0,0,0.0,stratified_80_20
11120,0,0,0.0,stratified_80_20
11121,0,0,0.0,stratified_80_20
11122,0,0,0.0,stratified_80_20
11127,0,0,0.0,stratified_80_20
11130,0,0,0.0,stratified_80_20
11135,0,0,0.0,stratified_80_20
11138,0,0,0.0,stratified_80_20
11141,0,0,0.0,stratified_80_20
11143,0,0,0.0,stratified_80_20
11146,1,1,1.0,stratified_80_20
11151,1,1,1.0,stratified_80_20
11157,0,0,0.0,stratified_80_20
11167,0,0,0.0,stratified_80_20
11172,0,0,0.0,stratified_80_20
11177,0,0,0.0,stratified_80_20
11183,0,0,0.0,stratified_80_20
11184,0,0,0.0,stratified_80_20
11185,0,0,0.0,stratified_80_20
11187,0,0,0.0,stratified_80_20
11188,0,0,0.0,stratified_80_20
11189,0,0,0.0,stratified_80_20
11193,0,0,0.0,stratified_80_20
11196,0,0,0.0,stratified_80_20
11199,0,0,0.0,stratified_80_20
11201,0,0,0.0,stratified_80_20
11203,0,0,0.0,stratified_80_20
11205,0,0,0.0,stratified_80_20
11206,0,0,0.0,stratified_80_20
11207,0,0,0.0,stratified_80_20
11208,0,0,0.0,stratified_80_20
11212,0,0,0.0,stratified_80_20
11219,0,0,0.0,stratified_80_20
11221,0,0,0.0,stratified_80_20
11236,0,0,0.0,stratified_80_20
11242,0,0,0.0,stratified_80_20
11245,0,0,0.0,stratified_80_20
11252,1,1,1.0,stratified_80_20
11253,0,0,0.0,stratified_80_20
11266,1,1,1.0,stratified_80_20
11267,0,0,0.0,stratified_80_20
11273,0,0,0.0,stratified_80_20
11282,0,0,0.0,stratified_80_20
11288,0,0,0.0,stratified_80_20
11304,1,1,1.0,stratified_80_20
11305,0,0,0.0,stratified_80_20
11319,0,0,0.0,stratified_80_20
11321,0,0,0.0,stratified_80_20
11322,0,0,0.0,stratified_80_20
11326,1,1,1.0,stratified_80_20
11329,0,0,0.0,stratified_80_20
11331,0,0,0.0,stratified_80_20
11338,1,1,1.0,stratified_80_20
11341,0,0,0.0,stratified_80_20
11342,0,0,0.0,stratified_80_20
11348,1,1,1.0,stratified_80_20
11351,1,1,1.0,stratified_80_20
11363,0,0,0.0,stratified_80_20
11368,1,1,1.0,stratified_80_20
11369,0,0,0.0,stratified_80_20
11370,0,0,0.0,stratified_80_20
11374,0,0,0.0,stratified_80_20
11376,1,1,1.0,stratified_80_20
11377,0,0,0.0,stratified_80_20
11386,0,0,0.0,stratified_80_20
11393,0,0,0.0,stratified_80_20
11397,0,0,0.0,stratified_80_20
11407,0,0,0.0,stratified_80_20
11408,0,0,0.0,stratified_80_20
11416,0,0,0.0,stratified_80_20
11417,1,1,1.0,stratified_80_20
11418,1,1,1.0,stratified_80_20
11421,1,1,1.0,stratified_80_20
11425,0,0,0.0,stratified_80_20
11443,0,0,0.0,stratified_80_20
11444,0,0,0.0,stratified_80_20
11463,0,0,0.0,stratified_80_20
11465,1,1,1.0,stratified_80_20
11474,0,0,0.0,stratified_80_20
11483,0,0,0.0,stratified_80_20
11486,0,0,0.0,stratified_80_20
11492,0,0,0.0,stratified_80_20
11500,0,0,0.0,stratified_80_20
11511,0,0,0.0,stratified_80_20
11512,1,1,1.0,stratified_80_20
11513,0,0,0.0,stratified_80_20
11516,0,0,0.0,stratified_80_20
11519,0,0,0.0,stratified_80_20
11522,0,0,0.0,stratified_80_20
11527,0,0,0.0,stratified_80_20
11535,0,0,0.0,stratified_80_20
11538,0,0,0.0,stratified_80_20
11551,0,0,0.0,stratified_80_20
11552,0,0,0.0,stratified_80_20
11554,1,1,1.0,stratified_80_20
11558,0,0,0.0,stratified_80_20
11559,0,0,0.0,stratified_80_20
11564,1,1,1.0,stratified_80_20
11569,0,0,0.0,stratified_80_20
11575,0,0,0.0,stratified_80_20
11584,1,1,1.0,stratified_80_20
11592,0,0,0.0,stratified_80_20
11593,0,0,0.0,stratified_80_20
11597,1,1,1.0,stratified_80_20
11602,0,0,0.0,stratified_80_20
11610,1,1,1.0,stratified_80_20
11616,0,0,0.0,stratified_80_20
11619,0,0,0.0,stratified_80_20
11621,1,1,1.0,stratified_80_20
11638,1,1,1.0,stratified_80_20
11641,1,1,1.0,stratified_80_20
11642,0,0,0.0,stratified_80_20
11643,0,0,0.0,stratified_80_20
11647,1,1,1.0,stratified_80_20
11654,0,0,0.0,stratified_80_20
11655,0,0,0.0,stratified_80_20
11656,0,0,0.0,stratified_80_20
11666,0,0,0.0,stratified_80_20
11667,1,1,1.0,stratified_80_20
11668,0,0,0.0,stratified_80_20
11669,1,1,1.0,stratified_80_20
11673,0,0,0.0,stratified_80_20
11680,0,0,0.0,stratified_80_20
11686,0,0,0.0,stratified_80_20
11690,0,0,0.0,stratified_80_20
11693,0,0,0.0,stratified_80_20
11701,1,1,1.0,stratified_80_20
11702,0,0,0.0,stratified_80_20
11704,0,0,0.0,stratified_80_20
11708,0,0,0.0,stratified_80_20
11710,0,0,0.0,stratified_80_20
11711,0,0,0.0,stratified_80_20
11719,0,0,0.0,stratified_80_20
11725,1,1,1.0,stratified_80_20
11734,1,1,1.0,stratified_80_20
11735,0,0,0.0,stratified_80_20
11736,0,0,0.0,stratified_80_20
11741,1,1,1.0,stratified_80_20
11746,0,0,0.0,stratified_80_20
11749,0,0,0.0,stratified_80_20
11752,1,1,1.0,stratified_80_20
11758,0,0,0.0,stratified_80_20
11759,1,1,1.0,stratified_80_20
11765,1,1,1.0,stratified_80_20
11774,0,0,0.0,stratified_80_20
11776,0,0,0.0,stratified_80_20
11783,0,0,0.0,stratified_80_20
11787,1,1,1.0,stratified_80_20
11790,0,0,0.0,stratified_80_20
11794,0,0,0.0,stratified_80_20
11808,0,0,0.0,stratified_80_20
11809,1,1,1.0,stratified_80_20
11811,0,0,0.0,stratified_80_20
11814,0,0,0.0,stratified_80_20
11821,1,1,1.0,stratified_80_20
11828,0,0,0.0,stratified_80_20
11840,0,0,0.0,stratified_80_20
11843,0,0,0.0,stratified_80_20
11846,0,0,0.0,stratified_80_20
11849,0,0,0.0,stratified_80_20
11852,1,1,1.0,stratified_80_20
11857,0,0,0.0,stratified_80_20
11862,0,0,0.0,stratified_80_20
11865,0,0,0.0,stratified_80_20
11868,1,1,1.0,stratified_80_20
11872,0,0,0.0,stratified_80_20
11883,1,1,1.0,stratified_80_20
11884,0,0,0.0,stratified_80_20
11892,0,0,0.0,stratified_80_20
11901,0,0,0.0,stratified_80_20
11916,0,0,0.0,stratified_80_20
11926,0,0,0.0,stratified_80_20
11932,1,1,1.0,stratified_80_20
11943,0,0,0.0,stratified_80_20
11952,0,0,0.0,stratified_80_20
11956,0,0,0.0,stratified_80_20
11958,0,0,0.0,stratified_80_20
11959,0,0,0.0,stratified_80_20
11960,1,1,1.0,stratified_80_20
11962,0,0,0.0,stratified_80_20
11968,1,1,1.0,stratified_80_20
11970,0,0,0.0,stratified_80_20
11972,0,0,0.0,stratified_80_20
11980,0,0,0.0,stratified_80_20
11990,0,0,0.0,stratified_80_20
11997,0,0,0.0,stratified_80_20
12008,0,0,0.0,stratified_80_20
12016,0,0,0.0,stratified_80_20
12020,0,0,0.0,stratified_80_20
12023,0,0,0.0,stratified_80_20
12026,0,0,0.0,stratified_80_20
12036,0,0,0.0,stratified_80_20
12052,0,0,0.0,stratified_80_20
12054,1,1,1.0,stratified_80_20
12056,0,0,0.0,stratified_80_20
12057,1,1,1.0,stratified_80_20
12066,0,0,0.0,stratified_80_20
12068,0,0,0.0,stratified_80_20
12070,1,1,1.0,stratified_80_20
12071,0,0,0.0,stratified_80_20
12072,0,0,0.0,stratified_80_20
12082,0,0,0.0,stratified_80_20
12101,0,0,0.0,stratified_80_20
12102,0,0,0.0,stratified_80_20
12108,0,0,0.0,stratified_80_20
12113,1,1,1.0,stratified_80_20
12127,0,0,0.0,stratified_80_20
12131,1,1,1.0,stratified_80_20
12136,0,0,0.0,stratified_80_20
12142,0,0,0.0,stratified_80_20
12153,1,1,1.0,stratified_80_20
12156,0,0,0.0,stratified_80_20
12159,0,0,0.0,stratified_80_20
12160,0,0,0.0,stratified_80_20
12163,0,0,0.0,stratified_80_20
12173,1,1,1.0,stratified_80_20
12175,0,0,0.0,stratified_80_20
12179,0,0,0.0,stratified_80_20
12182,0,0,0.0,stratified_80_20
12188,1,1,1.0,stratified_80_20
12191,1,1,1.0,stratified_80_20
12194,0,0,0.0,stratified_80_20
12209,0,0,0.0,stratified_80_20
12213,0,0,0.0,stratified_80_20
12215,1,1,1.0,stratified_80_20
12219,0,0,0.0,stratified_80_20
12224,0,0,0.0,stratified_80_20
12232,0,0,0.0,stratified_80_20
12234,0,0,0.0,stratified_80_20
12250,0,0,0.0,stratified_80_20
12255,0,0,0.0,stratified_80_20
12260,1,1,1.0,stratified_80_20
12268,1,1,1.0,stratified_80_20
12269,0,0,0.0,stratified_80_20
12270,0,0,0.0,stratified_80_20
12281,0,0,0.0,stratified_80_20
12282,0,0,0.0,stratified_80_20
12283,0,0,0.0,stratified_80_20
12292,0,0,0.0,stratified_80_20
12295,0,0,0.0,stratified_80_20
12297,0,0,0.0,stratified_80_20
12298,1,1,1.0,stratified_80_20
12313,0,0,0.0,stratified_80_20
12314,0,0,0.0,stratified_80_20
12319,1,1,1.0,stratified_80_20
12326,0,0,0.0,stratified_80_20
12327,0,0,0.0,stratified_80_20
12337,0,0,0.0,stratified_80_20
12342,1,1,1.0,stratified_80_20
12344,0,0,0.0,stratified_80_20
12352,0,0,0.0,stratified_80_20
12355,0,0,0.0,stratified_80_20
12357,0,0,0.0,stratified_80_20
12358,1,1,1.0,stratified_80_20
12361,0,0,0.0,stratified_80_20
12363,1,1,1.0,stratified_80_20
12366,1,1,1.0,stratified_80_20
12369,0,0,0.0,stratified_80_20
12381,0,0,0.0,stratified_80_20
12385,1,1,1.0,stratified_80_20
12388,0,0,0.0,stratified_80_20
12393,0,0,0.0,stratified_80_20
12398,0,0,0.0,stratified_80_20
12401,1,1,1.0,stratified_80_20
12404,0,0,0.0,stratified_80_20
12406,0,0,0.0,stratified_80_20
12412,0,0,0.0,stratified_80_20
12414,0,0,0.0,stratified_80_20
12417,1,1,1.0,stratified_80_20
12426,0,0,0.0,stratified_80_20
12427,1,1,1.0,stratified_80_20
12428,0,0,0.0,stratified_80_20
12433,0,0,0.0,stratified_80_20
12437,0,0,0.0,stratified_80_20
12441,1,1,1.0,stratified_80_20
12444,1,1,1.0,stratified_80_20
12457,0,0,0.0,stratified_80_20
12464,1,1,1.0,stratified_80_20
12467,1,1,1.0,stratified_80_20
12469,0,0,0.0,stratified_80_20
12474,0,0,0.0,stratified_80_20
12477,0,0,0.0,stratified_80_20
12478,0,0,0.0,stratified_80_20
12479,0,0,0.0,stratified_80_20
12487,0,0,0.0,stratified_80_20
12490,1,1,1.0,stratified_80_20
12496,0,0,0.0,stratified_80_20
12503,1,1,1.0,stratified_80_20
12514,0,0,0.0,stratified_80_20
12518,0,0,0.0,stratified_80_20
12519,0,0,0.0,stratified_80_20
12525,0,0,0.0,stratified_80_20
12527,0,0,0.0,stratified_80_20
12529,0,0,0.0,stratified_80_20
12534,0,0,0.0,stratified_80_20
12542,1,1,1.0,stratified_80_20
12546,0,0,0.0,stratified_80_20
12552,1,1,1.0,stratified_80_20
12554,1,1,1.0,stratified_80_20
12557,0,0,0.0,stratified_80_20
12561,0,0,0.0,stratified_80_20
12563,0,0,0.0,stratified_80_20
12567,1,1,1.0,stratified_80_20
12569,0,0,0.0,stratified_80_20
12575,0,0,0.0,stratified_80_20
12576,0,0,0.0,stratified_80_20
12578,0,0,0.0,stratified_80_20
12580,0,0,0.0,stratified_80_20
12581,0,0,0.0,stratified_80_20
12586,0,0,0.0,stratified_80_20
12594,0,0,0.0,stratified_80_20
12605,0,0,0.0,stratified_80_20
12609,0,0,0.0,stratified_80_20
12615,0,0,0.0,stratified_80_20
12623,0,0,0.0,stratified_80_20
12627,0,0,0.0,stratified_80_20
12630,0,0,0.0,stratified_80_20
12632,0,0,0.0,stratified_80_20
12634,0,0,0.0,stratified_80_20
12647,0,0,0.0,stratified_80_20
12656,0,0,0.0,stratified_80_20
12657,0,0,0.0,stratified_80_20
12661,0,0,0.0,stratified_80_20
12662,0,0,0.0,stratified_80_20
12671,1,1,1.0,stratified_80_20
12676,0,0,0.0,stratified_80_20
12698,0,0,0.0,stratified_80_20
12700,0,0,0.0,stratified_80_20
12701,0,0,0.0,stratified_80_20
12702,1,1,1.0,stratified_80_20
12709,1,1,1.0,stratified_80_20
12712,0,0,0.0,stratified_80_20
12714,0,0,0.0,stratified_80_20
12722,0,0,0.0,stratified_80_20
12723,0,0,0.0,stratified_80_20
12729,0,0,0.0,stratified_80_20
12739,0,0,0.0,stratified_80_20
12747,0,0,0.0,stratified_80_20
12748,0,0,0.0,stratified_80_20
12751,0,0,0.0,stratified_80_20
12764,1,1,1.0,stratified_80_20
12774,0,0,0.0,stratified_80_20
12780,1,1,1.0,stratified_80_20
12782,0,0,0.0,stratified_80_20
12785,0,0,0.0,stratified_80_20
12787,0,0,0.0,stratified_80_20
12789,1,1,1.0,stratified_80_20
12792,0,0,0.0,stratified_80_20
12799,0,0,0.0,stratified_80_20
12801,0,0,0.0,stratified_80_20
12809,0,0,0.0,stratified_80_20
12813,0,0,0.0,stratified_80_20
12814,0,0,0.0,stratified_80_20
12819,0,0,0.0,stratified_80_20
12827,0,0,0.0,stratified_80_20
12832,1,1,1.0,stratified_80_20
12833,1,1,1.0,stratified_80_20
12834,0,0,0.0,stratified_80_20
12842,0,0,0.0,stratified_80_20
12845,0,0,0.0,stratified_80_20
12846,0,0,0.0,stratified_80_20
12849,1,1,1.0,stratified_80_20
12856,0,0,0.0,stratified_80_20
12867,0,0,0.0,stratified_80_20
12870,0,0,0.0,stratified_80_20
12874,1,1,1.0,stratified_80_20
12875,0,0,0.0,stratified_80_20
12876,0,0,0.0,stratified_80_20
12877,0,0,0.0,stratified_80_20
12880,0,0,0.0,stratified_80_20
12883,0,0,0.0,stratified_80_20
12889,0,0,0.0,stratified_80_20
12891,0,0,0.0,stratified_80_20
12896,0,0,0.0,stratified_80_20
12900,1,1,1.0,stratified_80_20
12902,0,0,0.0,stratified_80_20
12907,0,0,0.0,stratified_80_20
12908,0,0,0.0,stratified_80_20
12911,0,0,0.0,stratified_80_20
12920,0,0,0.0,stratified_80_20
12924,1,1,1.0,stratified_80_20
12926,0,0,0.0,stratified_80_20
12931,0,0,0.0,stratified_80_20
12935,1,1,1.0,stratified_80_20
12937,1,1,1.0,stratified_80_20
12940,0,0,0.0,stratified_80_20
12941,0,0,0.0,stratified_80_20
12944,1,1,1.0,stratified_80_20
12947,0,0,0.0,stratified_80_20
12949,0,0,0.0,stratified_80_20
12950,0,0,0.0,stratified_80_20
12957,0,0,0.0,stratified_80_20
12962,0,0,0.0,stratified_80_20
12976,0,0,0.0,stratified_80_20
12981,1,1,1.0,stratified_80_20
12991,0,0,0.0,stratified_80_20
12996,1,1,1.0,stratified_80_20
13000,0,0,0.0,stratified_80_20
13002,0,0,0.0,stratified_80_20
13003,1,1,1.0,stratified_80_20
13017,0,0,0.0,stratified_80_20
13019,0,0,0.0,stratified_80_20
13033,0,0,0.0,stratified_80_20
13035,1,1,1.0,stratified_80_20
13038,0,0,0.0,stratified_80_20
13044,0,0,0.0,stratified_80_20
13053,0,0,0.0,stratified_80_20
13056,0,0,0.0,stratified_80_20
13061,0,0,0.0,stratified_80_20
13075,0,0,0.0,stratified_80_20
13089,0,0,0.0,stratified_80_20
13093,0,0,0.0,stratified_80_20
13094,1,1,1.0,stratified_80_20
13101,0,0,0.0,stratified_80_20
13102,1,1,1.0,stratified_80_20
13110,0,0,0.0,stratified_80_20
13111,0,0,0.0,stratified_80_20
13113,0,0,0.0,stratified_80_20
13116,1,1,1.0,stratified_80_20
13126,0,0,0.0,stratified_80_20
13129,0,0,0.0,stratified_80_20
13138,1,1,1.0,stratified_80_20
13142,0,0,0.0,stratified_80_20
13144,0,0,0.0,stratified_80_20
13150,1,1,1.0,stratified_80_20
13152,1,1,1.0,stratified_80_20
13157,0,0,0.0,stratified_80_20
13158,0,0,0.0,stratified_80_20
13166,0,0,0.0,stratified_80_20
13167,0,0,0.0,stratified_80_20
13168,0,0,0.0,stratified_80_20
13169,0,0,0.0,stratified_80_20
13170,0,0,0.0,stratified_80_20
13172,1,1,1.0,stratified_80_20
13175,0,0,0.0,stratified_80_20
13176,1,1,1.0,stratified_80_20
13180,0,0,0.0,stratified_80_20
13182,0,0,0.0,stratified_80_20
13185,1,1,1.0,stratified_80_20
13206,0,0,0.0,stratified_80_20
13210,0,0,0.0,stratified_80_20
13213,1,1,1.0,stratified_80_20
13216,0,0,0.0,stratified_80_20
13226,0,0,0.0,stratified_80_20
13228,0,0,0.0,stratified_80_20
13233,0,0,0.0,stratified_80_20
13245,0,0,0.0,stratified_80_20
13247,1,1,1.0,stratified_80_20
13252,0,0,0.0,stratified_80_20
13256,0,0,0.0,stratified_80_20
13260,0,0,0.0,stratified_80_20
13263,0,0,0.0,stratified_80_20
13267,0,0,0.0,stratified_80_20
13286,0,0,0.0,stratified_80_20
13295,1,1,1.0,stratified_80_20
13307,1,1,1.0,stratified_80_20
13312,1,1,1.0,stratified_80_20
13316,0,0,0.0,stratified_80_20
13318,0,0,0.0,stratified_80_20
13325,0,0,0.0,stratified_80_20
13326,0,0,0.0,stratified_80_20
13327,0,0,0.0,stratified_80_20
13347,0,0,0.0,stratified_80_20
13348,0,0,0.0,stratified_80_20
13349,0,0,0.0,stratified_80_20
13350,0,0,0.0,stratified_80_20
13353,1,1,1.0,stratified_80_20
13354,1,1,1.0,stratified_80_20
13358,0,0,0.0,stratified_80_20
13362,0,0,0.0,stratified_80_20
13364,0,0,0.0,stratified_80_20
13376,0,0,0.0,stratified_80_20
13378,1,1,1.0,stratified_80_20
13380,0,0,0.0,stratified_80_20
13383,0,0,0.0,stratified_80_20
13385,0,0,0.0,stratified_80_20
13386,0,0,0.0,stratified_80_20
13390,1,1,1.0,stratified_80_20
13404,0,0,0.0,stratified_80_20
13408,0,0,0.0,stratified_80_20
13410,0,0,0.0,stratified_80_20
13411,0,0,0.0,stratified_80_20
13414,0,0,0.0,stratified_80_20
13415,0,0,0.0,stratified_80_20
13418,0,0,0.0,stratified_80_20
13419,0,0,0.0,stratified_80_20
13427,1,1,1.0,stratified_80_20
13432,0,0,0.0,stratified_80_20
13434,0,0,0.0,stratified_80_20
13440,1,1,1.0,stratified_80_20
13441,0,0,0.0,stratified_80_20
13444,0,0,0.0,stratified_80_20
13445,0,0,0.0,stratified_80_20
13452,1,1,1.0,stratified_80_20
13455,0,0,0.0,stratified_80_20
13461,1,1,1.0,stratified_80_20
13462,1,1,1.0,stratified_80_20
13464,0,0,0.0,stratified_80_20
13473,0,0,0.0,stratified_80_20
13480,0,0,0.0,stratified_80_20
13482,1,1,1.0,stratified_80_20
13489,0,0,0.0,stratified_80_20
13490,0,0,0.0,stratified_80_20
13491,0,0,0.0,stratified_80_20
13493,0,0,0.0,stratified_80_20
13502,0,0,0.0,stratified_80_20
13504,0,0,0.0,stratified_80_20
13509,0,0,0.0,stratified_80_20
13513,1,1,1.0,stratified_80_20
13514,0,0,0.0,stratified_80_20
13519,0,0,0.0,stratified_80_20
13525,1,1,1.0,stratified_80_20
13526,0,0,0.0,stratified_80_20
13528,0,0,0.0,stratified_80_20
13531,0,0,0.0,stratified_80_20
13538,0,0,0.0,stratified_80_20
13542,0,0,0.0,stratified_80_20
13546,1,1,1.0,stratified_80_20
13548,1,1,1.0,stratified_80_20
13554,0,0,0.0,stratified_80_20
13555,0,0,0.0,stratified_80_20
13565,1,1,1.0,stratified_80_20
13569,0,0,0.0,stratified_80_20
13570,0,0,0.0,stratified_80_20
13571,0,0,0.0,stratified_80_20
13575,0,0,0.0,stratified_80_20
13576,0,0,0.0,stratified_80_20
13586,0,0,0.0,stratified_80_20
13588,1,1,1.0,stratified_80_20
13589,0,0,0.0,stratified_80_20
13591,1,1,1.0,stratified_80_20
13599,0,0,0.0,stratified_80_20
13600,1,1,1.0,stratified_80_20
13601,0,0,0.0,stratified_80_20
13607,0,0,0.0,stratified_80_20
13616,0,0,0.0,stratified_80_20
13620,0,0,0.0,stratified_80_20
13623,0,0,0.0,stratified_80_20
13627,1,1,1.0,stratified_80_20
13628,0,0,0.0,stratified_80_20
13630,0,0,0.0,stratified_80_20
13639,0,0,0.0,stratified_80_20
13641,0,0,0.0,stratified_80_20
13646,0,0,0.0,stratified_80_20
13649,0,0,0.0,stratified_80_20
13655,1,1,1.0,stratified_80_20
13656,0,0,0.0,stratified_80_20
13657,0,0,0.0,stratified_80_20
13661,0,0,0.0,stratified_80_20
13662,0,0,0.0,stratified_80_20
13663,0,0,0.0,stratified_80_20
13665,1,1,1.0,stratified_80_20
13667,0,0,0.0,stratified_80_20
13671,0,0,0.0,stratified_80_20
13673,1,1,1.0,stratified_80_20
13677,0,0,0.0,stratified_80_20
13698,1,1,1.0,stratified_80_20
13706,0,0,0.0,stratified_80_20
13717,0,0,0.0,stratified_80_20
13719,0,0,0.0,stratified_80_20
13722,0,0,0.0,stratified_80_20
13726,0,0,0.0,stratified_80_20
13743,0,0,0.0,stratified_80_20
13744,0,0,0.0,stratified_80_20
13749,1,1,1.0,stratified_80_20
13751,0,0,0.0,stratified_80_20
13756,0,0,0.0,stratified_80_20
13759,0,0,0.0,stratified_80_20
13775,0,0,0.0,stratified_80_20
13779,0,0,0.0,stratified_80_20
13783,0,0,0.0,stratified_80_20
13784,0,0,0.0,stratified_80_20
13812,0,0,0.0,stratified_80_20
13823,0,0,0.0,stratified_80_20
13830,1,1,1.0,stratified_80_20
13839,1,1,1.0,stratified_80_20
13842,0,0,0.0,stratified_80_20
13847,1,1,1.0,stratified_80_20
13850,0,0,0.0,stratified_80_20
13857,0,0,0.0,stratified_80_20
13883,0,0,0.0,stratified_80_20
13884,0,0,0.0,stratified_80_20
13886,0,0,0.0,stratified_80_20
13891,0,0,0.0,stratified_80_20
13892,1,1,1.0,stratified_80_20
13894,1,1,1.0,stratified_80_20
13895,0,0,0.0,stratified_80_20
13899,0,0,0.0,stratified_80_20
13900,0,0,0.0,stratified_80_20
13902,0,0,0.0,stratified_80_20
13906,0,0,0.0,stratified_80_20
13908,0,0,0.0,stratified_80_20
13913,0,0,0.0,stratified_80_20
13916,0,0,0.0,stratified_80_20
13921,0,0,0.0,stratified_80_20
13926,0,0,0.0,stratified_80_20
13929,0,0,0.0,stratified_80_20
13933,0,0,0.0,stratified_80_20
13934,0,0,0.0,stratified_80_20
13935,1,1,1.0,stratified_80_20
13937,1,1,1.0,stratified_80_20
13940,0,0,0.0,stratified_80_20
13941,0,0,0.0,stratified_80_20
13942,0,0,0.0,stratified_80_20
13945,0,0,0.0,stratified_80_20
13951,0,0,0.0,stratified_80_20
13955,0,0,0.0,stratified_80_20
13959,1,1,1.0,stratified_80_20
13963,0,0,0.0,stratified_80_20
13967,0,0,0.0,stratified_80_20
13971,0,0,0.0,stratified_80_20
13974,0,0,0.0,stratified_80_20
13975,0,0,0.0,stratified_80_20
13977,0,0,0.0,stratified_80_20
13979,0,0,0.0,stratified_80_20
13983,0,0,0.0,stratified_80_20
13987,0,0,0.0,stratified_80_20
13988,0,0,0.0,stratified_80_20
13992,0,0,0.0,stratified_80_20
13998,1,1,1.0,stratified_80_20
14011,1,1,1.0,stratified_80_20
14018,0,0,0.0,stratified_80_20
14021,0,0,0.0,stratified_80_20
14033,1,1,1.0,stratified_80_20
14049,0,0,0.0,stratified_80_20
14057,1,1,1.0,stratified_80_20
14060,1,1,1.0,stratified_80_20
14068,0,0,0.0,stratified_80_20
14070,0,0,0.0,stratified_80_20
14071,1,1,1.0,stratified_80_20
14072,0,0,0.0,stratified_80_20
14076,0,0,0.0,stratified_80_20
14081,1,1,1.0,stratified_80_20
14088,0,0,0.0,stratified_80_20
14090,0,0,0.0,stratified_80_20
14091,0,0,0.0,stratified_80_20
14097,0,0,0.0,stratified_80_20
14100,0,0,0.0,stratified_80_20
14101,0,0,0.0,stratified_80_20
14108,1,1,1.0,stratified_80_20
14109,1,1,1.0,stratified_80_20
14110,1,1,1.0,stratified_80_20
14111,1,1,1.0,stratified_80_20
14112,0,0,0.0,stratified_80_20
14114,0,0,0.0,stratified_80_20
14125,1,1,1.0,stratified_80_20
14126,0,0,0.0,stratified_80_20
14127,0,0,0.0,stratified_80_20
14134,0,0,0.0,stratified_80_20
14135,0,0,0.0,stratified_80_20
14139,0,0,0.0,stratified_80_20
14159,1,1,1.0,stratified_80_20
14163,1,1,1.0,stratified_80_20
14176,0,0,0.0,stratified_80_20
14177,0,0,0.0,stratified_80_20
14181,0,0,0.0,stratified_80_20
14200,0,0,0.0,stratified_80_20
14203,0,0,0.0,stratified_80_20
14207,1,1,1.0,stratified_80_20
14208,0,0,0.0,stratified_80_20
14213,0,0,0.0,stratified_80_20
14218,1,1,1.0,stratified_80_20
14221,1,1,1.0,stratified_80_20
14236,0,0,0.0,stratified_80_20
14250,0,0,0.0,stratified_80_20
14255,0,0,0.0,stratified_80_20
14260,1,1,1.0,stratified_80_20
14271,0,0,0.0,stratified_80_20
14277,0,0,0.0,stratified_80_20
14291,0,0,0.0,stratified_80_20
14303,0,0,0.0,stratified_80_20
14304,0,0,0.0,stratified_80_20
14305,0,0,0.0,stratified_80_20
14307,0,0,0.0,stratified_80_20
14311,1,1,1.0,stratified_80_20
14312,1,1,1.0,stratified_80_20
14313,1,1,1.0,stratified_80_20
14316,1,1,1.0,stratified_80_20
14324,0,0,0.0,stratified_80_20
14326,1,1,1.0,stratified_80_20
14330,0,0,0.0,stratified_80_20
14335,1,1,1.0,stratified_80_20
14337,0,0,0.0,stratified_80_20
14338,1,1,1.0,stratified_80_20
14340,0,0,0.0,stratified_80_20
14343,0,0,0.0,stratified_80_20
14351,0,0,0.0,stratified_80_20
14365,1,1,1.0,stratified_80_20
14395,1,1,1.0,stratified_80_20
14396,0,0,0.0,stratified_80_20
14402,0,0,0.0,stratified_80_20
14414,1,1,1.0,stratified_80_20
14417,0,0,0.0,stratified_80_20
14422,0,0,0.0,stratified_80_20
14431,0,0,0.0,stratified_80_20
14432,0,0,0.0,stratified_80_20
14437,1,1,1.0,stratified_80_20
14446,0,0,0.0,stratified_80_20
14451,0,0,0.0,stratified_80_20
14458,1,1,1.0,stratified_80_20
14460,1,1,1.0,stratified_80_20
14461,1,1,1.0,stratified_80_20
14472,0,0,0.0,stratified_80_20
14473,0,0,0.0,stratified_80_20
14474,0,0,0.0,stratified_80_20
14478,1,1,1.0,stratified_80_20
14486,1,1,1.0,stratified_80_20
14488,1,1,1.0,stratified_80_20
14495,0,0,0.0,stratified_80_20
14502,0,0,0.0,stratified_80_20
14504,1,1,1.0,stratified_80_20
14507,0,0,0.0,stratified_80_20
14513,0,0,0.0,stratified_80_20
14518,0,0,0.0,stratified_80_20
14521,0,0,0.0,stratified_80_20
14522,0,0,0.0,stratified_80_20
14528,0,0,0.0,stratified_80_20
14534,1,1,1.0,stratified_80_20
14539,1,1,1.0,stratified_80_20
14542,0,0,0.0,stratified_80_20
14547,0,0,0.0,stratified_80_20
14548,0,0,0.0,stratified_80_20
14551,0,0,0.0,stratified_80_20
14557,1,1,1.0,stratified_80_20
14558,1,1,1.0,stratified_80_20
14560,0,0,0.0,stratified_80_20
14562,1,1,1.0,stratified_80_20
14569,0,0,0.0,stratified_80_20
14574,1,1,1.0,stratified_80_20
14577,1,1,1.0,stratified_80_20
14581,0,0,0.0,stratified_80_20
14584,0,0,0.0,stratified_80_20
14589,0,0,0.0,stratified_80_20
14592,1,1,1.0,stratified_80_20
14596,0,0,0.0,stratified_80_20
14603,0,0,0.0,stratified_80_20
14608,1,1,1.0,stratified_80_20
14612,1,1,1.0,stratified_80_20
14618,0,0,0.0,stratified_80_20
14623,0,0,0.0,stratified_80_20
14639,0,0,0.0,stratified_80_20
14643,0,0,0.0,stratified_80_20
14644,1,1,1.0,stratified_80_20
14651,0,0,0.0,stratified_80_20
14654,1,1,1.0,stratified_80_20
14657,1,1,1.0,stratified_80_20
14658,0,0,0.0,stratified_80_20
14660,1,1,1.0,stratified_80_20
14664,0,0,0.0,stratified_80_20
14669,1,1,1.0,stratified_80_20
14681,0,0,0.0,stratified_80_20
14683,0,0,0.0,stratified_80_20
14684,1,1,1.0,stratified_80_20
14688,1,1,1.0,stratified_80_20
14694,0,0,0.0,stratified_80_20
14704,0,0,0.0,stratified_80_20
14715,0,0,0.0,stratified_80_20
14717,1,1,1.0,stratified_80_20
14720,0,0,0.0,stratified_80_20
14725,0,0,0.0,stratified_80_20
14726,1,1,1.0,stratified_80_20
14729,1,1,1.0,stratified_80_20
14730,1,1,1.0,stratified_80_20
14734,1,1,1.0,stratified_80_20
14743,0,0,0.0,stratified_80_20
14758,1,1,1.0,stratified_80_20
14761,1,1,1.0,stratified_80_20
14762,0,0,0.0,stratified_80_20
14766,1,1,1.0,stratified_80_20
14777,0,0,0.0,stratified_80_20
14795,0,0,0.0,stratified_80_20
14798,0,0,0.0,stratified_80_20
14803,0,0,0.0,stratified_80_20
14807,0,0,0.0,stratified_80_20
14812,0,0,0.0,stratified_80_20
14817,0,0,0.0,stratified_80_20
14821,0,0,0.0,stratified_80_20
14840,1,1,1.0,stratified_80_20
14844,1,1,1.0,stratified_80_20
14849,0,0,0.0,stratified_80_20
14853,0,0,0.0,stratified_80_20
14855,0,0,0.0,stratified_80_20
14860,1,1,1.0,stratified_80_20
14875,0,0,0.0,stratified_80_20
14888,0,0,0.0,stratified_80_20
14893,0,0,0.0,stratified_80_20
14898,0,0,0.0,stratified_80_20
14902,0,0,0.0,stratified_80_20
14904,1,1,1.0,stratified_80_20
14905,0,0,0.0,stratified_80_20
14906,0,0,0.0,stratified_80_20
14908,0,0,0.0,stratified_80_20
14909,0,0,0.0,stratified_80_20
14913,1,1,1.0,stratified_80_20
14915,0,0,0.0,stratified_80_20
14916,0,0,0.0,stratified_80_20
14933,0,0,0.0,stratified_80_20
14936,0,0,0.0,stratified_80_20
14937,0,0,0.0,stratified_80_20
14939,0,0,0.0,stratified_80_20
14953,0,0,0.0,stratified_80_20
14961,0,0,0.0,stratified_80_20
14968,0,0,0.0,stratified_80_20
14970,0,0,0.0,stratified_80_20
14982,1,1,1.0,stratified_80_20
14987,0,0,0.0,stratified_80_20
14989,0,0,0.0,stratified_80_20
14992,1,1,1.0,stratified_80_20
14994,0,0,0.0,stratified_80_20
14995,0,0,0.0,stratified_80_20
14996,1,1,1.0,stratified_80_20
15009,0,0,0.0,stratified_80_20
15019,0,0,0.0,stratified_80_20
15031,0,0,0.0,stratified_80_20
15042,1,1,1.0,stratified_80_20
15047,0,0,0.0,stratified_80_20
15060,1,1,1.0,stratified_80_20
15061,0,0,0.0,stratified_80_20
15062,0,0,0.0,stratified_80_20
15067,1,1,1.0,stratified_80_20
15069,1,1,1.0,stratified_80_20
15073,0,0,0.0,stratified_80_20
15076,0,0,0.0,stratified_80_20
15079,0,0,0.0,stratified_80_20
15080,1,1,1.0,stratified_80_20
15092,0,0,0.0,stratified_80_20
15093,0,0,0.0,stratified_80_20
15101,0,0,0.0,stratified_80_20
15103,0,0,0.0,stratified_80_20
15105,0,0,0.0,stratified_80_20
15107,1,1,1.0,stratified_80_20
15117,1,1,1.0,stratified_80_20
15120,0,0,0.0,stratified_80_20
15128,0,0,0.0,stratified_80_20
15131,1,1,1.0,stratified_80_20
15135,0,0,0.0,stratified_80_20
15140,0,0,0.0,stratified_80_20
15149,0,0,0.0,stratified_80_20
15157,1,1,1.0,stratified_80_20
15159,1,1,1.0,stratified_80_20
15160,1,1,1.0,stratified_80_20
15167,0,0,0.0,stratified_80_20
15172,0,0,0.0,stratified_80_20
15176,0,0,0.0,stratified_80_20
15180,0,0,0.0,stratified_80_20
15189,1,1,1.0,stratified_80_20
15201,0,0,0.0,stratified_80_20
15213,0,0,0.0,stratified_80_20
15214,0,0,0.0,stratified_80_20
15221,0,0,0.0,stratified_80_20
15223,0,0,0.0,stratified_80_20
15227,1,1,1.0,stratified_80_20
15228,0,0,0.0,stratified_80_20
15229,0,0,0.0,stratified_80_20
15230,0,0,0.0,stratified_80_20
15239,0,0,0.0,stratified_80_20
15241,1,1,1.0,stratified_80_20
15248,0,0,0.0,stratified_80_20
15254,1,1,1.0,stratified_80_20
15256,1,1,1.0,stratified_80_20
15264,0,0,0.0,stratified_80_20
15275,0,0,0.0,stratified_80_20
15282,1,1,1.0,stratified_80_20
15286,1,1,1.0,stratified_80_20
15301,0,0,0.0,stratified_80_20
15309,1,1,1.0,stratified_80_20
15311,0,0,0.0,stratified_80_20
15318,0,0,0.0,stratified_80_20
15322,1,1,1.0,stratified_80_20
15324,0,0,0.0,stratified_80_20
15325,0,0,0.0,stratified_80_20
15329,0,0,0.0,stratified_80_20
15330,1,1,1.0,stratified_80_20
15332,0,0,0.0,stratified_80_20
15348,0,0,0.0,stratified_80_20
15349,0,0,0.0,stratified_80_20
15353,0,0,0.0,stratified_80_20
15361,0,0,0.0,stratified_80_20
15369,0,0,0.0,stratified_80_20
15372,0,0,0.0,stratified_80_20
15381,1,1,1.0,stratified_80_20
15383,1,1,1.0,stratified_80_20
15386,0,0,0.0,stratified_80_20
15388,1,1,1.0,stratified_80_20
15396,1,1,1.0,stratified_80_20
15397,0,0,0.0,stratified_80_20
15403,1,1,1.0,stratified_80_20
15404,0,0,0.0,stratified_80_20
15405,1,1,1.0,stratified_80_20
15406,0,0,0.0,stratified_80_20
15420,0,0,0.0,stratified_80_20
15427,0,0,0.0,stratified_80_20
15428,1,1,1.0,stratified_80_20
15432,1,1,1.0,stratified_80_20
15438,0,0,0.0,stratified_80_20
15448,1,1,1.0,stratified_80_20
15452,1,1,1.0,stratified_80_20
15454,0,0,0.0,stratified_80_20
15464,0,0,0.0,stratified_80_20
15470,1,1,1.0,stratified_80_20
15477,0,0,0.0,stratified_80_20
15480,1,1,1.0,stratified_80_20
15504,1,1,1.0,stratified_80_20
15506,0,0,0.0,stratified_80_20
15508,0,0,0.0,stratified_80_20
15515,0,0,0.0,stratified_80_20
15516,1,1,1.0,stratified_80_20
15517,1,1,1.0,stratified_80_20
15531,0,0,0.0,stratified_80_20
15544,1,1,1.0,stratified_80_20
15547,0,0,0.0,stratified_80_20
15548,1,1,1.0,stratified_80_20
15565,0,0,0.0,stratified_80_20
15568,0,0,0.0,stratified_80_20
15571,0,0,0.0,stratified_80_20
15578,0,0,0.0,stratified_80_20
15585,0,0,0.0,stratified_80_20
15589,1,1,1.0,stratified_80_20
15590,1,1,1.0,stratified_80_20
15591,0,0,0.0,stratified_80_20
15595,1,1,1.0,stratified_80_20
15607,0,0,0.0,stratified_80_20
15611,1,1,1.0,stratified_80_20
15622,0,0,0.0,stratified_80_20
15625,0,0,0.0,stratified_80_20
15629,0,0,0.0,stratified_80_20
15633,0,0,0.0,stratified_80_20
15639,1,1,1.0,stratified_80_20
15641,0,0,0.0,stratified_80_20
15659,0,0,0.0,stratified_80_20
15664,0,0,0.0,stratified_80_20
15665,0,0,0.0,stratified_80_20
15666,0,0,0.0,stratified_80_20
15669,0,0,0.0,stratified_80_20
15683,0,0,0.0,stratified_80_20
15684,0,0,0.0,stratified_80_20
15686,0,0,0.0,stratified_80_20
15692,1,1,1.0,stratified_80_20
15693,0,0,0.0,stratified_80_20
15696,1,1,1.0,stratified_80_20
15702,1,1,1.0,stratified_80_20
15707,0,0,0.0,stratified_80_20
15718,0,0,0.0,stratified_80_20
15719,0,0,0.0,stratified_80_20
15727,1,1,1.0,stratified_80_20
15732,1,1,1.0,stratified_80_20
15743,0,0,0.0,stratified_80_20
15745,1,1,1.0,stratified_80_20
15751,0,0,0.0,stratified_80_20
15757,0,0,0.0,stratified_80_20
15781,1,1,1.0,stratified_80_20
15783,1,1,1.0,stratified_80_20
15797,0,0,0.0,stratified_80_20
15802,0,0,0.0,stratified_80_20
15809,1,1,1.0,stratified_80_20
15811,0,0,0.0,stratified_80_20
15822,0,0,0.0,stratified_80_20
15836,0,0,0.0,stratified_80_20
15848,0,0,0.0,stratified_80_20
15850,0,0,0.0,stratified_80_20
15860,0,0,0.0,stratified_80_20
15867,1,1,1.0,stratified_80_20
15894,0,0,0.0,stratified_80_20
15896,0,0,0.0,stratified_80_20
15898,1,1,1.0,stratified_80_20
15903,0,0,0.0,stratified_80_20
15909,0,0,0.0,stratified_80_20
15910,0,0,0.0,stratified_80_20
15911,0,0,0.0,stratified_80_20
15912,0,0,0.0,stratified_80_20
15916,0,0,0.0,stratified_80_20
15920,1,1,1.0,stratified_80_20
15930,0,0,0.0,stratified_80_20
15937,0,0,0.0,stratified_80_20
15939,1,1,1.0,stratified_80_20
15949,1,1,1.0,stratified_80_20
15950,1,1,1.0,stratified_80_20
15957,0,0,0.0,stratified_80_20
15968,1,1,1.0,stratified_80_20
15971,0,0,0.0,stratified_80_20
15975,0,0,0.0,stratified_80_20
15976,0,0,0.0,stratified_80_20
15982,0,0,0.0,stratified_80_20
15987,0,0,0.0,stratified_80_20
15988,0,0,0.0,stratified_80_20
15997,1,1,1.0,stratified_80_20
16004,0,0,0.0,stratified_80_20
16007,0,0,0.0,stratified_80_20
16008,0,0,0.0,stratified_80_20
16009,0,0,0.0,stratified_80_20
16010,1,1,1.0,stratified_80_20
16014,0,0,0.0,stratified_80_20
16017,0,0,0.0,stratified_80_20
16022,0,0,0.0,stratified_80_20
16023,1,1,1.0,stratified_80_20
16025,0,0,0.0,stratified_80_20
16044,0,0,0.0,stratified_80_20
16045,0,0,0.0,stratified_80_20
16056,0,0,0.0,stratified_80_20
16064,0,0,0.0,stratified_80_20
16074,1,1,1.0,stratified_80_20
16075,1,1,1.0,stratified_80_20
16079,1,1,1.0,stratified_80_20
16081,0,0,0.0,stratified_80_20
16083,0,0,0.0,stratified_80_20
16089,0,0,0.0,stratified_80_20
16099,0,0,0.0,stratified_80_20
16102,0,0,0.0,stratified_80_20
16103,0,0,0.0,stratified_80_20
16118,1,1,1.0,stratified_80_20
16137,0,0,0.0,stratified_80_20
16139,0,0,0.0,stratified_80_20
16142,1,1,1.0,stratified_80_20
16144,1,1,1.0,stratified_80_20
16145,1,1,1.0,stratified_80_20
16147,1,1,1.0,stratified_80_20
16155,0,0,0.0,stratified_80_20
16159,0,0,0.0,stratified_80_20
16160,0,0,0.0,stratified_80_20
16167,1,1,1.0,stratified_80_20
16174,0,0,0.0,stratified_80_20
16175,1,1,1.0,stratified_80_20
16181,0,0,0.0,stratified_80_20
16185,0,0,0.0,stratified_80_20
16202,0,0,0.0,stratified_80_20
16229,0,0,0.0,stratified_80_20
16230,0,0,0.0,stratified_80_20
16241,0,0,0.0,stratified_80_20
16242,1,1,1.0,stratified_80_20
16243,0,0,0.0,stratified_80_20
16244,1,1,1.0,stratified_80_20
16246,1,1,1.0,stratified_80_20
16249,0,0,0.0,stratified_80_20
16251,0,0,0.0,stratified_80_20
16262,0,0,0.0,stratified_80_20
16270,1,1,1.0,stratified_80_20
16277,0,0,0.0,stratified_80_20
16281,0,0,0.0,stratified_80_20
16290,0,0,0.0,stratified_80_20
16292,0,0,0.0,stratified_80_20
16293,0,0,0.0,stratified_80_20
16319,0,0,0.0,stratified_80_20
16320,1,1,1.0,stratified_80_20
16323,0,0,0.0,stratified_80_20
16329,0,0,0.0,stratified_80_20
16344,1,1,1.0,stratified_80_20
16348,0,0,0.0,stratified_80_20
16349,1,1,1.0,stratified_80_20
16351,0,0,0.0,stratified_80_20
16359,0,0,0.0,stratified_80_20
16361,1,1,1.0,stratified_80_20
16367,1,1,1.0,stratified_80_20
16368,1,1,1.0,stratified_80_20
16370,1,1,1.0,stratified_80_20
16375,0,0,0.0,stratified_80_20
16377,1,1,1.0,stratified_80_20
16383,0,0,0.0,stratified_80_20
16388,1,1,1.0,stratified_80_20
16389,0,0,0.0,stratified_80_20
16413,1,1,1.0,stratified_80_20
16416,1,1,1.0,stratified_80_20
16419,1,1,1.0,stratified_80_20
16420,0,0,0.0,stratified_80_20
16425,0,0,0.0,stratified_80_20
16428,0,0,0.0,stratified_80_20
16437,1,1,1.0,stratified_80_20
16443,1,1,1.0,stratified_80_20
16447,1,1,1.0,stratified_80_20
16451,0,0,0.0,stratified_80_20
16457,0,0,0.0,stratified_80_20
16459,0,0,0.0,stratified_80_20
16461,1,1,1.0,stratified_80_20
16469,1,1,1.0,stratified_80_20
16478,1,1,1.0,stratified_80_20
16481,0,0,0.0,stratified_80_20
16485,0,0,0.0,stratified_80_20
16493,1,1,1.0,stratified_80_20
16494,1,1,1.0,stratified_80_20
16499,0,0,0.0,stratified_80_20
16511,1,1,1.0,stratified_80_20
16512,1,1,1.0,stratified_80_20
16523,0,0,0.0,stratified_80_20
16534,0,0,0.0,stratified_80_20
16536,1,1,1.0,stratified_80_20
16548,1,1,1.0,stratified_80_20
16557,0,0,0.0,stratified_80_20
16560,1,1,1.0,stratified_80_20
16570,0,0,0.0,stratified_80_20
16571,0,0,0.0,stratified_80_20
16574,0,0,0.0,stratified_80_20
16575,0,0,0.0,stratified_80_20
16579,0,0,0.0,stratified_80_20
16585,1,1,1.0,stratified_80_20
16586,1,1,1.0,stratified_80_20
16599,0,0,0.0,stratified_80_20
16606,1,1,1.0,stratified_80_20
16608,0,0,0.0,stratified_80_20
16621,0,0,0.0,stratified_80_20
16622,0,0,0.0,stratified_80_20
16625,0,0,0.0,stratified_80_20
16626,0,0,0.0,stratified_80_20
16627,1,1,1.0,stratified_80_20
16630,0,0,0.0,stratified_80_20
16632,1,1,1.0,stratified_80_20
16640,0,0,0.0,stratified_80_20
16643,0,0,0.0,stratified_80_20
16649,0,0,0.0,stratified_80_20
16650,0,0,0.0,stratified_80_20
16652,0,0,0.0,stratified_80_20
16653,0,0,0.0,stratified_80_20
16655,0,0,0.0,stratified_80_20
16658,0,0,0.0,stratified_80_20
16660,1,1,1.0,stratified_80_20
16661,1,1,1.0,stratified_80_20
16678,1,1,1.0,stratified_80_20
16686,0,0,0.0,stratified_80_20
16691,0,0,0.0,stratified_80_20
16694,0,0,0.0,stratified_80_20
16699,0,0,0.0,stratified_80_20
16701,0,0,0.0,stratified_80_20
16704,1,1,1.0,stratified_80_20
16719,0,0,0.0,stratified_80_20
16726,0,0,0.0,stratified_80_20
16733,0,0,0.0,stratified_80_20
16739,0,0,0.0,stratified_80_20
16741,0,0,0.0,stratified_80_20
16750,1,1,1.0,stratified_80_20
16763,1,1,1.0,stratified_80_20
16764,1,1,1.0,stratified_80_20
16765,0,0,0.0,stratified_80_20
16774,0,0,0.0,stratified_80_20
16780,1,1,1.0,stratified_80_20
16783,0,0,0.0,stratified_80_20
16790,1,1,1.0,stratified_80_20
16796,1,1,1.0,stratified_80_20
16808,1,1,1.0,stratified_80_20
16812,0,0,0.0,stratified_80_20
16815,1,1,1.0,stratified_80_20
16820,0,0,0.0,stratified_80_20
16830,0,0,0.0,stratified_80_20
16832,0,0,0.0,stratified_80_20
16834,1,1,1.0,stratified_80_20
16835,0,0,0.0,stratified_80_20
16842,1,1,1.0,stratified_80_20
16846,0,0,0.0,stratified_80_20
16849,0,0,0.0,stratified_80_20
16850,0,0,0.0,stratified_80_20
16853,0,0,0.0,stratified_80_20
16854,1,1,1.0,stratified_80_20
16855,1,1,1.0,stratified_80_20
16856,0,0,0.0,stratified_80_20
16857,0,0,0.0,stratified_80_20
16860,1,1,1.0,stratified_80_20
16861,1,1,1.0,stratified_80_20
16862,1,1,1.0,stratified_80_20
16863,0,0,0.0,stratified_80_20
16870,0,0,0.0,stratified_80_20
16871,0,0,0.0,stratified_80_20
16889,0,0,0.0,stratified_80_20
16890,0,0,0.0,stratified_80_20
16897,0,0,0.0,stratified_80_20
16898,0,0,0.0,stratified_80_20
16903,0,0,0.0,stratified_80_20
16904,0,0,0.0,stratified_80_20
16912,0,0,0.0,stratified_80_20
16913,1,1,1.0,stratified_80_20
16921,0,0,0.0,stratified_80_20
16924,0,0,0.0,stratified_80_20
16926,1,1,1.0,stratified_80_20
16927,1,1,1.0,stratified_80_20
16928,1,1,1.0,stratified_80_20
16929,1,1,1.0,stratified_80_20
16932,0,0,0.0,stratified_80_20
16934,0,0,0.0,stratified_80_20
16943,0,0,0.0,stratified_80_20
16948,0,0,0.0,stratified_80_20
16955,0,0,0.0,stratified_80_20
16965,0,0,0.0,stratified_80_20
16980,1,1,1.0,stratified_80_20
16989,0,0,0.0,stratified_80_20
16990,0,0,0.0,stratified_80_20
16992,0,0,0.0,stratified_80_20
17006,0,0,0.0,stratified_80_20
17009,0,0,0.0,stratified_80_20
17014,0,0,0.0,stratified_80_20
17024,0,0,0.0,stratified_80_20
17032,0,0,0.0,stratified_80_20
17043,0,0,0.0,stratified_80_20
17045,0,0,0.0,stratified_80_20
17046,1,1,1.0,stratified_80_20
17047,1,1,1.0,stratified_80_20
17054,1,1,1.0,stratified_80_20
17057,1,1,1.0,stratified_80_20
17058,0,0,0.0,stratified_80_20
17061,1,1,1.0,stratified_80_20
17067,0,0,0.0,stratified_80_20
17069,0,0,0.0,stratified_80_20
17072,0,0,0.0,stratified_80_20
17073,0,0,0.0,stratified_80_20
17081,1,1,1.0,stratified_80_20
17095,0,0,0.0,stratified_80_20
17099,0,0,0.0,stratified_80_20
17106,0,0,0.0,stratified_80_20
17110,1,1,1.0,stratified_80_20
17114,0,0,0.0,stratified_80_20
17131,1,1,1.0,stratified_80_20
17132,1,1,1.0,stratified_80_20
17138,0,0,0.0,stratified_80_20
17141,0,0,0.0,stratified_80_20
17148,1,1,1.0,stratified_80_20
17159,0,0,0.0,stratified_80_20
17178,1,1,1.0,stratified_80_20
17180,1,1,1.0,stratified_80_20
17187,1,1,1.0,stratified_80_20
17203,0,0,0.0,stratified_80_20
17204,0,0,0.0,stratified_80_20
17243,0,0,0.0,stratified_80_20
17262,0,0,0.0,stratified_80_20
17263,0,0,0.0,stratified_80_20
17266,0,0,0.0,stratified_80_20
17269,0,0,0.0,stratified_80_20
17270,0,0,0.0,stratified_80_20
17273,1,1,1.0,stratified_80_20
17276,0,0,0.0,stratified_80_20
17291,0,0,0.0,stratified_80_20
17306,0,0,0.0,stratified_80_20
17316,0,0,0.0,stratified_80_20
17318,0,0,0.0,stratified_80_20
17325,0,0,0.0,stratified_80_20
17326,1,1,1.0,stratified_80_20
17327,0,0,0.0,stratified_80_20
17343,0,0,0.0,stratified_80_20
17348,0,0,0.0,stratified_80_20
17351,1,1,1.0,stratified_80_20
17358,1,1,1.0,stratified_80_20
17371,1,1,1.0,stratified_80_20
17372,0,0,0.0,stratified_80_20
17376,1,1,1.0,stratified_80_20
17378,0,0,0.0,stratified_80_20
17383,1,1,1.0,stratified_80_20
17385,0,0,0.0,stratified_80_20
17393,0,0,0.0,stratified_80_20
17400,0,0,0.0,stratified_80_20
17401,1,1,1.0,stratified_80_20
17402,0,0,0.0,stratified_80_20
17405,0,0,0.0,stratified_80_20
17408,0,0,0.0,stratified_80_20
17418,0,0,0.0,stratified_80_20
17426,0,0,0.0,stratified_80_20
17431,0,0,0.0,stratified_80_20
17434,0,0,0.0,stratified_80_20
17442,0,0,0.0,stratified_80_20
17445,0,0,0.0,stratified_80_20
17446,1,1,1.0,stratified_80_20
17448,0,0,0.0,stratified_80_20
17449,0,0,0.0,stratified_80_20
17451,1,1,1.0,stratified_80_20
17452,0,0,0.0,stratified_80_20
17454,1,1,1.0,stratified_80_20
17458,0,0,0.0,stratified_80_20
17468,0,0,0.0,stratified_80_20
17470,0,0,0.0,stratified_80_20
17475,0,0,0.0,stratified_80_20
17476,1,1,1.0,stratified_80_20
17478,0,0,0.0,stratified_80_20
17489,0,0,0.0,stratified_80_20
17490,0,0,0.0,stratified_80_20
17517,0,0,0.0,stratified_80_20
17521,1,1,1.0,stratified_80_20
17527,0,0,0.0,stratified_80_20
17534,0,0,0.0,stratified_80_20
17544,0,0,0.0,stratified_80_20
17546,0,0,0.0,stratified_80_20
17549,1,1,1.0,stratified_80_20
17559,1,1,1.0,stratified_80_20
17560,1,1,1.0,stratified_80_20
17562,0,0,0.0,stratified_80_20
17565,0,0,0.0,stratified_80_20
17572,0,0,0.0,stratified_80_20
17574,0,0,0.0,stratified_80_20
17579,0,0,0.0,stratified_80_20
17582,0,0,0.0,stratified_80_20
17586,1,1,1.0,stratified_80_20
17589,0,0,0.0,stratified_80_20
17593,0,0,0.0,stratified_80_20
17598,1,1,1.0,stratified_80_20
17604,0,0,0.0,stratified_80_20
17606,0,0,0.0,stratified_80_20
17607,0,0,0.0,stratified_80_20
17611,0,0,0.0,stratified_80_20
17615,0,0,0.0,stratified_80_20
17624,0,0,0.0,stratified_80_20
17627,1,1,1.0,stratified_80_20
17628,0,0,0.0,stratified_80_20
17631,0,0,0.0,stratified_80_20
17632,0,0,0.0,stratified_80_20
17638,0,0,0.0,stratified_80_20
17649,0,0,0.0,stratified_80_20
17653,1,1,1.0,stratified_80_20
17655,1,1,1.0,stratified_80_20
17664,0,0,0.0,stratified_80_20
17665,0,0,0.0,stratified_80_20
17667,0,0,0.0,stratified_80_20
17669,0,0,0.0,stratified_80_20
17670,1,1,1.0,stratified_80_20
17671,1,1,1.0,stratified_80_20
17675,1,1,1.0,stratified_80_20
17678,0,0,0.0,stratified_80_20
17685,0,0,0.0,stratified_80_20
17689,0,0,0.0,stratified_80_20
17691,0,0,0.0,stratified_80_20
17697,0,0,0.0,stratified_80_20
17708,0,0,0.0,stratified_80_20
17710,0,0,0.0,stratified_80_20
17713,0,0,0.0,stratified_80_20
17722,1,1,1.0,stratified_80_20
17726,1,1,1.0,stratified_80_20
17748,0,0,0.0,stratified_80_20
17757,1,1,1.0,stratified_80_20
17758,0,0,0.0,stratified_80_20
17760,0,0,0.0,stratified_80_20
17764,0,0,0.0,stratified_80_20
17767,1,1,1.0,stratified_80_20
17769,1,1,1.0,stratified_80_20
17776,1,1,1.0,stratified_80_20
17779,0,0,0.0,stratified_80_20
17783,1,1,1.0,stratified_80_20
17792,1,1,1.0,stratified_80_20
17799,1,1,1.0,stratified_80_20
17814,1,1,1.0,stratified_80_20
17817,0,0,0.0,stratified_80_20
17826,0,0,0.0,stratified_80_20
17827,0,0,0.0,stratified_80_20
17832,1,1,1.0,stratified_80_20
17833,0,0,0.0,stratified_80_20
17838,0,0,0.0,stratified_80_20
17845,1,1,1.0,stratified_80_20
17850,0,0,0.0,stratified_80_20
17851,1,1,1.0,stratified_80_20
17854,0,0,0.0,stratified_80_20
17875,1,1,1.0,stratified_80_20
17887,0,0,0.0,stratified_80_20
17892,1,1,1.0,stratified_80_20
17898,0,0,0.0,stratified_80_20
17902,0,0,0.0,stratified_80_20
17922,1,1,1.0,stratified_80_20
17924,0,0,0.0,stratified_80_20
17925,0,0,0.0,stratified_80_20
17929,1,1,1.0,stratified_80_20
17935,0,0,0.0,stratified_80_20
17949,1,1,1.0,stratified_80_20
17968,1,1,1.0,stratified_80_20
17969,0,0,0.0,stratified_80_20
17976,1,1,1.0,stratified_80_20
17977,1,1,1.0,stratified_80_20
17981,0,0,0.0,stratified_80_20
17989,0,0,0.0,stratified_80_20
17990,0,0,0.0,stratified_80_20
17994,0,0,0.0,stratified_80_20
17995,1,1,1.0,stratified_80_20
18003,0,0,0.0,stratified_80_20
18019,0,0,0.0,stratified_80_20
18020,1,1,1.0,stratified_80_20
18030,1,1,1.0,stratified_80_20
18039,0,0,0.0,stratified_80_20
18046,0,0,0.0,stratified_80_20
18055,1,1,1.0,stratified_80_20
18061,0,0,0.0,stratified_80_20
18062,0,0,0.0,stratified_80_20
18068,1,1,1.0,stratified_80_20
18074,1,1,1.0,stratified_80_20
18076,0,0,0.0,stratified_80_20
18083,0,0,0.0,stratified_80_20
18088,0,0,0.0,stratified_80_20
18092,1,1,1.0,stratified_80_20
18098,1,1,1.0,stratified_80_20
18101,0,0,0.0,stratified_80_20
18106,0,0,0.0,stratified_80_20
18108,0,0,0.0,stratified_80_20
18109,0,0,0.0,stratified_80_20
18113,0,0,0.0,stratified_80_20
18118,1,1,1.0,stratified_80_20
18129,1,1,1.0,stratified_80_20
18132,0,0,0.0,stratified_80_20
18133,0,0,0.0,stratified_80_20
18134,0,0,0.0,stratified_80_20
18146,1,1,1.0,stratified_80_20
18158,0,0,0.0,stratified_80_20
18170,1,1,1.0,stratified_80_20
18174,1,1,1.0,stratified_80_20
18176,0,0,0.0,stratified_80_20
18191,0,0,0.0,stratified_80_20
18198,0,0,0.0,stratified_80_20
18204,0,0,0.0,stratified_80_20
18206,0,0,0.0,stratified_80_20
18211,0,0,0.0,stratified_80_20
18213,1,1,1.0,stratified_80_20
18216,1,1,1.0,stratified_80_20
18217,1,1,1.0,stratified_80_20
18225,0,0,0.0,stratified_80_20
18226,0,0,0.0,stratified_80_20
18229,0,0,0.0,stratified_80_20
18230,0,0,0.0,stratified_80_20
18236,0,0,0.0,stratified_80_20
18245,1,1,1.0,stratified_80_20
18257,0,0,0.0,stratified_80_20
18258,0,0,0.0,stratified_80_20
18261,0,0,0.0,stratified_80_20
18263,0,0,0.0,stratified_80_20
18267,1,1,1.0,stratified_80_20
18270,0,0,0.0,stratified_80_20
18273,1,1,1.0,stratified_80_20
18276,0,0,0.0,stratified_80_20
18291,0,0,0.0,stratified_80_20
18298,1,1,1.0,stratified_80_20
18305,0,0,0.0,stratified_80_20
18313,1,1,1.0,stratified_80_20
18316,0,0,0.0,stratified_80_20
18318,0,0,0.0,stratified_80_20
18322,1,1,1.0,stratified_80_20
18330,0,0,0.0,stratified_80_20
18332,0,0,0.0,stratified_80_20
18337,0,0,0.0,stratified_80_20
18349,0,0,0.0,stratified_80_20
18358,0,0,0.0,stratified_80_20
18362,1,1,1.0,stratified_80_20
18364,1,1,1.0,stratified_80_20
18365,0,0,0.0,stratified_80_20
18367,1,1,1.0,stratified_80_20
18368,1,1,1.0,stratified_80_20
18382,0,0,0.0,stratified_80_20
18391,0,0,0.0,stratified_80_20
18394,0,0,0.0,stratified_80_20
18397,1,1,1.0,stratified_80_20
18403,0,0,0.0,stratified_80_20
18404,0,0,0.0,stratified_80_20
18406,0,0,0.0,stratified_80_20
18410,0,0,0.0,stratified_80_20
18412,0,0,0.0,stratified_80_20
18415,1,1,1.0,stratified_80_20
18419,0,0,0.0,stratified_80_20
18420,0,0,0.0,stratified_80_20
18421,0,0,0.0,stratified_80_20
18430,0,0,0.0,stratified_80_20
18435,1,1,1.0,stratified_80_20
18437,1,1,1.0,stratified_80_20
18443,0,0,0.0,stratified_80_20
18448,1,1,1.0,stratified_80_20
18451,0,0,0.0,stratified_80_20
18457,0,0,0.0,stratified_80_20
18465,1,1,1.0,stratified_80_20
18466,1,1,1.0,stratified_80_20
18467,0,0,0.0,stratified_80_20
18482,1,1,1.0,stratified_80_20
18483,1,1,1.0,stratified_80_20
18484,0,0,0.0,stratified_80_20
18488,1,1,1.0,stratified_80_20
18493,0,0,0.0,stratified_80_20
18494,0,0,0.0,stratified_80_20
18500,0,0,0.0,stratified_80_20
18501,0,0,0.0,stratified_80_20
18506,0,0,0.0,stratified_80_20
18515,1,1,1.0,stratified_80_20
18525,0,0,0.0,stratified_80_20
18526,1,1,1.0,stratified_80_20
18527,0,0,0.0,stratified_80_20
18528,0,0,0.0,stratified_80_20
18529,1,1,1.0,stratified_80_20
18543,1,1,1.0,stratified_80_20
18552,0,0,0.0,stratified_80_20
18568,0,0,0.0,stratified_80_20
18571,0,0,0.0,stratified_80_20
18574,0,0,0.0,stratified_80_20
18578,0,0,0.0,stratified_80_20
18582,1,1,1.0,stratified_80_20
18586,1,1,1.0,stratified_80_20
18593,1,1,1.0,stratified_80_20
18594,0,0,0.0,stratified_80_20
18595,0,0,0.0,stratified_80_20
18604,1,1,1.0,stratified_80_20
18607,0,0,0.0,stratified_80_20
18609,1,1,1.0,stratified_80_20
18624,0,0,0.0,stratified_80_20
18638,1,1,1.0,stratified_80_20
18658,1,1,1.0,stratified_80_20
18672,0,0,0.0,stratified_80_20
18674,0,0,0.0,stratified_80_20
18676,0,0,0.0,stratified_80_20
18688,0,0,0.0,stratified_80_20
18700,0,0,0.0,stratified_80_20
18706,0,0,0.0,stratified_80_20
18732,0,0,0.0,stratified_80_20
18734,1,1,1.0,stratified_80_20
18738,1,1,1.0,stratified_80_20
18740,1,1,1.0,stratified_80_20
18741,0,0,0.0,stratified_80_20
18746,1,1,1.0,stratified_80_20
18749,0,0,0.0,stratified_80_20
18753,1,1,1.0,stratified_80_20
18761,0,0,0.0,stratified_80_20
18770,1,1,1.0,stratified_80_20
18773,0,0,0.0,stratified_80_20
18781,1,1,1.0,stratified_80_20
18782,1,1,1.0,stratified_80_20
18791,0,0,0.0,stratified_80_20
18798,0,0,0.0,stratified_80_20
18810,0,0,0.0,stratified_80_20
18813,0,0,0.0,stratified_80_20
18817,1,1,1.0,stratified_80_20
18820,0,0,0.0,stratified_80_20
18829,0,0,0.0,stratified_80_20
18832,0,0,0.0,stratified_80_20
18837,0,0,0.0,stratified_80_20
18858,0,0,0.0,stratified_80_20
18864,1,1,1.0,stratified_80_20
18868,0,0,0.0,stratified_80_20
18869,0,0,0.0,stratified_80_20
18870,0,0,0.0,stratified_80_20
18873,1,1,1.0,stratified_80_20
18874,0,0,0.0,stratified_80_20
18876,0,0,0.0,stratified_80_20
18878,0,0,0.0,stratified_80_20
18879,0,0,0.0,stratified_80_20
18892,0,0,0.0,stratified_80_20
18897,0,0,0.0,stratified_80_20
18898,1,1,1.0,stratified_80_20
18901,0,0,0.0,stratified_80_20
18902,0,0,0.0,stratified_80_20
18903,1,1,1.0,stratified_80_20
18904,0,0,0.0,stratified_80_20
18908,0,0,0.0,stratified_80_20
18910,1,1,1.0,stratified_80_20
18929,0,0,0.0,stratified_80_20
18931,1,1,1.0,stratified_80_20
18937,1,1,1.0,stratified_80_20
18940,0,0,0.0,stratified_80_20
18942,0,0,0.0,stratified_80_20
18943,0,0,0.0,stratified_80_20
18946,0,0,0.0,stratified_80_20
18964,0,0,0.0,stratified_80_20
18969,0,0,0.0,stratified_80_20
18976,1,1,1.0,stratified_80_20
18977,1,1,1.0,stratified_80_20
18980,1,1,1.0,stratified_80_20
18981,0,0,0.0,stratified_80_20
18984,1,1,1.0,stratified_80_20
18988,0,0,0.0,stratified_80_20
18989,0,0,0.0,stratified_80_20
18990,0,0,0.0,stratified_80_20
18991,0,0,0.0,stratified_80_20
19011,0,0,0.0,stratified_80_20
19025,1,1,1.0,stratified_80_20
19026,1,1,1.0,stratified_80_20
19035,0,0,0.0,stratified_80_20
19043,0,0,0.0,stratified_80_20
19044,0,0,0.0,stratified_80_20
19045,0,0,0.0,stratified_80_20
19047,1,1,1.0,stratified_80_20
19059,1,1,1.0,stratified_80_20
19066,1,1,1.0,stratified_80_20
19072,0,0,0.0,stratified_80_20
19077,1,1,1.0,stratified_80_20
19083,1,1,1.0,stratified_80_20
19099,1,1,1.0,stratified_80_20
19103,1,1,1.0,stratified_80_20
19105,0,0,0.0,stratified_80_20
19134,1,1,1.0,stratified_80_20
19138,0,0,0.0,stratified_80_20
19143,0,0,0.0,stratified_80_20
19148,1,1,1.0,stratified_80_20
19157,0,0,0.0,stratified_80_20
19165,0,0,0.0,stratified_80_20
19170,0,0,0.0,stratified_80_20
19173,1,1,1.0,stratified_80_20
19176,1,1,1.0,stratified_80_20
19178,1,1,1.0,stratified_80_20
19180,1,1,1.0,stratified_80_20
19185,0,0,0.0,stratified_80_20
19208,1,1,1.0,stratified_80_20
19224,1,1,1.0,stratified_80_20
19234,1,1,1.0,stratified_80_20
19239,0,0,0.0,stratified_80_20
19250,1,1,1.0,stratified_80_20
19251,0,0,0.0,stratified_80_20
19254,1,1,1.0,stratified_80_20
19262,0,0,0.0,stratified_80_20
19280,0,0,0.0,stratified_80_20
19281,0,0,0.0,stratified_80_20
19302,0,0,0.0,stratified_80_20
19303,1,1,1.0,stratified_80_20
19320,1,1,1.0,stratified_80_20
19328,0,0,0.0,stratified_80_20
19330,0,0,0.0,stratified_80_20
19336,1,1,1.0,stratified_80_20
19337,1,1,1.0,stratified_80_20
19338,0,0,0.0,stratified_80_20
19340,0,0,0.0,stratified_80_20
19341,1,1,1.0,stratified_80_20
19344,1,1,1.0,stratified_80_20
19345,1,1,1.0,stratified_80_20
19350,1,1,1.0,stratified_80_20
19357,1,1,1.0,stratified_80_20
19358,0,0,0.0,stratified_80_20
19368,1,1,1.0,stratified_80_20
19379,0,0,0.0,stratified_80_20
19381,0,0,0.0,stratified_80_20
19387,1,1,1.0,stratified_80_20
19388,1,1,1.0,stratified_80_20
19390,0,0,0.0,stratified_80_20
19392,1,1,1.0,stratified_80_20
19396,0,0,0.0,stratified_80_20
19397,1,1,1.0,stratified_80_20
19398,1,1,1.0,stratified_80_20
19406,0,0,0.0,stratified_80_20
19412,0,0,0.0,stratified_80_20
19415,1,1,1.0,stratified_80_20
19425,1,1,1.0,stratified_80_20
19426,1,1,1.0,stratified_80_20
19430,0,0,0.0,stratified_80_20
19436,0,0,0.0,stratified_80_20
19441,0,0,0.0,stratified_80_20
19444,0,0,0.0,stratified_80_20
19448,1,1,1.0,stratified_80_20
19450,1,1,1.0,stratified_80_20
19453,0,0,0.0,stratified_80_20
19455,0,0,0.0,stratified_80_20
19456,0,0,0.0,stratified_80_20
19459,0,0,0.0,stratified_80_20
19464,0,0,0.0,stratified_80_20
19474,0,0,0.0,stratified_80_20
19475,0,0,0.0,stratified_80_20
19476,1,1,1.0,stratified_80_20
19478,1,1,1.0,stratified_80_20
19482,0,0,0.0,stratified_80_20
19489,1,1,1.0,stratified_80_20
19502,1,1,1.0,stratified_80_20
19503,0,0,0.0,stratified_80_20
19511,0,0,0.0,stratified_80_20
19520,1,1,1.0,stratified_80_20
19521,1,1,1.0,stratified_80_20
19525,0,0,0.0,stratified_80_20
19529,1,1,1.0,stratified_80_20
19531,0,0,0.0,stratified_80_20
19535,0,0,0.0,stratified_80_20
19537,0,0,0.0,stratified_80_20
19538,1,1,1.0,stratified_80_20
19539,0,0,0.0,stratified_80_20
19543,1,1,1.0,stratified_80_20
19553,0,0,0.0,stratified_80_20
19558,0,0,0.0,stratified_80_20
19569,1,1,1.0,stratified_80_20
19574,1,1,1.0,stratified_80_20
19578,0,0,0.0,stratified_80_20
19583,0,0,0.0,stratified_80_20
19589,1,1,1.0,stratified_80_20
19590,0,0,0.0,stratified_80_20
19597,0,0,0.0,stratified_80_20
19603,0,0,0.0,stratified_80_20
19604,1,1,1.0,stratified_80_20
19611,1,1,1.0,stratified_80_20
19617,1,1,1.0,stratified_80_20
19618,0,0,0.0,stratified_80_20
19625,1,1,1.0,stratified_80_20
19626,0,0,0.0,stratified_80_20
19636,0,0,0.0,stratified_80_20
19638,1,1,1.0,stratified_80_20
19640,0,0,0.0,stratified_80_20
19646,0,0,0.0,stratified_80_20
19655,0,0,0.0,stratified_80_20
19662,1,1,1.0,stratified_80_20
19669,0,0,0.0,stratified_80_20
19677,0,0,0.0,stratified_80_20
19692,1,1,1.0,stratified_80_20
19693,0,0,0.0,stratified_80_20
19695,0,0,0.0,stratified_80_20
19696,0,0,0.0,stratified_80_20
19697,0,0,0.0,stratified_80_20
19706,0,0,0.0,stratified_80_20
19707,0,0,0.0,stratified_80_20
19711,0,0,0.0,stratified_80_20
19718,0,0,0.0,stratified_80_20
19719,0,0,0.0,stratified_80_20
19722,1,1,1.0,stratified_80_20
19726,1,1,1.0,stratified_80_20
19732,0,0,0.0,stratified_80_20
19739,0,0,0.0,stratified_80_20
19744,1,1,1.0,stratified_80_20
19747,1,1,1.0,stratified_80_20
19752,0,0,0.0,stratified_80_20
19753,0,0,0.0,stratified_80_20
19756,1,1,1.0,stratified_80_20
19766,1,1,1.0,stratified_80_20
19767,0,0,0.0,stratified_80_20
19768,0,0,0.0,stratified_80_20
19771,1,1,1.0,stratified_80_20
19776,1,1,1.0,stratified_80_20
19781,0,0,0.0,stratified_80_20
19786,0,0,0.0,stratified_80_20
19791,0,0,0.0,stratified_80_20
19793,0,0,0.0,stratified_80_20
19794,0,0,0.0,stratified_80_20
19798,0,0,0.0,stratified_80_20
19800,0,0,0.0,stratified_80_20
19806,1,1,1.0,stratified_80_20
19809,0,0,0.0,stratified_80_20
19812,1,1,1.0,stratified_80_20
19832,1,1,1.0,stratified_80_20
19836,1,1,1.0,stratified_80_20
19840,0,0,0.0,stratified_80_20
19849,0,0,0.0,stratified_80_20
19853,1,1,1.0,stratified_80_20
19861,1,1,1.0,stratified_80_20
19864,0,0,0.0,stratified_80_20
19877,0,0,0.0,stratified_80_20
19879,1,1,1.0,stratified_80_20
19886,1,1,1.0,stratified_80_20
19890,0,0,0.0,stratified_80_20
19895,0,0,0.0,stratified_80_20
19906,0,0,0.0,stratified_80_20
19915,0,0,0.0,stratified_80_20
19916,0,0,0.0,stratified_80_20
19917,0,0,0.0,stratified_80_20
19919,0,0,0.0,stratified_80_20
19925,1,1,1.0,stratified_80_20
19929,1,1,1.0,stratified_80_20
19934,0,0,0.0,stratified_80_20
19935,0,0,0.0,stratified_80_20
19940,0,0,0.0,stratified_80_20
19949,1,1,1.0,stratified_80_20
19954,0,0,0.0,stratified_80_20
19956,1,1,1.0,stratified_80_20
19957,1,1,1.0,stratified_80_20
19962,0,0,0.0,stratified_80_20
19963,0,0,0.0,stratified_80_20
19965,1,1,1.0,stratified_80_20
19979,0,0,0.0,stratified_80_20
19982,0,0,0.0,stratified_80_20
19986,0,0,0.0,stratified_80_20
19987,0,0,0.0,stratified_80_20
19990,1,1,1.0,stratified_80_20
19993,1,1,1.0,stratified_80_20
19997,1,1,1.0,stratified_80_20
20000,0,0,0.0,stratified_80_20
20009,0,0,0.0,stratified_80_20
20010,0,0,0.0,stratified_80_20
20023,1,1,1.0,stratified_80_20
20026,1,1,1.0,stratified_80_20
20029,1,1,1.0,stratified_80_20
20031,0,0,0.0,stratified_80_20
20034,0,0,0.0,stratified_80_20
20042,0,0,0.0,stratified_80_20
20044,0,0,0.0,stratified_80_20
20058,0,0,0.0,stratified_80_20
20059,1,1,1.0,stratified_80_20
20061,0,0,0.0,stratified_80_20
20065,0,0,0.0,stratified_80_20
20077,1,1,1.0,stratified_80_20
20078,1,1,1.0,stratified_80_20
20085,0,0,0.0,stratified_80_20
20090,0,0,0.0,stratified_80_20
20091,0,0,0.0,stratified_80_20
20103,0,0,0.0,stratified_80_20
20104,1,1,1.0,stratified_80_20
20107,1,1,1.0,stratified_80_20
20108,0,0,0.0,stratified_80_20
20110,0,0,0.0,stratified_80_20
20111,0,0,0.0,stratified_80_20
20116,1,1,1.0,stratified_80_20
20120,0,0,0.0,stratified_80_20
20124,1,1,1.0,stratified_80_20
20132,1,1,1.0,stratified_80_20
20141,0,0,0.0,stratified_80_20
20155,0,0,0.0,stratified_80_20
20156,1,1,1.0,stratified_80_20
20158,1,1,1.0,stratified_80_20
20164,0,0,0.0,stratified_80_20
20166,0,0,0.0,stratified_80_20
20176,0,0,0.0,stratified_80_20
20187,1,1,1.0,stratified_80_20
20192,0,0,0.0,stratified_80_20
20200,0,0,0.0,stratified_80_20
20219,0,0,0.0,stratified_80_20
20220,0,0,0.0,stratified_80_20
20221,0,0,0.0,stratified_80_20
20233,1,1,1.0,stratified_80_20
20236,0,0,0.0,stratified_80_20
20237,1,1,1.0,stratified_80_20
20241,0,0,0.0,stratified_80_20
20243,0,0,0.0,stratified_80_20
20249,0,0,0.0,stratified_80_20
20250,1,1,1.0,stratified_80_20
20256,1,1,1.0,stratified_80_20
20258,0,0,0.0,stratified_80_20
20262,1,1,1.0,stratified_80_20
20265,0,0,0.0,stratified_80_20
20278,1,1,1.0,stratified_80_20
20288,0,0,0.0,stratified_80_20
20292,0,0,0.0,stratified_80_20
20294,1,1,1.0,stratified_80_20
20308,0,0,0.0,stratified_80_20
20312,0,0,0.0,stratified_80_20
20316,0,0,0.0,stratified_80_20
20319,1,1,1.0,stratified_80_20
20327,0,0,0.0,stratified_80_20
20334,1,1,1.0,stratified_80_20
20335,0,0,0.0,stratified_80_20
20339,0,0,0.0,stratified_80_20
20340,0,0,0.0,stratified_80_20
20350,1,1,1.0,stratified_80_20
20356,0,0,0.0,stratified_80_20
20361,0,0,0.0,stratified_80_20
20364,0,0,0.0,stratified_80_20
20367,1,1,1.0,stratified_80_20
20376,1,1,1.0,stratified_80_20
20381,0,0,0.0,stratified_80_20
20382,0,0,0.0,stratified_80_20
20391,1,1,1.0,stratified_80_20
20392,0,0,0.0,stratified_80_20
20394,0,0,0.0,stratified_80_20
20395,0,0,0.0,stratified_80_20
20399,1,1,1.0,stratified_80_20
20404,1,1,1.0,stratified_80_20
20406,0,0,0.0,stratified_80_20
20413,0,0,0.0,stratified_80_20
20415,1,1,1.0,stratified_80_20
20418,1,1,1.0,stratified_80_20
20422,1,1,1.0,stratified_80_20
20429,1,1,1.0,stratified_80_20
20430,0,0,0.0,stratified_80_20
20432,0,0,0.0,stratified_80_20
20444,0,0,0.0,stratified_80_20
20447,0,0,0.0,stratified_80_20
20452,0,0,0.0,stratified_80_20
20474,0,0,0.0,stratified_80_20
20481,0,0,0.0,stratified_80_20
20482,0,0,0.0,stratified_80_20
20494,1,1,1.0,stratified_80_20
20496,0,0,0.0,stratified_80_20
20497,0,0,0.0,stratified_80_20
20504,0,0,0.0,stratified_80_20
20509,0,0,0.0,stratified_80_20
20510,0,0,0.0,stratified_80_20
20512,0,0,0.0,stratified_80_20
20515,0,0,0.0,stratified_80_20
20517,1,1,1.0,stratified_80_20
20523,1,1,1.0,stratified_80_20
20524,0,0,0.0,stratified_80_20
20525,0,0,0.0,stratified_80_20
20543,1,1,1.0,stratified_80_20
20548,0,0,0.0,stratified_80_20
20555,0,0,0.0,stratified_80_20
20559,0,0,0.0,stratified_80_20
20560,0,0,0.0,stratified_80_20
20561,0,0,0.0,stratified_80_20
20564,0,0,0.0,stratified_80_20
20570,1,1,1.0,stratified_80_20
20573,0,0,0.0,stratified_80_20
20580,1,1,1.0,stratified_80_20
20584,0,0,0.0,stratified_80_20
20594,0,0,0.0,stratified_80_20
20606,0,0,0.0,stratified_80_20
20607,0,0,0.0,stratified_80_20
20611,1,1,1.0,stratified_80_20
20612,0,0,0.0,stratified_80_20
20613,0,0,0.0,stratified_80_20
20618,0,0,0.0,stratified_80_20
20619,1,1,1.0,stratified_80_20
20624,1,1,1.0,stratified_80_20
20630,0,0,0.0,stratified_80_20
20634,1,1,1.0,stratified_80_20
20635,0,0,0.0,stratified_80_20
20643,1,1,1.0,stratified_80_20
20655,0,0,0.0,stratified_80_20
20656,0,0,0.0,stratified_80_20
20659,0,0,0.0,stratified_80_20
20672,0,0,0.0,stratified_80_20
20677,0,0,0.0,stratified_80_20
20686,0,0,0.0,stratified_80_20
20704,1,1,1.0,stratified_80_20
20706,0,0,0.0,stratified_80_20
20720,0,0,0.0,stratified_80_20
20722,0,0,0.0,stratified_80_20
20726,0,0,0.0,stratified_80_20
20733,1,1,1.0,stratified_80_20
20738,1,1,1.0,stratified_80_20
20740,1,1,1.0,stratified_80_20
20748,0,0,0.0,stratified_80_20
20749,0,0,0.0,stratified_80_20
20751,0,0,0.0,stratified_80_20
20762,0,0,0.0,stratified_80_20
20770,0,0,0.0,stratified_80_20
20773,0,0,0.0,stratified_80_20
20777,0,0,0.0,stratified_80_20
20782,0,0,0.0,stratified_80_20
20789,1,1,1.0,stratified_80_20
20801,0,0,0.0,stratified_80_20
20807,1,1,1.0,stratified_80_20
20810,1,1,1.0,stratified_80_20
20817,0,0,0.0,stratified_80_20
20820,0,0,0.0,stratified_80_20
20821,0,0,0.0,stratified_80_20
20825,0,0,0.0,stratified_80_20
20827,0,0,0.0,stratified_80_20
20828,0,0,0.0,stratified_80_20
20837,1,1,1.0,stratified_80_20
20839,1,1,1.0,stratified_80_20
20846,0,0,0.0,stratified_80_20
20848,0,0,0.0,stratified_80_20
20855,1,1,1.0,stratified_80_20
20860,0,0,0.0,stratified_80_20
20864,0,0,0.0,stratified_80_20
20873,0,0,0.0,stratified_80_20
20875,0,0,0.0,stratified_80_20
20879,0,0,0.0,stratified_80_20
20896,1,1,1.0,stratified_80_20
20901,0,0,0.0,stratified_80_20
20907,1,1,1.0,stratified_80_20
20908,1,1,1.0,stratified_80_20
20913,0,0,0.0,stratified_80_20
20917,1,1,1.0,stratified_80_20
20920,0,0,0.0,stratified_80_20
20921,1,1,1.0,stratified_80_20
20922,1,1,1.0,stratified_80_20
20923,0,0,0.0,stratified_80_20
20925,0,0,0.0,stratified_80_20
20939,0,0,0.0,stratified_80_20
20946,1,1,1.0,stratified_80_20
20950,0,0,0.0,stratified_80_20
20952,0,0,0.0,stratified_80_20
20964,0,0,0.0,stratified_80_20
20970,1,1,1.0,stratified_80_20
20972,1,1,1.0,stratified_80_20
20974,1,1,1.0,stratified_80_20
20977,0,0,0.0,stratified_80_20
20979,1,1,1.0,stratified_80_20
20981,0,0,0.0,stratified_80_20
20995,0,0,0.0,stratified_80_20
20997,0,0,0.0,stratified_80_20
21007,0,0,0.0,stratified_80_20
21011,0,0,0.0,stratified_80_20
21017,1,1,1.0,stratified_80_20
21020,0,0,0.0,stratified_80_20
21024,0,0,0.0,stratified_80_20
21031,0,0,0.0,stratified_80_20
21034,1,1,1.0,stratified_80_20
21035,0,0,0.0,stratified_80_20
21039,1,1,1.0,stratified_80_20
21042,1,1,1.0,stratified_80_20
21043,1,1,1.0,stratified_80_20
21049,0,0,0.0,stratified_80_20
21053,0,0,0.0,stratified_80_20
21054,0,0,0.0,stratified_80_20
21070,0,0,0.0,stratified_80_20
21072,1,1,1.0,stratified_80_20
21076,1,1,1.0,stratified_80_20
21080,0,0,0.0,stratified_80_20
21082,0,0,0.0,stratified_80_20
21089,1,1,1.0,stratified_80_20
21091,0,0,0.0,stratified_80_20
21105,0,0,0.0,stratified_80_20
21108,1,1,1.0,stratified_80_20
21110,0,0,0.0,stratified_80_20
21111,1,1,1.0,stratified_80_20
21117,0,0,0.0,stratified_80_20
21122,0,0,0.0,stratified_80_20
21126,0,0,0.0,stratified_80_20
21137,0,0,0.0,stratified_80_20
21140,0,0,0.0,stratified_80_20
21143,1,1,1.0,stratified_80_20
21144,0,0,0.0,stratified_80_20
21157,0,0,0.0,stratified_80_20
21159,0,0,0.0,stratified_80_20
21163,1,1,1.0,stratified_80_20
21164,0,0,0.0,stratified_80_20
21166,0,0,0.0,stratified_80_20
21186,0,0,0.0,stratified_80_20
21187,1,1,1.0,stratified_80_20
21191,0,0,0.0,stratified_80_20
21199,0,0,0.0,stratified_80_20
21203,0,0,0.0,stratified_80_20
21214,0,0,0.0,stratified_80_20
21216,0,0,0.0,stratified_80_20
21233,1,1,1.0,stratified_80_20
21237,0,0,0.0,stratified_80_20
21239,0,0,0.0,stratified_80_20
21245,1,1,1.0,stratified_80_20
21248,0,0,0.0,stratified_80_20
21250,0,0,0.0,stratified_80_20
21251,1,1,1.0,stratified_80_20
21253,0,0,0.0,stratified_80_20
21256,0,0,0.0,stratified_80_20
21258,0,0,0.0,stratified_80_20
21264,1,1,1.0,stratified_80_20
21265,0,0,0.0,stratified_80_20
21266,0,0,0.0,stratified_80_20
21270,0,0,0.0,stratified_80_20
21272,0,0,0.0,stratified_80_20
21280,0,0,0.0,stratified_80_20
21283,1,1,1.0,stratified_80_20
21291,0,0,0.0,stratified_80_20
21304,0,0,0.0,stratified_80_20
21308,0,0,0.0,stratified_80_20
21313,0,0,0.0,stratified_80_20
21319,0,0,0.0,stratified_80_20
21322,0,0,0.0,stratified_80_20
21327,1,1,1.0,stratified_80_20
21328,0,0,0.0,stratified_80_20
21329,0,0,0.0,stratified_80_20
21355,0,0,0.0,stratified_80_20
21367,0,0,0.0,stratified_80_20
21371,1,1,1.0,stratified_80_20
21373,0,0,0.0,stratified_80_20
21377,1,1,1.0,stratified_80_20
21385,0,0,0.0,stratified_80_20
21386,1,1,1.0,stratified_80_20
21389,0,0,0.0,stratified_80_20
21394,0,0,0.0,stratified_80_20
21397,1,1,1.0,stratified_80_20
21411,0,0,0.0,stratified_80_20
21414,1,1,1.0,stratified_80_20
21422,0,0,0.0,stratified_80_20
21444,1,1,1.0,stratified_80_20
21445,0,0,0.0,stratified_80_20
21449,0,0,0.0,stratified_80_20
21450,0,0,0.0,stratified_80_20
21455,1,1,1.0,stratified_80_20
21463,0,0,0.0,stratified_80_20
21466,0,0,0.0,stratified_80_20
21467,0,0,0.0,stratified_80_20
21468,0,0,0.0,stratified_80_20
21474,0,0,0.0,stratified_80_20
21482,0,0,0.0,stratified_80_20
21483,0,0,0.0,stratified_80_20
21489,0,0,0.0,stratified_80_20
21502,0,0,0.0,stratified_80_20
21515,0,0,0.0,stratified_80_20
21530,0,0,0.0,stratified_80_20
21531,0,0,0.0,stratified_80_20
21542,0,0,0.0,stratified_80_20
21546,1,1,1.0,stratified_80_20
21563,1,1,1.0,stratified_80_20
21564,0,0,0.0,stratified_80_20
21565,0,0,0.0,stratified_80_20
21583,0,0,0.0,stratified_80_20
21584,1,1,1.0,stratified_80_20
21586,1,1,1.0,stratified_80_20
21594,0,0,0.0,stratified_80_20
21596,0,0,0.0,stratified_80_20
21598,0,0,0.0,stratified_80_20
21599,1,1,1.0,stratified_80_20
21604,0,0,0.0,stratified_80_20
21608,0,0,0.0,stratified_80_20
21609,0,0,0.0,stratified_80_20
21614,0,0,0.0,stratified_80_20
21620,1,1,1.0,stratified_80_20
21621,0,0,0.0,stratified_80_20
21636,0,0,0.0,stratified_80_20
21641,0,0,0.0,stratified_80_20
21642,0,0,0.0,stratified_80_20
21643,0,0,0.0,stratified_80_20
21645,0,0,0.0,stratified_80_20
21650,0,0,0.0,stratified_80_20
21656,1,1,1.0,stratified_80_20
21661,0,0,0.0,stratified_80_20
21663,0,0,0.0,stratified_80_20
21666,1,1,1.0,stratified_80_20
21671,0,0,0.0,stratified_80_20
21687,0,0,0.0,stratified_80_20
21708,0,0,0.0,stratified_80_20
21709,0,0,0.0,stratified_80_20
21720,0,0,0.0,stratified_80_20
21721,1,1,1.0,stratified_80_20
21722,1,1,1.0,stratified_80_20
21723,0,0,0.0,stratified_80_20
21727,0,0,0.0,stratified_80_20
21739,0,0,0.0,stratified_80_20
21742,1,1,1.0,stratified_80_20
21754,0,0,0.0,stratified_80_20
21759,0,0,0.0,stratified_80_20
21761,0,0,0.0,stratified_80_20
21764,0,0,0.0,stratified_80_20
21770,1,1,1.0,stratified_80_20
21771,0,0,0.0,stratified_80_20
21773,0,0,0.0,stratified_80_20
21774,0,0,0.0,stratified_80_20
21777,0,0,0.0,stratified_80_20
21780,0,0,0.0,stratified_80_20
21784,0,0,0.0,stratified_80_20
21796,1,1,1.0,stratified_80_20
21803,0,0,0.0,stratified_80_20
21819,0,0,0.0,stratified_80_20
21827,0,0,0.0,stratified_80_20
21829,0,0,0.0,stratified_80_20
21843,0,0,0.0,stratified_80_20
21852,1,1,1.0,stratified_80_20
21854,1,1,1.0,stratified_80_20
21855,1,1,1.0,stratified_80_20
21856,0,0,0.0,stratified_80_20
21861,0,0,0.0,stratified_80_20
21864,0,0,0.0,stratified_80_20
21881,1,1,1.0,stratified_80_20
21884,0,0,0.0,stratified_80_20
21885,0,0,0.0,stratified_80_20
21891,0,0,0.0,stratified_80_20
21895,0,0,0.0,stratified_80_20
21907,1,1,1.0,stratified_80_20
21908,0,0,0.0,stratified_80_20
21910,0,0,0.0,stratified_80_20
21919,1,1,1.0,stratified_80_20
21921,1,1,1.0,stratified_80_20
21925,0,0,0.0,stratified_80_20
21926,0,0,0.0,stratified_80_20
21932,0,0,0.0,stratified_80_20
21935,0,0,0.0,stratified_80_20
21938,0,0,0.0,stratified_80_20
21939,1,1,1.0,stratified_80_20
21948,1,1,1.0,stratified_80_20
21950,1,1,1.0,stratified_80_20
21952,0,0,0.0,stratified_80_20
21954,0,0,0.0,stratified_80_20
21955,1,1,1.0,stratified_80_20
21957,1,1,1.0,stratified_80_20
21962,0,0,0.0,stratified_80_20
21967,0,0,0.0,stratified_80_20
21970,0,0,0.0,stratified_80_20
21972,0,0,0.0,stratified_80_20
21974,1,1,1.0,stratified_80_20
21977,0,0,0.0,stratified_80_20
21984,1,1,1.0,stratified_80_20
21985,0,0,0.0,stratified_80_20
21987,0,0,0.0,stratified_80_20
21992,0,0,0.0,stratified_80_20
21993,1,1,1.0,stratified_80_20
21996,1,1,1.0,stratified_80_20
21998,1,1,1.0,stratified_80_20
22000,0,0,0.0,stratified_80_20
22001,0,0,0.0,stratified_80_20
22002,1,1,1.0,stratified_80_20
22006,1,1,1.0,stratified_80_20
22013,0,0,0.0,stratified_80_20
22020,0,0,0.0,stratified_80_20
22024,0,0,0.0,stratified_80_20
22036,0,0,0.0,stratified_80_20
22062,0,0,0.0,stratified_80_20
22065,0,0,0.0,stratified_80_20
22083,0,0,0.0,stratified_80_20
22092,1,1,1.0,stratified_80_20
22096,0,0,0.0,stratified_80_20
22111,0,0,0.0,stratified_80_20
22112,0,0,0.0,stratified_80_20
22119,0,0,0.0,stratified_80_20
22138,0,0,0.0,stratified_80_20
22152,1,1,1.0,stratified_80_20
22155,0,0,0.0,stratified_80_20
22161,1,1,1.0,stratified_80_20
22187,0,0,0.0,stratified_80_20
22189,1,1,1.0,stratified_80_20
22193,0,0,0.0,stratified_80_20
22197,0,0,0.0,stratified_80_20
22208,1,1,1.0,stratified_80_20
22210,0,0,0.0,stratified_80_20
22212,0,0,0.0,stratified_80_20
22213,0,0,0.0,stratified_80_20
22214,0,0,0.0,stratified_80_20
22223,0,0,0.0,stratified_80_20
22232,0,0,0.0,stratified_80_20
22236,0,0,0.0,stratified_80_20
22238,1,1,1.0,stratified_80_20
22242,0,0,0.0,stratified_80_20
22248,0,0,0.0,stratified_80_20
22251,0,0,0.0,stratified_80_20
22255,0,0,0.0,stratified_80_20
22264,1,1,1.0,stratified_80_20
22265,0,0,0.0,stratified_80_20
22268,0,0,0.0,stratified_80_20
22270,0,0,0.0,stratified_80_20
22276,0,0,0.0,stratified_80_20
22283,1,1,1.0,stratified_80_20
22284,0,0,0.0,stratified_80_20
22287,0,0,0.0,stratified_80_20
22293,0,0,0.0,stratified_80_20
22294,0,0,0.0,stratified_80_20
22312,0,0,0.0,stratified_80_20
22314,0,0,0.0,stratified_80_20
22320,1,1,1.0,stratified_80_20
22326,0,0,0.0,stratified_80_20
22327,0,0,0.0,stratified_80_20
22330,0,0,0.0,stratified_80_20
22337,1,1,1.0,stratified_80_20
22342,0,0,0.0,stratified_80_20
22344,0,0,0.0,stratified_80_20
22346,1,1,1.0,stratified_80_20
22347,0,0,0.0,stratified_80_20
22350,1,1,1.0,stratified_80_20
22354,0,0,0.0,stratified_80_20
22358,0,0,0.0,stratified_80_20
22363,0,0,0.0,stratified_80_20
22368,0,0,0.0,stratified_80_20
22375,0,0,0.0,stratified_80_20
22377,0,0,0.0,stratified_80_20
22386,0,0,0.0,stratified_80_20
22392,0,0,0.0,stratified_80_20
22396,1,1,1.0,stratified_80_20
22397,1,1,1.0,stratified_80_20
22398,0,0,0.0,stratified_80_20
22401,0,0,0.0,stratified_80_20
22402,1,1,1.0,stratified_80_20
22406,0,0,0.0,stratified_80_20
22411,1,1,1.0,stratified_80_20
22417,0,0,0.0,stratified_80_20
22423,1,1,1.0,stratified_80_20
22428,1,1,1.0,stratified_80_20
22436,0,0,0.0,stratified_80_20
22439,0,0,0.0,stratified_80_20
22443,0,0,0.0,stratified_80_20
22444,0,0,0.0,stratified_80_20
22450,1,1,1.0,stratified_80_20
22451,1,1,1.0,stratified_80_20
22463,0,0,0.0,stratified_80_20
22467,0,0,0.0,stratified_80_20
22468,1,1,1.0,stratified_80_20
22475,0,0,0.0,stratified_80_20
22476,0,0,0.0,stratified_80_20
22481,0,0,0.0,stratified_80_20
22482,0,0,0.0,stratified_80_20
22483,0,0,0.0,stratified_80_20
22485,0,0,0.0,stratified_80_20
22489,1,1,1.0,stratified_80_20
22506,1,1,1.0,stratified_80_20
22507,0,0,0.0,stratified_80_20
22515,0,0,0.0,stratified_80_20
22516,1,1,1.0,stratified_80_20
22523,0,0,0.0,stratified_80_20
22524,1,1,1.0,stratified_80_20
22525,0,0,0.0,stratified_80_20
22531,1,1,1.0,stratified_80_20
22532,0,0,0.0,stratified_80_20
22534,0,0,0.0,stratified_80_20
22535,0,0,0.0,stratified_80_20
22538,0,0,0.0,stratified_80_20
22548,0,0,0.0,stratified_80_20
22563,0,0,0.0,stratified_80_20
22565,0,0,0.0,stratified_80_20
22567,0,0,0.0,stratified_80_20
22568,1,1,1.0,stratified_80_20
22578,0,0,0.0,stratified_80_20
22581,0,0,0.0,stratified_80_20
22582,1,1,1.0,stratified_80_20
22588,0,0,0.0,stratified_80_20
22589,0,0,0.0,stratified_80_20
22590,0,0,0.0,stratified_80_20
22598,0,0,0.0,stratified_80_20
22600,1,1,1.0,stratified_80_20
22601,0,0,0.0,stratified_80_20
22602,0,0,0.0,stratified_80_20
22605,0,0,0.0,stratified_80_20
22607,0,0,0.0,stratified_80_20
22608,0,0,0.0,stratified_80_20
22609,0,0,0.0,stratified_80_20
22615,1,1,1.0,stratified_80_20
22618,0,0,0.0,stratified_80_20
22628,1,1,1.0,stratified_80_20
22630,0,0,0.0,stratified_80_20
22642,0,0,0.0,stratified_80_20
22645,1,1,1.0,stratified_80_20
22658,0,0,0.0,stratified_80_20
22664,0,0,0.0,stratified_80_20
22666,1,1,1.0,stratified_80_20
22667,0,0,0.0,stratified_80_20
22675,0,0,0.0,stratified_80_20
22676,0,0,0.0,stratified_80_20
22677,0,0,0.0,stratified_80_20
22690,1,1,1.0,stratified_80_20
22696,0,0,0.0,stratified_80_20
22703,1,1,1.0,stratified_80_20
22710,0,0,0.0,stratified_80_20
22722,0,0,0.0,stratified_80_20
22723,1,1,1.0,stratified_80_20
22730,1,1,1.0,stratified_80_20
22741,0,0,0.0,stratified_80_20
22742,1,1,1.0,stratified_80_20
22745,0,0,0.0,stratified_80_20
22746,0,0,0.0,stratified_80_20
22752,0,0,0.0,stratified_80_20
22755,0,0,0.0,stratified_80_20
22757,0,0,0.0,stratified_80_20
22758,0,0,0.0,stratified_80_20
22760,0,0,0.0,stratified_80_20
22764,0,0,0.0,stratified_80_20
22767,0,0,0.0,stratified_80_20
22769,0,0,0.0,stratified_80_20
22770,0,0,0.0,stratified_80_20
22773,0,0,0.0,stratified_80_20
22790,0,0,0.0,stratified_80_20
22792,0,0,0.0,stratified_80_20
22794,1,1,1.0,stratified_80_20
22796,1,1,1.0,stratified_80_20
22798,1,1,1.0,stratified_80_20
22801,1,1,1.0,stratified_80_20
22803,1,1,1.0,stratified_80_20
22807,0,0,0.0,stratified_80_20
22810,0,0,0.0,stratified_80_20
22814,0,0,0.0,stratified_80_20
22822,1,1,1.0,stratified_80_20
22831,1,1,1.0,stratified_80_20
22840,0,0,0.0,stratified_80_20
22841,0,0,0.0,stratified_80_20
22844,0,0,0.0,stratified_80_20
22846,0,0,0.0,stratified_80_20
22847,0,0,0.0,stratified_80_20
22855,0,0,0.0,stratified_80_20
22859,0,0,0.0,stratified_80_20
22870,1,1,1.0,stratified_80_20
22871,1,1,1.0,stratified_80_20
22878,1,1,1.0,stratified_80_20
22880,1,1,1.0,stratified_80_20
22882,0,0,0.0,stratified_80_20
22885,0,0,0.0,stratified_80_20
22888,0,0,0.0,stratified_80_20
22895,1,1,1.0,stratified_80_20
22896,0,0,0.0,stratified_80_20
22897,0,0,0.0,stratified_80_20
22900,0,0,0.0,stratified_80_20
22910,0,0,0.0,stratified_80_20
22911,0,0,0.0,stratified_80_20
22918,0,0,0.0,stratified_80_20
22919,0,0,0.0,stratified_80_20
22920,0,0,0.0,stratified_80_20
22934,0,0,0.0,stratified_80_20
22940,1,1,1.0,stratified_80_20
22943,0,0,0.0,stratified_80_20
22944,0,0,0.0,stratified_80_20
22949,0,0,0.0,stratified_80_20
22952,0,0,0.0,stratified_80_20
22965,1,1,1.0,stratified_80_20
22967,1,1,1.0,stratified_80_20
22971,0,0,0.0,stratified_80_20
22972,1,1,1.0,stratified_80_20
22973,0,0,0.0,stratified_80_20
22980,1,1,1.0,stratified_80_20
22983,1,1,1.0,stratified_80_20
22997,0,0,0.0,stratified_80_20
22998,0,0,0.0,stratified_80_20
23003,0,0,0.0,stratified_80_20
23009,1,1,1.0,stratified_80_20
23010,0,0,0.0,stratified_80_20
23013,1,1,1.0,stratified_80_20
23016,0,0,0.0,stratified_80_20
23035,0,0,0.0,stratified_80_20
23036,1,1,1.0,stratified_80_20
23038,0,0,0.0,stratified_80_20
23044,0,0,0.0,stratified_80_20
23056,0,0,0.0,stratified_80_20
23059,1,1,1.0,stratified_80_20
23068,1,1,1.0,stratified_80_20
23074,0,0,0.0,stratified_80_20
23078,0,0,0.0,stratified_80_20
23082,0,0,0.0,stratified_80_20
23087,0,0,0.0,stratified_80_20
23088,0,0,0.0,stratified_80_20
23090,0,0,0.0,stratified_80_20
23096,0,0,0.0,stratified_80_20
23099,0,0,0.0,stratified_80_20
23108,0,0,0.0,stratified_80_20
23109,0,0,0.0,stratified_80_20
23114,0,0,0.0,stratified_80_20
23115,0,0,0.0,stratified_80_20
23126,0,0,0.0,stratified_80_20
23128,1,1,1.0,stratified_80_20
23133,1,1,1.0,stratified_80_20
23139,0,0,0.0,stratified_80_20
23141,1,1,1.0,stratified_80_20
23145,0,0,0.0,stratified_80_20
23148,0,0,0.0,stratified_80_20
23161,0,0,0.0,stratified_80_20
23166,0,0,0.0,stratified_80_20
23181,0,0,0.0,stratified_80_20
23185,0,0,0.0,stratified_80_20
23189,0,0,0.0,stratified_80_20
23196,1,1,1.0,stratified_80_20
23197,0,0,0.0,stratified_80_20
23198,1,1,1.0,stratified_80_20
23199,0,0,0.0,stratified_80_20
23204,0,0,0.0,stratified_80_20
23207,0,0,0.0,stratified_80_20
23210,0,0,0.0,stratified_80_20
23231,0,0,0.0,stratified_80_20
23232,1,1,1.0,stratified_80_20
23234,1,1,1.0,stratified_80_20
23244,1,1,1.0,stratified_80_20
23245,0,0,0.0,stratified_80_20
23246,0,0,0.0,stratified_80_20
23259,0,0,0.0,stratified_80_20
23266,0,0,0.0,stratified_80_20
23269,0,0,0.0,stratified_80_20
23274,1,1,1.0,stratified_80_20
23275,0,0,0.0,stratified_80_20
23281,0,0,0.0,stratified_80_20
23287,0,0,0.0,stratified_80_20
23290,0,0,0.0,stratified_80_20
23293,0,0,0.0,stratified_80_20
23294,0,0,0.0,stratified_80_20
23300,1,1,1.0,stratified_80_20
23302,0,0,0.0,stratified_80_20
23314,1,1,1.0,stratified_80_20
23316,0,0,0.0,stratified_80_20
23321,0,0,0.0,stratified_80_20
23341,0,0,0.0,stratified_80_20
23343,0,0,0.0,stratified_80_20
23346,0,0,0.0,stratified_80_20
23349,0,0,0.0,stratified_80_20
23350,0,0,0.0,stratified_80_20
23354,1,1,1.0,stratified_80_20
23358,0,0,0.0,stratified_80_20
23361,0,0,0.0,stratified_80_20
23374,1,1,1.0,stratified_80_20
23383,0,0,0.0,stratified_80_20
23386,0,0,0.0,stratified_80_20
23394,0,0,0.0,stratified_80_20
23397,0,0,0.0,stratified_80_20
23407,0,0,0.0,stratified_80_20
23409,0,0,0.0,stratified_80_20
23412,0,0,0.0,stratified_80_20
23413,0,0,0.0,stratified_80_20
23415,1,1,1.0,stratified_80_20
23422,0,0,0.0,stratified_80_20
23425,0,0,0.0,stratified_80_20
23445,1,1,1.0,stratified_80_20
23454,1,1,1.0,stratified_80_20
23455,0,0,0.0,stratified_80_20
23457,0,0,0.0,stratified_80_20
23460,0,0,0.0,stratified_80_20
23464,0,0,0.0,stratified_80_20
23466,1,1,1.0,stratified_80_20
23468,0,0,0.0,stratified_80_20
23481,0,0,0.0,stratified_80_20
23487,0,0,0.0,stratified_80_20
23489,0,0,0.0,stratified_80_20
23495,0,0,0.0,stratified_80_20
23500,0,0,0.0,stratified_80_20
23504,0,0,0.0,stratified_80_20
23515,0,0,0.0,stratified_80_20
23518,0,0,0.0,stratified_80_20
23522,0,0,0.0,stratified_80_20
23546,1,1,1.0,stratified_80_20
23554,0,0,0.0,stratified_80_20
23561,0,0,0.0,stratified_80_20
23563,0,0,0.0,stratified_80_20
23564,0,0,0.0,stratified_80_20
23568,0,0,0.0,stratified_80_20
23569,0,0,0.0,stratified_80_20
23573,1,1,1.0,stratified_80_20
23575,1,1,1.0,stratified_80_20
23577,0,0,0.0,stratified_80_20
23592,1,1,1.0,stratified_80_20
23599,0,0,0.0,stratified_80_20
23602,0,0,0.0,stratified_80_20
23609,0,0,0.0,stratified_80_20
23613,1,1,1.0,stratified_80_20
23629,0,0,0.0,stratified_80_20
23635,1,1,1.0,stratified_80_20
23636,0,0,0.0,stratified_80_20
23649,1,1,1.0,stratified_80_20
23650,0,0,0.0,stratified_80_20
23665,0,0,0.0,stratified_80_20
23683,0,0,0.0,stratified_80_20
23686,0,0,0.0,stratified_80_20
23696,0,0,0.0,stratified_80_20
23701,0,0,0.0,stratified_80_20
23705,0,0,0.0,stratified_80_20
23727,1,1,1.0,stratified_80_20
23728,1,1,1.0,stratified_80_20
23734,0,0,0.0,stratified_80_20
23765,0,0,0.0,stratified_80_20
23770,0,0,0.0,stratified_80_20
23771,0,0,0.0,stratified_80_20
23774,0,0,0.0,stratified_80_20
23793,0,0,0.0,stratified_80_20
23795,0,0,0.0,stratified_80_20
23797,1,1,1.0,stratified_80_20
23798,0,0,0.0,stratified_80_20
23804,0,0,0.0,stratified_80_20
23805,1,1,1.0,stratified_80_20
23807,0,0,0.0,stratified_80_20
23819,0,0,0.0,stratified_80_20
23821,0,0,0.0,stratified_80_20
23829,0,0,0.0,stratified_80_20
23834,0,0,0.0,stratified_80_20
23838,0,0,0.0,stratified_80_20
23845,1,1,1.0,stratified_80_20
23849,0,0,0.0,stratified_80_20
23854,1,1,1.0,stratified_80_20
23857,0,0,0.0,stratified_80_20
23861,0,0,0.0,stratified_80_20
23865,0,0,0.0,stratified_80_20
23870,1,1,1.0,stratified_80_20
23874,0,0,0.0,stratified_80_20
23877,1,1,1.0,stratified_80_20
23879,0,0,0.0,stratified_80_20
23881,0,0,0.0,stratified_80_20
23886,0,0,0.0,stratified_80_20
23887,1,1,1.0,stratified_80_20
23889,0,0,0.0,stratified_80_20
23891,1,1,1.0,stratified_80_20
23892,1,1,1.0,stratified_80_20
23894,0,0,0.0,stratified_80_20
23896,0,0,0.0,stratified_80_20
23917,1,1,1.0,stratified_80_20
23919,0,0,0.0,stratified_80_20
23927,0,0,0.0,stratified_80_20
23930,0,0,0.0,stratified_80_20
23932,1,1,1.0,stratified_80_20
23934,0,0,0.0,stratified_80_20
23939,0,0,0.0,stratified_80_20
23942,0,0,0.0,stratified_80_20
23963,0,0,0.0,stratified_80_20
23968,0,0,0.0,stratified_80_20
23974,0,0,0.0,stratified_80_20
23978,0,0,0.0,stratified_80_20
23980,0,0,0.0,stratified_80_20
23982,1,1,1.0,stratified_80_20
23989,0,0,0.0,stratified_80_20
23999,0,0,0.0,stratified_80_20
24010,1,1,1.0,stratified_80_20
24011,1,1,1.0,stratified_80_20
24014,0,0,0.0,stratified_80_20
24016,0,0,0.0,stratified_80_20
24019,0,0,0.0,stratified_80_20
24022,0,0,0.0,stratified_80_20
24030,0,0,0.0,stratified_80_20
24032,0,0,0.0,stratified_80_20
24035,1,1,1.0,stratified_80_20
24036,0,0,0.0,stratified_80_20
24053,0,0,0.0,stratified_80_20
24063,0,0,0.0,stratified_80_20
24067,0,0,0.0,stratified_80_20
24071,0,0,0.0,stratified_80_20
24073,1,1,1.0,stratified_80_20
24080,0,0,0.0,stratified_80_20
24081,1,1,1.0,stratified_80_20
24100,1,1,1.0,stratified_80_20
24105,1,1,1.0,stratified_80_20
24114,0,0,0.0,stratified_80_20
24118,0,0,0.0,stratified_80_20
24119,0,0,0.0,stratified_80_20
24120,0,0,0.0,stratified_80_20
24134,0,0,0.0,stratified_80_20
24136,1,1,1.0,stratified_80_20
24137,1,1,1.0,stratified_80_20
24149,0,0,0.0,stratified_80_20
24154,0,0,0.0,stratified_80_20
24155,0,0,0.0,stratified_80_20
24156,1,1,1.0,stratified_80_20
24157,1,1,1.0,stratified_80_20
24159,0,0,0.0,stratified_80_20
24163,0,0,0.0,stratified_80_20
24165,1,1,1.0,stratified_80_20
24166,0,0,0.0,stratified_80_20
24174,0,0,0.0,stratified_80_20
24185,1,1,1.0,stratified_80_20
24186,1,1,1.0,stratified_80_20
24194,0,0,0.0,stratified_80_20
24195,0,0,0.0,stratified_80_20
24198,1,1,1.0,stratified_80_20
24204,0,0,0.0,stratified_80_20
24207,1,1,1.0,stratified_80_20
24215,0,0,0.0,stratified_80_20
24217,0,0,0.0,stratified_80_20
24218,0,0,0.0,stratified_80_20
24219,1,1,1.0,stratified_80_20
24222,0,0,0.0,stratified_80_20
24224,0,0,0.0,stratified_80_20
24233,0,0,0.0,stratified_80_20
24237,0,0,0.0,stratified_80_20
24238,0,0,0.0,stratified_80_20
24239,1,1,1.0,stratified_80_20
24243,0,0,0.0,stratified_80_20
24251,1,1,1.0,stratified_80_20
24252,0,0,0.0,stratified_80_20
24255,1,1,1.0,stratified_80_20
24256,0,0,0.0,stratified_80_20
24257,0,0,0.0,stratified_80_20
24259,0,0,0.0,stratified_80_20
24264,1,1,1.0,stratified_80_20
24290,0,0,0.0,stratified_80_20
24296,1,1,1.0,stratified_80_20
24300,0,0,0.0,stratified_80_20
24303,1,1,1.0,stratified_80_20
24306,0,0,0.0,stratified_80_20
24313,1,1,1.0,stratified_80_20
24314,0,0,0.0,stratified_80_20
24329,1,1,1.0,stratified_80_20
24336,0,0,0.0,stratified_80_20
24345,0,0,0.0,stratified_80_20
24350,0,0,0.0,stratified_80_20
24352,0,0,0.0,stratified_80_20
24354,1,1,1.0,stratified_80_20
24368,0,0,0.0,stratified_80_20
24369,1,1,1.0,stratified_80_20
24377,1,1,1.0,stratified_80_20
24381,0,0,0.0,stratified_80_20
24393,0,0,0.0,stratified_80_20
24403,1,1,1.0,stratified_80_20
24410,1,1,1.0,stratified_80_20
24419,0,0,0.0,stratified_80_20
24422,1,1,1.0,stratified_80_20
24439,0,0,0.0,stratified_80_20
24446,0,0,0.0,stratified_80_20
24449,0,0,0.0,stratified_80_20
24452,0,0,0.0,stratified_80_20
24460,0,0,0.0,stratified_80_20
24473,0,0,0.0,stratified_80_20
24482,0,0,0.0,stratified_80_20
24492,1,1,1.0,stratified_80_20
24495,0,0,0.0,stratified_80_20
24496,1,1,1.0,stratified_80_20
24497,1,1,1.0,stratified_80_20
24505,0,0,0.0,stratified_80_20
24511,1,1,1.0,stratified_80_20
24529,1,1,1.0,stratified_80_20
24535,1,1,1.0,stratified_80_20
24545,1,1,1.0,stratified_80_20
24556,1,1,1.0,stratified_80_20
24558,0,0,0.0,stratified_80_20
24565,0,0,0.0,stratified_80_20
24578,1,1,1.0,stratified_80_20
24588,1,1,1.0,stratified_80_20
24603,0,0,0.0,stratified_80_20
24613,0,0,0.0,stratified_80_20
24622,0,0,0.0,stratified_80_20
24625,0,0,0.0,stratified_80_20
24630,0,0,0.0,stratified_80_20
24631,1,1,1.0,stratified_80_20
24632,0,0,0.0,stratified_80_20
24636,0,0,0.0,stratified_80_20
24642,1,1,1.0,stratified_80_20
24652,0,0,0.0,stratified_80_20
24662,0,0,0.0,stratified_80_20
24668,1,1,1.0,stratified_80_20
24673,0,0,0.0,stratified_80_20
24674,0,0,0.0,stratified_80_20
24679,1,1,1.0,stratified_80_20
24683,0,0,0.0,stratified_80_20
24693,0,0,0.0,stratified_80_20
24696,0,0,0.0,stratified_80_20
24705,0,0,0.0,stratified_80_20
24713,1,1,1.0,stratified_80_20
24715,0,0,0.0,stratified_80_20
24717,1,1,1.0,stratified_80_20
24718,1,1,1.0,stratified_80_20
24719,0,0,0.0,stratified_80_20
24722,1,1,1.0,stratified_80_20
24732,0,0,0.0,stratified_80_20
24739,0,0,0.0,stratified_80_20
24741,1,1,1.0,stratified_80_20
24746,0,0,0.0,stratified_80_20
24751,0,0,0.0,stratified_80_20
24752,0,0,0.0,stratified_80_20
24758,1,1,1.0,stratified_80_20
24761,0,0,0.0,stratified_80_20
24766,0,0,0.0,stratified_80_20
24767,1,1,1.0,stratified_80_20
24769,0,0,0.0,stratified_80_20
24771,1,1,1.0,stratified_80_20
24772,0,0,0.0,stratified_80_20
24782,0,0,0.0,stratified_80_20
24785,1,1,1.0,stratified_80_20
24788,0,0,0.0,stratified_80_20
24797,0,0,0.0,stratified_80_20
24800,1,1,1.0,stratified_80_20
24801,0,0,0.0,stratified_80_20
24803,0,0,0.0,stratified_80_20
24806,1,1,1.0,stratified_80_20
24812,0,0,0.0,stratified_80_20
24813,0,0,0.0,stratified_80_20
24814,0,0,0.0,stratified_80_20
24815,1,1,1.0,stratified_80_20
24819,0,0,0.0,stratified_80_20
24824,1,1,1.0,stratified_80_20
24836,0,0,0.0,stratified_80_20
24838,0,0,0.0,stratified_80_20
24839,0,0,0.0,stratified_80_20
24842,0,0,0.0,stratified_80_20
24845,0,0,0.0,stratified_80_20
24858,0,0,0.0,stratified_80_20
24865,0,0,0.0,stratified_80_20
24875,0,0,0.0,stratified_80_20
24878,1,1,1.0,stratified_80_20
24881,0,0,0.0,stratified_80_20
24884,0,0,0.0,stratified_80_20
24888,1,1,1.0,stratified_80_20
24889,0,0,0.0,stratified_80_20
24892,0,0,0.0,stratified_80_20
24904,0,0,0.0,stratified_80_20
24908,0,0,0.0,stratified_80_20
24910,0,0,0.0,stratified_80_20
24922,1,1,1.0,stratified_80_20
24928,0,0,0.0,stratified_80_20
24929,0,0,0.0,stratified_80_20
24941,0,0,0.0,stratified_80_20
24949,0,0,0.0,stratified_80_20
24951,1,1,1.0,stratified_80_20
24952,0,0,0.0,stratified_80_20
24957,0,0,0.0,stratified_80_20
24959,1,1,1.0,stratified_80_20
24962,0,0,0.0,stratified_80_20
24966,0,0,0.0,stratified_80_20
24967,1,1,1.0,stratified_80_20
24976,0,0,0.0,stratified_80_20
24978,0,0,0.0,stratified_80_20
24985,1,1,1.0,stratified_80_20
24987,0,0,0.0,stratified_80_20
24994,0,0,0.0,stratified_80_20
24997,1,1,1.0,stratified_80_20
25000,0,0,0.0,stratified_80_20
25003,0,0,0.0,stratified_80_20
25013,0,0,0.0,stratified_80_20
25014,1,1,1.0,stratified_80_20
25015,0,0,0.0,stratified_80_20
25018,0,0,0.0,stratified_80_20
25022,0,0,0.0,stratified_80_20
25025,1,1,1.0,stratified_80_20
25026,1,1,1.0,stratified_80_20
25031,1,1,1.0,stratified_80_20
25035,1,1,1.0,stratified_80_20
25044,1,1,1.0,stratified_80_20
25045,1,1,1.0,stratified_80_20
25047,0,0,0.0,stratified_80_20
25056,1,1,1.0,stratified_80_20
25058,0,0,0.0,stratified_80_20
25084,1,1,1.0,stratified_80_20
25088,1,1,1.0,stratified_80_20
25096,0,0,0.0,stratified_80_20
25105,1,1,1.0,stratified_80_20
25106,0,0,0.0,stratified_80_20
25110,0,0,0.0,stratified_80_20
25112,0,0,0.0,stratified_80_20
25114,0,0,0.0,stratified_80_20
25120,0,0,0.0,stratified_80_20
25122,0,0,0.0,stratified_80_20
25126,1,1,1.0,stratified_80_20
25131,1,1,1.0,stratified_80_20
25138,0,0,0.0,stratified_80_20
25144,1,1,1.0,stratified_80_20
25154,0,0,0.0,stratified_80_20
25160,0,0,0.0,stratified_80_20
25161,1,1,1.0,stratified_80_20
25162,1,1,1.0,stratified_80_20
25175,0,0,0.0,stratified_80_20
25176,0,0,0.0,stratified_80_20
25195,1,1,1.0,stratified_80_20
25204,0,0,0.0,stratified_80_20
25213,1,1,1.0,stratified_80_20
25223,0,0,0.0,stratified_80_20
25226,0,0,0.0,stratified_80_20
25232,1,1,1.0,stratified_80_20
25236,0,0,0.0,stratified_80_20
25242,1,1,1.0,stratified_80_20
25244,0,0,0.0,stratified_80_20
25247,1,1,1.0,stratified_80_20
25255,0,0,0.0,stratified_80_20
25259,0,0,0.0,stratified_80_20
25261,1,1,1.0,stratified_80_20
25264,0,0,0.0,stratified_80_20
25269,1,1,1.0,stratified_80_20
25271,1,1,1.0,stratified_80_20
25272,0,0,0.0,stratified_80_20
25273,1,1,1.0,stratified_80_20
25290,0,0,0.0,stratified_80_20
25295,1,1,1.0,stratified_80_20
25296,1,1,1.0,stratified_80_20
25303,1,1,1.0,stratified_80_20
25309,1,1,1.0,stratified_80_20
25313,0,0,0.0,stratified_80_20
25315,1,1,1.0,stratified_80_20
25321,0,0,0.0,stratified_80_20
25328,0,0,0.0,stratified_80_20
25330,1,1,1.0,stratified_80_20
25342,0,0,0.0,stratified_80_20
25345,1,1,1.0,stratified_80_20
25350,1,1,1.0,stratified_80_20
25351,0,0,0.0,stratified_80_20
25353,0,0,0.0,stratified_80_20
25355,1,1,1.0,stratified_80_20
25356,1,1,1.0,stratified_80_20
25359,1,1,1.0,stratified_80_20
25361,0,0,0.0,stratified_80_20
25364,0,0,0.0,stratified_80_20
25372,1,1,1.0,stratified_80_20
25374,1,1,1.0,stratified_80_20
25375,0,0,0.0,stratified_80_20
25379,0,0,0.0,stratified_80_20
25380,1,1,1.0,stratified_80_20
25381,1,1,1.0,stratified_80_20
25391,0,0,0.0,stratified_80_20
25401,1,1,1.0,stratified_80_20
25412,0,0,0.0,stratified_80_20
25413,0,0,0.0,stratified_80_20
25416,1,1,1.0,stratified_80_20
25420,0,0,0.0,stratified_80_20
25425,1,1,1.0,stratified_80_20
25426,1,1,1.0,stratified_80_20
25427,0,0,0.0,stratified_80_20
25429,0,0,0.0,stratified_80_20
25430,0,0,0.0,stratified_80_20
25431,0,0,0.0,stratified_80_20
25432,0,0,0.0,stratified_80_20
25443,1,1,1.0,stratified_80_20
25451,1,1,1.0,stratified_80_20
25461,0,0,0.0,stratified_80_20
25472,0,0,0.0,stratified_80_20
25474,1,1,1.0,stratified_80_20
25477,1,1,1.0,stratified_80_20
25479,1,1,1.0,stratified_80_20
25482,0,0,0.0,stratified_80_20
25483,0,0,0.0,stratified_80_20
25485,0,0,0.0,stratified_80_20
25492,1,1,1.0,stratified_80_20
25494,1,1,1.0,stratified_80_20
25505,0,0,0.0,stratified_80_20
25507,1,1,1.0,stratified_80_20
25511,1,1,1.0,stratified_80_20
25514,1,1,1.0,stratified_80_20
25521,0,0,0.0,stratified_80_20
25526,0,0,0.0,stratified_80_20
25529,0,0,0.0,stratified_80_20
25530,0,0,0.0,stratified_80_20
25534,0,0,0.0,stratified_80_20
25549,1,1,1.0,stratified_80_20
25550,0,0,0.0,stratified_80_20
25552,0,0,0.0,stratified_80_20
25555,0,0,0.0,stratified_80_20
25559,0,0,0.0,stratified_80_20
25568,1,1,1.0,stratified_80_20
25571,0,0,0.0,stratified_80_20
25576,1,1,1.0,stratified_80_20
25577,0,0,0.0,stratified_80_20
25580,0,0,0.0,stratified_80_20
25583,0,0,0.0,stratified_80_20
25586,0,0,0.0,stratified_80_20
25593,0,0,0.0,stratified_80_20
25596,0,0,0.0,stratified_80_20
25600,0,0,0.0,stratified_80_20
25603,0,0,0.0,stratified_80_20
25607,0,0,0.0,stratified_80_20
25621,0,0,0.0,stratified_80_20
25624,1,1,1.0,stratified_80_20
25630,1,1,1.0,stratified_80_20
25631,0,0,0.0,stratified_80_20
25638,0,0,0.0,stratified_80_20
25639,1,1,1.0,stratified_80_20
25640,0,0,0.0,stratified_80_20
25645,0,0,0.0,stratified_80_20
25652,0,0,0.0,stratified_80_20
25667,0,0,0.0,stratified_80_20
25668,0,0,0.0,stratified_80_20
25670,0,0,0.0,stratified_80_20
25671,0,0,0.0,stratified_80_20
25673,0,0,0.0,stratified_80_20
25675,1,1,1.0,stratified_80_20
25678,0,0,0.0,stratified_80_20
25680,0,0,0.0,stratified_80_20
25682,0,0,0.0,stratified_80_20
25683,1,1,1.0,stratified_80_20
25689,0,0,0.0,stratified_80_20
25695,0,0,0.0,stratified_80_20
25698,1,1,1.0,stratified_80_20
25708,0,0,0.0,stratified_80_20
25713,1,1,1.0,stratified_80_20
25715,1,1,1.0,stratified_80_20
25718,0,0,0.0,stratified_80_20
25722,0,0,0.0,stratified_80_20
25725,0,0,0.0,stratified_80_20
25726,1,1,1.0,stratified_80_20
25739,1,1,1.0,stratified_80_20
25741,0,0,0.0,stratified_80_20
25759,0,0,0.0,stratified_80_20
25760,0,0,0.0,stratified_80_20
25761,1,1,1.0,stratified_80_20
25770,1,1,1.0,stratified_80_20
25772,0,0,0.0,stratified_80_20
25779,0,0,0.0,stratified_80_20
25780,0,0,0.0,stratified_80_20
25791,1,1,1.0,stratified_80_20
25793,1,1,1.0,stratified_80_20
25797,0,0,0.0,stratified_80_20
25804,0,0,0.0,stratified_80_20
25812,0,0,0.0,stratified_80_20
25818,0,0,0.0,stratified_80_20
25820,0,0,0.0,stratified_80_20
25824,1,1,1.0,stratified_80_20
25826,1,1,1.0,stratified_80_20
25830,1,1,1.0,stratified_80_20
25836,1,1,1.0,stratified_80_20
25840,1,1,1.0,stratified_80_20
25841,0,0,0.0,stratified_80_20
25846,1,1,1.0,stratified_80_20
25862,1,1,1.0,stratified_80_20
25867,1,1,1.0,stratified_80_20
25868,1,1,1.0,stratified_80_20
25873,0,0,0.0,stratified_80_20
25879,0,0,0.0,stratified_80_20
25885,1,1,1.0,stratified_80_20
25892,0,0,0.0,stratified_80_20
25894,0,0,0.0,stratified_80_20
25904,0,0,0.0,stratified_80_20
25905,0,0,0.0,stratified_80_20
25913,1,1,1.0,stratified_80_20
25916,1,1,1.0,stratified_80_20
25918,1,1,1.0,stratified_80_20
25919,1,1,1.0,stratified_80_20
25920,1,1,1.0,stratified_80_20
25930,0,0,0.0,stratified_80_20
25931,1,1,1.0,stratified_80_20
25933,0,0,0.0,stratified_80_20
25935,0,0,0.0,stratified_80_20
25937,1,1,1.0,stratified_80_20
25939,1,1,1.0,stratified_80_20
25942,0,0,0.0,stratified_80_20
25944,1,1,1.0,stratified_80_20
25945,1,1,1.0,stratified_80_20
25971,0,0,0.0,stratified_80_20
25972,0,0,0.0,stratified_80_20
25974,1,1,1.0,stratified_80_20
25975,1,1,1.0,stratified_80_20
25986,0,0,0.0,stratified_80_20
25987,0,0,0.0,stratified_80_20
25988,1,1,1.0,stratified_80_20
25996,0,0,0.0,stratified_80_20
26000,1,1,1.0,stratified_80_20
26002,0,0,0.0,stratified_80_20
26003,0,0,0.0,stratified_80_20
26007,1,1,1.0,stratified_80_20
26021,0,0,0.0,stratified_80_20
26023,0,0,0.0,stratified_80_20
26026,0,0,0.0,stratified_80_20
26037,1,1,1.0,stratified_80_20
26038,0,0,0.0,stratified_80_20
26058,0,0,0.0,stratified_80_20
26059,0,0,0.0,stratified_80_20
26062,0,0,0.0,stratified_80_20
26065,0,0,0.0,stratified_80_20
26068,0,0,0.0,stratified_80_20
26074,0,0,0.0,stratified_80_20
26075,1,1,1.0,stratified_80_20
26080,0,0,0.0,stratified_80_20
26085,1,1,1.0,stratified_80_20
26086,0,0,0.0,stratified_80_20
26088,0,0,0.0,stratified_80_20
26114,0,0,0.0,stratified_80_20
26116,0,0,0.0,stratified_80_20
26120,0,0,0.0,stratified_80_20
26131,1,1,1.0,stratified_80_20
26132,1,1,1.0,stratified_80_20
26135,0,0,0.0,stratified_80_20
26136,0,0,0.0,stratified_80_20
26140,0,0,0.0,stratified_80_20
26143,0,0,0.0,stratified_80_20
26144,1,1,1.0,stratified_80_20
26153,1,1,1.0,stratified_80_20
26154,1,1,1.0,stratified_80_20
26155,0,0,0.0,stratified_80_20
26163,0,0,0.0,stratified_80_20
26166,0,0,0.0,stratified_80_20
26173,1,1,1.0,stratified_80_20
26183,0,0,0.0,stratified_80_20
26185,0,0,0.0,stratified_80_20
26188,0,0,0.0,stratified_80_20
26189,0,0,0.0,stratified_80_20
26191,1,1,1.0,stratified_80_20
26195,0,0,0.0,stratified_80_20
26207,0,0,0.0,stratified_80_20
26213,0,0,0.0,stratified_80_20
26216,1,1,1.0,stratified_80_20
26227,0,0,0.0,stratified_80_20
26228,0,0,0.0,stratified_80_20
26233,0,0,0.0,stratified_80_20
26240,0,0,0.0,stratified_80_20
26245,1,1,1.0,stratified_80_20
26246,0,0,0.0,stratified_80_20
26247,0,0,0.0,stratified_80_20
26249,1,1,1.0,stratified_80_20
26255,1,1,1.0,stratified_80_20
26257,0,0,0.0,stratified_80_20
26267,1,1,1.0,stratified_80_20
26276,0,0,0.0,stratified_80_20
26278,0,0,0.0,stratified_80_20
26280,0,0,0.0,stratified_80_20
26282,1,1,1.0,stratified_80_20
26285,1,1,1.0,stratified_80_20
26287,0,0,0.0,stratified_80_20
26290,1,1,1.0,stratified_80_20
26296,0,0,0.0,stratified_80_20
26299,0,0,0.0,stratified_80_20
26301,0,0,0.0,stratified_80_20
26311,1,1,1.0,stratified_80_20
26313,0,0,0.0,stratified_80_20
26317,0,0,0.0,stratified_80_20
26322,1,1,1.0,stratified_80_20
26326,0,0,0.0,stratified_80_20
26327,1,1,1.0,stratified_80_20
26336,1,1,1.0,stratified_80_20
26349,0,0,0.0,stratified_80_20
26354,0,0,0.0,stratified_80_20
26360,1,1,1.0,stratified_80_20
26368,0,0,0.0,stratified_80_20
26369,0,0,0.0,stratified_80_20
26377,0,0,0.0,stratified_80_20
26388,0,0,0.0,stratified_80_20
26402,0,0,0.0,stratified_80_20
26409,0,0,0.0,stratified_80_20
26413,0,0,0.0,stratified_80_20
26416,1,1,1.0,stratified_80_20
26423,0,0,0.0,stratified_80_20
26424,0,0,0.0,stratified_80_20
26429,0,0,0.0,stratified_80_20
26433,0,0,0.0,stratified_80_20
26434,1,1,1.0,stratified_80_20
26436,0,0,0.0,stratified_80_20
26441,0,0,0.0,stratified_80_20
26452,0,0,0.0,stratified_80_20
26455,1,1,1.0,stratified_80_20
26466,0,0,0.0,stratified_80_20
26468,1,1,1.0,stratified_80_20
26474,0,0,0.0,stratified_80_20
26475,1,1,1.0,stratified_80_20
26477,0,0,0.0,stratified_80_20
26485,0,0,0.0,stratified_80_20
26486,0,0,0.0,stratified_80_20
26491,1,1,1.0,stratified_80_20
26493,0,0,0.0,stratified_80_20
26498,0,0,0.0,stratified_80_20
26502,1,1,1.0,stratified_80_20
26510,0,0,0.0,stratified_80_20
26511,0,0,0.0,stratified_80_20
26512,0,0,0.0,stratified_80_20
26513,0,0,0.0,stratified_80_20
26532,0,0,0.0,stratified_80_20
26536,0,0,0.0,stratified_80_20
26538,0,0,0.0,stratified_80_20
26547,1,1,1.0,stratified_80_20
26562,0,0,0.0,stratified_80_20
26568,1,1,1.0,stratified_80_20
26572,0,0,0.0,stratified_80_20
26577,1,1,1.0,stratified_80_20
26597,0,0,0.0,stratified_80_20
26603,1,1,1.0,stratified_80_20
26607,1,1,1.0,stratified_80_20
26609,0,0,0.0,stratified_80_20
26616,1,1,1.0,stratified_80_20
26619,0,0,0.0,stratified_80_20
26624,0,0,0.0,stratified_80_20
26627,0,0,0.0,stratified_80_20
26629,0,0,0.0,stratified_80_20
26630,0,0,0.0,stratified_80_20
26636,0,0,0.0,stratified_80_20
26639,0,0,0.0,stratified_80_20
26641,0,0,0.0,stratified_80_20
26653,1,1,1.0,stratified_80_20
26654,1,1,1.0,stratified_80_20
26668,0,0,0.0,stratified_80_20
26670,1,1,1.0,stratified_80_20
26672,1,1,1.0,stratified_80_20
26688,1,1,1.0,stratified_80_20
26704,0,0,0.0,stratified_80_20
26705,1,1,1.0,stratified_80_20
26709,1,1,1.0,stratified_80_20
26711,1,1,1.0,stratified_80_20
26714,0,0,0.0,stratified_80_20
26719,0,0,0.0,stratified_80_20
26720,0,0,0.0,stratified_80_20
26722,0,0,0.0,stratified_80_20
26725,0,0,0.0,stratified_80_20
26726,0,0,0.0,stratified_80_20
26727,1,1,1.0,stratified_80_20
26734,0,0,0.0,stratified_80_20
26741,0,0,0.0,stratified_80_20
26746,0,0,0.0,stratified_80_20
26751,1,1,1.0,stratified_80_20
26757,0,0,0.0,stratified_80_20
26764,1,1,1.0,stratified_80_20
26768,0,0,0.0,stratified_80_20
26770,0,0,0.0,stratified_80_20
26776,1,1,1.0,stratified_80_20
26779,0,0,0.0,stratified_80_20
26788,1,1,1.0,stratified_80_20
26789,0,0,0.0,stratified_80_20
26791,0,0,0.0,stratified_80_20
26796,0,0,0.0,stratified_80_20
26811,0,0,0.0,stratified_80_20
26820,0,0,0.0,stratified_80_20
26827,0,0,0.0,stratified_80_20
26832,1,1,1.0,stratified_80_20
26838,0,0,0.0,stratified_80_20
26841,0,0,0.0,stratified_80_20
26843,0,0,0.0,stratified_80_20
26855,0,0,0.0,stratified_80_20
26859,0,0,0.0,stratified_80_20
26863,0,0,0.0,stratified_80_20
26871,1,1,1.0,stratified_80_20
26881,0,0,0.0,stratified_80_20
26885,1,1,1.0,stratified_80_20
26887,0,0,0.0,stratified_80_20
26888,0,0,0.0,stratified_80_20
26892,0,0,0.0,stratified_80_20
26895,0,0,0.0,stratified_80_20
26900,0,0,0.0,stratified_80_20
26905,0,0,0.0,stratified_80_20
26908,0,0,0.0,stratified_80_20
26912,0,0,0.0,stratified_80_20
26917,1,1,1.0,stratified_80_20
26918,0,0,0.0,stratified_80_20
26926,1,1,1.0,stratified_80_20
26927,0,0,0.0,stratified_80_20
26932,1,1,1.0,stratified_80_20
26938,0,0,0.0,stratified_80_20
26945,1,1,1.0,stratified_80_20
26947,0,0,0.0,stratified_80_20
26948,0,0,0.0,stratified_80_20
26949,0,0,0.0,stratified_80_20
26953,0,0,0.0,stratified_80_20
26964,0,0,0.0,stratified_80_20
26966,0,0,0.0,stratified_80_20
26969,0,0,0.0,stratified_80_20
26972,1,1,1.0,stratified_80_20
26979,0,0,0.0,stratified_80_20
26980,0,0,0.0,stratified_80_20
26981,0,0,0.0,stratified_80_20
26982,0,0,0.0,stratified_80_20
26985,1,1,1.0,stratified_80_20
26987,0,0,0.0,stratified_80_20
26988,0,0,0.0,stratified_80_20
26994,1,1,1.0,stratified_80_20
26999,1,1,1.0,stratified_80_20
27003,0,0,0.0,stratified_80_20
27011,0,0,0.0,stratified_80_20
27017,0,0,0.0,stratified_80_20
27019,1,1,1.0,stratified_80_20
27021,1,1,1.0,stratified_80_20
27022,0,0,0.0,stratified_80_20
27024,1,1,1.0,stratified_80_20
27026,0,0,0.0,stratified_80_20
27027,1,1,1.0,stratified_80_20
27028,0,0,0.0,stratified_80_20
27029,0,0,0.0,stratified_80_20
27034,0,0,0.0,stratified_80_20
27037,0,0,0.0,stratified_80_20
27038,1,1,1.0,stratified_80_20
27040,0,0,0.0,stratified_80_20
27042,1,1,1.0,stratified_80_20
27045,1,1,1.0,stratified_80_20
27055,0,0,0.0,stratified_80_20
27064,0,0,0.0,stratified_80_20
27065,0,0,0.0,stratified_80_20
27072,0,0,0.0,stratified_80_20
27073,1,1,1.0,stratified_80_20
27086,0,0,0.0,stratified_80_20
27090,0,0,0.0,stratified_80_20
27097,0,0,0.0,stratified_80_20
27099,0,0,0.0,stratified_80_20
27107,0,0,0.0,stratified_80_20
27112,1,1,1.0,stratified_80_20
27116,1,1,1.0,stratified_80_20
27119,0,0,0.0,stratified_80_20
27125,1,1,1.0,stratified_80_20
27130,1,1,1.0,stratified_80_20
27138,1,1,1.0,stratified_80_20
27140,0,0,0.0,stratified_80_20
27145,1,1,1.0,stratified_80_20
27146,1,1,1.0,stratified_80_20
27155,0,0,0.0,stratified_80_20
27161,1,1,1.0,stratified_80_20
27167,1,1,1.0,stratified_80_20
27169,0,0,0.0,stratified_80_20
27172,0,0,0.0,stratified_80_20
27175,0,0,0.0,stratified_80_20
27181,0,0,0.0,stratified_80_20
27192,1,1,1.0,stratified_80_20
27194,0,0,0.0,stratified_80_20
27204,0,0,0.0,stratified_80_20
27206,1,1,1.0,stratified_80_20
27208,0,0,0.0,stratified_80_20
27209,1,1,1.0,stratified_80_20
27210,0,0,0.0,stratified_80_20
27214,1,1,1.0,stratified_80_20
27224,0,0,0.0,stratified_80_20
27237,1,1,1.0,stratified_80_20
27241,0,0,0.0,stratified_80_20
27245,1,1,1.0,stratified_80_20
27248,1,1,1.0,stratified_80_20
27258,1,1,1.0,stratified_80_20
27260,0,0,0.0,stratified_80_20
27262,0,0,0.0,stratified_80_20
27265,0,0,0.0,stratified_80_20
27267,1,1,1.0,stratified_80_20
27272,1,1,1.0,stratified_80_20
27277,0,0,0.0,stratified_80_20
27281,0,0,0.0,stratified_80_20
27292,0,0,0.0,stratified_80_20
27297,1,1,1.0,stratified_80_20
27304,0,0,0.0,stratified_80_20
27305,0,0,0.0,stratified_80_20
27306,0,0,0.0,stratified_80_20
27311,1,1,1.0,stratified_80_20
27312,0,0,0.0,stratified_80_20
27314,0,0,0.0,stratified_80_20
27322,0,0,0.0,stratified_80_20
27323,0,0,0.0,stratified_80_20
27331,0,0,0.0,stratified_80_20
27333,0,0,0.0,stratified_80_20
27353,0,0,0.0,stratified_80_20
27361,1,1,1.0,stratified_80_20
27362,1,1,1.0,stratified_80_20
27367,0,0,0.0,stratified_80_20
27368,0,0,0.0,stratified_80_20
27375,1,1,1.0,stratified_80_20
27381,0,0,0.0,stratified_80_20
27388,0,0,0.0,stratified_80_20
27394,1,1,1.0,stratified_80_20
27399,0,0,0.0,stratified_80_20
27403,0,0,0.0,stratified_80_20
27407,0,0,0.0,stratified_80_20
27418,0,0,0.0,stratified_80_20
27425,1,1,1.0,stratified_80_20
27427,0,0,0.0,stratified_80_20
27434,0,0,0.0,stratified_80_20
27436,0,0,0.0,stratified_80_20
27441,0,0,0.0,stratified_80_20
27442,1,1,1.0,stratified_80_20
27452,0,0,0.0,stratified_80_20
27458,1,1,1.0,stratified_80_20
27463,0,0,0.0,stratified_80_20
27476,1,1,1.0,stratified_80_20
27477,1,1,1.0,stratified_80_20
27480,0,0,0.0,stratified_80_20
27486,0,0,0.0,stratified_80_20
27492,0,0,0.0,stratified_80_20
27499,0,0,0.0,stratified_80_20
27501,0,0,0.0,stratified_80_20
27516,0,0,0.0,stratified_80_20
27517,0,0,0.0,stratified_80_20
27518,0,0,0.0,stratified_80_20
27523,1,1,1.0,stratified_80_20
27530,0,0,0.0,stratified_80_20
27540,0,0,0.0,stratified_80_20
27546,0,0,0.0,stratified_80_20
27552,0,0,0.0,stratified_80_20
27555,1,1,1.0,stratified_80_20
27558,0,0,0.0,stratified_80_20
27561,1,1,1.0,stratified_80_20
27567,0,0,0.0,stratified_80_20
27571,1,1,1.0,stratified_80_20
27585,1,1,1.0,stratified_80_20
27589,0,0,0.0,stratified_80_20
27591,0,0,0.0,stratified_80_20
27593,1,1,1.0,stratified_80_20
27596,1,1,1.0,stratified_80_20
27600,1,1,1.0,stratified_80_20
27605,1,1,1.0,stratified_80_20
27607,1,1,1.0,stratified_80_20
27609,0,0,0.0,stratified_80_20
27612,0,0,0.0,stratified_80_20
27613,0,0,0.0,stratified_80_20
27624,0,0,0.0,stratified_80_20
27633,1,1,1.0,stratified_80_20
27639,1,1,1.0,stratified_80_20
27641,0,0,0.0,stratified_80_20
27643,1,1,1.0,stratified_80_20
27644,0,0,0.0,stratified_80_20
27650,0,0,0.0,stratified_80_20
27653,0,0,0.0,stratified_80_20
27657,0,0,0.0,stratified_80_20
27660,0,0,0.0,stratified_80_20
27663,0,0,0.0,stratified_80_20
27664,1,1,1.0,stratified_80_20
27671,0,0,0.0,stratified_80_20
27681,0,0,0.0,stratified_80_20
27682,1,1,1.0,stratified_80_20
27694,0,0,0.0,stratified_80_20
27696,0,0,0.0,stratified_80_20
27704,0,0,0.0,stratified_80_20
27707,0,0,0.0,stratified_80_20
27713,0,0,0.0,stratified_80_20
27728,1,1,1.0,stratified_80_20
27731,0,0,0.0,stratified_80_20
27733,0,0,0.0,stratified_80_20
27734,0,0,0.0,stratified_80_20
27748,0,0,0.0,stratified_80_20
27750,0,0,0.0,stratified_80_20
27751,1,1,1.0,stratified_80_20
27752,1,1,1.0,stratified_80_20
27754,0,0,0.0,stratified_80_20
27757,0,0,0.0,stratified_80_20
27759,0,0,0.0,stratified_80_20
27761,0,0,0.0,stratified_80_20
27765,0,0,0.0,stratified_80_20
27768,0,0,0.0,stratified_80_20
27770,0,0,0.0,stratified_80_20
27771,0,0,0.0,stratified_80_20
27773,0,0,0.0,stratified_80_20
27774,0,0,0.0,stratified_80_20
27781,1,1,1.0,stratified_80_20
27782,0,0,0.0,stratified_80_20
27783,1,1,1.0,stratified_80_20
27784,0,0,0.0,stratified_80_20
27785,0,0,0.0,stratified_80_20
27790,0,0,0.0,stratified_80_20
27792,1,1,1.0,stratified_80_20
27796,0,0,0.0,stratified_80_20
27811,0,0,0.0,stratified_80_20
27817,1,1,1.0,stratified_80_20
27822,1,1,1.0,stratified_80_20
27824,0,0,0.0,stratified_80_20
27829,0,0,0.0,stratified_80_20
27831,1,1,1.0,stratified_80_20
27833,0,0,0.0,stratified_80_20
27836,1,1,1.0,stratified_80_20
27838,0,0,0.0,stratified_80_20
27839,0,0,0.0,stratified_80_20
27849,0,0,0.0,stratified_80_20
27851,0,0,0.0,stratified_80_20
27852,0,0,0.0,stratified_80_20
27858,0,0,0.0,stratified_80_20
27876,1,1,1.0,stratified_80_20
27882,0,0,0.0,stratified_80_20
27889,0,0,0.0,stratified_80_20
27903,0,0,0.0,stratified_80_20
27905,1,1,1.0,stratified_80_20
27907,0,0,0.0,stratified_80_20
27912,0,0,0.0,stratified_80_20
27916,0,0,0.0,stratified_80_20
27922,0,0,0.0,stratified_80_20
27923,0,0,0.0,stratified_80_20
27931,0,0,0.0,stratified_80_20
27937,0,0,0.0,stratified_80_20
27944,0,0,0.0,stratified_80_20
27953,1,1,1.0,stratified_80_20
27954,0,0,0.0,stratified_80_20
27955,0,0,0.0,stratified_80_20
27965,0,0,0.0,stratified_80_20
27976,0,0,0.0,stratified_80_20
27980,1,1,1.0,stratified_80_20
27981,1,1,1.0,stratified_80_20
27986,0,0,0.0,stratified_80_20
27990,0,0,0.0,stratified_80_20
27993,0,0,0.0,stratified_80_20
27998,0,0,0.0,stratified_80_20
28006,0,0,0.0,stratified_80_20
28007,1,1,1.0,stratified_80_20
28011,1,1,1.0,stratified_80_20
28012,1,1,1.0,stratified_80_20
28020,0,0,0.0,stratified_80_20
28025,1,1,1.0,stratified_80_20
28030,1,1,1.0,stratified_80_20
28038,0,0,0.0,stratified_80_20
28043,0,0,0.0,stratified_80_20
28052,0,0,0.0,stratified_80_20
28056,1,1,1.0,stratified_80_20
28057,0,0,0.0,stratified_80_20
28058,1,1,1.0,stratified_80_20
28059,1,1,1.0,stratified_80_20
28061,0,0,0.0,stratified_80_20
28063,0,0,0.0,stratified_80_20
28064,0,0,0.0,stratified_80_20
28066,0,0,0.0,stratified_80_20
28068,0,0,0.0,stratified_80_20
28070,0,0,0.0,stratified_80_20
28075,0,0,0.0,stratified_80_20
28076,0,0,0.0,stratified_80_20
28084,1,1,1.0,stratified_80_20
28090,0,0,0.0,stratified_80_20
28099,0,0,0.0,stratified_80_20
28112,0,0,0.0,stratified_80_20
28114,0,0,0.0,stratified_80_20
28119,1,1,1.0,stratified_80_20
28124,0,0,0.0,stratified_80_20
28139,1,1,1.0,stratified_80_20
28140,1,1,1.0,stratified_80_20
28143,0,0,0.0,stratified_80_20
28149,0,0,0.0,stratified_80_20
28154,0,0,0.0,stratified_80_20
28155,0,0,0.0,stratified_80_20
28159,1,1,1.0,stratified_80_20
28171,0,0,0.0,stratified_80_20
28178,0,0,0.0,stratified_80_20
28185,0,0,0.0,stratified_80_20
28201,1,1,1.0,stratified_80_20
28205,0,0,0.0,stratified_80_20
28207,0,0,0.0,stratified_80_20
28210,0,0,0.0,stratified_80_20
28212,0,0,0.0,stratified_80_20
28226,1,1,1.0,stratified_80_20
28230,1,1,1.0,stratified_80_20
28232,0,0,0.0,stratified_80_20
28237,0,0,0.0,stratified_80_20
28241,0,0,0.0,stratified_80_20
28242,0,0,0.0,stratified_80_20
28245,0,0,0.0,stratified_80_20
28250,0,0,0.0,stratified_80_20
28252,1,1,1.0,stratified_80_20
28256,0,0,0.0,stratified_80_20
28261,0,0,0.0,stratified_80_20
28264,0,0,0.0,stratified_80_20
28267,0,0,0.0,stratified_80_20
28271,0,0,0.0,stratified_80_20
28275,0,0,0.0,stratified_80_20
28276,0,0,0.0,stratified_80_20
28277,1,1,1.0,stratified_80_20
28279,0,0,0.0,stratified_80_20
28280,0,0,0.0,stratified_80_20
28281,0,0,0.0,stratified_80_20
28290,1,1,1.0,stratified_80_20
28291,0,0,0.0,stratified_80_20
28293,1,1,1.0,stratified_80_20
28299,0,0,0.0,stratified_80_20
28309,0,0,0.0,stratified_80_20
28315,0,0,0.0,stratified_80_20
28316,0,0,0.0,stratified_80_20
28326,1,1,1.0,stratified_80_20
28328,0,0,0.0,stratified_80_20
28335,1,1,1.0,stratified_80_20
28358,0,0,0.0,stratified_80_20
28360,1,1,1.0,stratified_80_20
28362,1,1,1.0,stratified_80_20
28364,0,0,0.0,stratified_80_20
28373,1,1,1.0,stratified_80_20
28376,0,0,0.0,stratified_80_20
28378,1,1,1.0,stratified_80_20
28383,0,0,0.0,stratified_80_20
28384,0,0,0.0,stratified_80_20
28389,0,0,0.0,stratified_80_20
28391,0,0,0.0,stratified_80_20
28393,0,0,0.0,stratified_80_20
28396,1,1,1.0,stratified_80_20
28398,0,0,0.0,stratified_80_20
28399,1,1,1.0,stratified_80_20
28400,1,1,1.0,stratified_80_20
28406,0,0,0.0,stratified_80_20
28410,0,0,0.0,stratified_80_20
28413,0,0,0.0,stratified_80_20
28414,0,0,0.0,stratified_80_20
28416,0,0,0.0,stratified_80_20
28418,0,0,0.0,stratified_80_20
28425,1,1,1.0,stratified_80_20
28426,0,0,0.0,stratified_80_20
28427,0,0,0.0,stratified_80_20
28432,0,0,0.0,stratified_80_20
28438,0,0,0.0,stratified_80_20
28448,0,0,0.0,stratified_80_20
28464,0,0,0.0,stratified_80_20
28472,0,0,0.0,stratified_80_20
28485,1,1,1.0,stratified_80_20
28487,0,0,0.0,stratified_80_20
28495,0,0,0.0,stratified_80_20
28496,0,0,0.0,stratified_80_20
28505,1,1,1.0,stratified_80_20
28514,0,0,0.0,stratified_80_20
28519,1,1,1.0,stratified_80_20
28520,0,0,0.0,stratified_80_20
28524,1,1,1.0,stratified_80_20
28525,0,0,0.0,stratified_80_20
28528,0,0,0.0,stratified_80_20
28540,0,0,0.0,stratified_80_20
28547,0,0,0.0,stratified_80_20
28554,1,1,1.0,stratified_80_20
28555,0,0,0.0,stratified_80_20
28559,0,0,0.0,stratified_80_20
28564,0,0,0.0,stratified_80_20
28565,1,1,1.0,stratified_80_20
28569,0,0,0.0,stratified_80_20
28572,0,0,0.0,stratified_80_20
28578,0,0,0.0,stratified_80_20
28579,0,0,0.0,stratified_80_20
28596,0,0,0.0,stratified_80_20
28600,0,0,0.0,stratified_80_20
28603,1,1,1.0,stratified_80_20
28605,1,1,1.0,stratified_80_20
28615,0,0,0.0,stratified_80_20
28619,0,0,0.0,stratified_80_20
28623,1,1,1.0,stratified_80_20
28627,0,0,0.0,stratified_80_20
28634,0,0,0.0,stratified_80_20
28635,0,0,0.0,stratified_80_20
28636,0,0,0.0,stratified_80_20
28650,1,1,1.0,stratified_80_20
28659,1,1,1.0,stratified_80_20
28665,0,0,0.0,stratified_80_20
28666,1,1,1.0,stratified_80_20
28668,0,0,0.0,stratified_80_20
28669,0,0,0.0,stratified_80_20
28672,0,0,0.0,stratified_80_20
28673,0,0,0.0,stratified_80_20
28674,0,0,0.0,stratified_80_20
28677,0,0,0.0,stratified_80_20
28683,1,1,1.0,stratified_80_20
28686,0,0,0.0,stratified_80_20
28692,1,1,1.0,stratified_80_20
28697,0,0,0.0,stratified_80_20
28700,0,0,0.0,stratified_80_20
28708,1,1,1.0,stratified_80_20
28709,0,0,0.0,stratified_80_20
28712,0,0,0.0,stratified_80_20
28719,0,0,0.0,stratified_80_20
28723,0,0,0.0,stratified_80_20
28733,0,0,0.0,stratified_80_20
28734,0,0,0.0,stratified_80_20
28736,0,0,0.0,stratified_80_20
28737,0,0,0.0,stratified_80_20
28745,0,0,0.0,stratified_80_20
28748,0,0,0.0,stratified_80_20
28752,0,0,0.0,stratified_80_20
28760,0,0,0.0,stratified_80_20
28762,0,0,0.0,stratified_80_20
28767,0,0,0.0,stratified_80_20
28770,0,0,0.0,stratified_80_20
28787,0,0,0.0,stratified_80_20
28789,0,0,0.0,stratified_80_20
28792,0,0,0.0,stratified_80_20
28801,0,0,0.0,stratified_80_20
28803,0,0,0.0,stratified_80_20
28804,0,0,0.0,stratified_80_20
28807,1,1,1.0,stratified_80_20
28808,0,0,0.0,stratified_80_20
28810,0,0,0.0,stratified_80_20
28811,0,0,0.0,stratified_80_20
28817,1,1,1.0,stratified_80_20
28824,1,1,1.0,stratified_80_20
28826,0,0,0.0,stratified_80_20
28827,1,1,1.0,stratified_80_20
28832,0,0,0.0,stratified_80_20
28834,0,0,0.0,stratified_80_20
28837,0,0,0.0,stratified_80_20
28839,1,1,1.0,stratified_80_20
28841,0,0,0.0,stratified_80_20
28845,0,0,0.0,stratified_80_20
28847,0,0,0.0,stratified_80_20
28848,0,0,0.0,stratified_80_20
28851,0,0,0.0,stratified_80_20
28854,0,0,0.0,stratified_80_20
28858,0,0,0.0,stratified_80_20
28861,1,1,1.0,stratified_80_20
28862,0,0,0.0,stratified_80_20
28865,0,0,0.0,stratified_80_20
28867,1,1,1.0,stratified_80_20
28876,1,1,1.0,stratified_80_20
28880,0,0,0.0,stratified_80_20
28892,1,1,1.0,stratified_80_20
28896,0,0,0.0,stratified_80_20
28897,0,0,0.0,stratified_80_20
28901,0,0,0.0,stratified_80_20
28902,1,1,1.0,stratified_80_20
28904,1,1,1.0,stratified_80_20
28914,0,0,0.0,stratified_80_20
28922,1,1,1.0,stratified_80_20
28927,0,0,0.0,stratified_80_20
28928,0,0,0.0,stratified_80_20
28929,0,0,0.0,stratified_80_20
28942,1,1,1.0,stratified_80_20
28955,0,0,0.0,stratified_80_20
28963,0,0,0.0,stratified_80_20
28974,1,1,1.0,stratified_80_20
28992,0,0,0.0,stratified_80_20
28997,0,0,0.0,stratified_80_20
29008,0,0,0.0,stratified_80_20
29010,0,0,0.0,stratified_80_20
29013,1,1,1.0,stratified_80_20
29017,0,0,0.0,stratified_80_20
29020,0,0,0.0,stratified_80_20
29022,1,1,1.0,stratified_80_20
29023,0,0,0.0,stratified_80_20
29024,1,1,1.0,stratified_80_20
29026,0,0,0.0,stratified_80_20
29032,1,1,1.0,stratified_80_20
29043,0,0,0.0,stratified_80_20
29045,1,1,1.0,stratified_80_20
29053,0,0,0.0,stratified_80_20
29056,0,0,0.0,stratified_80_20
29064,0,0,0.0,stratified_80_20
29065,1,1,1.0,stratified_80_20
29072,0,0,0.0,stratified_80_20
29074,1,1,1.0,stratified_80_20
29078,1,1,1.0,stratified_80_20
29079,0,0,0.0,stratified_80_20
29084,0,0,0.0,stratified_80_20
29087,0,0,0.0,stratified_80_20
29096,0,0,0.0,stratified_80_20
29099,0,0,0.0,stratified_80_20
29101,0,0,0.0,stratified_80_20
29103,0,0,0.0,stratified_80_20
29110,0,0,0.0,stratified_80_20
29112,0,0,0.0,stratified_80_20
29113,1,1,1.0,stratified_80_20
29116,1,1,1.0,stratified_80_20
29117,1,1,1.0,stratified_80_20
29126,1,1,1.0,stratified_80_20
29129,0,0,0.0,stratified_80_20
29134,1,1,1.0,stratified_80_20
29138,0,0,0.0,stratified_80_20
29140,0,0,0.0,stratified_80_20
29141,0,0,0.0,stratified_80_20
29143,0,0,0.0,stratified_80_20
29144,1,1,1.0,stratified_80_20
29150,0,0,0.0,stratified_80_20
29157,1,1,1.0,stratified_80_20
29159,0,0,0.0,stratified_80_20
29162,0,0,0.0,stratified_80_20
29168,0,0,0.0,stratified_80_20
29176,0,0,0.0,stratified_80_20
29182,0,0,0.0,stratified_80_20
29183,0,0,0.0,stratified_80_20
29184,1,1,1.0,stratified_80_20
29185,0,0,0.0,stratified_80_20
29186,0,0,0.0,stratified_80_20
29193,0,0,0.0,stratified_80_20
29196,0,0,0.0,stratified_80_20
29201,0,0,0.0,stratified_80_20
29208,0,0,0.0,stratified_80_20
29217,1,1,1.0,stratified_80_20
29220,0,0,0.0,stratified_80_20
29228,0,0,0.0,stratified_80_20
29229,0,0,0.0,stratified_80_20
29232,0,0,0.0,stratified_80_20
29233,0,0,0.0,stratified_80_20
29234,0,0,0.0,stratified_80_20
29244,0,0,0.0,stratified_80_20
29245,0,0,0.0,stratified_80_20
29247,0,0,0.0,stratified_80_20
29250,0,0,0.0,stratified_80_20
29254,0,0,0.0,stratified_80_20
29255,0,0,0.0,stratified_80_20
29259,0,0,0.0,stratified_80_20
29263,1,1,1.0,stratified_80_20
29264,0,0,0.0,stratified_80_20
29265,0,0,0.0,stratified_80_20
29267,0,0,0.0,stratified_80_20
29277,0,0,0.0,stratified_80_20
29282,1,1,1.0,stratified_80_20
29285,1,1,1.0,stratified_80_20
29295,1,1,1.0,stratified_80_20
29300,0,0,0.0,stratified_80_20
29305,1,1,1.0,stratified_80_20
29306,0,0,0.0,stratified_80_20
29308,0,0,0.0,stratified_80_20
29313,0,0,0.0,stratified_80_20
29316,0,0,0.0,stratified_80_20
29332,0,0,0.0,stratified_80_20
29335,0,0,0.0,stratified_80_20
29344,1,1,1.0,stratified_80_20
29351,0,0,0.0,stratified_80_20
29355,1,1,1.0,stratified_80_20
29360,0,0,0.0,stratified_80_20
29364,0,0,0.0,stratified_80_20
29369,0,0,0.0,stratified_80_20
29370,0,0,0.0,stratified_80_20
29383,0,0,0.0,stratified_80_20
29384,0,0,0.0,stratified_80_20
29386,0,0,0.0,stratified_80_20
29390,0,0,0.0,stratified_80_20
29396,0,0,0.0,stratified_80_20
29397,0,0,0.0,stratified_80_20
29400,0,0,0.0,stratified_80_20
29406,0,0,0.0,stratified_80_20
29407,1,1,1.0,stratified_80_20
29412,1,1,1.0,stratified_80_20
29418,0,0,0.0,stratified_80_20
29419,0,0,0.0,stratified_80_20
29424,0,0,0.0,stratified_80_20
29427,0,0,0.0,stratified_80_20
29429,0,0,0.0,stratified_80_20
29439,1,1,1.0,stratified_80_20
29440,0,0,0.0,stratified_80_20
29445,0,0,0.0,stratified_80_20
29453,0,0,0.0,stratified_80_20
29454,1,1,1.0,stratified_80_20
29482,0,0,0.0,stratified_80_20
29483,0,0,0.0,stratified_80_20
29492,0,0,0.0,stratified_80_20
29503,0,0,0.0,stratified_80_20
29509,0,0,0.0,stratified_80_20
29529,1,1,1.0,stratified_80_20
29544,0,0,0.0,stratified_80_20
29545,0,0,0.0,stratified_80_20
29550,0,0,0.0,stratified_80_20
29552,0,0,0.0,stratified_80_20
29558,0,0,0.0,stratified_80_20
29567,1,1,1.0,stratified_80_20
29575,0,0,0.0,stratified_80_20
29578,0,0,0.0,stratified_80_20
29584,0,0,0.0,stratified_80_20
29585,0,0,0.0,stratified_80_20
29588,0,0,0.0,stratified_80_20
29590,1,1,1.0,stratified_80_20
29593,1,1,1.0,stratified_80_20
29598,0,0,0.0,stratified_80_20
29600,0,0,0.0,stratified_80_20
29602,1,1,1.0,stratified_80_20
29612,0,0,0.0,stratified_80_20
29615,0,0,0.0,stratified_80_20
29618,0,0,0.0,stratified_80_20
29625,0,0,0.0,stratified_80_20
29626,0,0,0.0,stratified_80_20
29640,0,0,0.0,stratified_80_20
29650,1,1,1.0,stratified_80_20
29652,0,0,0.0,stratified_80_20
29664,0,0,0.0,stratified_80_20
29667,0,0,0.0,stratified_80_20
29671,0,0,0.0,stratified_80_20
29676,0,0,0.0,stratified_80_20
29686,0,0,0.0,stratified_80_20
29688,1,1,1.0,stratified_80_20
29692,1,1,1.0,stratified_80_20
29694,0,0,0.0,stratified_80_20
29695,0,0,0.0,stratified_80_20
29696,1,1,1.0,stratified_80_20
29710,0,0,0.0,stratified_80_20
29712,0,0,0.0,stratified_80_20
29723,0,0,0.0,stratified_80_20
29725,0,0,0.0,stratified_80_20
29729,0,0,0.0,stratified_80_20
29736,0,0,0.0,stratified_80_20
29748,0,0,0.0,stratified_80_20
29751,0,0,0.0,stratified_80_20
29753,0,0,0.0,stratified_80_20
29758,0,0,0.0,stratified_80_20
29760,0,0,0.0,stratified_80_20
29764,1,1,1.0,stratified_80_20
29773,0,0,0.0,stratified_80_20
29776,1,1,1.0,stratified_80_20
29782,0,0,0.0,stratified_80_20
29786,1,1,1.0,stratified_80_20
29787,0,0,0.0,stratified_80_20
29789,0,0,0.0,stratified_80_20
29791,0,0,0.0,stratified_80_20
29799,0,0,0.0,stratified_80_20
29802,0,0,0.0,stratified_80_20
29804,0,0,0.0,stratified_80_20
29805,0,0,0.0,stratified_80_20
29821,1,1,1.0,stratified_80_20
29835,0,0,0.0,stratified_80_20
29848,1,1,1.0,stratified_80_20
29849,0,0,0.0,stratified_80_20
29851,1,1,1.0,stratified_80_20
29852,0,0,0.0,stratified_80_20
29860,1,1,1.0,stratified_80_20
29861,0,0,0.0,stratified_80_20
29863,0,0,0.0,stratified_80_20
29868,0,0,0.0,stratified_80_20
29874,0,0,0.0,stratified_80_20
29879,0,0,0.0,stratified_80_20
29880,0,0,0.0,stratified_80_20
29888,0,0,0.0,stratified_80_20
29894,1,1,1.0,stratified_80_20
29895,0,0,0.0,stratified_80_20
29898,0,0,0.0,stratified_80_20
29901,0,0,0.0,stratified_80_20
29902,0,0,0.0,stratified_80_20
29905,1,1,1.0,stratified_80_20
29908,0,0,0.0,stratified_80_20
29915,0,0,0.0,stratified_80_20
29918,0,0,0.0,stratified_80_20
29923,0,0,0.0,stratified_80_20
29924,0,0,0.0,stratified_80_20
29927,1,1,1.0,stratified_80_20
29928,0,0,0.0,stratified_80_20
29939,0,0,0.0,stratified_80_20
29944,0,0,0.0,stratified_80_20
29950,0,0,0.0,stratified_80_20
29957,1,1,1.0,stratified_80_20
29971,0,0,0.0,stratified_80_20
29976,1,1,1.0,stratified_80_20
29978,0,0,0.0,stratified_80_20
29988,0,0,0.0,stratified_80_20
29989,0,0,0.0,stratified_80_20
29990,0,0,0.0,stratified_80_20
29996,1,1,1.0,stratified_80_20
29997,0,0,0.0,stratified_80_20
30024,0,0,0.0,stratified_80_20
30033,1,1,1.0,stratified_80_20
30040,0,0,0.0,stratified_80_20
30042,1,1,1.0,stratified_80_20
30043,0,0,0.0,stratified_80_20
30044,0,0,0.0,stratified_80_20
30047,0,0,0.0,stratified_80_20
30050,1,1,1.0,stratified_80_20
30059,0,0,0.0,stratified_80_20
30066,0,0,0.0,stratified_80_20
30070,0,0,0.0,stratified_80_20
30073,0,0,0.0,stratified_80_20
30083,0,0,0.0,stratified_80_20
30088,1,1,1.0,stratified_80_20
30089,0,0,0.0,stratified_80_20
30090,1,1,1.0,stratified_80_20
30093,0,0,0.0,stratified_80_20
30096,0,0,0.0,stratified_80_20
30107,1,1,1.0,stratified_80_20
30111,1,1,1.0,stratified_80_20
30114,0,0,0.0,stratified_80_20
30117,0,0,0.0,stratified_80_20
30123,0,0,0.0,stratified_80_20
30127,1,1,1.0,stratified_80_20
30133,0,0,0.0,stratified_80_20
30134,0,0,0.0,stratified_80_20
30136,1,1,1.0,stratified_80_20
30138,0,0,0.0,stratified_80_20
30141,0,0,0.0,stratified_80_20
30162,0,0,0.0,stratified_80_20
30167,0,0,0.0,stratified_80_20
30171,1,1,1.0,stratified_80_20
30173,0,0,0.0,stratified_80_20
30174,0,0,0.0,stratified_80_20
30177,0,0,0.0,stratified_80_20
30178,0,0,0.0,stratified_80_20
30186,0,0,0.0,stratified_80_20
30190,0,0,0.0,stratified_80_20
30193,0,0,0.0,stratified_80_20
30196,0,0,0.0,stratified_80_20
30200,0,0,0.0,stratified_80_20
30201,0,0,0.0,stratified_80_20
30215,0,0,0.0,stratified_80_20
30218,0,0,0.0,stratified_80_20
30222,0,0,0.0,stratified_80_20
30225,0,0,0.0,stratified_80_20
30227,0,0,0.0,stratified_80_20
30228,0,0,0.0,stratified_80_20
30230,0,0,0.0,stratified_80_20
30239,0,0,0.0,stratified_80_20
30240,1,1,1.0,stratified_80_20
30256,0,0,0.0,stratified_80_20
30259,1,1,1.0,stratified_80_20
30261,0,0,0.0,stratified_80_20
30265,0,0,0.0,stratified_80_20
30287,0,0,0.0,stratified_80_20
30288,0,0,0.0,stratified_80_20
30290,0,0,0.0,stratified_80_20
30293,0,0,0.0,stratified_80_20
30294,0,0,0.0,stratified_80_20
30299,0,0,0.0,stratified_80_20
30305,0,0,0.0,stratified_80_20
30311,0,0,0.0,stratified_80_20
30313,1,1,1.0,stratified_80_20
30315,1,1,1.0,stratified_80_20
30327,0,0,0.0,stratified_80_20
30346,1,1,1.0,stratified_80_20
30350,0,0,0.0,stratified_80_20
30354,0,0,0.0,stratified_80_20
30359,1,1,1.0,stratified_80_20
30367,1,1,1.0,stratified_80_20
30368,0,0,0.0,stratified_80_20
30372,0,0,0.0,stratified_80_20
30374,0,0,0.0,stratified_80_20
30376,0,0,0.0,stratified_80_20
30401,0,0,0.0,stratified_80_20
30406,0,0,0.0,stratified_80_20
30408,0,0,0.0,stratified_80_20
30419,0,0,0.0,stratified_80_20
30433,0,0,0.0,stratified_80_20
30437,0,0,0.0,stratified_80_20
30443,0,0,0.0,stratified_80_20
30449,0,0,0.0,stratified_80_20
30450,0,0,0.0,stratified_80_20
30452,0,0,0.0,stratified_80_20
30453,1,1,1.0,stratified_80_20
30455,0,0,0.0,stratified_80_20
30461,0,0,0.0,stratified_80_20
30466,0,0,0.0,stratified_80_20
30467,0,0,0.0,stratified_80_20
30477,0,0,0.0,stratified_80_20
30485,1,1,1.0,stratified_80_20
30507,0,0,0.0,stratified_80_20
30509,0,0,0.0,stratified_80_20
30514,0,0,0.0,stratified_80_20
30518,0,0,0.0,stratified_80_20
30522,0,0,0.0,stratified_80_20
30527,0,0,0.0,stratified_80_20
30534,0,0,0.0,stratified_80_20
30544,0,0,0.0,stratified_80_20
30547,0,0,0.0,stratified_80_20
30551,0,0,0.0,stratified_80_20
30554,0,0,0.0,stratified_80_20
30556,0,0,0.0,stratified_80_20
30561,1,1,1.0,stratified_80_20
30565,0,0,0.0,stratified_80_20
30569,0,0,0.0,stratified_80_20
30571,0,0,0.0,stratified_80_20
30572,0,0,0.0,stratified_80_20
30582,1,1,1.0,stratified_80_20
30590,1,1,1.0,stratified_80_20
30598,0,0,0.0,stratified_80_20
30599,1,1,1.0,stratified_80_20
30602,0,0,0.0,stratified_80_20
30608,0,0,0.0,stratified_80_20
30610,0,0,0.0,stratified_80_20
30613,0,0,0.0,stratified_80_20
30615,0,0,0.0,stratified_80_20
30618,0,0,0.0,stratified_80_20
30625,1,1,1.0,stratified_80_20
30626,0,0,0.0,stratified_80_20
30627,0,0,0.0,stratified_80_20
30630,0,0,0.0,stratified_80_20
30637,0,0,0.0,stratified_80_20
30645,0,0,0.0,stratified_80_20
30646,1,1,1.0,stratified_80_20
30649,0,0,0.0,stratified_80_20
30652,0,0,0.0,stratified_80_20
30657,0,0,0.0,stratified_80_20
30673,1,1,1.0,stratified_80_20
30674,0,0,0.0,stratified_80_20
30675,0,0,0.0,stratified_80_20
30678,1,1,1.0,stratified_80_20
30688,0,0,0.0,stratified_80_20
30691,1,1,1.0,stratified_80_20
30693,0,0,0.0,stratified_80_20
30710,0,0,0.0,stratified_80_20
30721,0,0,0.0,stratified_80_20
30722,0,0,0.0,stratified_80_20
30731,0,0,0.0,stratified_80_20
30734,0,0,0.0,stratified_80_20
30739,0,0,0.0,stratified_80_20
30743,0,0,0.0,stratified_80_20
30757,1,1,1.0,stratified_80_20
30762,0,0,0.0,stratified_80_20
30780,1,1,1.0,stratified_80_20
30781,1,1,1.0,stratified_80_20
30782,0,0,0.0,stratified_80_20
30785,0,0,0.0,stratified_80_20
30791,1,1,1.0,stratified_80_20
30797,0,0,0.0,stratified_80_20
30803,0,0,0.0,stratified_80_20
30804,1,1,1.0,stratified_80_20
30810,1,1,1.0,stratified_80_20
30811,0,0,0.0,stratified_80_20
30812,0,0,0.0,stratified_80_20
30813,0,0,0.0,stratified_80_20
30833,0,0,0.0,stratified_80_20
30835,0,0,0.0,stratified_80_20
30837,1,1,1.0,stratified_80_20
30839,0,0,0.0,stratified_80_20
30840,0,0,0.0,stratified_80_20
30844,1,1,1.0,stratified_80_20
30855,0,0,0.0,stratified_80_20
30860,0,0,0.0,stratified_80_20
30862,1,1,1.0,stratified_80_20
30866,1,1,1.0,stratified_80_20
30867,0,0,0.0,stratified_80_20
30873,0,0,0.0,stratified_80_20
30880,0,0,0.0,stratified_80_20
30888,1,1,1.0,stratified_80_20
30889,0,0,0.0,stratified_80_20
30901,0,0,0.0,stratified_80_20
30902,1,1,1.0,stratified_80_20
30904,0,0,0.0,stratified_80_20
30939,1,1,1.0,stratified_80_20
30943,0,0,0.0,stratified_80_20
30948,0,0,0.0,stratified_80_20
30951,0,0,0.0,stratified_80_20
30955,0,0,0.0,stratified_80_20
30962,0,0,0.0,stratified_80_20
30978,0,0,0.0,stratified_80_20
30979,0,0,0.0,stratified_80_20
30982,0,0,0.0,stratified_80_20
30988,0,0,0.0,stratified_80_20
30992,0,0,0.0,stratified_80_20
31006,0,0,0.0,stratified_80_20
31010,0,0,0.0,stratified_80_20
31021,0,0,0.0,stratified_80_20
31023,0,0,0.0,stratified_80_20
31024,0,0,0.0,stratified_80_20
31030,0,0,0.0,stratified_80_20
31035,0,0,0.0,stratified_80_20
31039,1,1,1.0,stratified_80_20
31040,0,0,0.0,stratified_80_20
31041,0,0,0.0,stratified_80_20
31047,0,0,0.0,stratified_80_20
31056,1,1,1.0,stratified_80_20
31058,1,1,1.0,stratified_80_20
31059,1,1,1.0,stratified_80_20
31068,0,0,0.0,stratified_80_20
31076,0,0,0.0,stratified_80_20
31077,1,1,1.0,stratified_80_20
31078,0,0,0.0,stratified_80_20
31079,0,0,0.0,stratified_80_20
31084,0,0,0.0,stratified_80_20
31090,1,1,1.0,stratified_80_20
31092,0,0,0.0,stratified_80_20
31103,0,0,0.0,stratified_80_20
31113,0,0,0.0,stratified_80_20
31116,0,0,0.0,stratified_80_20
31122,0,0,0.0,stratified_80_20
31123,1,1,1.0,stratified_80_20
31127,0,0,0.0,stratified_80_20
31128,0,0,0.0,stratified_80_20
31137,1,1,1.0,stratified_80_20
31139,1,1,1.0,stratified_80_20
31144,0,0,0.0,stratified_80_20
31149,0,0,0.0,stratified_80_20
31153,0,0,0.0,stratified_80_20
31158,0,0,0.0,stratified_80_20
31168,0,0,0.0,stratified_80_20
31172,0,0,0.0,stratified_80_20
31179,0,0,0.0,stratified_80_20
31183,0,0,0.0,stratified_80_20
31189,0,0,0.0,stratified_80_20
31190,0,0,0.0,stratified_80_20
31196,0,0,0.0,stratified_80_20
31197,0,0,0.0,stratified_80_20
31198,0,0,0.0,stratified_80_20
31205,1,1,1.0,stratified_80_20
31212,0,0,0.0,stratified_80_20
31213,0,0,0.0,stratified_80_20
31216,0,0,0.0,stratified_80_20
31219,0,0,0.0,stratified_80_20
31220,1,1,1.0,stratified_80_20
31223,0,0,0.0,stratified_80_20
31227,0,0,0.0,stratified_80_20
31233,0,0,0.0,stratified_80_20
31234,0,0,0.0,stratified_80_20
31252,0,0,0.0,stratified_80_20
31254,0,0,0.0,stratified_80_20
31264,1,1,1.0,stratified_80_20
31265,0,0,0.0,stratified_80_20
31268,0,0,0.0,stratified_80_20
31273,0,0,0.0,stratified_80_20
31275,0,0,0.0,stratified_80_20
31276,0,0,0.0,stratified_80_20
31278,0,0,0.0,stratified_80_20
31279,0,0,0.0,stratified_80_20
31280,0,0,0.0,stratified_80_20
31285,0,0,0.0,stratified_80_20
31289,1,1,1.0,stratified_80_20
31293,1,1,1.0,stratified_80_20
31296,0,0,0.0,stratified_80_20
31303,1,1,1.0,stratified_80_20
31315,0,0,0.0,stratified_80_20
31316,0,0,0.0,stratified_80_20
31321,0,0,0.0,stratified_80_20
31325,0,0,0.0,stratified_80_20
31326,0,0,0.0,stratified_80_20
31328,0,0,0.0,stratified_80_20
31332,0,0,0.0,stratified_80_20
31333,1,1,1.0,stratified_80_20
31334,0,0,0.0,stratified_80_20
31335,0,0,0.0,stratified_80_20
31343,0,0,0.0,stratified_80_20
31363,0,0,0.0,stratified_80_20
31374,0,0,0.0,stratified_80_20
31384,0,0,0.0,stratified_80_20
31386,1,1,1.0,stratified_80_20
31388,0,0,0.0,stratified_80_20
31389,0,0,0.0,stratified_80_20
31400,0,0,0.0,stratified_80_20
31406,0,0,0.0,stratified_80_20
31412,0,0,0.0,stratified_80_20
31413,0,0,0.0,stratified_80_20
31431,0,0,0.0,stratified_80_20
31436,0,0,0.0,stratified_80_20
31444,0,0,0.0,stratified_80_20
31448,1,1,1.0,stratified_80_20
31449,0,0,0.0,stratified_80_20
31454,0,0,0.0,stratified_80_20
31455,0,0,0.0,stratified_80_20
31457,0,0,0.0,stratified_80_20
31458,0,0,0.0,stratified_80_20
31459,0,0,0.0,stratified_80_20
31466,1,1,1.0,stratified_80_20
31473,0,0,0.0,stratified_80_20
31475,0,0,0.0,stratified_80_20
31479,0,0,0.0,stratified_80_20
31486,0,0,0.0,stratified_80_20
31490,0,0,0.0,stratified_80_20
31498,0,0,0.0,stratified_80_20
31501,0,0,0.0,stratified_80_20
31514,0,0,0.0,stratified_80_20
31521,0,0,0.0,stratified_80_20
31528,1,1,1.0,stratified_80_20
31535,0,0,0.0,stratified_80_20
31538,0,0,0.0,stratified_80_20
31545,0,0,0.0,stratified_80_20
31548,0,0,0.0,stratified_80_20
31549,0,0,0.0,stratified_80_20
31557,0,0,0.0,stratified_80_20
31559,0,0,0.0,stratified_80_20
31566,0,0,0.0,stratified_80_20
31569,0,0,0.0,stratified_80_20
31571,0,0,0.0,stratified_80_20
31573,0,0,0.0,stratified_80_20
31576,0,0,0.0,stratified_80_20
31580,0,0,0.0,stratified_80_20
31583,0,0,0.0,stratified_80_20
31584,0,0,0.0,stratified_80_20
31590,0,0,0.0,stratified_80_20
31592,0,0,0.0,stratified_80_20
31598,0,0,0.0,stratified_80_20
31603,0,0,0.0,stratified_80_20
31605,1,1,1.0,stratified_80_20
31615,0,0,0.0,stratified_80_20
31618,0,0,0.0,stratified_80_20
31623,1,1,1.0,stratified_80_20
31626,0,0,0.0,stratified_80_20
31631,0,0,0.0,stratified_80_20
31636,0,0,0.0,stratified_80_20
31637,0,0,0.0,stratified_80_20
31639,0,0,0.0,stratified_80_20
31640,0,0,0.0,stratified_80_20
31652,0,0,0.0,stratified_80_20
31661,0,0,0.0,stratified_80_20
31663,0,0,0.0,stratified_80_20
31665,0,0,0.0,stratified_80_20
31668,1,1,1.0,stratified_80_20
31673,0,0,0.0,stratified_80_20
31675,0,0,0.0,stratified_80_20
31678,1,1,1.0,stratified_80_20
31681,0,0,0.0,stratified_80_20
31694,0,0,0.0,stratified_80_20
31696,0,0,0.0,stratified_80_20
31699,0,0,0.0,stratified_80_20
31701,0,0,0.0,stratified_80_20
31704,0,0,0.0,stratified_80_20
31709,0,0,0.0,stratified_80_20
31712,1,1,1.0,stratified_80_20
31722,0,0,0.0,stratified_80_20
31728,0,0,0.0,stratified_80_20
31734,0,0,0.0,stratified_80_20
31735,1,1,1.0,stratified_80_20
31745,0,0,0.0,stratified_80_20
31747,0,0,0.0,stratified_80_20
31752,1,1,1.0,stratified_80_20
31754,0,0,0.0,stratified_80_20
31759,1,1,1.0,stratified_80_20
31760,0,0,0.0,stratified_80_20
31766,0,0,0.0,stratified_80_20
31767,0,0,0.0,stratified_80_20
31791,0,0,0.0,stratified_80_20
31796,0,0,0.0,stratified_80_20
31797,0,0,0.0,stratified_80_20
31812,0,0,0.0,stratified_80_20
31817,0,0,0.0,stratified_80_20
31820,0,0,0.0,stratified_80_20
31825,0,0,0.0,stratified_80_20
31828,0,0,0.0,stratified_80_20
31835,1,1,1.0,stratified_80_20
31861,0,0,0.0,stratified_80_20
31862,0,0,0.0,stratified_80_20
31863,1,1,1.0,stratified_80_20
31864,1,1,1.0,stratified_80_20
31871,0,0,0.0,stratified_80_20
31872,0,0,0.0,stratified_80_20
31873,0,0,0.0,stratified_80_20
31877,0,0,0.0,stratified_80_20
31878,0,0,0.0,stratified_80_20
31882,0,0,0.0,stratified_80_20
31887,0,0,0.0,stratified_80_20
31890,1,1,1.0,stratified_80_20
31895,0,0,0.0,stratified_80_20
31909,1,1,1.0,stratified_80_20
31914,1,1,1.0,stratified_80_20
31918,0,0,0.0,stratified_80_20
31932,0,0,0.0,stratified_80_20
31942,0,0,0.0,stratified_80_20
31943,0,0,0.0,stratified_80_20
31944,0,0,0.0,stratified_80_20
31946,0,0,0.0,stratified_80_20
31947,0,0,0.0,stratified_80_20
31951,0,0,0.0,stratified_80_20
31955,0,0,0.0,stratified_80_20
31959,0,0,0.0,stratified_80_20
31963,0,0,0.0,stratified_80_20
31964,0,0,0.0,stratified_80_20
31965,0,0,0.0,stratified_80_20
31970,0,0,0.0,stratified_80_20
31972,0,0,0.0,stratified_80_20
31973,1,1,1.0,stratified_80_20
31977,1,1,1.0,stratified_80_20
31982,0,0,0.0,stratified_80_20
31985,0,0,0.0,stratified_80_20
31993,0,0,0.0,stratified_80_20
31997,0,0,0.0,stratified_80_20
31999,0,0,0.0,stratified_80_20
32010,0,0,0.0,stratified_80_20
32013,0,0,0.0,stratified_80_20
32019,0,0,0.0,stratified_80_20
32022,1,1,1.0,stratified_80_20
32025,1,1,1.0,stratified_80_20
32033,0,0,0.0,stratified_80_20
32035,0,0,0.0,stratified_80_20
32036,0,0,0.0,stratified_80_20
32045,0,0,0.0,stratified_80_20
32058,0,0,0.0,stratified_80_20
32067,1,1,1.0,stratified_80_20
32073,0,0,0.0,stratified_80_20
32078,0,0,0.0,stratified_80_20
32081,0,0,0.0,stratified_80_20
32082,1,1,1.0,stratified_80_20
32084,0,0,0.0,stratified_80_20
32088,0,0,0.0,stratified_80_20
32097,0,0,0.0,stratified_80_20
32105,0,0,0.0,stratified_80_20
32106,0,0,0.0,stratified_80_20
32110,1,1,1.0,stratified_80_20
32111,1,1,1.0,stratified_80_20
32119,0,0,0.0,stratified_80_20
32126,0,0,0.0,stratified_80_20
32133,0,0,0.0,stratified_80_20
32138,0,0,0.0,stratified_80_20
32145,0,0,0.0,stratified_80_20
32157,0,0,0.0,stratified_80_20
32164,0,0,0.0,stratified_80_20
32167,0,0,0.0,stratified_80_20
32169,0,0,0.0,stratified_80_20
32180,1,1,1.0,stratified_80_20
32182,0,0,0.0,stratified_80_20
32188,0,0,0.0,stratified_80_20
32192,1,1,1.0,stratified_80_20
32193,0,0,0.0,stratified_80_20
32195,1,1,1.0,stratified_80_20
32199,0,0,0.0,stratified_80_20
32201,0,0,0.0,stratified_80_20
32203,0,0,0.0,stratified_80_20
32204,0,0,0.0,stratified_80_20
32207,0,0,0.0,stratified_80_20
32211,0,0,0.0,stratified_80_20
32212,0,0,0.0,stratified_80_20
32219,1,1,1.0,stratified_80_20
32225,0,0,0.0,stratified_80_20
32234,0,0,0.0,stratified_80_20
32246,0,0,0.0,stratified_80_20
32247,0,0,0.0,stratified_80_20
32254,0,0,0.0,stratified_80_20
32258,0,0,0.0,stratified_80_20
32260,0,0,0.0,stratified_80_20
32263,0,0,0.0,stratified_80_20
32268,0,0,0.0,stratified_80_20
32271,0,0,0.0,stratified_80_20
32286,0,0,0.0,stratified_80_20
32290,0,0,0.0,stratified_80_20
32295,1,1,1.0,stratified_80_20
32298,0,0,0.0,stratified_80_20
32299,0,0,0.0,stratified_80_20
32307,0,0,0.0,stratified_80_20
32311,1,1,1.0,stratified_80_20
32313,0,0,0.0,stratified_80_20
32318,0,0,0.0,stratified_80_20
32329,0,0,0.0,stratified_80_20
32332,0,0,0.0,stratified_80_20
32346,0,0,0.0,stratified_80_20
32350,0,0,0.0,stratified_80_20
32351,0,0,0.0,stratified_80_20
32356,1,1,1.0,stratified_80_20
32367,0,0,0.0,stratified_80_20
32368,0,0,0.0,stratified_80_20
32369,1,1,1.0,stratified_80_20
32376,0,0,0.0,stratified_80_20
32380,0,0,0.0,stratified_80_20
32394,0,0,0.0,stratified_80_20
32396,0,0,0.0,stratified_80_20
32397,0,0,0.0,stratified_80_20
32403,0,0,0.0,stratified_80_20
32411,0,0,0.0,stratified_80_20
32415,0,0,0.0,stratified_80_20
32418,1,1,1.0,stratified_80_20
32421,1,1,1.0,stratified_80_20
32429,0,0,0.0,stratified_80_20
32440,0,0,0.0,stratified_80_20
32445,0,0,0.0,stratified_80_20
32447,1,1,1.0,stratified_80_20
32448,0,0,0.0,stratified_80_20
32454,0,0,0.0,stratified_80_20
32462,1,1,1.0,stratified_80_20
32463,0,0,0.0,stratified_80_20
32469,1,1,1.0,stratified_80_20
32474,0,0,0.0,stratified_80_20
32476,0,0,0.0,stratified_80_20
32483,0,0,0.0,stratified_80_20
32488,0,0,0.0,stratified_80_20
32489,1,1,1.0,stratified_80_20
32493,0,0,0.0,stratified_80_20
32497,1,1,1.0,stratified_80_20
32502,0,0,0.0,stratified_80_20
32503,0,0,0.0,stratified_80_20
32504,0,0,0.0,stratified_80_20
32510,1,1,1.0,stratified_80_20
32514,0,0,0.0,stratified_80_20
32520,0,0,0.0,stratified_80_20
32522,1,1,1.0,stratified_80_20
32528,1,1,1.0,stratified_80_20
32531,0,0,0.0,stratified_80_20
32535,1,1,1.0,stratified_80_20
32539,0,0,0.0,stratified_80_20
32540,0,0,0.0,stratified_80_20
32546,1,1,1.0,stratified_80_20
32553,1,1,1.0,stratified_80_20
32559,1,1,1.0,stratified_80_20
32563,0,0,0.0,stratified_80_20
32565,1,1,1.0,stratified_80_20
32569,0,0,0.0,stratified_80_20
32574,1,1,1.0,stratified_80_20
32578,0,0,0.0,stratified_80_20
32583,0,0,0.0,stratified_80_20
32591,1,1,1.0,stratified_80_20
32594,0,0,0.0,stratified_80_20
32602,0,0,0.0,stratified_80_20
32607,1,1,1.0,stratified_80_20
32613,1,1,1.0,stratified_80_20
32617,0,0,0.0,stratified_80_20
32621,0,0,0.0,stratified_80_20
32627,1,1,1.0,stratified_80_20
32633,0,0,0.0,stratified_80_20
32638,0,0,0.0,stratified_80_20
32642,0,0,0.0,stratified_80_20
32644,0,0,0.0,stratified_80_20
32648,0,0,0.0,stratified_80_20
32649,1,1,1.0,stratified_80_20
32651,0,0,0.0,stratified_80_20
32655,1,1,1.0,stratified_80_20
32661,1,1,1.0,stratified_80_20
32663,1,1,1.0,stratified_80_20
32664,0,0,0.0,stratified_80_20
32670,0,0,0.0,stratified_80_20
32673,0,0,0.0,stratified_80_20
32679,0,0,0.0,stratified_80_20
32688,0,0,0.0,stratified_80_20
32695,1,1,1.0,stratified_80_20
32700,1,1,1.0,stratified_80_20
32702,0,0,0.0,stratified_80_20
32703,0,0,0.0,stratified_80_20
32710,0,0,0.0,stratified_80_20
32715,0,0,0.0,stratified_80_20
32716,1,1,1.0,stratified_80_20
32717,0,0,0.0,stratified_80_20
32720,0,0,0.0,stratified_80_20
32729,1,1,1.0,stratified_80_20
32732,1,1,1.0,stratified_80_20
32735,0,0,0.0,stratified_80_20
32737,0,0,0.0,stratified_80_20
32742,1,1,1.0,stratified_80_20
32750,1,1,1.0,stratified_80_20
32754,0,0,0.0,stratified_80_20
32760,0,0,0.0,stratified_80_20
32767,0,0,0.0,stratified_80_20
32769,1,1,1.0,stratified_80_20
32775,0,0,0.0,stratified_80_20
32778,0,0,0.0,stratified_80_20
32783,1,1,1.0,stratified_80_20
32784,1,1,1.0,stratified_80_20
32792,0,0,0.0,stratified_80_20
32793,0,0,0.0,stratified_80_20
32796,0,0,0.0,stratified_80_20
32797,1,1,1.0,stratified_80_20
32802,1,1,1.0,stratified_80_20
32807,0,0,0.0,stratified_80_20
32819,1,1,1.0,stratified_80_20
32825,0,0,0.0,stratified_80_20
32834,1,1,1.0,stratified_80_20
32839,0,0,0.0,stratified_80_20
32842,0,0,0.0,stratified_80_20
32843,0,0,0.0,stratified_80_20
32852,1,1,1.0,stratified_80_20
32854,0,0,0.0,stratified_80_20
32855,0,0,0.0,stratified_80_20
32862,1,1,1.0,stratified_80_20
32871,0,0,0.0,stratified_80_20
32873,1,1,1.0,stratified_80_20
32882,1,1,1.0,stratified_80_20
32899,0,0,0.0,stratified_80_20
32910,0,0,0.0,stratified_80_20
32911,1,1,1.0,stratified_80_20
32928,1,1,1.0,stratified_80_20
32939,1,1,1.0,stratified_80_20
32940,1,1,1.0,stratified_80_20
32945,0,0,0.0,stratified_80_20
32948,0,0,0.0,stratified_80_20
32952,0,0,0.0,stratified_80_20
32953,1,1,1.0,stratified_80_20
32957,0,0,0.0,stratified_80_20
32973,1,1,1.0,stratified_80_20
32974,0,0,0.0,stratified_80_20
32984,1,1,1.0,stratified_80_20
32985,1,1,1.0,stratified_80_20
32989,0,0,0.0,stratified_80_20
32990,0,0,0.0,stratified_80_20
32997,0,0,0.0,stratified_80_20
32998,0,0,0.0,stratified_80_20
33000,0,0,0.0,stratified_80_20
33005,0,0,0.0,stratified_80_20
33017,0,0,0.0,stratified_80_20
33018,0,0,0.0,stratified_80_20
33020,1,1,1.0,stratified_80_20
33023,1,1,1.0,stratified_80_20
33028,0,0,0.0,stratified_80_20
33035,0,0,0.0,stratified_80_20
33036,1,1,1.0,stratified_80_20
33037,1,1,1.0,stratified_80_20
33040,0,0,0.0,stratified_80_20
33042,1,1,1.0,stratified_80_20
33046,0,0,0.0,stratified_80_20
33047,0,0,0.0,stratified_80_20
33054,1,1,1.0,stratified_80_20
33058,0,0,0.0,stratified_80_20
33080,0,0,0.0,stratified_80_20
33083,0,0,0.0,stratified_80_20
33094,0,0,0.0,stratified_80_20
33099,0,0,0.0,stratified_80_20
33101,1,1,1.0,stratified_80_20
33107,0,0,0.0,stratified_80_20
33115,1,1,1.0,stratified_80_20
33118,1,1,1.0,stratified_80_20
33128,0,0,0.0,stratified_80_20
33131,0,0,0.0,stratified_80_20
33132,1,1,1.0,stratified_80_20
33136,0,0,0.0,stratified_80_20
33139,0,0,0.0,stratified_80_20
33145,1,1,1.0,stratified_80_20
33155,0,0,0.0,stratified_80_20
33163,1,1,1.0,stratified_80_20
33164,0,0,0.0,stratified_80_20
33166,1,1,1.0,stratified_80_20
33168,1,1,1.0,stratified_80_20
33173,0,0,0.0,stratified_80_20
33207,0,0,0.0,stratified_80_20
33213,1,1,1.0,stratified_80_20
33224,1,1,1.0,stratified_80_20
33229,0,0,0.0,stratified_80_20
33231,0,0,0.0,stratified_80_20
33234,0,0,0.0,stratified_80_20
33244,0,0,0.0,stratified_80_20
33252,1,1,1.0,stratified_80_20
33261,0,0,0.0,stratified_80_20
33264,1,1,1.0,stratified_80_20
33265,1,1,1.0,stratified_80_20
33278,1,1,1.0,stratified_80_20
33284,0,0,0.0,stratified_80_20
33288,0,0,0.0,stratified_80_20
33297,0,0,0.0,stratified_80_20
33303,0,0,0.0,stratified_80_20
33316,0,0,0.0,stratified_80_20
33324,0,0,0.0,stratified_80_20
33328,1,1,1.0,stratified_80_20
33330,1,1,1.0,stratified_80_20
33341,1,1,1.0,stratified_80_20
33343,1,1,1.0,stratified_80_20
33344,1,1,1.0,stratified_80_20
33345,0,0,0.0,stratified_80_20
33351,0,0,0.0,stratified_80_20
33363,0,0,0.0,stratified_80_20
33365,0,0,0.0,stratified_80_20
33371,1,1,1.0,stratified_80_20
33374,0,0,0.0,stratified_80_20
33389,1,1,1.0,stratified_80_20
33404,0,0,0.0,stratified_80_20
33405,1,1,1.0,stratified_80_20
33409,0,0,0.0,stratified_80_20
33421,1,1,1.0,stratified_80_20
33424,0,0,0.0,stratified_80_20
33425,0,0,0.0,stratified_80_20
33436,1,1,1.0,stratified_80_20
33445,0,0,0.0,stratified_80_20
33447,0,0,0.0,stratified_80_20
33448,1,1,1.0,stratified_80_20
33451,1,1,1.0,stratified_80_20
33452,1,1,1.0,stratified_80_20
33454,0,0,0.0,stratified_80_20
33455,0,0,0.0,stratified_80_20
33457,0,0,0.0,stratified_80_20
33459,0,0,0.0,stratified_80_20
33465,1,1,1.0,stratified_80_20
33466,1,1,1.0,stratified_80_20
33468,0,0,0.0,stratified_80_20
33470,0,0,0.0,stratified_80_20
33473,0,0,0.0,stratified_80_20
33475,0,0,0.0,stratified_80_20
33477,1,1,1.0,stratified_80_20
33479,0,0,0.0,stratified_80_20
33490,0,0,0.0,stratified_80_20
33491,0,0,0.0,stratified_80_20
33494,0,0,0.0,stratified_80_20
33495,0,0,0.0,stratified_80_20
33507,0,0,0.0,stratified_80_20
33509,0,0,0.0,stratified_80_20
33512,0,0,0.0,stratified_80_20
33516,0,0,0.0,stratified_80_20
33518,1,1,1.0,stratified_80_20
33519,1,1,1.0,stratified_80_20
33522,1,1,1.0,stratified_80_20
33534,0,0,0.0,stratified_80_20
33537,1,1,1.0,stratified_80_20
33543,0,0,0.0,stratified_80_20
33546,0,0,0.0,stratified_80_20
33552,1,1,1.0,stratified_80_20
33578,0,0,0.0,stratified_80_20
33582,1,1,1.0,stratified_80_20
33587,0,0,0.0,stratified_80_20
33599,0,0,0.0,stratified_80_20
33600,1,1,1.0,stratified_80_20
33602,0,0,0.0,stratified_80_20
33618,0,0,0.0,stratified_80_20
33630,1,1,1.0,stratified_80_20
33639,0,0,0.0,stratified_80_20
33647,0,0,0.0,stratified_80_20
33672,0,0,0.0,stratified_80_20
33679,0,0,0.0,stratified_80_20
33685,0,0,0.0,stratified_80_20
33688,1,1,1.0,stratified_80_20
33692,0,0,0.0,stratified_80_20
33714,0,0,0.0,stratified_80_20
33724,0,0,0.0,stratified_80_20
33727,0,0,0.0,stratified_80_20
33730,0,0,0.0,stratified_80_20
33731,0,0,0.0,stratified_80_20
33734,1,1,1.0,stratified_80_20
33741,0,0,0.0,stratified_80_20
33743,0,0,0.0,stratified_80_20
33744,1,1,1.0,stratified_80_20
33745,1,1,1.0,stratified_80_20
33746,0,0,0.0,stratified_80_20
33751,0,0,0.0,stratified_80_20
33754,0,0,0.0,stratified_80_20
33761,1,1,1.0,stratified_80_20
33764,1,1,1.0,stratified_80_20
33766,0,0,0.0,stratified_80_20
33768,0,0,0.0,stratified_80_20
33771,1,1,1.0,stratified_80_20
33772,0,0,0.0,stratified_80_20
33774,0,0,0.0,stratified_80_20
33791,0,0,0.0,stratified_80_20
33792,1,1,1.0,stratified_80_20
33794,0,0,0.0,stratified_80_20
33799,1,1,1.0,stratified_80_20
33802,0,0,0.0,stratified_80_20
33804,0,0,0.0,stratified_80_20
33806,1,1,1.0,stratified_80_20
33815,0,0,0.0,stratified_80_20
33830,1,1,1.0,stratified_80_20
33835,0,0,0.0,stratified_80_20
33839,1,1,1.0,stratified_80_20
33852,0,0,0.0,stratified_80_20
33855,0,0,0.0,stratified_80_20
33859,1,1,1.0,stratified_80_20
33866,0,0,0.0,stratified_80_20
33867,0,0,0.0,stratified_80_20
33868,1,1,1.0,stratified_80_20
33869,0,0,0.0,stratified_80_20
33870,0,0,0.0,stratified_80_20
33875,1,1,1.0,stratified_80_20
33877,0,0,0.0,stratified_80_20
33882,0,0,0.0,stratified_80_20
33888,0,0,0.0,stratified_80_20
33891,1,1,1.0,stratified_80_20
33894,1,1,1.0,stratified_80_20
33895,0,0,0.0,stratified_80_20
33896,0,0,0.0,stratified_80_20
33904,0,0,0.0,stratified_80_20
33915,0,0,0.0,stratified_80_20
33927,0,0,0.0,stratified_80_20
33931,0,0,0.0,stratified_80_20
33934,1,1,1.0,stratified_80_20
33936,1,1,1.0,stratified_80_20
33939,0,0,0.0,stratified_80_20
33957,0,0,0.0,stratified_80_20
33965,1,1,1.0,stratified_80_20
33966,0,0,0.0,stratified_80_20
33978,0,0,0.0,stratified_80_20
33982,0,0,0.0,stratified_80_20
33983,0,0,0.0,stratified_80_20
33986,0,0,0.0,stratified_80_20
33989,0,0,0.0,stratified_80_20
33991,1,1,1.0,stratified_80_20
33996,0,0,0.0,stratified_80_20
33998,1,1,1.0,stratified_80_20
34005,0,0,0.0,stratified_80_20
34017,0,0,0.0,stratified_80_20
34018,0,0,0.0,stratified_80_20
34021,1,1,1.0,stratified_80_20
34026,0,0,0.0,stratified_80_20
34030,0,0,0.0,stratified_80_20
34031,0,0,0.0,stratified_80_20
34033,0,0,0.0,stratified_80_20
34047,0,0,0.0,stratified_80_20
34050,0,0,0.0,stratified_80_20
34055,1,1,1.0,stratified_80_20
34059,0,0,0.0,stratified_80_20
34062,1,1,1.0,stratified_80_20
34068,0,0,0.0,stratified_80_20
34069,1,1,1.0,stratified_80_20
34080,1,1,1.0,stratified_80_20
34082,0,0,0.0,stratified_80_20
34084,1,1,1.0,stratified_80_20
34090,0,0,0.0,stratified_80_20
34091,0,0,0.0,stratified_80_20
34103,1,1,1.0,stratified_80_20
34114,0,0,0.0,stratified_80_20
34124,0,0,0.0,stratified_80_20
34135,0,0,0.0,stratified_80_20
34138,0,0,0.0,stratified_80_20
34144,0,0,0.0,stratified_80_20
34147,1,1,1.0,stratified_80_20
34150,1,1,1.0,stratified_80_20
34152,0,0,0.0,stratified_80_20
34163,0,0,0.0,stratified_80_20
34164,1,1,1.0,stratified_80_20
34165,1,1,1.0,stratified_80_20
34179,0,0,0.0,stratified_80_20
34183,1,1,1.0,stratified_80_20
34187,0,0,0.0,stratified_80_20
34196,1,1,1.0,stratified_80_20
34197,1,1,1.0,stratified_80_20
34209,0,0,0.0,stratified_80_20
34214,0,0,0.0,stratified_80_20
34215,0,0,0.0,stratified_80_20
34217,0,0,0.0,stratified_80_20
34218,1,1,1.0,stratified_80_20
34225,0,0,0.0,stratified_80_20
34226,0,0,0.0,stratified_80_20
34232,1,1,1.0,stratified_80_20
34235,1,1,1.0,stratified_80_20
34240,0,0,0.0,stratified_80_20
34242,0,0,0.0,stratified_80_20
34243,0,0,0.0,stratified_80_20
34246,1,1,1.0,stratified_80_20
34248,1,1,1.0,stratified_80_20
34251,1,1,1.0,stratified_80_20
34252,1,1,1.0,stratified_80_20
34253,0,0,0.0,stratified_80_20
34257,0,0,0.0,stratified_80_20
34264,0,0,0.0,stratified_80_20
34268,0,0,0.0,stratified_80_20
34269,1,1,1.0,stratified_80_20
34275,0,0,0.0,stratified_80_20
34280,0,0,0.0,stratified_80_20
34286,1,1,1.0,stratified_80_20
34290,0,0,0.0,stratified_80_20
34293,0,0,0.0,stratified_80_20
34298,0,0,0.0,stratified_80_20
34303,1,1,1.0,stratified_80_20
34309,0,0,0.0,stratified_80_20
34312,0,0,0.0,stratified_80_20
34315,1,1,1.0,stratified_80_20
34321,0,0,0.0,stratified_80_20
34327,1,1,1.0,stratified_80_20
34335,0,0,0.0,stratified_80_20
34336,0,0,0.0,stratified_80_20
34338,0,0,0.0,stratified_80_20
34340,1,1,1.0,stratified_80_20
34342,0,0,0.0,stratified_80_20
34371,1,1,1.0,stratified_80_20
34375,1,1,1.0,stratified_80_20
34382,0,0,0.0,stratified_80_20
34389,0,0,0.0,stratified_80_20
34394,0,0,0.0,stratified_80_20
34397,0,0,0.0,stratified_80_20
34400,0,0,0.0,stratified_80_20
34404,1,1,1.0,stratified_80_20
34406,0,0,0.0,stratified_80_20
34408,1,1,1.0,stratified_80_20
34409,0,0,0.0,stratified_80_20
34410,0,0,0.0,stratified_80_20
34414,0,0,0.0,stratified_80_20
34424,1,1,1.0,stratified_80_20
34431,0,0,0.0,stratified_80_20
34435,0,0,0.0,stratified_80_20
34441,0,0,0.0,stratified_80_20
34443,0,0,0.0,stratified_80_20
34445,0,0,0.0,stratified_80_20
34448,0,0,0.0,stratified_80_20
34458,0,0,0.0,stratified_80_20
34467,0,0,0.0,stratified_80_20
34468,0,0,0.0,stratified_80_20
34473,0,0,0.0,stratified_80_20
34474,0,0,0.0,stratified_80_20
34480,0,0,0.0,stratified_80_20
34486,1,1,1.0,stratified_80_20
34491,1,1,1.0,stratified_80_20
34497,0,0,0.0,stratified_80_20
34498,0,0,0.0,stratified_80_20
34501,1,1,1.0,stratified_80_20
34507,0,0,0.0,stratified_80_20
34516,0,0,0.0,stratified_80_20
34519,0,0,0.0,stratified_80_20
34523,1,1,1.0,stratified_80_20
34524,0,0,0.0,stratified_80_20
34526,0,0,0.0,stratified_80_20
34527,1,1,1.0,stratified_80_20
34529,0,0,0.0,stratified_80_20
34533,0,0,0.0,stratified_80_20
34537,0,0,0.0,stratified_80_20
34538,0,0,0.0,stratified_80_20
34541,0,0,0.0,stratified_80_20
34544,0,0,0.0,stratified_80_20
34549,0,0,0.0,stratified_80_20
34555,1,1,1.0,stratified_80_20
34572,1,1,1.0,stratified_80_20
34577,0,0,0.0,stratified_80_20
34579,0,0,0.0,stratified_80_20
34580,0,0,0.0,stratified_80_20
34581,0,0,0.0,stratified_80_20
34585,0,0,0.0,stratified_80_20
34588,0,0,0.0,stratified_80_20
34590,1,1,1.0,stratified_80_20
34592,1,1,1.0,stratified_80_20
34595,0,0,0.0,stratified_80_20
34601,0,0,0.0,stratified_80_20
34607,1,1,1.0,stratified_80_20
34608,0,0,0.0,stratified_80_20
34611,0,0,0.0,stratified_80_20
34615,1,1,1.0,stratified_80_20
34624,1,1,1.0,stratified_80_20
34625,0,0,0.0,stratified_80_20
34628,0,0,0.0,stratified_80_20
34636,1,1,1.0,stratified_80_20
34638,1,1,1.0,stratified_80_20
34647,1,1,1.0,stratified_80_20
34653,1,1,1.0,stratified_80_20
34660,0,0,0.0,stratified_80_20
34662,0,0,0.0,stratified_80_20
34664,0,0,0.0,stratified_80_20
34669,1,1,1.0,stratified_80_20
34673,0,0,0.0,stratified_80_20
34682,1,1,1.0,stratified_80_20
34689,0,0,0.0,stratified_80_20
34692,0,0,0.0,stratified_80_20
34697,0,0,0.0,stratified_80_20
34708,0,0,0.0,stratified_80_20
34710,0,0,0.0,stratified_80_20
34714,0,0,0.0,stratified_80_20
34722,0,0,0.0,stratified_80_20
34732,1,1,1.0,stratified_80_20
34733,1,1,1.0,stratified_80_20
34738,0,0,0.0,stratified_80_20
34740,0,0,0.0,stratified_80_20
34743,0,0,0.0,stratified_80_20
34748,0,0,0.0,stratified_80_20
34753,0,0,0.0,stratified_80_20
34757,0,0,0.0,stratified_80_20
34780,0,0,0.0,stratified_80_20
34782,0,0,0.0,stratified_80_20
34784,0,0,0.0,stratified_80_20
34787,0,0,0.0,stratified_80_20
34788,0,0,0.0,stratified_80_20
34795,0,0,0.0,stratified_80_20
34798,1,1,1.0,stratified_80_20
34807,0,0,0.0,stratified_80_20
34812,0,0,0.0,stratified_80_20
34813,1,1,1.0,stratified_80_20
34817,1,1,1.0,stratified_80_20
34821,0,0,0.0,stratified_80_20
34822,0,0,0.0,stratified_80_20
34825,0,0,0.0,stratified_80_20
34830,1,1,1.0,stratified_80_20
34835,0,0,0.0,stratified_80_20
34858,1,1,1.0,stratified_80_20
34859,1,1,1.0,stratified_80_20
34860,0,0,0.0,stratified_80_20
34864,1,1,1.0,stratified_80_20
34865,0,0,0.0,stratified_80_20
34867,0,0,0.0,stratified_80_20
34877,1,1,1.0,stratified_80_20
34885,0,0,0.0,stratified_80_20
34894,1,1,1.0,stratified_80_20
34901,0,0,0.0,stratified_80_20
34903,0,0,0.0,stratified_80_20
34907,0,0,0.0,stratified_80_20
34910,1,1,1.0,stratified_80_20
34913,1,1,1.0,stratified_80_20
34915,0,0,0.0,stratified_80_20
34924,0,0,0.0,stratified_80_20
34926,1,1,1.0,stratified_80_20
34933,0,0,0.0,stratified_80_20
34936,1,1,1.0,stratified_80_20
34946,0,0,0.0,stratified_80_20
34948,0,0,0.0,stratified_80_20
34951,0,0,0.0,stratified_80_20
34954,0,0,0.0,stratified_80_20
34957,0,0,0.0,stratified_80_20
34968,1,1,1.0,stratified_80_20
34969,1,1,1.0,stratified_80_20
34981,1,1,1.0,stratified_80_20
34989,0,0,0.0,stratified_80_20
34992,0,0,0.0,stratified_80_20
35007,0,0,0.0,stratified_80_20
35015,1,1,1.0,stratified_80_20
35021,0,0,0.0,stratified_80_20
35026,0,0,0.0,stratified_80_20
35030,1,1,1.0,stratified_80_20
35042,1,1,1.0,stratified_80_20
35043,0,0,0.0,stratified_80_20
35047,1,1,1.0,stratified_80_20
35051,0,0,0.0,stratified_80_20
35053,0,0,0.0,stratified_80_20
35066,0,0,0.0,stratified_80_20
35068,0,0,0.0,stratified_80_20
35069,0,0,0.0,stratified_80_20
35073,0,0,0.0,stratified_80_20
35074,1,1,1.0,stratified_80_20
35076,0,0,0.0,stratified_80_20
35077,0,0,0.0,stratified_80_20
35085,0,0,0.0,stratified_80_20
35089,1,1,1.0,stratified_80_20
35099,0,0,0.0,stratified_80_20
35102,1,1,1.0,stratified_80_20
35103,0,0,0.0,stratified_80_20
35105,0,0,0.0,stratified_80_20
35107,1,1,1.0,stratified_80_20
35113,0,0,0.0,stratified_80_20
35114,0,0,0.0,stratified_80_20
35115,0,0,0.0,stratified_80_20
35118,0,0,0.0,stratified_80_20
35126,1,1,1.0,stratified_80_20
35131,0,0,0.0,stratified_80_20
35148,0,0,0.0,stratified_80_20
35150,0,0,0.0,stratified_80_20
35153,0,0,0.0,stratified_80_20
35156,0,0,0.0,stratified_80_20
35160,0,0,0.0,stratified_80_20
35179,1,1,1.0,stratified_80_20
35181,1,1,1.0,stratified_80_20
35186,0,0,0.0,stratified_80_20
35188,0,0,0.0,stratified_80_20
35189,0,0,0.0,stratified_80_20
35190,0,0,0.0,stratified_80_20
35192,0,0,0.0,stratified_80_20
35194,0,0,0.0,stratified_80_20
35195,0,0,0.0,stratified_80_20
35202,0,0,0.0,stratified_80_20
35204,0,0,0.0,stratified_80_20
35205,0,0,0.0,stratified_80_20
35206,1,1,1.0,stratified_80_20
35207,1,1,1.0,stratified_80_20
35215,0,0,0.0,stratified_80_20
35222,1,1,1.0,stratified_80_20
35237,0,0,0.0,stratified_80_20
35248,0,0,0.0,stratified_80_20
35264,0,0,0.0,stratified_80_20
35282,0,0,0.0,stratified_80_20
35288,1,1,1.0,stratified_80_20
35291,0,0,0.0,stratified_80_20
35297,0,0,0.0,stratified_80_20
35302,0,0,0.0,stratified_80_20
35309,1,1,1.0,stratified_80_20
35312,1,1,1.0,stratified_80_20
35313,1,1,1.0,stratified_80_20
35316,1,1,1.0,stratified_80_20
35319,0,0,0.0,stratified_80_20
35322,0,0,0.0,stratified_80_20
35326,0,0,0.0,stratified_80_20
35338,0,0,0.0,stratified_80_20
35339,0,0,0.0,stratified_80_20
35340,0,0,0.0,stratified_80_20
35347,0,0,0.0,stratified_80_20
35353,0,0,0.0,stratified_80_20
35362,1,1,1.0,stratified_80_20
35370,0,0,0.0,stratified_80_20
35373,1,1,1.0,stratified_80_20
35374,0,0,0.0,stratified_80_20
35380,0,0,0.0,stratified_80_20
35383,0,0,0.0,stratified_80_20
35384,0,0,0.0,stratified_80_20
35388,1,1,1.0,stratified_80_20
35391,1,1,1.0,stratified_80_20
35394,0,0,0.0,stratified_80_20
35396,1,1,1.0,stratified_80_20
35400,0,0,0.0,stratified_80_20
35407,1,1,1.0,stratified_80_20
35415,0,0,0.0,stratified_80_20
35416,0,0,0.0,stratified_80_20
35418,0,0,0.0,stratified_80_20
35426,0,0,0.0,stratified_80_20
35428,0,0,0.0,stratified_80_20
35433,0,0,0.0,stratified_80_20
35440,0,0,0.0,stratified_80_20
35442,1,1,1.0,stratified_80_20
35445,1,1,1.0,stratified_80_20
35454,0,0,0.0,stratified_80_20
35457,0,0,0.0,stratified_80_20
35459,1,1,1.0,stratified_80_20
35465,0,0,0.0,stratified_80_20
35466,0,0,0.0,stratified_80_20
35488,1,1,1.0,stratified_80_20
35490,0,0,0.0,stratified_80_20
35522,0,0,0.0,stratified_80_20
35548,1,1,1.0,stratified_80_20
35551,1,1,1.0,stratified_80_20
35557,0,0,0.0,stratified_80_20
35558,1,1,1.0,stratified_80_20
35581,0,0,0.0,stratified_80_20
35582,1,1,1.0,stratified_80_20
35584,0,0,0.0,stratified_80_20
35588,1,1,1.0,stratified_80_20
35589,1,1,1.0,stratified_80_20
35591,0,0,0.0,stratified_80_20
35595,1,1,1.0,stratified_80_20
35600,0,0,0.0,stratified_80_20
35601,1,1,1.0,stratified_80_20
35605,1,1,1.0,stratified_80_20
35607,1,1,1.0,stratified_80_20
35613,0,0,0.0,stratified_80_20
35614,1,1,1.0,stratified_80_20
35618,0,0,0.0,stratified_80_20
35621,1,1,1.0,stratified_80_20
35630,1,1,1.0,stratified_80_20
35639,0,0,0.0,stratified_80_20
35641,0,0,0.0,stratified_80_20
35644,0,0,0.0,stratified_80_20
35646,0,0,0.0,stratified_80_20
35648,1,1,1.0,stratified_80_20
35650,1,1,1.0,stratified_80_20
35652,1,1,1.0,stratified_80_20
35655,0,0,0.0,stratified_80_20
35661,1,1,1.0,stratified_80_20
35663,1,1,1.0,stratified_80_20
35671,0,0,0.0,stratified_80_20
35673,1,1,1.0,stratified_80_20
35680,0,0,0.0,stratified_80_20
35694,0,0,0.0,stratified_80_20
35701,0,0,0.0,stratified_80_20
35706,0,0,0.0,stratified_80_20
35713,1,1,1.0,stratified_80_20
35716,0,0,0.0,stratified_80_20
35720,0,0,0.0,stratified_80_20
35724,0,0,0.0,stratified_80_20
35730,0,0,0.0,stratified_80_20
35734,0,0,0.0,stratified_80_20
35742,0,0,0.0,stratified_80_20
35743,0,0,0.0,stratified_80_20
35744,0,0,0.0,stratified_80_20
35745,0,0,0.0,stratified_80_20
35749,1,1,1.0,stratified_80_20
35752,1,1,1.0,stratified_80_20
35760,0,0,0.0,stratified_80_20
35765,1,1,1.0,stratified_80_20
35768,0,0,0.0,stratified_80_20
35771,0,0,0.0,stratified_80_20
35775,0,0,0.0,stratified_80_20
35777,0,0,0.0,stratified_80_20
35780,0,0,0.0,stratified_80_20
35784,0,0,0.0,stratified_80_20
35790,0,0,0.0,stratified_80_20
35792,1,1,1.0,stratified_80_20
35793,0,0,0.0,stratified_80_20
35794,1,1,1.0,stratified_80_20
35807,0,0,0.0,stratified_80_20
35814,1,1,1.0,stratified_80_20
35826,1,1,1.0,stratified_80_20
35836,0,0,0.0,stratified_80_20
35840,1,1,1.0,stratified_80_20
35846,0,0,0.0,stratified_80_20
35848,0,0,0.0,stratified_80_20
35849,0,0,0.0,stratified_80_20
35854,0,0,0.0,stratified_80_20
35862,0,0,0.0,stratified_80_20
35867,0,0,0.0,stratified_80_20
35878,0,0,0.0,stratified_80_20
35879,0,0,0.0,stratified_80_20
35890,0,0,0.0,stratified_80_20
35892,0,0,0.0,stratified_80_20
35896,0,0,0.0,stratified_80_20
35899,0,0,0.0,stratified_80_20
35906,1,1,1.0,stratified_80_20
35907,0,0,0.0,stratified_80_20
35911,0,0,0.0,stratified_80_20
35920,0,0,0.0,stratified_80_20
35936,0,0,0.0,stratified_80_20
35940,0,0,0.0,stratified_80_20
35941,0,0,0.0,stratified_80_20
35946,1,1,1.0,stratified_80_20
35960,1,1,1.0,stratified_80_20
35961,0,0,0.0,stratified_80_20
35963,0,0,0.0,stratified_80_20
35967,0,0,0.0,stratified_80_20
35969,0,0,0.0,stratified_80_20
35971,1,1,1.0,stratified_80_20
35979,0,0,0.0,stratified_80_20
35981,0,0,0.0,stratified_80_20
35984,1,1,1.0,stratified_80_20
35986,0,0,0.0,stratified_80_20
35988,0,0,0.0,stratified_80_20
35991,0,0,0.0,stratified_80_20
35996,1,1,1.0,stratified_80_20
36003,0,0,0.0,stratified_80_20
36007,0,0,0.0,stratified_80_20
36012,1,1,1.0,stratified_80_20
36018,0,0,0.0,stratified_80_20
36027,1,1,1.0,stratified_80_20
36032,0,0,0.0,stratified_80_20
36052,0,0,0.0,stratified_80_20
36054,0,0,0.0,stratified_80_20
36057,0,0,0.0,stratified_80_20
36058,1,1,1.0,stratified_80_20
36059,0,0,0.0,stratified_80_20
36063,0,0,0.0,stratified_80_20
36067,0,0,0.0,stratified_80_20
36068,0,0,0.0,stratified_80_20
36075,1,1,1.0,stratified_80_20
36076,0,0,0.0,stratified_80_20
36079,0,0,0.0,stratified_80_20
36088,1,1,1.0,stratified_80_20
36093,0,0,0.0,stratified_80_20
36095,0,0,0.0,stratified_80_20
36100,0,0,0.0,stratified_80_20
36104,1,1,1.0,stratified_80_20
36108,0,0,0.0,stratified_80_20
36110,0,0,0.0,stratified_80_20
36113,0,0,0.0,stratified_80_20
36114,0,0,0.0,stratified_80_20
36118,1,1,1.0,stratified_80_20
36121,0,0,0.0,stratified_80_20
36124,0,0,0.0,stratified_80_20
36131,0,0,0.0,stratified_80_20
36138,1,1,1.0,stratified_80_20
36141,0,0,0.0,stratified_80_20
36142,0,0,0.0,stratified_80_20
36149,1,1,1.0,stratified_80_20
36155,0,0,0.0,stratified_80_20
36160,0,0,0.0,stratified_80_20
36167,0,0,0.0,stratified_80_20
36182,1,1,1.0,stratified_80_20
36191,0,0,0.0,stratified_80_20
36192,0,0,0.0,stratified_80_20
36200,0,0,0.0,stratified_80_20
36207,0,0,0.0,stratified_80_20
36212,0,0,0.0,stratified_80_20
36217,1,1,1.0,stratified_80_20
36218,1,1,1.0,stratified_80_20
36220,0,0,0.0,stratified_80_20
36228,0,0,0.0,stratified_80_20
36230,0,0,0.0,stratified_80_20
36231,0,0,0.0,stratified_80_20
36234,0,0,0.0,stratified_80_20
36237,1,1,1.0,stratified_80_20
36238,1,1,1.0,stratified_80_20
36244,0,0,0.0,stratified_80_20
36245,0,0,0.0,stratified_80_20
36252,1,1,1.0,stratified_80_20
36255,0,0,0.0,stratified_80_20
36258,0,0,0.0,stratified_80_20
36260,0,0,0.0,stratified_80_20
36268,1,1,1.0,stratified_80_20
36271,0,0,0.0,stratified_80_20
36285,0,0,0.0,stratified_80_20
36298,1,1,1.0,stratified_80_20
36302,0,0,0.0,stratified_80_20
36303,0,0,0.0,stratified_80_20
36304,0,0,0.0,stratified_80_20
36311,1,1,1.0,stratified_80_20
36313,0,0,0.0,stratified_80_20
36323,0,0,0.0,stratified_80_20
36327,1,1,1.0,stratified_80_20
36336,0,0,0.0,stratified_80_20
36337,1,1,1.0,stratified_80_20
36346,0,0,0.0,stratified_80_20
36348,1,1,1.0,stratified_80_20
36359,0,0,0.0,stratified_80_20
36377,0,0,0.0,stratified_80_20
36389,0,0,0.0,stratified_80_20
36392,0,0,0.0,stratified_80_20
36396,1,1,1.0,stratified_80_20
36398,0,0,0.0,stratified_80_20
36401,1,1,1.0,stratified_80_20
36403,0,0,0.0,stratified_80_20
36404,1,1,1.0,stratified_80_20
36407,0,0,0.0,stratified_80_20
36408,0,0,0.0,stratified_80_20
36420,1,1,1.0,stratified_80_20
36423,0,0,0.0,stratified_80_20
36428,0,0,0.0,stratified_80_20
36429,1,1,1.0,stratified_80_20
36431,0,0,0.0,stratified_80_20
36444,0,0,0.0,stratified_80_20
36463,1,1,1.0,stratified_80_20
36467,0,0,0.0,stratified_80_20
36471,1,1,1.0,stratified_80_20
36475,0,0,0.0,stratified_80_20
36478,0,0,0.0,stratified_80_20
36483,0,0,0.0,stratified_80_20
36485,0,0,0.0,stratified_80_20
36488,1,1,1.0,stratified_80_20
36492,0,0,0.0,stratified_80_20
36493,0,0,0.0,stratified_80_20
36494,0,0,0.0,stratified_80_20
36502,0,0,0.0,stratified_80_20
36504,0,0,0.0,stratified_80_20
36506,0,0,0.0,stratified_80_20
36514,1,1,1.0,stratified_80_20
36523,0,0,0.0,stratified_80_20
36526,0,0,0.0,stratified_80_20
36530,0,0,0.0,stratified_80_20
36536,0,0,0.0,stratified_80_20
36545,0,0,0.0,stratified_80_20
36546,0,0,0.0,stratified_80_20
36550,0,0,0.0,stratified_80_20
36553,1,1,1.0,stratified_80_20
36555,0,0,0.0,stratified_80_20
36560,1,1,1.0,stratified_80_20
36562,0,0,0.0,stratified_80_20
36563,0,0,0.0,stratified_80_20
36564,0,0,0.0,stratified_80_20
36572,1,1,1.0,stratified_80_20
36577,0,0,0.0,stratified_80_20
36579,0,0,0.0,stratified_80_20
36580,1,1,1.0,stratified_80_20
36581,0,0,0.0,stratified_80_20
36585,0,0,0.0,stratified_80_20
36596,0,0,0.0,stratified_80_20
36598,0,0,0.0,stratified_80_20
36603,0,0,0.0,stratified_80_20
36608,1,1,1.0,stratified_80_20
36610,0,0,0.0,stratified_80_20
36622,0,0,0.0,stratified_80_20
36631,0,0,0.0,stratified_80_20
36634,0,0,0.0,stratified_80_20
36652,1,1,1.0,stratified_80_20
36655,0,0,0.0,stratified_80_20
36656,0,0,0.0,stratified_80_20
36657,0,0,0.0,stratified_80_20
36658,0,0,0.0,stratified_80_20
36662,0,0,0.0,stratified_80_20
36664,0,0,0.0,stratified_80_20
36666,0,0,0.0,stratified_80_20
36669,1,1,1.0,stratified_80_20
36672,0,0,0.0,stratified_80_20
36675,1,1,1.0,stratified_80_20
36685,0,0,0.0,stratified_80_20
36689,1,1,1.0,stratified_80_20
36694,0,0,0.0,stratified_80_20
36696,1,1,1.0,stratified_80_20
36699,0,0,0.0,stratified_80_20
36702,0,0,0.0,stratified_80_20
36707,0,0,0.0,stratified_80_20
36711,0,0,0.0,stratified_80_20
36725,0,0,0.0,stratified_80_20
36727,1,1,1.0,stratified_80_20
36736,0,0,0.0,stratified_80_20
36739,1,1,1.0,stratified_80_20
36740,0,0,0.0,stratified_80_20
36746,0,0,0.0,stratified_80_20
36752,0,0,0.0,stratified_80_20
36753,0,0,0.0,stratified_80_20
36765,1,1,1.0,stratified_80_20
36767,0,0,0.0,stratified_80_20
36768,1,1,1.0,stratified_80_20
36769,0,0,0.0,stratified_80_20
36770,0,0,0.0,stratified_80_20
36783,0,0,0.0,stratified_80_20
36792,0,0,0.0,stratified_80_20
36800,0,0,0.0,stratified_80_20
36814,0,0,0.0,stratified_80_20
36825,0,0,0.0,stratified_80_20
36827,0,0,0.0,stratified_80_20
36843,0,0,0.0,stratified_80_20
36844,0,0,0.0,stratified_80_20
36860,0,0,0.0,stratified_80_20
36863,0,0,0.0,stratified_80_20
36865,0,0,0.0,stratified_80_20
36869,0,0,0.0,stratified_80_20
36872,1,1,1.0,stratified_80_20
36874,1,1,1.0,stratified_80_20
36879,0,0,0.0,stratified_80_20
36880,0,0,0.0,stratified_80_20
36881,0,0,0.0,stratified_80_20
36882,0,0,0.0,stratified_80_20
36888,1,1,1.0,stratified_80_20
36891,0,0,0.0,stratified_80_20
36894,0,0,0.0,stratified_80_20
36899,1,1,1.0,stratified_80_20
36910,0,0,0.0,stratified_80_20
36912,0,0,0.0,stratified_80_20
36918,0,0,0.0,stratified_80_20
36923,0,0,0.0,stratified_80_20
36932,0,0,0.0,stratified_80_20
36940,0,0,0.0,stratified_80_20
36948,1,1,1.0,stratified_80_20
36949,0,0,0.0,stratified_80_20
36951,0,0,0.0,stratified_80_20
36961,0,0,0.0,stratified_80_20
36964,0,0,0.0,stratified_80_20
36968,0,0,0.0,stratified_80_20
36984,0,0,0.0,stratified_80_20
36985,0,0,0.0,stratified_80_20
36987,0,0,0.0,stratified_80_20
36989,0,0,0.0,stratified_80_20
36990,0,0,0.0,stratified_80_20
36998,0,0,0.0,stratified_80_20
37006,0,0,0.0,stratified_80_20
37011,0,0,0.0,stratified_80_20
37014,0,0,0.0,stratified_80_20
37028,0,0,0.0,stratified_80_20
37033,0,0,0.0,stratified_80_20
37036,0,0,0.0,stratified_80_20
37038,0,0,0.0,stratified_80_20
37043,0,0,0.0,stratified_80_20
37047,0,0,0.0,stratified_80_20
37053,0,0,0.0,stratified_80_20
37059,0,0,0.0,stratified_80_20
37065,0,0,0.0,stratified_80_20
37069,0,0,0.0,stratified_80_20
37071,0,0,0.0,stratified_80_20
37081,0,0,0.0,stratified_80_20
37082,0,0,0.0,stratified_80_20
37088,0,0,0.0,stratified_80_20
37095,0,0,0.0,stratified_80_20
37096,0,0,0.0,stratified_80_20
37097,0,0,0.0,stratified_80_20
37103,0,0,0.0,stratified_80_20
37107,0,0,0.0,stratified_80_20
37108,0,0,0.0,stratified_80_20
37113,0,0,0.0,stratified_80_20
37116,0,0,0.0,stratified_80_20
37128,0,0,0.0,stratified_80_20
37129,0,0,0.0,stratified_80_20
37135,0,0,0.0,stratified_80_20
37136,0,0,0.0,stratified_80_20
37140,0,0,0.0,stratified_80_20
37147,0,0,0.0,stratified_80_20
37150,0,0,0.0,stratified_80_20
37155,0,0,0.0,stratified_80_20
37158,0,0,0.0,stratified_80_20
37173,0,0,0.0,stratified_80_20
37181,0,0,0.0,stratified_80_20
37182,0,0,0.0,stratified_80_20
37199,0,0,0.0,stratified_80_20
37201,0,0,0.0,stratified_80_20
37214,0,0,0.0,stratified_80_20
37216,0,0,0.0,stratified_80_20
37221,0,0,0.0,stratified_80_20
37228,1,1,1.0,stratified_80_20
37230,1,1,1.0,stratified_80_20
37265,0,0,0.0,stratified_80_20
37266,0,0,0.0,stratified_80_20
37268,0,0,0.0,stratified_80_20
37269,0,0,0.0,stratified_80_20
37275,0,0,0.0,stratified_80_20
37281,0,0,0.0,stratified_80_20
37286,0,0,0.0,stratified_80_20
37288,0,0,0.0,stratified_80_20
37290,0,0,0.0,stratified_80_20
37296,0,0,0.0,stratified_80_20
37300,0,0,0.0,stratified_80_20
37301,0,0,0.0,stratified_80_20
37307,0,0,0.0,stratified_80_20
37308,0,0,0.0,stratified_80_20
37310,0,0,0.0,stratified_80_20
37311,0,0,0.0,stratified_80_20
37312,0,0,0.0,stratified_80_20
37323,0,0,0.0,stratified_80_20
37326,0,0,0.0,stratified_80_20
37328,0,0,0.0,stratified_80_20
37333,0,0,0.0,stratified_80_20
37334,0,0,0.0,stratified_80_20
37342,0,0,0.0,stratified_80_20
37356,0,0,0.0,stratified_80_20
37359,0,0,0.0,stratified_80_20
37361,0,0,0.0,stratified_80_20
37365,0,0,0.0,stratified_80_20
37374,0,0,0.0,stratified_80_20
37377,0,0,0.0,stratified_80_20
37378,0,0,0.0,stratified_80_20
37386,0,0,0.0,stratified_80_20
37391,0,0,0.0,stratified_80_20
37392,0,0,0.0,stratified_80_20
37393,0,0,0.0,stratified_80_20
37398,0,0,0.0,stratified_80_20
37403,0,0,0.0,stratified_80_20
37405,0,0,0.0,stratified_80_20
37412,0,0,0.0,stratified_80_20
37414,0,0,0.0,stratified_80_20
37415,0,0,0.0,stratified_80_20
37418,0,0,0.0,stratified_80_20
37420,0,0,0.0,stratified_80_20
37425,0,0,0.0,stratified_80_20
37436,0,0,0.0,stratified_80_20
37440,0,0,0.0,stratified_80_20
37442,0,0,0.0,stratified_80_20
37444,0,0,0.0,stratified_80_20
37448,0,0,0.0,stratified_80_20
37449,0,0,0.0,stratified_80_20
37452,0,0,0.0,stratified_80_20
37453,0,0,0.0,stratified_80_20
37459,0,0,0.0,stratified_80_20
37461,0,0,0.0,stratified_80_20
37467,0,0,0.0,stratified_80_20
37468,0,0,0.0,stratified_80_20
37477,0,0,0.0,stratified_80_20
37479,0,0,0.0,stratified_80_20
37487,0,0,0.0,stratified_80_20
37490,0,0,0.0,stratified_80_20
37496,0,0,0.0,stratified_80_20
37498,0,0,0.0,stratified_80_20
37500,0,0,0.0,stratified_80_20
37503,0,0,0.0,stratified_80_20
37512,0,0,0.0,stratified_80_20
37520,0,0,0.0,stratified_80_20
37531,0,0,0.0,stratified_80_20
37545,0,0,0.0,stratified_80_20
37548,0,0,0.0,stratified_80_20
37558,0,0,0.0,stratified_80_20
37564,0,0,0.0,stratified_80_20
37569,0,0,0.0,stratified_80_20
37575,0,0,0.0,stratified_80_20
37576,0,0,0.0,stratified_80_20
37579,0,0,0.0,stratified_80_20
37585,0,0,0.0,stratified_80_20
37587,0,0,0.0,stratified_80_20
37594,0,0,0.0,stratified_80_20
37599,0,0,0.0,stratified_80_20
37600,0,0,0.0,stratified_80_20
37611,0,0,0.0,stratified_80_20
37614,0,0,0.0,stratified_80_20
37615,0,0,0.0,stratified_80_20
37616,0,0,0.0,stratified_80_20
37617,0,0,0.0,stratified_80_20
37618,0,0,0.0,stratified_80_20
37622,0,0,0.0,stratified_80_20
37628,0,0,0.0,stratified_80_20
37630,0,0,0.0,stratified_80_20
37637,0,0,0.0,stratified_80_20
37639,0,0,0.0,stratified_80_20
37640,0,0,0.0,stratified_80_20
37641,0,0,0.0,stratified_80_20
37642,0,0,0.0,stratified_80_20
37654,0,0,0.0,stratified_80_20
37658,0,0,0.0,stratified_80_20
37661,0,0,0.0,stratified_80_20
37663,0,0,0.0,stratified_80_20
37664,0,0,0.0,stratified_80_20
37676,0,0,0.0,stratified_80_20
37683,0,0,0.0,stratified_80_20
37692,0,0,0.0,stratified_80_20
37702,0,0,0.0,stratified_80_20
37703,0,0,0.0,stratified_80_20
37708,0,0,0.0,stratified_80_20
37715,0,0,0.0,stratified_80_20
37718,0,0,0.0,stratified_80_20
37720,0,0,0.0,stratified_80_20
37722,0,0,0.0,stratified_80_20
37724,0,0,0.0,stratified_80_20
37726,0,0,0.0,stratified_80_20
37728,0,0,0.0,stratified_80_20
37738,0,0,0.0,stratified_80_20
37741,0,0,0.0,stratified_80_20
37746,0,0,0.0,stratified_80_20
37756,0,0,0.0,stratified_80_20
37762,0,0,0.0,stratified_80_20
37766,0,0,0.0,stratified_80_20
37769,0,0,0.0,stratified_80_20
37774,0,0,0.0,stratified_80_20
37776,0,0,0.0,stratified_80_20
37782,0,0,0.0,stratified_80_20
37784,0,0,0.0,stratified_80_20
37785,0,0,0.0,stratified_80_20
37786,0,0,0.0,stratified_80_20
37793,0,0,0.0,stratified_80_20
37811,0,0,0.0,stratified_80_20
37816,0,0,0.0,stratified_80_20
37834,0,0,0.0,stratified_80_20
37835,0,0,0.0,stratified_80_20
37840,0,0,0.0,stratified_80_20
37843,0,0,0.0,stratified_80_20
37847,0,0,0.0,stratified_80_20
37851,0,0,0.0,stratified_80_20
37853,0,0,0.0,stratified_80_20
37854,0,0,0.0,stratified_80_20
37863,0,0,0.0,stratified_80_20
37866,0,0,0.0,stratified_80_20
37874,0,0,0.0,stratified_80_20
37875,0,0,0.0,stratified_80_20
37876,0,0,0.0,stratified_80_20
37878,0,0,0.0,stratified_80_20
37881,0,0,0.0,stratified_80_20
37882,0,0,0.0,stratified_80_20
37884,0,0,0.0,stratified_80_20
37887,0,0,0.0,stratified_80_20
37892,0,0,0.0,stratified_80_20
37904,0,0,0.0,stratified_80_20
37906,0,0,0.0,stratified_80_20
37907,0,0,0.0,stratified_80_20
37909,0,0,0.0,stratified_80_20
37910,0,0,0.0,stratified_80_20
37916,0,0,0.0,stratified_80_20
37922,0,0,0.0,stratified_80_20
37927,0,0,0.0,stratified_80_20
37930,0,0,0.0,stratified_80_20
37931,0,0,0.0,stratified_80_20
37932,0,0,0.0,stratified_80_20
37933,0,0,0.0,stratified_80_20
37944,0,0,0.0,stratified_80_20
37953,0,0,0.0,stratified_80_20
37955,0,0,0.0,stratified_80_20
37960,0,0,0.0,stratified_80_20
37963,0,0,0.0,stratified_80_20
37966,0,0,0.0,stratified_80_20
37972,0,0,0.0,stratified_80_20
37989,0,0,0.0,stratified_80_20
37997,0,0,0.0,stratified_80_20
38004,0,0,0.0,stratified_80_20
38009,0,0,0.0,stratified_80_20
38010,0,0,0.0,stratified_80_20
38014,0,0,0.0,stratified_80_20
38016,0,0,0.0,stratified_80_20
38017,0,0,0.0,stratified_80_20
38026,0,0,0.0,stratified_80_20
38030,0,0,0.0,stratified_80_20
38035,0,0,0.0,stratified_80_20
38043,0,0,0.0,stratified_80_20
38044,0,0,0.0,stratified_80_20
38045,0,0,0.0,stratified_80_20
38052,0,0,0.0,stratified_80_20
38053,0,0,0.0,stratified_80_20
38064,0,0,0.0,stratified_80_20
38065,0,0,0.0,stratified_80_20
38067,0,0,0.0,stratified_80_20
38071,0,0,0.0,stratified_80_20
38073,0,0,0.0,stratified_80_20
38080,0,0,0.0,stratified_80_20
38081,0,0,0.0,stratified_80_20
38082,0,0,0.0,stratified_80_20
38093,0,0,0.0,stratified_80_20
38095,0,0,0.0,stratified_80_20
38100,0,0,0.0,stratified_80_20
38102,0,0,0.0,stratified_80_20
38106,0,0,0.0,stratified_80_20
38110,0,0,0.0,stratified_80_20
38114,0,0,0.0,stratified_80_20
38117,0,0,0.0,stratified_80_20
38121,0,0,0.0,stratified_80_20
38141,0,0,0.0,stratified_80_20
38142,0,0,0.0,stratified_80_20
38153,0,0,0.0,stratified_80_20
38155,0,0,0.0,stratified_80_20
38156,0,0,0.0,stratified_80_20
38159,0,0,0.0,stratified_80_20
38162,0,0,0.0,stratified_80_20
38168,0,0,0.0,stratified_80_20
38169,0,0,0.0,stratified_80_20
38171,0,0,0.0,stratified_80_20
38179,0,0,0.0,stratified_80_20
38183,0,0,0.0,stratified_80_20
38184,0,0,0.0,stratified_80_20
38190,0,0,0.0,stratified_80_20
38192,0,0,0.0,stratified_80_20
38208,0,0,0.0,stratified_80_20
38213,0,0,0.0,stratified_80_20
38215,0,0,0.0,stratified_80_20
38225,0,0,0.0,stratified_80_20
38227,0,0,0.0,stratified_80_20
38229,0,0,0.0,stratified_80_20
38231,0,0,0.0,stratified_80_20
38243,0,0,0.0,stratified_80_20
38248,0,0,0.0,stratified_80_20
38251,0,0,0.0,stratified_80_20
38254,0,0,0.0,stratified_80_20
38257,0,0,0.0,stratified_80_20
38259,0,0,0.0,stratified_80_20
38263,0,0,0.0,stratified_80_20
38285,0,0,0.0,stratified_80_20
38286,0,0,0.0,stratified_80_20
38304,0,0,0.0,stratified_80_20
38312,0,0,0.0,stratified_80_20
38317,0,0,0.0,stratified_80_20
38320,0,0,0.0,stratified_80_20
38323,0,0,0.0,stratified_80_20
38327,0,0,0.0,stratified_80_20
38335,0,0,0.0,stratified_80_20
38349,0,0,0.0,stratified_80_20
38358,0,0,0.0,stratified_80_20
38368,0,0,0.0,stratified_80_20
38371,0,0,0.0,stratified_80_20
38373,0,0,0.0,stratified_80_20
38384,0,0,0.0,stratified_80_20
38389,0,0,0.0,stratified_80_20
38392,0,0,0.0,stratified_80_20
38395,0,0,0.0,stratified_80_20
38401,0,0,0.0,stratified_80_20
38404,0,0,0.0,stratified_80_20
38410,0,0,0.0,stratified_80_20
38417,0,0,0.0,stratified_80_20
38418,0,0,0.0,stratified_80_20
38420,0,0,0.0,stratified_80_20
38433,0,0,0.0,stratified_80_20
38434,0,0,0.0,stratified_80_20
38442,0,0,0.0,stratified_80_20
38444,0,0,0.0,stratified_80_20
38445,0,0,0.0,stratified_80_20
38448,0,0,0.0,stratified_80_20
38456,0,0,0.0,stratified_80_20
38458,0,0,0.0,stratified_80_20
38459,0,0,0.0,stratified_80_20
38462,0,0,0.0,stratified_80_20
38469,0,0,0.0,stratified_80_20
38470,0,0,0.0,stratified_80_20
38471,0,0,0.0,stratified_80_20
38485,0,0,0.0,stratified_80_20
38497,0,0,0.0,stratified_80_20
38499,0,0,0.0,stratified_80_20
38500,0,0,0.0,stratified_80_20
38501,0,0,0.0,stratified_80_20
38503,0,0,0.0,stratified_80_20
38505,0,0,0.0,stratified_80_20
38506,0,0,0.0,stratified_80_20
38508,0,0,0.0,stratified_80_20
38509,0,0,0.0,stratified_80_20
38512,0,0,0.0,stratified_80_20
38514,0,0,0.0,stratified_80_20
38522,0,0,0.0,stratified_80_20
38533,0,0,0.0,stratified_80_20
38536,0,0,0.0,stratified_80_20
38537,0,0,0.0,stratified_80_20
38542,0,0,0.0,stratified_80_20
38555,0,0,0.0,stratified_80_20
38556,0,0,0.0,stratified_80_20
38567,0,0,0.0,stratified_80_20
38575,0,0,0.0,stratified_80_20
38578,0,0,0.0,stratified_80_20
38580,0,0,0.0,stratified_80_20
38581,0,0,0.0,stratified_80_20
38586,0,0,0.0,stratified_80_20
38587,0,0,0.0,stratified_80_20
38601,0,0,0.0,stratified_80_20
38602,0,0,0.0,stratified_80_20
38603,0,0,0.0,stratified_80_20
38604,0,0,0.0,stratified_80_20
38608,0,0,0.0,stratified_80_20
38618,0,0,0.0,stratified_80_20
38621,0,0,0.0,stratified_80_20
38626,0,0,0.0,stratified_80_20
38628,0,0,0.0,stratified_80_20
38629,0,0,0.0,stratified_80_20
38632,0,0,0.0,stratified_80_20
38633,0,0,0.0,stratified_80_20
38635,0,0,0.0,stratified_80_20
38644,0,0,0.0,stratified_80_20
38650,0,0,0.0,stratified_80_20
38654,0,0,0.0,stratified_80_20
38657,0,0,0.0,stratified_80_20
38662,0,0,0.0,stratified_80_20
38681,0,0,0.0,stratified_80_20
38684,0,0,0.0,stratified_80_20
38693,0,0,0.0,stratified_80_20
38694,0,0,0.0,stratified_80_20
38699,0,0,0.0,stratified_80_20
38703,0,0,0.0,stratified_80_20
38711,0,0,0.0,stratified_80_20
38713,0,0,0.0,stratified_80_20
38735,0,0,0.0,stratified_80_20
38749,0,0,0.0,stratified_80_20
38750,0,0,0.0,stratified_80_20
38751,0,0,0.0,stratified_80_20
38757,0,0,0.0,stratified_80_20
38760,0,0,0.0,stratified_80_20
38761,0,0,0.0,stratified_80_20
38763,0,0,0.0,stratified_80_20
38765,0,0,0.0,stratified_80_20
38771,0,0,0.0,stratified_80_20
38774,0,0,0.0,stratified_80_20
38786,0,0,0.0,stratified_80_20
38788,0,0,0.0,stratified_80_20
38789,0,0,0.0,stratified_80_20
38792,0,0,0.0,stratified_80_20
38794,0,0,0.0,stratified_80_20
38799,0,0,0.0,stratified_80_20
38815,0,0,0.0,stratified_80_20
38820,0,0,0.0,stratified_80_20
38821,0,0,0.0,stratified_80_20
38826,0,0,0.0,stratified_80_20
38836,0,0,0.0,stratified_80_20
38841,0,0,0.0,stratified_80_20
38842,0,0,0.0,stratified_80_20
38850,0,0,0.0,stratified_80_20
38852,0,0,0.0,stratified_80_20
38860,0,0,0.0,stratified_80_20
38865,0,0,0.0,stratified_80_20
38867,0,0,0.0,stratified_80_20
38868,0,0,0.0,stratified_80_20
38873,0,0,0.0,stratified_80_20
38878,0,0,0.0,stratified_80_20
38883,0,0,0.0,stratified_80_20
38889,0,0,0.0,stratified_80_20
38891,0,0,0.0,stratified_80_20
38894,0,0,0.0,stratified_80_20
38897,0,0,0.0,stratified_80_20
38905,0,0,0.0,stratified_80_20
38906,0,0,0.0,stratified_80_20
38919,0,0,0.0,stratified_80_20
38929,0,0,0.0,stratified_80_20
38943,0,0,0.0,stratified_80_20
38952,0,0,0.0,stratified_80_20
38958,0,0,0.0,stratified_80_20
38959,0,0,0.0,stratified_80_20
38965,0,0,0.0,stratified_80_20
38967,0,0,0.0,stratified_80_20
38985,0,0,0.0,stratified_80_20
38989,0,0,0.0,stratified_80_20
38992,0,0,0.0,stratified_80_20
38996,0,0,0.0,stratified_80_20
39001,0,0,0.0,stratified_80_20
39002,0,0,0.0,stratified_80_20
39003,0,0,0.0,stratified_80_20
39011,0,0,0.0,stratified_80_20
39019,0,0,0.0,stratified_80_20
39020,0,0,0.0,stratified_80_20
39022,0,0,0.0,stratified_80_20
39025,0,0,0.0,stratified_80_20
39029,0,0,0.0,stratified_80_20
39030,0,0,0.0,stratified_80_20
39034,0,0,0.0,stratified_80_20
39038,0,0,0.0,stratified_80_20
39047,0,0,0.0,stratified_80_20
39050,0,0,0.0,stratified_80_20
39064,0,0,0.0,stratified_80_20
39071,0,0,0.0,stratified_80_20
39073,0,0,0.0,stratified_80_20
39075,0,0,0.0,stratified_80_20
39076,0,0,0.0,stratified_80_20
39077,0,0,0.0,stratified_80_20
39079,0,0,0.0,stratified_80_20
39083,0,0,0.0,stratified_80_20
39090,0,0,0.0,stratified_80_20
39103,0,0,0.0,stratified_80_20
39104,0,0,0.0,stratified_80_20
39107,0,0,0.0,stratified_80_20
39111,0,0,0.0,stratified_80_20
39112,0,0,0.0,stratified_80_20
39114,0,0,0.0,stratified_80_20
39116,0,0,0.0,stratified_80_20
39118,0,0,0.0,stratified_80_20
39126,0,0,0.0,stratified_80_20
39127,0,0,0.0,stratified_80_20
39128,0,0,0.0,stratified_80_20
39132,0,0,0.0,stratified_80_20
39134,0,0,0.0,stratified_80_20
39139,0,0,0.0,stratified_80_20
39143,0,0,0.0,stratified_80_20
39145,0,0,0.0,stratified_80_20
39156,0,0,0.0,stratified_80_20
39157,0,0,0.0,stratified_80_20
39177,0,0,0.0,stratified_80_20
39182,0,0,0.0,stratified_80_20
39184,0,0,0.0,stratified_80_20
39185,0,0,0.0,stratified_80_20
39188,0,0,0.0,stratified_80_20
39191,0,0,0.0,stratified_80_20
39194,0,0,0.0,stratified_80_20
39195,0,0,0.0,stratified_80_20
39197,0,0,0.0,stratified_80_20
39206,0,0,0.0,stratified_80_20
39207,0,0,0.0,stratified_80_20
39208,0,0,0.0,stratified_80_20
39210,0,0,0.0,stratified_80_20
39212,0,0,0.0,stratified_80_20
39213,0,0,0.0,stratified_80_20
39218,0,0,0.0,stratified_80_20
39222,0,0,0.0,stratified_80_20
39223,0,0,0.0,stratified_80_20
39225,0,0,0.0,stratified_80_20
39231,0,0,0.0,stratified_80_20
39233,0,0,0.0,stratified_80_20
39243,0,0,0.0,stratified_80_20
39247,0,0,0.0,stratified_80_20
39252,0,0,0.0,stratified_80_20
39255,0,0,0.0,stratified_80_20
39267,0,0,0.0,stratified_80_20
39273,0,0,0.0,stratified_80_20
39285,0,0,0.0,stratified_80_20
39294,0,0,0.0,stratified_80_20
39331,0,0,0.0,stratified_80_20
39333,0,0,0.0,stratified_80_20
39357,0,0,0.0,stratified_80_20
39359,0,0,0.0,stratified_80_20
39363,0,0,0.0,stratified_80_20
39371,0,0,0.0,stratified_80_20
39372,0,0,0.0,stratified_80_20
39374,0,0,0.0,stratified_80_20
39376,0,0,0.0,stratified_80_20
39379,0,0,0.0,stratified_80_20
39382,0,0,0.0,stratified_80_20
39387,0,0,0.0,stratified_80_20
39391,0,0,0.0,stratified_80_20
39395,0,0,0.0,stratified_80_20
39399,0,0,0.0,stratified_80_20
39405,0,0,0.0,stratified_80_20
39411,0,0,0.0,stratified_80_20
39413,0,0,0.0,stratified_80_20
39416,0,0,0.0,stratified_80_20
39417,0,0,0.0,stratified_80_20
39419,0,0,0.0,stratified_80_20
39424,0,0,0.0,stratified_80_20
39427,0,0,0.0,stratified_80_20
39434,0,0,0.0,stratified_80_20
39436,0,0,0.0,stratified_80_20
39441,0,0,0.0,stratified_80_20
39456,0,0,0.0,stratified_80_20
39459,0,0,0.0,stratified_80_20
39461,0,0,0.0,stratified_80_20
39466,0,0,0.0,stratified_80_20
39467,0,0,0.0,stratified_80_20
39470,0,0,0.0,stratified_80_20
39476,0,0,0.0,stratified_80_20
39479,0,0,0.0,stratified_80_20
39484,0,0,0.0,stratified_80_20
39495,0,0,0.0,stratified_80_20
39496,0,0,0.0,stratified_80_20
39498,0,0,0.0,stratified_80_20
39501,0,0,0.0,stratified_80_20
39504,0,0,0.0,stratified_80_20
39508,0,0,0.0,stratified_80_20
39515,0,0,0.0,stratified_80_20
39525,0,0,0.0,stratified_80_20
39527,0,0,0.0,stratified_80_20
39531,0,0,0.0,stratified_80_20
39533,0,0,0.0,stratified_80_20
39543,0,0,0.0,stratified_80_20
39546,0,0,0.0,stratified_80_20
39551,0,0,0.0,stratified_80_20
39557,0,0,0.0,stratified_80_20
39558,0,0,0.0,stratified_80_20
39565,0,0,0.0,stratified_80_20
39575,0,0,0.0,stratified_80_20
39579,0,0,0.0,stratified_80_20
39580,0,0,0.0,stratified_80_20
39583,0,0,0.0,stratified_80_20
39584,0,0,0.0,stratified_80_20
39585,0,0,0.0,stratified_80_20
39588,0,0,0.0,stratified_80_20
39590,0,0,0.0,stratified_80_20
39594,0,0,0.0,stratified_80_20
39596,0,0,0.0,stratified_80_20
39604,0,0,0.0,stratified_80_20
39630,0,0,0.0,stratified_80_20
39634,0,0,0.0,stratified_80_20
39645,0,0,0.0,stratified_80_20
39658,0,0,0.0,stratified_80_20
39660,0,0,0.0,stratified_80_20
39662,0,0,0.0,stratified_80_20
39663,0,0,0.0,stratified_80_20
39665,0,0,0.0,stratified_80_20
39670,0,0,0.0,stratified_80_20
39677,0,0,0.0,stratified_80_20
39680,0,0,0.0,stratified_80_20
39686,0,0,0.0,stratified_80_20
39688,0,0,0.0,stratified_80_20
39691,0,0,0.0,stratified_80_20
39692,0,0,0.0,stratified_80_20
39693,0,0,0.0,stratified_80_20
39694,0,0,0.0,stratified_80_20
39707,0,0,0.0,stratified_80_20
39711,0,0,0.0,stratified_80_20
39715,0,0,0.0,stratified_80_20
39717,0,0,0.0,stratified_80_20
39722,0,0,0.0,stratified_80_20
39726,0,0,0.0,stratified_80_20
39729,0,0,0.0,stratified_80_20
39730,0,0,0.0,stratified_80_20
39733,0,0,0.0,stratified_80_20
39750,0,0,0.0,stratified_80_20
39751,0,0,0.0,stratified_80_20
39765,0,0,0.0,stratified_80_20
39777,0,0,0.0,stratified_80_20
39779,0,0,0.0,stratified_80_20
39782,0,0,0.0,stratified_80_20
39789,0,0,0.0,stratified_80_20
39792,0,0,0.0,stratified_80_20
39800,0,0,0.0,stratified_80_20
39801,0,0,0.0,stratified_80_20
39806,0,0,0.0,stratified_80_20
39807,0,0,0.0,stratified_80_20
39808,0,0,0.0,stratified_80_20
39811,0,0,0.0,stratified_80_20
39813,0,0,0.0,stratified_80_20
39818,0,0,0.0,stratified_80_20
39823,0,0,0.0,stratified_80_20
39835,0,0,0.0,stratified_80_20
39836,0,0,0.0,stratified_80_20
39845,0,0,0.0,stratified_80_20
39853,0,0,0.0,stratified_80_20
39862,0,0,0.0,stratified_80_20
39866,0,0,0.0,stratified_80_20
39873,0,0,0.0,stratified_80_20
39877,0,0,0.0,stratified_80_20
39879,0,0,0.0,stratified_80_20
39905,0,0,0.0,stratified_80_20
39906,0,0,0.0,stratified_80_20
39918,0,0,0.0,stratified_80_20
39927,0,0,0.0,stratified_80_20
39928,0,0,0.0,stratified_80_20
39934,0,0,0.0,stratified_80_20
39953,0,0,0.0,stratified_80_20
39956,0,0,0.0,stratified_80_20
39957,0,0,0.0,stratified_80_20
39959,0,0,0.0,stratified_80_20
39964,0,0,0.0,stratified_80_20
39968,0,0,0.0,stratified_80_20
39972,0,0,0.0,stratified_80_20
39978,0,0,0.0,stratified_80_20
39981,0,0,0.0,stratified_80_20
39987,0,0,0.0,stratified_80_20
39988,0,0,0.0,stratified_80_20
39999,0,0,0.0,stratified_80_20
40008,0,0,0.0,stratified_80_20
40016,0,0,0.0,stratified_80_20
40018,0,0,0.0,stratified_80_20
40030,0,0,0.0,stratified_80_20
40038,0,0,0.0,stratified_80_20
40039,0,0,0.0,stratified_80_20
40043,0,0,0.0,stratified_80_20
40046,0,0,0.0,stratified_80_20
40048,0,0,0.0,stratified_80_20
40050,0,0,0.0,stratified_80_20
40056,0,0,0.0,stratified_80_20
40057,0,0,0.0,stratified_80_20
40065,0,0,0.0,stratified_80_20
40075,0,0,0.0,stratified_80_20
40084,0,0,0.0,stratified_80_20
40085,0,0,0.0,stratified_80_20
40088,0,0,0.0,stratified_80_20
40105,0,0,0.0,stratified_80_20
40110,0,0,0.0,stratified_80_20
40115,0,0,0.0,stratified_80_20
40120,0,0,0.0,stratified_80_20
40130,0,0,0.0,stratified_80_20
40131,0,0,0.0,stratified_80_20
40133,0,0,0.0,stratified_80_20
40138,0,0,0.0,stratified_80_20
40149,0,0,0.0,stratified_80_20
40150,0,0,0.0,stratified_80_20
40163,0,0,0.0,stratified_80_20
40174,0,0,0.0,stratified_80_20
40182,0,0,0.0,stratified_80_20
40184,0,0,0.0,stratified_80_20
40194,0,0,0.0,stratified_80_20
40207,0,0,0.0,stratified_80_20
40221,0,0,0.0,stratified_80_20
40224,0,0,0.0,stratified_80_20
40225,0,0,0.0,stratified_80_20
40233,0,0,0.0,stratified_80_20
40237,0,0,0.0,stratified_80_20
40242,0,0,0.0,stratified_80_20
40246,0,0,0.0,stratified_80_20
40254,0,0,0.0,stratified_80_20
40256,0,0,0.0,stratified_80_20
40263,0,0,0.0,stratified_80_20
40264,0,0,0.0,stratified_80_20
40265,0,0,0.0,stratified_80_20
40266,0,0,0.0,stratified_80_20
40267,0,0,0.0,stratified_80_20
40275,0,0,0.0,stratified_80_20
40300,0,0,0.0,stratified_80_20
40309,0,0,0.0,stratified_80_20
40316,0,0,0.0,stratified_80_20
40317,0,0,0.0,stratified_80_20
40322,0,0,0.0,stratified_80_20
40326,0,0,0.0,stratified_80_20
40330,0,0,0.0,stratified_80_20
40338,0,0,0.0,stratified_80_20
40342,0,0,0.0,stratified_80_20
40353,0,0,0.0,stratified_80_20
40354,0,0,0.0,stratified_80_20
40355,0,0,0.0,stratified_80_20
40356,0,0,0.0,stratified_80_20
40361,0,0,0.0,stratified_80_20
40368,0,0,0.0,stratified_80_20
40371,0,0,0.0,stratified_80_20
40378,0,0,0.0,stratified_80_20
40379,0,0,0.0,stratified_80_20
40380,0,0,0.0,stratified_80_20
40384,0,0,0.0,stratified_80_20
40399,0,0,0.0,stratified_80_20
40400,0,0,0.0,stratified_80_20
40401,0,0,0.0,stratified_80_20
40409,0,0,0.0,stratified_80_20
40414,0,0,0.0,stratified_80_20
40422,0,0,0.0,stratified_80_20
40427,0,0,0.0,stratified_80_20
40430,0,0,0.0,stratified_80_20
40435,0,0,0.0,stratified_80_20
40436,0,0,0.0,stratified_80_20
40448,0,0,0.0,stratified_80_20
40452,0,0,0.0,stratified_80_20
40463,0,0,0.0,stratified_80_20
40465,0,0,0.0,stratified_80_20
40468,0,0,0.0,stratified_80_20
40473,0,0,0.0,stratified_80_20
40478,0,0,0.0,stratified_80_20
40484,0,0,0.0,stratified_80_20
40485,0,0,0.0,stratified_80_20
40490,0,0,0.0,stratified_80_20
40493,0,0,0.0,stratified_80_20
40496,0,0,0.0,stratified_80_20
40497,0,0,0.0,stratified_80_20
40507,0,0,0.0,stratified_80_20
40509,0,0,0.0,stratified_80_20
40512,0,0,0.0,stratified_80_20
40517,0,0,0.0,stratified_80_20
40518,0,0,0.0,stratified_80_20
40522,0,0,0.0,stratified_80_20
40525,0,0,0.0,stratified_80_20
40527,0,0,0.0,stratified_80_20
40530,0,0,0.0,stratified_80_20
40533,0,0,0.0,stratified_80_20
40538,0,0,0.0,stratified_80_20
40543,0,0,0.0,stratified_80_20
40546,0,0,0.0,stratified_80_20
40548,0,0,0.0,stratified_80_20
40559,0,0,0.0,stratified_80_20
40561,0,0,0.0,stratified_80_20
40568,0,0,0.0,stratified_80_20
40570,0,0,0.0,stratified_80_20
40571,0,0,0.0,stratified_80_20
40575,0,0,0.0,stratified_80_20
40583,0,0,0.0,stratified_80_20
40599,0,0,0.0,stratified_80_20
40600,0,0,0.0,stratified_80_20
40610,0,0,0.0,stratified_80_20
40613,0,0,0.0,stratified_80_20
40618,0,0,0.0,stratified_80_20
40623,0,0,0.0,stratified_80_20
40632,0,0,0.0,stratified_80_20
40635,0,0,0.0,stratified_80_20
40637,0,0,0.0,stratified_80_20
40638,0,0,0.0,stratified_80_20
40651,0,0,0.0,stratified_80_20
40653,0,0,0.0,stratified_80_20
40655,0,0,0.0,stratified_80_20
40656,0,0,0.0,stratified_80_20
40657,0,0,0.0,stratified_80_20
40660,0,0,0.0,stratified_80_20
40662,0,0,0.0,stratified_80_20
40664,0,0,0.0,stratified_80_20
40676,0,0,0.0,stratified_80_20
40679,0,0,0.0,stratified_80_20
40681,0,0,0.0,stratified_80_20
40682,0,0,0.0,stratified_80_20
40683,0,0,0.0,stratified_80_20
40686,0,0,0.0,stratified_80_20
40687,0,0,0.0,stratified_80_20
40690,0,0,0.0,stratified_80_20
40692,0,0,0.0,stratified_80_20
40694,0,0,0.0,stratified_80_20
40709,0,0,0.0,stratified_80_20
40710,0,0,0.0,stratified_80_20
40712,0,0,0.0,stratified_80_20
40719,0,0,0.0,stratified_80_20
40723,0,0,0.0,stratified_80_20
40726,0,0,0.0,stratified_80_20
40729,0,0,0.0,stratified_80_20
40744,0,0,0.0,stratified_80_20
40749,0,0,0.0,stratified_80_20
40757,0,0,0.0,stratified_80_20
40777,0,0,0.0,stratified_80_20
40778,0,0,0.0,stratified_80_20
40787,0,0,0.0,stratified_80_20
40796,0,0,0.0,stratified_80_20
40797,0,0,0.0,stratified_80_20
40800,0,0,0.0,stratified_80_20
40801,0,0,0.0,stratified_80_20
40802,0,0,0.0,stratified_80_20
40807,0,0,0.0,stratified_80_20
40808,0,0,0.0,stratified_80_20
40812,0,0,0.0,stratified_80_20
40815,0,0,0.0,stratified_80_20
40817,0,0,0.0,stratified_80_20
40828,0,0,0.0,stratified_80_20
40829,0,0,0.0,stratified_80_20
40833,0,0,0.0,stratified_80_20
40847,0,0,0.0,stratified_80_20
40855,0,0,0.0,stratified_80_20
40861,0,0,0.0,stratified_80_20
40871,0,0,0.0,stratified_80_20
40873,0,0,0.0,stratified_80_20
40876,0,0,0.0,stratified_80_20
40888,0,0,0.0,stratified_80_20
40896,0,0,0.0,stratified_80_20
40907,0,0,0.0,stratified_80_20
40914,0,0,0.0,stratified_80_20
40915,0,0,0.0,stratified_80_20
40920,0,0,0.0,stratified_80_20
40927,0,0,0.0,stratified_80_20
40937,0,0,0.0,stratified_80_20
40952,0,0,0.0,stratified_80_20
40961,0,0,0.0,stratified_80_20
40964,0,0,0.0,stratified_80_20
40971,0,0,0.0,stratified_80_20
40981,0,0,0.0,stratified_80_20
40985,0,0,0.0,stratified_80_20
40987,0,0,0.0,stratified_80_20
41014,0,0,0.0,stratified_80_20
41017,0,0,0.0,stratified_80_20
41022,0,0,0.0,stratified_80_20
41025,0,0,0.0,stratified_80_20
41026,0,0,0.0,stratified_80_20
41033,0,0,0.0,stratified_80_20
41036,0,0,0.0,stratified_80_20
41039,0,0,0.0,stratified_80_20
41047,0,0,0.0,stratified_80_20
41048,0,0,0.0,stratified_80_20
41050,0,0,0.0,stratified_80_20
41051,0,0,0.0,stratified_80_20
41053,0,0,0.0,stratified_80_20
41059,0,0,0.0,stratified_80_20
41060,0,0,0.0,stratified_80_20
41061,0,0,0.0,stratified_80_20
41064,0,0,0.0,stratified_80_20
41069,0,0,0.0,stratified_80_20
41070,0,0,0.0,stratified_80_20
41078,0,0,0.0,stratified_80_20
41081,0,0,0.0,stratified_80_20
41087,0,0,0.0,stratified_80_20
41091,0,0,0.0,stratified_80_20
41092,0,0,0.0,stratified_80_20
41103,0,0,0.0,stratified_80_20
41105,0,0,0.0,stratified_80_20
41108,0,0,0.0,stratified_80_20
41116,0,0,0.0,stratified_80_20
41118,0,0,0.0,stratified_80_20
41119,0,0,0.0,stratified_80_20
41121,0,0,0.0,stratified_80_20
41124,0,0,0.0,stratified_80_20
41135,0,0,0.0,stratified_80_20
41142,0,0,0.0,stratified_80_20
41157,0,0,0.0,stratified_80_20
41159,0,0,0.0,stratified_80_20
41169,0,0,0.0,stratified_80_20
41174,0,0,0.0,stratified_80_20
41178,0,0,0.0,stratified_80_20
41182,0,0,0.0,stratified_80_20
41183,0,0,0.0,stratified_80_20
41200,0,0,0.0,stratified_80_20
41201,0,0,0.0,stratified_80_20
41203,0,0,0.0,stratified_80_20
41210,0,0,0.0,stratified_80_20
41212,0,0,0.0,stratified_80_20
41230,0,0,0.0,stratified_80_20
41235,0,0,0.0,stratified_80_20
41243,0,0,0.0,stratified_80_20
41253,0,0,0.0,stratified_80_20
41254,0,0,0.0,stratified_80_20
41257,0,0,0.0,stratified_80_20
41258,0,0,0.0,stratified_80_20
41270,0,0,0.0,stratified_80_20
41277,0,0,0.0,stratified_80_20
41287,0,0,0.0,stratified_80_20
41289,0,0,0.0,stratified_80_20
41291,0,0,0.0,stratified_80_20
41300,0,0,0.0,stratified_80_20
41302,0,0,0.0,stratified_80_20
41303,0,0,0.0,stratified_80_20
41317,0,0,0.0,stratified_80_20
41318,0,0,0.0,stratified_80_20
41326,0,0,0.0,stratified_80_20
41327,0,0,0.0,stratified_80_20
41331,0,0,0.0,stratified_80_20
41336,0,0,0.0,stratified_80_20
41341,0,0,0.0,stratified_80_20
41347,0,0,0.0,stratified_80_20
41355,0,0,0.0,stratified_80_20
41357,0,0,0.0,stratified_80_20
41358,0,0,0.0,stratified_80_20
41360,0,0,0.0,stratified_80_20
41365,0,0,0.0,stratified_80_20
41370,0,0,0.0,stratified_80_20
41375,0,0,0.0,stratified_80_20
41390,0,0,0.0,stratified_80_20
41394,0,0,0.0,stratified_80_20
41406,0,0,0.0,stratified_80_20
41407,0,0,0.0,stratified_80_20
41409,0,0,0.0,stratified_80_20
41411,0,0,0.0,stratified_80_20
41413,0,0,0.0,stratified_80_20
41423,0,0,0.0,stratified_80_20
41430,0,0,0.0,stratified_80_20
41438,0,0,0.0,stratified_80_20
41440,0,0,0.0,stratified_80_20
41442,0,0,0.0,stratified_80_20
41448,0,0,0.0,stratified_80_20
41451,0,0,0.0,stratified_80_20
41452,0,0,0.0,stratified_80_20
41461,0,0,0.0,stratified_80_20
41472,0,0,0.0,stratified_80_20
41480,0,0,0.0,stratified_80_20
41483,0,0,0.0,stratified_80_20
41504,0,0,0.0,stratified_80_20
41515,0,0,0.0,stratified_80_20
41517,0,0,0.0,stratified_80_20
41518,0,0,0.0,stratified_80_20
41521,0,0,0.0,stratified_80_20
41522,0,0,0.0,stratified_80_20
41523,0,0,0.0,stratified_80_20
41524,0,0,0.0,stratified_80_20
41526,0,0,0.0,stratified_80_20
41528,0,0,0.0,stratified_80_20
41533,0,0,0.0,stratified_80_20
41538,0,0,0.0,stratified_80_20
41547,0,0,0.0,stratified_80_20
41548,0,0,0.0,stratified_80_20
41550,0,0,0.0,stratified_80_20
41554,0,0,0.0,stratified_80_20
41562,0,0,0.0,stratified_80_20
41577,0,0,0.0,stratified_80_20
41578,0,0,0.0,stratified_80_20
41583,0,0,0.0,stratified_80_20
41589,0,0,0.0,stratified_80_20
41592,0,0,0.0,stratified_80_20
41593,0,0,0.0,stratified_80_20
41599,0,0,0.0,stratified_80_20
41601,0,0,0.0,stratified_80_20
41612,0,0,0.0,stratified_80_20
41614,0,0,0.0,stratified_80_20
41623,0,0,0.0,stratified_80_20
41625,0,0,0.0,stratified_80_20
41634,0,0,0.0,stratified_80_20
41635,0,0,0.0,stratified_80_20
41656,0,0,0.0,stratified_80_20
41659,0,0,0.0,stratified_80_20
41660,0,0,0.0,stratified_80_20
41668,0,0,0.0,stratified_80_20
41671,0,0,0.0,stratified_80_20
41673,0,0,0.0,stratified_80_20
41675,0,0,0.0,stratified_80_20
41678,0,0,0.0,stratified_80_20
41682,0,0,0.0,stratified_80_20
41689,0,0,0.0,stratified_80_20
41698,0,0,0.0,stratified_80_20
41708,0,0,0.0,stratified_80_20
41711,0,0,0.0,stratified_80_20
41717,0,0,0.0,stratified_80_20
41718,0,0,0.0,stratified_80_20
41719,0,0,0.0,stratified_80_20
41720,0,0,0.0,stratified_80_20
41723,0,0,0.0,stratified_80_20
41733,0,0,0.0,stratified_80_20
41751,0,0,0.0,stratified_80_20
41762,0,0,0.0,stratified_80_20
41771,0,0,0.0,stratified_80_20
41785,0,0,0.0,stratified_80_20
41790,0,0,0.0,stratified_80_20
41795,0,0,0.0,stratified_80_20
41799,0,0,0.0,stratified_80_20
41803,0,0,0.0,stratified_80_20
41814,0,0,0.0,stratified_80_20
41817,0,0,0.0,stratified_80_20
41819,0,0,0.0,stratified_80_20
41827,0,0,0.0,stratified_80_20
41828,0,0,0.0,stratified_80_20
41832,0,0,0.0,stratified_80_20
41842,0,0,0.0,stratified_80_20
41854,0,0,0.0,stratified_80_20
41856,0,0,0.0,stratified_80_20
41863,0,0,0.0,stratified_80_20
41869,0,0,0.0,stratified_80_20
41874,0,0,0.0,stratified_80_20
41876,0,0,0.0,stratified_80_20
41877,0,0,0.0,stratified_80_20
41879,0,0,0.0,stratified_80_20
41898,0,0,0.0,stratified_80_20
41903,0,0,0.0,stratified_80_20
41912,0,0,0.0,stratified_80_20
41916,0,0,0.0,stratified_80_20
41919,0,0,0.0,stratified_80_20
41924,0,0,0.0,stratified_80_20
41932,0,0,0.0,stratified_80_20
41946,0,0,0.0,stratified_80_20
41947,0,0,0.0,stratified_80_20
41952,0,0,0.0,stratified_80_20
41954,0,0,0.0,stratified_80_20
41956,0,0,0.0,stratified_80_20
41964,0,0,0.0,stratified_80_20
41967,0,0,0.0,stratified_80_20
41971,0,0,0.0,stratified_80_20
41976,0,0,0.0,stratified_80_20
41977,0,0,0.0,stratified_80_20
41985,0,0,0.0,stratified_80_20
42000,0,0,0.0,stratified_80_20
42001,0,0,0.0,stratified_80_20
42007,0,0,0.0,stratified_80_20
42009,0,0,0.0,stratified_80_20
42014,0,0,0.0,stratified_80_20
42016,0,0,0.0,stratified_80_20
42019,0,0,0.0,stratified_80_20
42029,0,0,0.0,stratified_80_20
42030,0,0,0.0,stratified_80_20
42032,0,0,0.0,stratified_80_20
42034,0,0,0.0,stratified_80_20
42036,0,0,0.0,stratified_80_20
42047,0,0,0.0,stratified_80_20
42051,0,0,0.0,stratified_80_20
42055,0,0,0.0,stratified_80_20
42057,0,0,0.0,stratified_80_20
42058,0,0,0.0,stratified_80_20
42062,0,0,0.0,stratified_80_20
42065,0,0,0.0,stratified_80_20
42072,0,0,0.0,stratified_80_20
42073,0,0,0.0,stratified_80_20
42077,0,0,0.0,stratified_80_20
42078,0,0,0.0,stratified_80_20
42085,0,0,0.0,stratified_80_20
42093,0,0,0.0,stratified_80_20
42104,0,0,0.0,stratified_80_20
42110,0,0,0.0,stratified_80_20
42115,0,0,0.0,stratified_80_20
42121,0,0,0.0,stratified_80_20
42129,0,0,0.0,stratified_80_20
42132,0,0,0.0,stratified_80_20
42143,0,0,0.0,stratified_80_20
42144,0,0,0.0,stratified_80_20
42145,0,0,0.0,stratified_80_20
42151,0,0,0.0,stratified_80_20
42152,0,0,0.0,stratified_80_20
42165,0,0,0.0,stratified_80_20
42169,0,0,0.0,stratified_80_20
42172,0,0,0.0,stratified_80_20
42173,0,0,0.0,stratified_80_20
42181,0,0,0.0,stratified_80_20
42201,0,0,0.0,stratified_80_20
42232,0,0,0.0,stratified_80_20
42237,0,0,0.0,stratified_80_20
42238,0,0,0.0,stratified_80_20
42244,0,0,0.0,stratified_80_20
42245,0,0,0.0,stratified_80_20
42246,0,0,0.0,stratified_80_20
42253,0,0,0.0,stratified_80_20
42258,0,0,0.0,stratified_80_20
42265,0,0,0.0,stratified_80_20
42269,0,0,0.0,stratified_80_20
42276,0,0,0.0,stratified_80_20
42278,0,0,0.0,stratified_80_20
42279,0,0,0.0,stratified_80_20
42285,0,0,0.0,stratified_80_20
42286,0,0,0.0,stratified_80_20
42293,0,0,0.0,stratified_80_20
42298,0,0,0.0,stratified_80_20
42301,0,0,0.0,stratified_80_20
42304,0,0,0.0,stratified_80_20
42308,0,0,0.0,stratified_80_20
42326,0,0,0.0,stratified_80_20
42336,0,0,0.0,stratified_80_20
42337,0,0,0.0,stratified_80_20
42344,0,0,0.0,stratified_80_20
42351,0,0,0.0,stratified_80_20
42360,0,0,0.0,stratified_80_20
42370,0,0,0.0,stratified_80_20
42372,0,0,0.0,stratified_80_20
42377,0,0,0.0,stratified_80_20
42394,0,0,0.0,stratified_80_20
42396,0,0,0.0,stratified_80_20
42407,0,0,0.0,stratified_80_20
42413,0,0,0.0,stratified_80_20
42422,0,0,0.0,stratified_80_20
42435,0,0,0.0,stratified_80_20
42439,0,0,0.0,stratified_80_20
42447,0,0,0.0,stratified_80_20
42448,0,0,0.0,stratified_80_20
42449,0,0,0.0,stratified_80_20
42463,0,0,0.0,stratified_80_20
42464,0,0,0.0,stratified_80_20
42468,0,0,0.0,stratified_80_20
42469,0,0,0.0,stratified_80_20
42471,0,0,0.0,stratified_80_20
42481,0,0,0.0,stratified_80_20
42486,0,0,0.0,stratified_80_20
42488,0,0,0.0,stratified_80_20
42494,0,0,0.0,stratified_80_20
42495,0,0,0.0,stratified_80_20
42502,0,0,0.0,stratified_80_20
42509,0,0,0.0,stratified_80_20
42515,0,0,0.0,stratified_80_20
42523,0,0,0.0,stratified_80_20
42528,0,0,0.0,stratified_80_20
42530,0,0,0.0,stratified_80_20
42535,0,0,0.0,stratified_80_20
42541,0,0,0.0,stratified_80_20
42546,0,0,0.0,stratified_80_20
42550,0,0,0.0,stratified_80_20
42551,0,0,0.0,stratified_80_20
42556,0,0,0.0,stratified_80_20
42574,0,0,0.0,stratified_80_20
42575,0,0,0.0,stratified_80_20
42577,0,0,0.0,stratified_80_20
42578,0,0,0.0,stratified_80_20
42587,0,0,0.0,stratified_80_20
42588,0,0,0.0,stratified_80_20
42590,0,0,0.0,stratified_80_20
42592,0,0,0.0,stratified_80_20
42601,0,0,0.0,stratified_80_20
42613,0,0,0.0,stratified_80_20
42615,0,0,0.0,stratified_80_20
42621,0,0,0.0,stratified_80_20
42622,0,0,0.0,stratified_80_20
42623,0,0,0.0,stratified_80_20
42626,0,0,0.0,stratified_80_20
42628,0,0,0.0,stratified_80_20
42632,0,0,0.0,stratified_80_20
42635,0,0,0.0,stratified_80_20
42636,0,0,0.0,stratified_80_20
42642,0,0,0.0,stratified_80_20
42656,0,0,0.0,stratified_80_20
42657,0,0,0.0,stratified_80_20
42661,0,0,0.0,stratified_80_20
42665,0,0,0.0,stratified_80_20
42668,0,0,0.0,stratified_80_20
42674,0,0,0.0,stratified_80_20
42677,0,0,0.0,stratified_80_20
42682,0,0,0.0,stratified_80_20
42683,0,0,0.0,stratified_80_20
42685,0,0,0.0,stratified_80_20
42693,0,0,0.0,stratified_80_20
42696,0,0,0.0,stratified_80_20
42702,0,0,0.0,stratified_80_20
42703,0,0,0.0,stratified_80_20
42704,0,0,0.0,stratified_80_20
42707,0,0,0.0,stratified_80_20
42714,0,0,0.0,stratified_80_20
42723,0,0,0.0,stratified_80_20
42726,0,0,0.0,stratified_80_20
42739,0,0,0.0,stratified_80_20
42740,0,0,0.0,stratified_80_20
42741,0,0,0.0,stratified_80_20
42742,0,0,0.0,stratified_80_20
42746,0,0,0.0,stratified_80_20
42764,0,0,0.0,stratified_80_20
42767,0,0,0.0,stratified_80_20
42773,0,0,0.0,stratified_80_20
42775,0,0,0.0,stratified_80_20
42779,0,0,0.0,stratified_80_20
42787,0,0,0.0,stratified_80_20
42794,0,0,0.0,stratified_80_20
42799,0,0,0.0,stratified_80_20
42801,0,0,0.0,stratified_80_20
42810,0,0,0.0,stratified_80_20
42822,0,0,0.0,stratified_80_20
42824,0,0,0.0,stratified_80_20
42825,0,0,0.0,stratified_80_20
42828,0,0,0.0,stratified_80_20
42832,0,0,0.0,stratified_80_20
42834,0,0,0.0,stratified_80_20
42841,0,0,0.0,stratified_80_20
42844,0,0,0.0,stratified_80_20
42848,0,0,0.0,stratified_80_20
42856,0,0,0.0,stratified_80_20
42860,0,0,0.0,stratified_80_20
42861,0,0,0.0,stratified_80_20
42862,0,0,0.0,stratified_80_20
42863,0,0,0.0,stratified_80_20
42873,0,0,0.0,stratified_80_20
42874,0,0,0.0,stratified_80_20
42876,0,0,0.0,stratified_80_20
42884,0,0,0.0,stratified_80_20
42889,0,0,0.0,stratified_80_20
42906,0,0,0.0,stratified_80_20
42907,0,0,0.0,stratified_80_20
42914,0,0,0.0,stratified_80_20
42916,0,0,0.0,stratified_80_20
42945,0,0,0.0,stratified_80_20
42959,0,0,0.0,stratified_80_20
42972,0,0,0.0,stratified_80_20
42974,0,0,0.0,stratified_80_20
42978,0,0,0.0,stratified_80_20
42991,0,0,0.0,stratified_80_20
42993,0,0,0.0,stratified_80_20
43000,0,0,0.0,stratified_80_20
43004,0,0,0.0,stratified_80_20
43007,0,0,0.0,stratified_80_20
43009,0,0,0.0,stratified_80_20
43014,0,0,0.0,stratified_80_20
43015,0,0,0.0,stratified_80_20
43016,0,0,0.0,stratified_80_20
43022,0,0,0.0,stratified_80_20
43026,0,0,0.0,stratified_80_20
43031,0,0,0.0,stratified_80_20
43034,0,0,0.0,stratified_80_20
43035,0,0,0.0,stratified_80_20
43042,0,0,0.0,stratified_80_20
43044,0,0,0.0,stratified_80_20
43051,0,0,0.0,stratified_80_20
43053,0,0,0.0,stratified_80_20
43058,0,0,0.0,stratified_80_20
43061,0,0,0.0,stratified_80_20
43063,0,0,0.0,stratified_80_20
43064,0,0,0.0,stratified_80_20
43067,0,0,0.0,stratified_80_20
43069,0,0,0.0,stratified_80_20
43072,0,0,0.0,stratified_80_20
43073,0,0,0.0,stratified_80_20
43079,0,0,0.0,stratified_80_20
43082,0,0,0.0,stratified_80_20
43084,0,0,0.0,stratified_80_20
43085,0,0,0.0,stratified_80_20
43089,0,0,0.0,stratified_80_20
43099,0,0,0.0,stratified_80_20
43104,0,0,0.0,stratified_80_20
43107,0,0,0.0,stratified_80_20
43109,0,0,0.0,stratified_80_20
43116,0,0,0.0,stratified_80_20
43120,0,0,0.0,stratified_80_20
43124,0,0,0.0,stratified_80_20
43133,0,0,0.0,stratified_80_20
43136,0,0,0.0,stratified_80_20
43137,0,0,0.0,stratified_80_20
43141,0,0,0.0,stratified_80_20
43142,0,0,0.0,stratified_80_20
43157,0,0,0.0,stratified_80_20
43159,0,0,0.0,stratified_80_20
43160,0,0,0.0,stratified_80_20
43163,0,0,0.0,stratified_80_20
43179,0,0,0.0,stratified_80_20
43182,0,0,0.0,stratified_80_20
43183,0,0,0.0,stratified_80_20
43189,0,0,0.0,stratified_80_20
43198,0,0,0.0,stratified_80_20
43207,0,0,0.0,stratified_80_20
43215,0,0,0.0,stratified_80_20
43224,0,0,0.0,stratified_80_20
43227,0,0,0.0,stratified_80_20
43230,0,0,0.0,stratified_80_20
43231,0,0,0.0,stratified_80_20
43238,0,0,0.0,stratified_80_20
43240,0,0,0.0,stratified_80_20
43243,0,0,0.0,stratified_80_20
43247,0,0,0.0,stratified_80_20
43249,0,0,0.0,stratified_80_20
43253,0,0,0.0,stratified_80_20
43262,0,0,0.0,stratified_80_20
43274,0,0,0.0,stratified_80_20
43278,0,0,0.0,stratified_80_20
43285,0,0,0.0,stratified_80_20
43288,0,0,0.0,stratified_80_20
43293,0,0,0.0,stratified_80_20
43295,0,0,0.0,stratified_80_20
43309,0,0,0.0,stratified_80_20
43315,0,0,0.0,stratified_80_20
43317,0,0,0.0,stratified_80_20
43319,0,0,0.0,stratified_80_20
43325,0,0,0.0,stratified_80_20
43337,0,0,0.0,stratified_80_20
43339,0,0,0.0,stratified_80_20
43340,0,0,0.0,stratified_80_20
43344,0,0,0.0,stratified_80_20
43351,0,0,0.0,stratified_80_20
43353,0,0,0.0,stratified_80_20
43355,0,0,0.0,stratified_80_20
43356,0,0,0.0,stratified_80_20
43362,0,0,0.0,stratified_80_20
43364,0,0,0.0,stratified_80_20
43367,0,0,0.0,stratified_80_20
43374,0,0,0.0,stratified_80_20
43388,0,0,0.0,stratified_80_20
43389,0,0,0.0,stratified_80_20
43390,0,0,0.0,stratified_80_20
43392,0,0,0.0,stratified_80_20
43393,0,0,0.0,stratified_80_20
43399,0,0,0.0,stratified_80_20
43408,0,0,0.0,stratified_80_20
43410,0,0,0.0,stratified_80_20
43412,0,0,0.0,stratified_80_20
43416,0,0,0.0,stratified_80_20
43417,0,0,0.0,stratified_80_20
43419,0,0,0.0,stratified_80_20
43421,0,0,0.0,stratified_80_20
43424,0,0,0.0,stratified_80_20
43426,0,0,0.0,stratified_80_20
43427,0,0,0.0,stratified_80_20
43431,0,0,0.0,stratified_80_20
43436,0,0,0.0,stratified_80_20
43439,0,0,0.0,stratified_80_20
43442,0,0,0.0,stratified_80_20
43443,0,0,0.0,stratified_80_20
43444,0,0,0.0,stratified_80_20
43445,0,0,0.0,stratified_80_20
43446,0,0,0.0,stratified_80_20
43448,0,0,0.0,stratified_80_20
43456,0,0,0.0,stratified_80_20
43457,0,0,0.0,stratified_80_20
43458,0,0,0.0,stratified_80_20
43459,0,0,0.0,stratified_80_20
43460,0,0,0.0,stratified_80_20
43462,0,0,0.0,stratified_80_20
43467,0,0,0.0,stratified_80_20
43471,0,0,0.0,stratified_80_20
43478,0,0,0.0,stratified_80_20
43484,0,0,0.0,stratified_80_20
43485,0,0,0.0,stratified_80_20
43487,0,0,0.0,stratified_80_20
43489,0,0,0.0,stratified_80_20
43495,0,0,0.0,stratified_80_20
43500,0,0,0.0,stratified_80_20
43502,0,0,0.0,stratified_80_20
43506,0,0,0.0,stratified_80_20
43524,0,0,0.0,stratified_80_20
43528,0,0,0.0,stratified_80_20
43529,0,0,0.0,stratified_80_20
43530,0,0,0.0,stratified_80_20
43538,0,0,0.0,stratified_80_20
43539,0,0,0.0,stratified_80_20
43542,0,0,0.0,stratified_80_20
43550,0,0,0.0,stratified_80_20
43563,0,0,0.0,stratified_80_20
43568,0,0,0.0,stratified_80_20
43570,0,0,0.0,stratified_80_20
43572,0,0,0.0,stratified_80_20
43574,0,0,0.0,stratified_80_20
43581,0,0,0.0,stratified_80_20
43587,0,0,0.0,stratified_80_20
43594,0,0,0.0,stratified_80_20
43595,0,0,0.0,stratified_80_20
43596,0,0,0.0,stratified_80_20
43598,0,0,0.0,stratified_80_20
43611,0,0,0.0,stratified_80_20
43612,0,0,0.0,stratified_80_20
43621,0,0,0.0,stratified_80_20
43629,0,0,0.0,stratified_80_20
43634,0,0,0.0,stratified_80_20
43635,0,0,0.0,stratified_80_20
43639,0,0,0.0,stratified_80_20
43643,0,0,0.0,stratified_80_20
43659,0,0,0.0,stratified_80_20
43668,0,0,0.0,stratified_80_20
43673,0,0,0.0,stratified_80_20
43674,0,0,0.0,stratified_80_20
43681,0,0,0.0,stratified_80_20
43682,0,1,1.0,stratified_80_20
43691,0,0,0.0,stratified_80_20
43692,0,0,0.0,stratified_80_20
43700,0,0,0.0,stratified_80_20
43701,0,0,0.0,stratified_80_20
43711,0,0,0.0,stratified_80_20
43713,0,0,0.0,stratified_80_20
43715,0,0,0.0,stratified_80_20
43719,0,0,0.0,stratified_80_20
43720,0,0,0.0,stratified_80_20
43723,0,0,0.0,stratified_80_20
43731,0,0,0.0,stratified_80_20
43736,0,0,0.0,stratified_80_20
43754,0,0,0.0,stratified_80_20
43755,0,0,0.0,stratified_80_20
43760,0,0,0.0,stratified_80_20
43763,0,0,0.0,stratified_80_20
43766,0,0,0.0,stratified_80_20
43767,0,0,0.0,stratified_80_20
43771,0,0,0.0,stratified_80_20
43772,0,0,0.0,stratified_80_20
43779,0,0,0.0,stratified_80_20
43780,0,0,0.0,stratified_80_20
43787,0,0,0.0,stratified_80_20
43790,0,0,0.0,stratified_80_20
43811,0,0,0.0,stratified_80_20
43815,0,0,0.0,stratified_80_20
43832,0,0,0.0,stratified_80_20
43834,0,0,0.0,stratified_80_20
43851,0,0,0.0,stratified_80_20
43855,0,0,0.0,stratified_80_20
43860,0,0,0.0,stratified_80_20
43862,0,0,0.0,stratified_80_20
43863,0,0,0.0,stratified_80_20
43871,0,0,0.0,stratified_80_20
43874,0,0,0.0,stratified_80_20
43881,0,0,0.0,stratified_80_20
43888,0,0,0.0,stratified_80_20
43891,0,0,0.0,stratified_80_20
43899,0,0,0.0,stratified_80_20
43909,0,0,0.0,stratified_80_20
43910,0,0,0.0,stratified_80_20
43917,0,0,0.0,stratified_80_20
43920,0,0,0.0,stratified_80_20
43931,0,0,0.0,stratified_80_20
43932,0,0,0.0,stratified_80_20
43934,0,0,0.0,stratified_80_20
43938,0,0,0.0,stratified_80_20
43944,0,0,0.0,stratified_80_20
43951,0,0,0.0,stratified_80_20
43961,0,0,0.0,stratified_80_20
43965,0,0,0.0,stratified_80_20
43966,0,0,0.0,stratified_80_20
43971,0,0,0.0,stratified_80_20
43972,0,0,0.0,stratified_80_20
43978,0,0,0.0,stratified_80_20
43986,0,0,0.0,stratified_80_20
43996,0,0,0.0,stratified_80_20
44014,0,0,0.0,stratified_80_20
44017,0,0,0.0,stratified_80_20
44021,0,0,0.0,stratified_80_20
44022,0,0,0.0,stratified_80_20
44027,0,0,0.0,stratified_80_20
44029,0,0,0.0,stratified_80_20
44031,0,0,0.0,stratified_80_20
44032,0,0,0.0,stratified_80_20
44035,0,0,0.0,stratified_80_20
44036,0,0,0.0,stratified_80_20
44044,0,0,0.0,stratified_80_20
44049,0,0,0.0,stratified_80_20
44052,0,0,0.0,stratified_80_20
44067,0,0,0.0,stratified_80_20
44084,0,0,0.0,stratified_80_20
44086,0,0,0.0,stratified_80_20
44089,0,0,0.0,stratified_80_20
44090,0,0,0.0,stratified_80_20
44096,0,0,0.0,stratified_80_20
44100,0,0,0.0,stratified_80_20
44112,0,0,0.0,stratified_80_20
44116,0,0,0.0,stratified_80_20
44117,0,0,0.0,stratified_80_20
44119,0,0,0.0,stratified_80_20
44136,0,0,0.0,stratified_80_20
44143,0,0,0.0,stratified_80_20
44148,0,0,0.0,stratified_80_20
44160,0,0,0.0,stratified_80_20
44170,0,0,0.0,stratified_80_20
44173,0,0,0.0,stratified_80_20
44177,0,0,0.0,stratified_80_20
44187,0,0,0.0,stratified_80_20
44188,0,0,0.0,stratified_80_20
44192,0,0,0.0,stratified_80_20
44195,0,0,0.0,stratified_80_20
44196,0,0,0.0,stratified_80_20
44205,0,0,0.0,stratified_80_20
44206,0,0,0.0,stratified_80_20
44213,0,0,0.0,stratified_80_20
44215,0,0,0.0,stratified_80_20
44221,0,0,0.0,stratified_80_20
44224,0,0,0.0,stratified_80_20
44226,0,0,0.0,stratified_80_20
44227,0,0,0.0,stratified_80_20
44228,0,0,0.0,stratified_80_20
44232,0,0,0.0,stratified_80_20
44234,0,0,0.0,stratified_80_20
44243,0,0,0.0,stratified_80_20
44245,0,0,0.0,stratified_80_20
44253,0,0,0.0,stratified_80_20
44263,0,0,0.0,stratified_80_20
44268,0,0,0.0,stratified_80_20
44271,0,0,0.0,stratified_80_20
44281,0,0,0.0,stratified_80_20
44282,0,0,0.0,stratified_80_20
44287,0,0,0.0,stratified_80_20
44295,0,0,0.0,stratified_80_20
44297,0,0,0.0,stratified_80_20
44303,0,0,0.0,stratified_80_20
44310,0,0,0.0,stratified_80_20
44313,0,0,0.0,stratified_80_20
44320,0,0,0.0,stratified_80_20
44321,0,0,0.0,stratified_80_20
44323,0,0,0.0,stratified_80_20
44325,0,0,0.0,stratified_80_20
44327,0,0,0.0,stratified_80_20
44328,0,0,0.0,stratified_80_20
44332,0,0,0.0,stratified_80_20
44338,0,0,0.0,stratified_80_20
44339,0,0,0.0,stratified_80_20
44345,0,0,0.0,stratified_80_20
44353,0,0,0.0,stratified_80_20
44354,0,0,0.0,stratified_80_20
44363,0,0,0.0,stratified_80_20
44377,0,0,0.0,stratified_80_20
44378,0,0,0.0,stratified_80_20
44381,0,0,0.0,stratified_80_20
44384,0,0,0.0,stratified_80_20
44396,0,0,0.0,stratified_80_20
44398,0,0,0.0,stratified_80_20
44401,0,0,0.0,stratified_80_20
44403,0,0,0.0,stratified_80_20
44404,0,0,0.0,stratified_80_20
44410,0,0,0.0,stratified_80_20
44417,0,0,0.0,stratified_80_20
44424,0,0,0.0,stratified_80_20
44425,0,0,0.0,stratified_80_20
44431,0,0,0.0,stratified_80_20
44434,0,0,0.0,stratified_80_20
44445,0,0,0.0,stratified_80_20
44446,0,0,0.0,stratified_80_20
44456,0,0,0.0,stratified_80_20
44457,0,0,0.0,stratified_80_20
44461,0,0,0.0,stratified_80_20
44467,0,0,0.0,stratified_80_20
44468,0,0,0.0,stratified_80_20
44469,0,0,0.0,stratified_80_20
44471,0,0,0.0,stratified_80_20
44476,0,0,0.0,stratified_80_20
44478,0,0,0.0,stratified_80_20
44485,0,0,0.0,stratified_80_20
44486,0,0,0.0,stratified_80_20
44488,0,0,0.0,stratified_80_20
44493,0,0,0.0,stratified_80_20
44503,0,0,0.0,stratified_80_20
44504,0,0,0.0,stratified_80_20
44511,0,0,0.0,stratified_80_20
44515,0,0,0.0,stratified_80_20
44518,0,0,0.0,stratified_80_20
44519,0,0,0.0,stratified_80_20
44521,0,0,0.0,stratified_80_20
44531,0,0,0.0,stratified_80_20
44534,0,0,0.0,stratified_80_20
44535,0,0,0.0,stratified_80_20
44543,0,0,0.0,stratified_80_20
44544,0,0,0.0,stratified_80_20
44567,0,0,0.0,stratified_80_20
44568,0,0,0.0,stratified_80_20
44575,0,0,0.0,stratified_80_20
44578,0,0,0.0,stratified_80_20
44581,0,0,0.0,stratified_80_20
44584,0,0,0.0,stratified_80_20
44601,0,0,0.0,stratified_80_20
44602,0,0,0.0,stratified_80_20
44614,0,0,0.0,stratified_80_20
44620,0,0,0.0,stratified_80_20
44627,0,0,0.0,stratified_80_20
44631,0,0,0.0,stratified_80_20
44632,0,0,0.0,stratified_80_20
44635,0,0,0.0,stratified_80_20
44640,0,0,0.0,stratified_80_20
44641,0,0,0.0,stratified_80_20
44651,0,0,0.0,stratified_80_20
44662,0,0,0.0,stratified_80_20
44667,0,0,0.0,stratified_80_20
44683,0,0,0.0,stratified_80_20
44689,0,0,0.0,stratified_80_20
44701,0,0,0.0,stratified_80_20
44704,0,0,0.0,stratified_80_20
44710,0,0,0.0,stratified_80_20
44713,0,0,0.0,stratified_80_20
44719,0,0,0.0,stratified_80_20
44720,0,0,0.0,stratified_80_20
44727,0,0,0.0,stratified_80_20
44732,0,0,0.0,stratified_80_20
44733,0,0,0.0,stratified_80_20
44734,0,0,0.0,stratified_80_20
44739,0,0,0.0,stratified_80_20
44749,0,0,0.0,stratified_80_20
44753,0,0,0.0,stratified_80_20
44754,0,0,0.0,stratified_80_20
44755,0,0,0.0,stratified_80_20
44756,0,0,0.0,stratified_80_20
44758,0,0,0.0,stratified_80_20
44760,0,0,0.0,stratified_80_20
44763,0,0,0.0,stratified_80_20
44766,0,0,0.0,stratified_80_20
44782,0,0,0.0,stratified_80_20
44784,0,0,0.0,stratified_80_20
44799,0,0,0.0,stratified_80_20
44801,0,0,0.0,stratified_80_20
44806,0,0,0.0,stratified_80_20
44808,0,0,0.0,stratified_80_20
44812,0,0,0.0,stratified_80_20
44814,0,0,0.0,stratified_80_20
44836,0,0,0.0,stratified_80_20
44838,0,0,0.0,stratified_80_20
44839,0,0,0.0,stratified_80_20
44844,0,0,0.0,stratified_80_20
44847,0,0,0.0,stratified_80_20
44860,0,0,0.0,stratified_80_20
44868,0,0,0.0,stratified_80_20
44870,0,0,0.0,stratified_80_20
44872,0,0,0.0,stratified_80_20
44882,0,0,0.0,stratified_80_20
44886,0,0,0.0,stratified_80_20
44888,0,0,0.0,stratified_80_20
44889,0,0,0.0,stratified_80_20
44890,0,0,0.0,stratified_80_20
44894,0,0,0.0,stratified_80_20
44898,0,0,0.0,stratified_80_20
44901,0,0,0.0,stratified_80_20
44902,0,0,0.0,stratified_80_20
44904,0,0,0.0,stratified_80_20
44908,0,0,0.0,stratified_80_20
44911,0,0,0.0,stratified_80_20
44925,0,0,0.0,stratified_80_20
44927,0,0,0.0,stratified_80_20
44936,0,0,0.0,stratified_80_20
44948,0,0,0.0,stratified_80_20
44950,0,0,0.0,stratified_80_20
44959,0,0,0.0,stratified_80_20
44965,0,0,0.0,stratified_80_20
44971,0,0,0.0,stratified_80_20
44973,0,0,0.0,stratified_80_20
44975,0,0,0.0,stratified_80_20
44981,0,0,0.0,stratified_80_20
44984,0,0,0.0,stratified_80_20
44985,0,0,0.0,stratified_80_20
44986,0,0,0.0,stratified_80_20
44988,0,0,0.0,stratified_80_20
44995,0,0,0.0,stratified_80_20
44997,0,0,0.0,stratified_80_20
45001,0,0,0.0,stratified_80_20
45006,0,0,0.0,stratified_80_20
45013,0,0,0.0,stratified_80_20
45015,0,0,0.0,stratified_80_20
45018,0,0,0.0,stratified_80_20
45021,0,0,0.0,stratified_80_20
45024,0,0,0.0,stratified_80_20
45029,0,0,0.0,stratified_80_20
45036,0,0,0.0,stratified_80_20
45038,0,0,0.0,stratified_80_20
45041,0,0,0.0,stratified_80_20
45043,0,0,0.0,stratified_80_20
45046,0,0,0.0,stratified_80_20
45052,0,0,0.0,stratified_80_20
45064,0,0,0.0,stratified_80_20
45065,0,0,0.0,stratified_80_20
45068,0,0,0.0,stratified_80_20
45070,0,0,0.0,stratified_80_20
45074,0,0,0.0,stratified_80_20
45096,0,0,0.0,stratified_80_20
45098,0,0,0.0,stratified_80_20
45099,0,0,0.0,stratified_80_20
45101,0,0,0.0,stratified_80_20
45102,0,0,0.0,stratified_80_20
45103,0,0,0.0,stratified_80_20
45117,0,0,0.0,stratified_80_20
45121,0,0,0.0,stratified_80_20
45124,0,0,0.0,stratified_80_20
45125,0,0,0.0,stratified_80_20
45129,0,0,0.0,stratified_80_20
45131,0,0,0.0,stratified_80_20
45137,0,0,0.0,stratified_80_20
45138,0,0,0.0,stratified_80_20
45139,0,0,0.0,stratified_80_20
45143,0,0,0.0,stratified_80_20
45150,0,0,0.0,stratified_80_20
45153,0,0,0.0,stratified_80_20
45156,0,0,0.0,stratified_80_20
45157,0,0,0.0,stratified_80_20
45160,0,0,0.0,stratified_80_20
45162,0,0,0.0,stratified_80_20
45167,0,0,0.0,stratified_80_20
45179,0,0,0.0,stratified_80_20
45180,0,0,0.0,stratified_80_20
45191,0,0,0.0,stratified_80_20
45193,0,0,0.0,stratified_80_20
45200,0,0,0.0,stratified_80_20
45206,0,0,0.0,stratified_80_20
45210,0,0,0.0,stratified_80_20
45220,0,0,0.0,stratified_80_20
45221,0,0,0.0,stratified_80_20
45226,0,0,0.0,stratified_80_20
45227,0,0,0.0,stratified_80_20
45228,0,0,0.0,stratified_80_20
45232,0,0,0.0,stratified_80_20
45234,0,0,0.0,stratified_80_20
45250,0,0,0.0,stratified_80_20
45257,0,0,0.0,stratified_80_20
45264,0,0,0.0,stratified_80_20
45280,0,0,0.0,stratified_80_20
45288,0,0,0.0,stratified_80_20
45293,0,0,0.0,stratified_80_20
45295,0,0,0.0,stratified_80_20
45298,0,0,0.0,stratified_80_20
45299,0,0,0.0,stratified_80_20
45316,0,0,0.0,stratified_80_20
45321,0,0,0.0,stratified_80_20
45331,0,0,0.0,stratified_80_20
45334,0,0,0.0,stratified_80_20
45337,0,0,0.0,stratified_80_20
45346,0,0,0.0,stratified_80_20
45348,0,0,0.0,stratified_80_20
45354,0,0,0.0,stratified_80_20
45357,0,0,0.0,stratified_80_20
45359,0,0,0.0,stratified_80_20
45363,0,0,0.0,stratified_80_20
45373,0,0,0.0,stratified_80_20
45379,0,0,0.0,stratified_80_20
45393,0,0,0.0,stratified_80_20
45396,0,0,0.0,stratified_80_20
45397,0,0,0.0,stratified_80_20
45402,0,0,0.0,stratified_80_20
45412,0,0,0.0,stratified_80_20
45413,0,0,0.0,stratified_80_20
45415,0,0,0.0,stratified_80_20
45416,0,0,0.0,stratified_80_20
45427,0,0,0.0,stratified_80_20
45428,0,0,0.0,stratified_80_20
45436,0,0,0.0,stratified_80_20
45438,0,0,0.0,stratified_80_20
45440,0,0,0.0,stratified_80_20
45442,0,0,0.0,stratified_80_20
45443,0,0,0.0,stratified_80_20
45457,0,0,0.0,stratified_80_20
45458,0,0,0.0,stratified_80_20
45460,0,0,0.0,stratified_80_20
45461,0,0,0.0,stratified_80_20
45474,0,0,0.0,stratified_80_20
45475,0,0,0.0,stratified_80_20
45476,0,0,0.0,stratified_80_20
45477,0,0,0.0,stratified_80_20
45478,0,0,0.0,stratified_80_20
45480,0,0,0.0,stratified_80_20
45493,0,0,0.0,stratified_80_20
45497,0,0,0.0,stratified_80_20
45501,0,0,0.0,stratified_80_20
45504,0,0,0.0,stratified_80_20
45517,0,0,0.0,stratified_80_20
45523,0,0,0.0,stratified_80_20
45528,0,0,0.0,stratified_80_20
45545,0,0,0.0,stratified_80_20
45554,0,0,0.0,stratified_80_20
45556,0,0,0.0,stratified_80_20
45557,0,0,0.0,stratified_80_20
45565,0,0,0.0,stratified_80_20
45566,0,0,0.0,stratified_80_20
45580,0,0,0.0,stratified_80_20
45589,0,0,0.0,stratified_80_20
45594,0,0,0.0,stratified_80_20
45595,0,0,0.0,stratified_80_20
45600,0,0,0.0,stratified_80_20
45604,0,0,0.0,stratified_80_20
45606,0,0,0.0,stratified_80_20
45607,0,0,0.0,stratified_80_20
45612,0,0,0.0,stratified_80_20
45615,0,0,0.0,stratified_80_20
45622,0,0,0.0,stratified_80_20
45623,0,0,0.0,stratified_80_20
45632,0,0,0.0,stratified_80_20
45634,0,0,0.0,stratified_80_20
45635,0,0,0.0,stratified_80_20
45647,0,0,0.0,stratified_80_20
45649,0,0,0.0,stratified_80_20
45653,0,0,0.0,stratified_80_20
45656,0,0,0.0,stratified_80_20
45657,0,0,0.0,stratified_80_20
45662,0,0,0.0,stratified_80_20
45672,0,0,0.0,stratified_80_20
45686,0,0,0.0,stratified_80_20
45698,0,0,0.0,stratified_80_20
45702,0,0,0.0,stratified_80_20
45710,0,0,0.0,stratified_80_20
45712,0,0,0.0,stratified_80_20
45714,0,0,0.0,stratified_80_20
45718,0,0,0.0,stratified_80_20
45721,0,0,0.0,stratified_80_20
45724,0,0,0.0,stratified_80_20
45730,0,0,0.0,stratified_80_20
45738,0,0,0.0,stratified_80_20
45744,0,0,0.0,stratified_80_20
45750,0,0,0.0,stratified_80_20
45751,0,0,0.0,stratified_80_20
45754,0,0,0.0,stratified_80_20
45762,0,0,0.0,stratified_80_20
45763,0,0,0.0,stratified_80_20
45765,0,0,0.0,stratified_80_20
45772,0,0,0.0,stratified_80_20
45777,0,0,0.0,stratified_80_20
45780,0,0,0.0,stratified_80_20
45784,0,0,0.0,stratified_80_20
45790,0,0,0.0,stratified_80_20
45813,0,0,0.0,stratified_80_20
45816,0,0,0.0,stratified_80_20
45819,0,0,0.0,stratified_80_20
45835,0,0,0.0,stratified_80_20
45836,0,0,0.0,stratified_80_20
45838,0,0,0.0,stratified_80_20
45845,0,0,0.0,stratified_80_20
45848,0,0,0.0,stratified_80_20
45860,0,0,0.0,stratified_80_20
45862,0,0,0.0,stratified_80_20
45863,0,0,0.0,stratified_80_20
45866,0,0,0.0,stratified_80_20
45872,0,0,0.0,stratified_80_20
45878,0,0,0.0,stratified_80_20
45879,0,0,0.0,stratified_80_20
45885,0,0,0.0,stratified_80_20
45890,0,0,0.0,stratified_80_20
45891,0,0,0.0,stratified_80_20
45894,0,0,0.0,stratified_80_20
45899,0,0,0.0,stratified_80_20
45902,0,0,0.0,stratified_80_20
45911,0,0,0.0,stratified_80_20
45913,0,0,0.0,stratified_80_20
45915,0,0,0.0,stratified_80_20
45923,0,0,0.0,stratified_80_20
45927,0,0,0.0,stratified_80_20
45937,0,0,0.0,stratified_80_20
45947,0,0,0.0,stratified_80_20
45961,0,0,0.0,stratified_80_20
45966,0,0,0.0,stratified_80_20
45971,0,0,0.0,stratified_80_20
45985,0,0,0.0,stratified_80_20
45992,0,0,0.0,stratified_80_20
45994,0,0,0.0,stratified_80_20
45995,0,0,0.0,stratified_80_20
45998,0,0,0.0,stratified_80_20
46005,0,0,0.0,stratified_80_20
46006,0,0,0.0,stratified_80_20
46007,0,0,0.0,stratified_80_20
46010,0,0,0.0,stratified_80_20
46013,0,0,0.0,stratified_80_20
46023,0,0,0.0,stratified_80_20
46024,0,0,0.0,stratified_80_20
46026,0,0,0.0,stratified_80_20
46034,0,0,0.0,stratified_80_20
46046,0,0,0.0,stratified_80_20
46058,0,0,0.0,stratified_80_20
46068,0,0,0.0,stratified_80_20
46069,0,0,0.0,stratified_80_20
46071,0,0,0.0,stratified_80_20
46073,0,0,0.0,stratified_80_20
46076,0,0,0.0,stratified_80_20
46081,0,0,0.0,stratified_80_20
46085,0,0,0.0,stratified_80_20
46089,0,0,0.0,stratified_80_20
46092,0,0,0.0,stratified_80_20
46093,0,0,0.0,stratified_80_20
46097,0,0,0.0,stratified_80_20
46098,0,0,0.0,stratified_80_20
46100,0,0,0.0,stratified_80_20
46107,0,0,0.0,stratified_80_20
46108,0,0,0.0,stratified_80_20
46111,0,0,0.0,stratified_80_20
46116,0,0,0.0,stratified_80_20
46130,0,0,0.0,stratified_80_20
46138,0,0,0.0,stratified_80_20
46142,0,0,0.0,stratified_80_20
46147,0,0,0.0,stratified_80_20
46148,0,0,0.0,stratified_80_20
46149,0,0,0.0,stratified_80_20
46154,0,0,0.0,stratified_80_20
46158,0,0,0.0,stratified_80_20
46166,0,0,0.0,stratified_80_20
46171,0,0,0.0,stratified_80_20
46186,0,0,0.0,stratified_80_20
46189,0,0,0.0,stratified_80_20
46190,0,0,0.0,stratified_80_20
46193,0,0,0.0,stratified_80_20
46194,0,0,0.0,stratified_80_20
46198,0,0,0.0,stratified_80_20
46212,0,0,0.0,stratified_80_20
46222,0,0,0.0,stratified_80_20
46229,0,0,0.0,stratified_80_20
46230,0,0,0.0,stratified_80_20
46236,0,0,0.0,stratified_80_20
46237,0,0,0.0,stratified_80_20
46239,0,0,0.0,stratified_80_20
46241,0,0,0.0,stratified_80_20
46248,0,0,0.0,stratified_80_20
46250,0,0,0.0,stratified_80_20
46261,0,0,0.0,stratified_80_20
46264,0,0,0.0,stratified_80_20
46275,0,0,0.0,stratified_80_20
46278,0,0,0.0,stratified_80_20
46287,0,0,0.0,stratified_80_20
46289,0,0,0.0,stratified_80_20
46290,0,0,0.0,stratified_80_20
46294,0,0,0.0,stratified_80_20
46296,0,0,0.0,stratified_80_20
46301,0,0,0.0,stratified_80_20
46310,0,0,0.0,stratified_80_20
46312,0,0,0.0,stratified_80_20
46316,0,0,0.0,stratified_80_20
46320,0,0,0.0,stratified_80_20
46324,0,0,0.0,stratified_80_20
46334,0,0,0.0,stratified_80_20
46337,0,0,0.0,stratified_80_20
46339,0,0,0.0,stratified_80_20
46342,0,0,0.0,stratified_80_20
46346,0,0,0.0,stratified_80_20
46351,0,0,0.0,stratified_80_20
46352,0,0,0.0,stratified_80_20
46359,0,0,0.0,stratified_80_20
46362,0,0,0.0,stratified_80_20
46367,0,0,0.0,stratified_80_20
46368,0,0,0.0,stratified_80_20
46371,0,0,0.0,stratified_80_20
46377,0,0,0.0,stratified_80_20
46386,0,0,0.0,stratified_80_20
46403,0,0,0.0,stratified_80_20
46404,0,0,0.0,stratified_80_20
46407,0,0,0.0,stratified_80_20
46416,0,0,0.0,stratified_80_20
46426,0,0,0.0,stratified_80_20
46427,0,0,0.0,stratified_80_20
46428,0,0,0.0,stratified_80_20
46430,0,0,0.0,stratified_80_20
46434,0,0,0.0,stratified_80_20
46438,0,0,0.0,stratified_80_20
46440,0,0,0.0,stratified_80_20
46444,0,0,0.0,stratified_80_20
46454,0,0,0.0,stratified_80_20
46469,0,0,0.0,stratified_80_20
46473,0,0,0.0,stratified_80_20
46479,0,0,0.0,stratified_80_20
46480,0,0,0.0,stratified_80_20
46487,0,0,0.0,stratified_80_20
46490,0,0,0.0,stratified_80_20
46491,0,0,0.0,stratified_80_20
46493,0,0,0.0,stratified_80_20
46521,0,0,0.0,stratified_80_20
46524,0,0,0.0,stratified_80_20
46527,0,0,0.0,stratified_80_20
46531,0,0,0.0,stratified_80_20
46536,0,0,0.0,stratified_80_20
46542,0,0,0.0,stratified_80_20
46546,0,0,0.0,stratified_80_20
46548,0,0,0.0,stratified_80_20
46557,0,0,0.0,stratified_80_20
46558,0,0,0.0,stratified_80_20
46562,0,0,0.0,stratified_80_20
46563,0,0,0.0,stratified_80_20
46566,0,0,0.0,stratified_80_20
46573,0,0,0.0,stratified_80_20
46580,0,0,0.0,stratified_80_20
46583,0,0,0.0,stratified_80_20
46604,0,0,0.0,stratified_80_20
46606,0,0,0.0,stratified_80_20
46615,0,0,0.0,stratified_80_20
46616,0,0,0.0,stratified_80_20
46617,0,0,0.0,stratified_80_20
46622,0,0,0.0,stratified_80_20
46626,0,0,0.0,stratified_80_20
46632,0,0,0.0,stratified_80_20
46633,0,0,0.0,stratified_80_20
46634,0,0,0.0,stratified_80_20
46642,0,0,0.0,stratified_80_20
46646,0,0,0.0,stratified_80_20
46648,0,0,0.0,stratified_80_20
46651,0,0,0.0,stratified_80_20
46654,0,0,0.0,stratified_80_20
46655,0,0,0.0,stratified_80_20
46658,0,0,0.0,stratified_80_20
46666,0,0,0.0,stratified_80_20
46667,0,0,0.0,stratified_80_20
46669,0,0,0.0,stratified_80_20
46678,0,0,0.0,stratified_80_20
46679,0,0,0.0,stratified_80_20
46681,0,0,0.0,stratified_80_20
46684,0,0,0.0,stratified_80_20
46696,0,0,0.0,stratified_80_20
46699,0,0,0.0,stratified_80_20
46704,0,0,0.0,stratified_80_20
46711,0,0,0.0,stratified_80_20
46714,0,0,0.0,stratified_80_20
46721,0,0,0.0,stratified_80_20
46722,0,0,0.0,stratified_80_20
46732,0,0,0.0,stratified_80_20
46733,0,0,0.0,stratified_80_20
46735,0,0,0.0,stratified_80_20
46737,0,0,0.0,stratified_80_20
46739,0,0,0.0,stratified_80_20
46741,0,0,0.0,stratified_80_20
46743,0,0,0.0,stratified_80_20
46747,0,0,0.0,stratified_80_20
46748,0,0,0.0,stratified_80_20
46754,0,0,0.0,stratified_80_20
46755,0,0,0.0,stratified_80_20
46758,0,0,0.0,stratified_80_20
46768,0,0,0.0,stratified_80_20
46769,0,0,0.0,stratified_80_20
46770,0,0,0.0,stratified_80_20
46783,0,0,0.0,stratified_80_20
46784,0,0,0.0,stratified_80_20
46788,0,0,0.0,stratified_80_20
46792,0,0,0.0,stratified_80_20
46797,0,0,0.0,stratified_80_20
46800,0,0,0.0,stratified_80_20
46802,0,0,0.0,stratified_80_20
46819,0,0,0.0,stratified_80_20
46820,0,0,0.0,stratified_80_20
46821,0,0,0.0,stratified_80_20
46825,0,0,0.0,stratified_80_20
46826,0,0,0.0,stratified_80_20
46828,0,0,0.0,stratified_80_20
46834,0,0,0.0,stratified_80_20
46835,0,0,0.0,stratified_80_20
46837,0,0,0.0,stratified_80_20
46839,0,0,0.0,stratified_80_20
46841,0,0,0.0,stratified_80_20
46848,0,0,0.0,stratified_80_20
46849,0,0,0.0,stratified_80_20
46851,0,0,0.0,stratified_80_20
46860,0,0,0.0,stratified_80_20
46861,0,0,0.0,stratified_80_20
46873,0,0,0.0,stratified_80_20
46877,0,0,0.0,stratified_80_20
46880,0,0,0.0,stratified_80_20
46883,0,0,0.0,stratified_80_20
46893,0,0,0.0,stratified_80_20
46897,0,0,0.0,stratified_80_20
46899,0,0,0.0,stratified_80_20
46901,0,0,0.0,stratified_80_20
46904,0,0,0.0,stratified_80_20
46910,0,0,0.0,stratified_80_20
46911,0,0,0.0,stratified_80_20
46914,0,0,0.0,stratified_80_20
46922,0,0,0.0,stratified_80_20
46929,0,0,0.0,stratified_80_20
46931,0,0,0.0,stratified_80_20
46948,0,0,0.0,stratified_80_20
46954,0,0,0.0,stratified_80_20
46962,0,0,0.0,stratified_80_20
46963,0,0,0.0,stratified_80_20
46968,0,0,0.0,stratified_80_20
46969,0,0,0.0,stratified_80_20
46971,0,0,0.0,stratified_80_20
46974,0,0,0.0,stratified_80_20
46978,0,0,0.0,stratified_80_20
46979,0,0,0.0,stratified_80_20
46992,0,0,0.0,stratified_80_20
46993,0,0,0.0,stratified_80_20
46995,0,0,0.0,stratified_80_20
47000,0,0,0.0,stratified_80_20
47007,0,0,0.0,stratified_80_20
47008,0,0,0.0,stratified_80_20
47009,0,0,0.0,stratified_80_20
47013,0,0,0.0,stratified_80_20
47014,0,0,0.0,stratified_80_20
47020,0,0,0.0,stratified_80_20
47024,0,0,0.0,stratified_80_20
47030,0,0,0.0,stratified_80_20
47036,0,0,0.0,stratified_80_20
47038,0,0,0.0,stratified_80_20
47041,0,0,0.0,stratified_80_20
47044,0,0,0.0,stratified_80_20
47047,0,0,0.0,stratified_80_20
47049,0,0,0.0,stratified_80_20
47064,0,0,0.0,stratified_80_20
47070,0,0,0.0,stratified_80_20
47075,0,0,0.0,stratified_80_20
47077,0,0,0.0,stratified_80_20
47078,0,0,0.0,stratified_80_20
47079,0,0,0.0,stratified_80_20
47083,0,0,0.0,stratified_80_20
47084,0,0,0.0,stratified_80_20
47086,0,0,0.0,stratified_80_20
47087,0,0,0.0,stratified_80_20
47090,0,0,0.0,stratified_80_20
47091,0,0,0.0,stratified_80_20
47092,0,0,0.0,stratified_80_20
47097,0,0,0.0,stratified_80_20
47108,0,0,0.0,stratified_80_20
47111,0,0,0.0,stratified_80_20
47115,0,0,0.0,stratified_80_20
47118,0,0,0.0,stratified_80_20
47121,0,0,0.0,stratified_80_20
47122,0,0,0.0,stratified_80_20
47123,0,0,0.0,stratified_80_20
47128,0,0,0.0,stratified_80_20
47133,0,0,0.0,stratified_80_20
47139,0,0,0.0,stratified_80_20
47140,0,0,0.0,stratified_80_20
47144,0,0,0.0,stratified_80_20
47146,0,0,0.0,stratified_80_20
47152,0,0,0.0,stratified_80_20
47161,0,0,0.0,stratified_80_20
47169,0,0,0.0,stratified_80_20
47180,0,0,0.0,stratified_80_20
47184,0,0,0.0,stratified_80_20
47188,0,0,0.0,stratified_80_20
47190,0,0,0.0,stratified_80_20
47192,0,0,0.0,stratified_80_20
47196,0,0,0.0,stratified_80_20
47197,0,0,0.0,stratified_80_20
47203,0,0,0.0,stratified_80_20
47207,0,0,0.0,stratified_80_20
47224,0,0,0.0,stratified_80_20
47231,0,0,0.0,stratified_80_20
47235,0,0,0.0,stratified_80_20
47236,0,0,0.0,stratified_80_20
47237,0,0,0.0,stratified_80_20
47247,0,0,0.0,stratified_80_20
47248,0,0,0.0,stratified_80_20
47251,0,0,0.0,stratified_80_20
47255,0,0,0.0,stratified_80_20
47266,0,0,0.0,stratified_80_20
47267,0,0,0.0,stratified_80_20
47270,0,0,0.0,stratified_80_20
47273,0,0,0.0,stratified_80_20
47274,0,0,0.0,stratified_80_20
47276,0,0,0.0,stratified_80_20
47282,0,0,0.0,stratified_80_20
47297,0,0,0.0,stratified_80_20
47301,0,0,0.0,stratified_80_20
47302,0,0,0.0,stratified_80_20
47309,0,0,0.0,stratified_80_20
47324,0,0,0.0,stratified_80_20
47329,0,0,0.0,stratified_80_20
47332,0,0,0.0,stratified_80_20
47336,0,0,0.0,stratified_80_20
47337,0,0,0.0,stratified_80_20
47340,0,0,0.0,stratified_80_20
47344,0,0,0.0,stratified_80_20
47346,0,0,0.0,stratified_80_20
47353,0,0,0.0,stratified_80_20
47354,0,0,0.0,stratified_80_20
47359,0,0,0.0,stratified_80_20
47360,0,0,0.0,stratified_80_20
47364,0,0,0.0,stratified_80_20
47366,0,0,0.0,stratified_80_20
47382,0,0,0.0,stratified_80_20
47387,0,0,0.0,stratified_80_20
47388,0,0,0.0,stratified_80_20
47390,0,0,0.0,stratified_80_20
47398,0,0,0.0,stratified_80_20
47399,0,0,0.0,stratified_80_20
47402,0,0,0.0,stratified_80_20
47404,0,0,0.0,stratified_80_20
47409,0,0,0.0,stratified_80_20
47413,0,0,0.0,stratified_80_20
47414,0,0,0.0,stratified_80_20
47416,0,0,0.0,stratified_80_20
47429,0,0,0.0,stratified_80_20
47442,0,0,0.0,stratified_80_20
47446,0,0,0.0,stratified_80_20
47447,0,0,0.0,stratified_80_20
47458,0,0,0.0,stratified_80_20
47466,0,0,0.0,stratified_80_20
47475,0,0,0.0,stratified_80_20
47480,0,0,0.0,stratified_80_20
47492,0,0,0.0,stratified_80_20
47495,0,0,0.0,stratified_80_20
47507,0,0,0.0,stratified_80_20
47508,0,0,0.0,stratified_80_20
47512,0,0,0.0,stratified_80_20
47515,0,0,0.0,stratified_80_20
47523,0,0,0.0,stratified_80_20
47526,0,0,0.0,stratified_80_20
47528,0,0,0.0,stratified_80_20
47537,0,0,0.0,stratified_80_20
47543,0,0,0.0,stratified_80_20
47544,0,0,0.0,stratified_80_20
47545,0,0,0.0,stratified_80_20
47549,0,0,0.0,stratified_80_20
47551,0,0,0.0,stratified_80_20
47556,0,0,0.0,stratified_80_20
47558,0,0,0.0,stratified_80_20
47560,0,0,0.0,stratified_80_20
47563,0,0,0.0,stratified_80_20
47564,0,0,0.0,stratified_80_20
47566,0,0,0.0,stratified_80_20
47579,0,0,0.0,stratified_80_20
47582,0,0,0.0,stratified_80_20
47591,0,0,0.0,stratified_80_20
47593,0,0,0.0,stratified_80_20
47595,0,0,0.0,stratified_80_20
47598,0,0,0.0,stratified_80_20
47602,0,0,0.0,stratified_80_20
47603,0,0,0.0,stratified_80_20
47607,0,0,0.0,stratified_80_20
47608,0,0,0.0,stratified_80_20
47612,0,0,0.0,stratified_80_20
47624,0,0,0.0,stratified_80_20
47627,0,0,0.0,stratified_80_20
47630,0,0,0.0,stratified_80_20
47642,0,0,0.0,stratified_80_20
47644,0,0,0.0,stratified_80_20
47655,0,0,0.0,stratified_80_20
47656,0,0,0.0,stratified_80_20
47661,0,0,0.0,stratified_80_20
47663,0,0,0.0,stratified_80_20
47676,0,0,0.0,stratified_80_20
47684,0,0,0.0,stratified_80_20
47694,0,0,0.0,stratified_80_20
47700,0,0,0.0,stratified_80_20
47702,0,0,0.0,stratified_80_20
47703,0,0,0.0,stratified_80_20
47704,0,0,0.0,stratified_80_20
47717,0,0,0.0,stratified_80_20
47718,0,0,0.0,stratified_80_20
47732,0,0,0.0,stratified_80_20
47734,0,0,0.0,stratified_80_20
47735,0,0,0.0,stratified_80_20
47736,0,0,0.0,stratified_80_20
47737,0,0,0.0,stratified_80_20
47744,0,0,0.0,stratified_80_20
47746,0,0,0.0,stratified_80_20
47747,0,0,0.0,stratified_80_20
47758,0,0,0.0,stratified_80_20
47760,0,0,0.0,stratified_80_20
47769,0,0,0.0,stratified_80_20
47770,0,0,0.0,stratified_80_20
47773,0,0,0.0,stratified_80_20
47786,0,0,0.0,stratified_80_20
47787,0,0,0.0,stratified_80_20
47791,0,0,0.0,stratified_80_20
47793,0,0,0.0,stratified_80_20
47794,0,0,0.0,stratified_80_20
47800,0,0,0.0,stratified_80_20
47801,0,0,0.0,stratified_80_20
47805,0,0,0.0,stratified_80_20
47807,0,0,0.0,stratified_80_20
47809,0,0,0.0,stratified_80_20
47811,0,0,0.0,stratified_80_20
47813,0,0,0.0,stratified_80_20
47837,0,0,0.0,stratified_80_20
47840,0,0,0.0,stratified_80_20
47841,0,0,0.0,stratified_80_20
47843,0,0,0.0,stratified_80_20
47845,0,0,0.0,stratified_80_20
47860,0,0,0.0,stratified_80_20
47861,0,0,0.0,stratified_80_20
47867,0,0,0.0,stratified_80_20
47868,0,0,0.0,stratified_80_20
47872,0,0,0.0,stratified_80_20
47873,0,0,0.0,stratified_80_20
47877,0,0,0.0,stratified_80_20
47879,0,0,0.0,stratified_80_20
47882,0,0,0.0,stratified_80_20
47888,0,0,0.0,stratified_80_20
47894,0,0,0.0,stratified_80_20
47895,0,0,0.0,stratified_80_20
47899,0,0,0.0,stratified_80_20
47900,0,0,0.0,stratified_80_20
47906,0,0,0.0,stratified_80_20
47914,0,0,0.0,stratified_80_20
47919,0,0,0.0,stratified_80_20
47923,0,0,0.0,stratified_80_20
47928,0,0,0.0,stratified_80_20
47933,0,0,0.0,stratified_80_20
47934,0,0,0.0,stratified_80_20
47946,0,0,0.0,stratified_80_20
47947,0,0,0.0,stratified_80_20
47950,0,0,0.0,stratified_80_20
47958,0,0,0.0,stratified_80_20
47961,0,0,0.0,stratified_80_20
47962,0,0,0.0,stratified_80_20
47965,0,0,0.0,stratified_80_20
47968,0,0,0.0,stratified_80_20
47981,0,0,0.0,stratified_80_20
47988,0,0,0.0,stratified_80_20
47993,0,0,0.0,stratified_80_20
47997,0,0,0.0,stratified_80_20
48002,0,0,0.0,stratified_80_20
48007,0,0,0.0,stratified_80_20
48014,0,0,0.0,stratified_80_20
48017,0,0,0.0,stratified_80_20
48030,0,0,0.0,stratified_80_20
48031,0,0,0.0,stratified_80_20
48036,0,0,0.0,stratified_80_20
48045,0,0,0.0,stratified_80_20
48049,0,0,0.0,stratified_80_20
48050,0,0,0.0,stratified_80_20
48063,0,0,0.0,stratified_80_20
48065,0,0,0.0,stratified_80_20
48070,0,0,0.0,stratified_80_20
48077,0,0,0.0,stratified_80_20
48082,0,0,0.0,stratified_80_20
48086,0,0,0.0,stratified_80_20
48087,0,0,0.0,stratified_80_20
48095,0,0,0.0,stratified_80_20
48105,0,0,0.0,stratified_80_20
48108,0,0,0.0,stratified_80_20
48112,0,0,0.0,stratified_80_20
48114,0,0,0.0,stratified_80_20
48115,0,0,0.0,stratified_80_20
48116,0,0,0.0,stratified_80_20
48120,0,0,0.0,stratified_80_20
48131,0,0,0.0,stratified_80_20
48140,0,0,0.0,stratified_80_20
48143,0,0,0.0,stratified_80_20
48148,0,0,0.0,stratified_80_20
48153,0,0,0.0,stratified_80_20
48155,0,0,0.0,stratified_80_20
48161,0,0,0.0,stratified_80_20
48162,0,0,0.0,stratified_80_20
48163,0,0,0.0,stratified_80_20
48170,0,0,0.0,stratified_80_20
48188,0,0,0.0,stratified_80_20
48195,0,0,0.0,stratified_80_20
48197,0,0,0.0,stratified_80_20
48201,0,0,0.0,stratified_80_20
48204,0,0,0.0,stratified_80_20
48209,0,0,0.0,stratified_80_20
48210,0,0,0.0,stratified_80_20
48216,0,0,0.0,stratified_80_20
48218,0,0,0.0,stratified_80_20
48221,0,0,0.0,stratified_80_20
48226,0,0,0.0,stratified_80_20
48227,0,0,0.0,stratified_80_20
48249,0,0,0.0,stratified_80_20
48250,0,0,0.0,stratified_80_20
48252,0,0,0.0,stratified_80_20
48254,0,0,0.0,stratified_80_20
48256,0,0,0.0,stratified_80_20
48262,0,0,0.0,stratified_80_20
48265,0,0,0.0,stratified_80_20
48266,0,0,0.0,stratified_80_20
48268,0,0,0.0,stratified_80_20
48278,0,0,0.0,stratified_80_20
48281,0,0,0.0,stratified_80_20
48293,0,0,0.0,stratified_80_20
48299,0,0,0.0,stratified_80_20
48301,0,0,0.0,stratified_80_20
48310,0,0,0.0,stratified_80_20
48322,0,0,0.0,stratified_80_20
48325,0,0,0.0,stratified_80_20
48326,0,0,0.0,stratified_80_20
48338,0,0,0.0,stratified_80_20
48339,0,0,0.0,stratified_80_20
48341,0,0,0.0,stratified_80_20
48343,0,0,0.0,stratified_80_20
48344,0,0,0.0,stratified_80_20
48347,0,0,0.0,stratified_80_20
48361,0,0,0.0,stratified_80_20
48363,0,0,0.0,stratified_80_20
48368,0,0,0.0,stratified_80_20
48372,0,0,0.0,stratified_80_20
48375,0,0,0.0,stratified_80_20
48377,0,0,0.0,stratified_80_20
48380,0,0,0.0,stratified_80_20
48383,0,0,0.0,stratified_80_20
48391,0,0,0.0,stratified_80_20
48401,0,0,0.0,stratified_80_20
48402,0,0,0.0,stratified_80_20
48406,0,0,0.0,stratified_80_20
48412,0,0,0.0,stratified_80_20
48415,0,0,0.0,stratified_80_20
48417,0,0,0.0,stratified_80_20
48427,0,0,0.0,stratified_80_20
48428,0,0,0.0,stratified_80_20
48430,0,0,0.0,stratified_80_20
48432,0,0,0.0,stratified_80_20
48438,0,0,0.0,stratified_80_20
48439,0,0,0.0,stratified_80_20
48440,0,0,0.0,stratified_80_20
48447,0,0,0.0,stratified_80_20
48448,0,0,0.0,stratified_80_20
48452,0,0,0.0,stratified_80_20
48454,0,0,0.0,stratified_80_20
48459,0,0,0.0,stratified_80_20
48462,0,0,0.0,stratified_80_20
48465,0,0,0.0,stratified_80_20
48468,0,0,0.0,stratified_80_20
48476,0,0,0.0,stratified_80_20
48487,0,0,0.0,stratified_80_20
48490,0,0,0.0,stratified_80_20
48499,0,0,0.0,stratified_80_20
48502,0,0,0.0,stratified_80_20
48529,0,0,0.0,stratified_80_20
48530,0,0,0.0,stratified_80_20
48565,0,0,0.0,stratified_80_20
48570,0,0,0.0,stratified_80_20
48572,0,0,0.0,stratified_80_20
48573,0,0,0.0,stratified_80_20
48574,0,0,0.0,stratified_80_20
48588,0,0,0.0,stratified_80_20
48592,0,0,0.0,stratified_80_20
48593,0,0,0.0,stratified_80_20
48596,0,0,0.0,stratified_80_20
48600,0,0,0.0,stratified_80_20
48613,0,0,0.0,stratified_80_20
48618,0,0,0.0,stratified_80_20
48634,0,0,0.0,stratified_80_20
48637,0,0,0.0,stratified_80_20
48655,0,0,0.0,stratified_80_20
48656,0,0,0.0,stratified_80_20
48663,0,0,0.0,stratified_80_20
48667,0,0,0.0,stratified_80_20
48670,0,0,0.0,stratified_80_20
48671,0,0,0.0,stratified_80_20
48672,0,0,0.0,stratified_80_20
48676,0,0,0.0,stratified_80_20
48678,0,0,0.0,stratified_80_20
48679,0,0,0.0,stratified_80_20
48688,0,0,0.0,stratified_80_20
48693,0,0,0.0,stratified_80_20
48698,0,0,0.0,stratified_80_20
48720,0,0,0.0,stratified_80_20
48722,0,0,0.0,stratified_80_20
48726,0,0,0.0,stratified_80_20
48731,0,0,0.0,stratified_80_20
48732,0,0,0.0,stratified_80_20
48733,0,0,0.0,stratified_80_20
48735,0,0,0.0,stratified_80_20
48744,0,0,0.0,stratified_80_20
48747,0,0,0.0,stratified_80_20
48749,0,0,0.0,stratified_80_20
48754,0,0,0.0,stratified_80_20
48765,0,0,0.0,stratified_80_20
48766,0,0,0.0,stratified_80_20
48768,0,0,0.0,stratified_80_20
48774,0,0,0.0,stratified_80_20
48783,0,0,0.0,stratified_80_20
48784,0,0,0.0,stratified_80_20
48785,0,0,0.0,stratified_80_20
48801,0,0,0.0,stratified_80_20
48802,0,0,0.0,stratified_80_20
48807,0,0,0.0,stratified_80_20
48810,0,0,0.0,stratified_80_20
48813,0,0,0.0,stratified_80_20
48814,0,0,0.0,stratified_80_20
48824,1,0,0.0,stratified_80_20
48825,0,0,0.0,stratified_80_20
48833,0,0,0.0,stratified_80_20
48835,0,0,0.0,stratified_80_20
48836,0,0,0.0,stratified_80_20
48837,0,0,0.0,stratified_80_20
48840,0,0,0.0,stratified_80_20
48843,0,0,0.0,stratified_80_20
48847,0,0,0.0,stratified_80_20
48852,0,0,0.0,stratified_80_20
48863,0,0,0.0,stratified_80_20
48865,0,0,0.0,stratified_80_20
48873,0,0,0.0,stratified_80_20
48878,0,0,0.0,stratified_80_20
48882,0,0,0.0,stratified_80_20
48898,0,0,0.0,stratified_80_20
48901,0,0,0.0,stratified_80_20
48903,0,0,0.0,stratified_80_20
48909,0,0,0.0,stratified_80_20
48918,0,0,0.0,stratified_80_20
48922,0,0,0.0,stratified_80_20
48924,0,0,0.0,stratified_80_20
48928,0,0,0.0,stratified_80_20
48931,0,0,0.0,stratified_80_20
48933,0,0,0.0,stratified_80_20
48940,0,0,0.0,stratified_80_20
48947,0,0,0.0,stratified_80_20
48959,0,0,0.0,stratified_80_20
48967,0,0,0.0,stratified_80_20
48971,0,0,0.0,stratified_80_20
48983,0,0,0.0,stratified_80_20
48986,0,0,0.0,stratified_80_20
48988,0,0,0.0,stratified_80_20
48991,0,0,0.0,stratified_80_20
48992,0,0,0.0,stratified_80_20
48995,0,0,0.0,stratified_80_20
49002,0,0,0.0,stratified_80_20
49011,0,0,0.0,stratified_80_20
49014,0,0,0.0,stratified_80_20
49025,0,0,0.0,stratified_80_20
49026,0,0,0.0,stratified_80_20
49032,0,0,0.0,stratified_80_20
49036,0,0,0.0,stratified_80_20
49039,0,0,0.0,stratified_80_20
49043,0,0,0.0,stratified_80_20
49045,0,0,0.0,stratified_80_20
49047,0,0,0.0,stratified_80_20
49050,0,0,0.0,stratified_80_20
49053,0,0,0.0,stratified_80_20
49054,0,0,0.0,stratified_80_20
49057,0,0,0.0,stratified_80_20
49069,0,0,0.0,stratified_80_20
49077,0,0,0.0,stratified_80_20
49088,0,0,0.0,stratified_80_20
49089,0,0,0.0,stratified_80_20
49090,0,0,0.0,stratified_80_20
49094,0,0,0.0,stratified_80_20
49101,0,0,0.0,stratified_80_20
49109,0,0,0.0,stratified_80_20
49123,0,0,0.0,stratified_80_20
49124,0,0,0.0,stratified_80_20
49126,0,0,0.0,stratified_80_20
49130,0,0,0.0,stratified_80_20
49138,0,0,0.0,stratified_80_20
49147,0,0,0.0,stratified_80_20
49153,0,0,0.0,stratified_80_20
49155,0,0,0.0,stratified_80_20
49156,0,0,0.0,stratified_80_20
49158,0,0,0.0,stratified_80_20
49166,0,0,0.0,stratified_80_20
49168,0,0,0.0,stratified_80_20
49169,0,0,0.0,stratified_80_20
49174,0,0,0.0,stratified_80_20
49181,0,0,0.0,stratified_80_20
49193,0,0,0.0,stratified_80_20
49203,0,0,0.0,stratified_80_20
49204,0,0,0.0,stratified_80_20
49208,0,0,0.0,stratified_80_20
49220,0,0,0.0,stratified_80_20
49223,0,0,0.0,stratified_80_20
49224,0,0,0.0,stratified_80_20
49235,0,0,0.0,stratified_80_20
49236,0,0,0.0,stratified_80_20
49238,0,0,0.0,stratified_80_20
49255,0,0,0.0,stratified_80_20
49257,0,0,0.0,stratified_80_20
49264,0,0,0.0,stratified_80_20
49267,0,0,0.0,stratified_80_20
49271,0,0,0.0,stratified_80_20
49278,0,0,0.0,stratified_80_20
49305,0,0,0.0,stratified_80_20
49317,0,0,0.0,stratified_80_20
49321,0,0,0.0,stratified_80_20
49322,0,0,0.0,stratified_80_20
49323,0,0,0.0,stratified_80_20
49324,0,0,0.0,stratified_80_20
49347,0,0,0.0,stratified_80_20
49353,0,0,0.0,stratified_80_20
49361,0,0,0.0,stratified_80_20
49365,0,0,0.0,stratified_80_20
49370,0,0,0.0,stratified_80_20
49377,0,0,0.0,stratified_80_20
49395,0,0,0.0,stratified_80_20
49399,0,0,0.0,stratified_80_20
49401,0,0,0.0,stratified_80_20
49413,0,0,0.0,stratified_80_20
49414,0,0,0.0,stratified_80_20
49415,0,0,0.0,stratified_80_20
49417,0,0,0.0,stratified_80_20
49429,0,0,0.0,stratified_80_20
49438,0,0,0.0,stratified_80_20
49447,0,0,0.0,stratified_80_20
49448,0,0,0.0,stratified_80_20
49453,0,0,0.0,stratified_80_20
49456,0,0,0.0,stratified_80_20
49457,0,0,0.0,stratified_80_20
49458,0,0,0.0,stratified_80_20
49462,0,0,0.0,stratified_80_20
49463,0,0,0.0,stratified_80_20
49468,0,0,0.0,stratified_80_20
49471,0,0,0.0,stratified_80_20
49474,0,0,0.0,stratified_80_20
49483,0,0,0.0,stratified_80_20
49494,0,0,0.0,stratified_80_20
49495,0,0,0.0,stratified_80_20
49499,0,0,0.0,stratified_80_20
49506,0,0,0.0,stratified_80_20
49511,0,0,0.0,stratified_80_20
49513,0,0,0.0,stratified_80_20
49515,0,0,0.0,stratified_80_20
49532,0,0,0.0,stratified_80_20
49534,0,0,0.0,stratified_80_20
49536,0,0,0.0,stratified_80_20
49546,0,0,0.0,stratified_80_20
49550,0,0,0.0,stratified_80_20
49554,0,0,0.0,stratified_80_20
49555,0,0,0.0,stratified_80_20
49571,0,0,0.0,stratified_80_20
49577,0,0,0.0,stratified_80_20
49580,0,0,0.0,stratified_80_20
49586,0,0,0.0,stratified_80_20
49588,0,0,0.0,stratified_80_20
49590,0,0,0.0,stratified_80_20
49595,0,0,0.0,stratified_80_20
49598,0,0,0.0,stratified_80_20
49599,0,0,0.0,stratified_80_20
49600,0,0,0.0,stratified_80_20
49601,0,0,0.0,stratified_80_20
49605,0,0,0.0,stratified_80_20
49617,0,0,0.0,stratified_80_20
49619,0,0,0.0,stratified_80_20
49626,0,0,0.0,stratified_80_20
49641,0,0,0.0,stratified_80_20
49642,0,0,0.0,stratified_80_20
49643,0,0,0.0,stratified_80_20
49645,0,0,0.0,stratified_80_20
49656,0,0,0.0,stratified_80_20
49658,0,0,0.0,stratified_80_20
49665,0,0,0.0,stratified_80_20
49667,0,0,0.0,stratified_80_20
49677,0,0,0.0,stratified_80_20
49678,0,0,0.0,stratified_80_20
49682,0,0,0.0,stratified_80_20
49690,0,0,0.0,stratified_80_20
49697,0,0,0.0,stratified_80_20
49698,0,0,0.0,stratified_80_20
49706,0,0,0.0,stratified_80_20
49708,0,0,0.0,stratified_80_20
49710,0,0,0.0,stratified_80_20
49729,0,0,0.0,stratified_80_20
49734,0,0,0.0,stratified_80_20
49735,0,0,0.0,stratified_80_20
49743,0,0,0.0,stratified_80_20
49744,0,0,0.0,stratified_80_20
49746,0,0,0.0,stratified_80_20
49752,0,0,0.0,stratified_80_20
49753,0,0,0.0,stratified_80_20
49754,0,0,0.0,stratified_80_20
49760,0,0,0.0,stratified_80_20
49764,0,0,0.0,stratified_80_20
49780,0,0,0.0,stratified_80_20
49781,0,0,0.0,stratified_80_20
49785,0,0,0.0,stratified_80_20
49791,0,0,0.0,stratified_80_20
49792,0,0,0.0,stratified_80_20
49800,0,0,0.0,stratified_80_20
49801,0,0,0.0,stratified_80_20
49804,0,0,0.0,stratified_80_20
49812,0,0,0.0,stratified_80_20
49817,0,0,0.0,stratified_80_20
49819,0,0,0.0,stratified_80_20
49832,0,0,0.0,stratified_80_20
49834,0,0,0.0,stratified_80_20
49838,0,0,0.0,stratified_80_20
49840,0,0,0.0,stratified_80_20
49842,0,0,0.0,stratified_80_20
49846,0,0,0.0,stratified_80_20
49850,0,0,0.0,stratified_80_20
49852,0,0,0.0,stratified_80_20
49853,0,0,0.0,stratified_80_20
49862,0,0,0.0,stratified_80_20
49863,0,0,0.0,stratified_80_20
49866,0,0,0.0,stratified_80_20
49868,0,0,0.0,stratified_80_20
49870,0,0,0.0,stratified_80_20
49871,0,0,0.0,stratified_80_20
49876,0,0,0.0,stratified_80_20
49884,0,0,0.0,stratified_80_20
49891,0,0,0.0,stratified_80_20
49901,0,0,0.0,stratified_80_20
49904,0,0,0.0,stratified_80_20
49905,0,0,0.0,stratified_80_20
49909,0,0,0.0,stratified_80_20
49913,0,0,0.0,stratified_80_20
49920,0,0,0.0,stratified_80_20
49922,0,0,0.0,stratified_80_20
49926,0,0,0.0,stratified_80_20
49932,0,0,0.0,stratified_80_20
49936,0,0,0.0,stratified_80_20
49957,0,0,0.0,stratified_80_20
49964,0,0,0.0,stratified_80_20
49966,0,0,0.0,stratified_80_20
49981,0,0,0.0,stratified_80_20
49992,0,0,0.0,stratified_80_20
50001,0,0,0.0,stratified_80_20
50012,0,0,0.0,stratified_80_20
50021,0,0,0.0,stratified_80_20
50022,0,0,0.0,stratified_80_20
50029,0,0,0.0,stratified_80_20
50070,0,0,0.0,stratified_80_20
50076,0,0,0.0,stratified_80_20
50077,0,0,0.0,stratified_80_20
50083,0,0,0.0,stratified_80_20
50091,0,0,0.0,stratified_80_20
50094,0,0,0.0,stratified_80_20
50095,0,0,0.0,stratified_80_20
50096,0,0,0.0,stratified_80_20
50101,0,0,0.0,stratified_80_20
50103,0,0,0.0,stratified_80_20
50108,0,0,0.0,stratified_80_20
50113,0,0,0.0,stratified_80_20
50116,0,0,0.0,stratified_80_20
50142,0,0,0.0,stratified_80_20
50160,0,0,0.0,stratified_80_20
50165,0,0,0.0,stratified_80_20
50173,0,0,0.0,stratified_80_20
50177,0,0,0.0,stratified_80_20
50179,0,0,0.0,stratified_80_20
50181,0,0,0.0,stratified_80_20
50199,0,0,0.0,stratified_80_20
50202,0,0,0.0,stratified_80_20
50206,0,0,0.0,stratified_80_20
50214,0,0,0.0,stratified_80_20
50226,0,0,0.0,stratified_80_20
50228,0,0,0.0,stratified_80_20
50246,0,0,0.0,stratified_80_20
50248,0,0,0.0,stratified_80_20
50255,0,0,0.0,stratified_80_20
50259,0,0,0.0,stratified_80_20
50267,0,0,0.0,stratified_80_20
50285,0,0,0.0,stratified_80_20
50287,0,0,0.0,stratified_80_20
50301,0,0,0.0,stratified_80_20
50304,0,0,0.0,stratified_80_20
50307,0,0,0.0,stratified_80_20
50315,0,0,0.0,stratified_80_20
50316,0,0,0.0,stratified_80_20
50321,0,0,0.0,stratified_80_20
50326,0,0,0.0,stratified_80_20
50335,0,0,0.0,stratified_80_20
50337,0,0,0.0,stratified_80_20
50338,0,0,0.0,stratified_80_20
50343,0,0,0.0,stratified_80_20
50346,0,0,0.0,stratified_80_20
50347,0,0,0.0,stratified_80_20
50348,0,0,0.0,stratified_80_20
50351,0,0,0.0,stratified_80_20
50359,0,0,0.0,stratified_80_20
50364,0,0,0.0,stratified_80_20
50374,0,0,0.0,stratified_80_20
50399,0,0,0.0,stratified_80_20
50400,0,0,0.0,stratified_80_20
50405,0,0,0.0,stratified_80_20
50410,0,0,0.0,stratified_80_20
50422,0,0,0.0,stratified_80_20
50423,0,0,0.0,stratified_80_20
50425,0,0,0.0,stratified_80_20
50428,0,0,0.0,stratified_80_20
50431,0,0,0.0,stratified_80_20
50435,0,0,0.0,stratified_80_20
50437,0,0,0.0,stratified_80_20
50438,0,0,0.0,stratified_80_20
50440,0,0,0.0,stratified_80_20
50442,0,0,0.0,stratified_80_20
50445,0,0,0.0,stratified_80_20
50449,0,0,0.0,stratified_80_20
50451,0,0,0.0,stratified_80_20
50454,0,0,0.0,stratified_80_20
50461,0,0,0.0,stratified_80_20
50465,0,0,0.0,stratified_80_20
50468,0,0,0.0,stratified_80_20
50472,0,0,0.0,stratified_80_20
50473,0,0,0.0,stratified_80_20
50478,0,0,0.0,stratified_80_20
50479,0,0,0.0,stratified_80_20
50489,0,0,0.0,stratified_80_20
50498,0,0,0.0,stratified_80_20
50499,0,0,0.0,stratified_80_20
50510,0,0,0.0,stratified_80_20
50513,0,0,0.0,stratified_80_20
50522,0,0,0.0,stratified_80_20
50527,0,0,0.0,stratified_80_20
50532,0,0,0.0,stratified_80_20
50547,0,0,0.0,stratified_80_20
50550,0,0,0.0,stratified_80_20
50561,0,0,0.0,stratified_80_20
50564,0,0,0.0,stratified_80_20
50565,0,0,0.0,stratified_80_20
50567,0,0,0.0,stratified_80_20
50570,0,0,0.0,stratified_80_20
50574,0,0,0.0,stratified_80_20
50578,0,0,0.0,stratified_80_20
50579,0,0,0.0,stratified_80_20
50583,0,0,0.0,stratified_80_20
50595,0,0,0.0,stratified_80_20
50614,0,0,0.0,stratified_80_20
50631,0,0,0.0,stratified_80_20
50635,0,0,0.0,stratified_80_20
50638,0,0,0.0,stratified_80_20
50639,0,0,0.0,stratified_80_20
50647,0,0,0.0,stratified_80_20
50657,0,0,0.0,stratified_80_20
50658,0,0,0.0,stratified_80_20
50662,0,0,0.0,stratified_80_20
50673,0,0,0.0,stratified_80_20
50682,0,0,0.0,stratified_80_20
50687,0,0,0.0,stratified_80_20
50688,0,0,0.0,stratified_80_20
50689,0,0,0.0,stratified_80_20
50696,0,0,0.0,stratified_80_20
50702,0,0,0.0,stratified_80_20
50704,0,0,0.0,stratified_80_20
50706,0,0,0.0,stratified_80_20
50707,0,0,0.0,stratified_80_20
50715,0,0,0.0,stratified_80_20
50721,0,0,0.0,stratified_80_20
50729,0,0,0.0,stratified_80_20
50733,0,0,0.0,stratified_80_20
50738,0,0,0.0,stratified_80_20
50741,0,0,0.0,stratified_80_20
50769,0,0,0.0,stratified_80_20
50773,0,0,0.0,stratified_80_20
50785,0,0,0.0,stratified_80_20
50794,0,0,0.0,stratified_80_20
50797,0,0,0.0,stratified_80_20
50798,0,0,0.0,stratified_80_20
50805,0,0,0.0,stratified_80_20
50815,0,0,0.0,stratified_80_20
50819,0,0,0.0,stratified_80_20
50840,0,0,0.0,stratified_80_20
50843,0,0,0.0,stratified_80_20
50851,0,0,0.0,stratified_80_20
50856,0,0,0.0,stratified_80_20
50857,0,0,0.0,stratified_80_20
50861,0,0,0.0,stratified_80_20
50864,0,0,0.0,stratified_80_20
50871,0,0,0.0,stratified_80_20
50872,0,0,0.0,stratified_80_20
50873,0,0,0.0,stratified_80_20
50874,0,0,0.0,stratified_80_20
50880,0,0,0.0,stratified_80_20
50886,0,0,0.0,stratified_80_20
50889,0,0,0.0,stratified_80_20
50891,0,0,0.0,stratified_80_20
50894,0,0,0.0,stratified_80_20
50900,0,0,0.0,stratified_80_20
50902,0,0,0.0,stratified_80_20
50907,0,0,0.0,stratified_80_20
50916,0,0,0.0,stratified_80_20
50917,0,0,0.0,stratified_80_20
50918,0,0,0.0,stratified_80_20
50939,0,0,0.0,stratified_80_20
50944,0,0,0.0,stratified_80_20
50945,0,0,0.0,stratified_80_20
50947,0,0,0.0,stratified_80_20
50951,0,0,0.0,stratified_80_20
50960,0,0,0.0,stratified_80_20
50962,0,0,0.0,stratified_80_20
50970,0,0,0.0,stratified_80_20
50973,0,0,0.0,stratified_80_20
50998,0,0,0.0,stratified_80_20
51001,0,0,0.0,stratified_80_20
51004,0,0,0.0,stratified_80_20
51006,0,0,0.0,stratified_80_20
51011,0,0,0.0,stratified_80_20
51020,0,0,0.0,stratified_80_20
51025,0,0,0.0,stratified_80_20
51027,0,0,0.0,stratified_80_20
51032,0,0,0.0,stratified_80_20
51039,0,0,0.0,stratified_80_20
51041,0,0,0.0,stratified_80_20
51044,0,0,0.0,stratified_80_20
51051,0,0,0.0,stratified_80_20
51053,0,0,0.0,stratified_80_20
51066,0,0,0.0,stratified_80_20
51070,0,0,0.0,stratified_80_20
51072,0,0,0.0,stratified_80_20
51085,0,0,0.0,stratified_80_20
51099,0,0,0.0,stratified_80_20
51110,0,0,0.0,stratified_80_20
51124,0,0,0.0,stratified_80_20
51128,0,0,0.0,stratified_80_20
51131,0,0,0.0,stratified_80_20
51134,0,0,0.0,stratified_80_20
51136,0,0,0.0,stratified_80_20
51139,0,0,0.0,stratified_80_20
51149,0,0,0.0,stratified_80_20
51162,0,0,0.0,stratified_80_20
51177,0,0,0.0,stratified_80_20
51180,0,0,0.0,stratified_80_20
51190,0,0,0.0,stratified_80_20
51209,0,0,0.0,stratified_80_20
51210,0,0,0.0,stratified_80_20
51212,0,0,0.0,stratified_80_20
51213,0,0,0.0,stratified_80_20
51224,0,0,0.0,stratified_80_20
51246,0,0,0.0,stratified_80_20
51252,0,0,0.0,stratified_80_20
51256,0,0,0.0,stratified_80_20
51257,0,0,0.0,stratified_80_20
51259,0,0,0.0,stratified_80_20
51260,0,0,0.0,stratified_80_20
51267,0,0,0.0,stratified_80_20
51272,0,0,0.0,stratified_80_20
51274,0,0,0.0,stratified_80_20
51278,0,0,0.0,stratified_80_20
51280,0,0,0.0,stratified_80_20
51281,0,0,0.0,stratified_80_20
51284,0,0,0.0,stratified_80_20
51309,0,0,0.0,stratified_80_20
51310,0,0,0.0,stratified_80_20
51313,0,0,0.0,stratified_80_20
51319,0,0,0.0,stratified_80_20
51320,0,0,0.0,stratified_80_20
51325,0,0,0.0,stratified_80_20
51331,0,0,0.0,stratified_80_20
51332,0,0,0.0,stratified_80_20
51336,0,0,0.0,stratified_80_20
51347,0,0,0.0,stratified_80_20
51365,0,0,0.0,stratified_80_20
51366,0,0,0.0,stratified_80_20
51379,0,0,0.0,stratified_80_20
51383,0,0,0.0,stratified_80_20
51388,0,0,0.0,stratified_80_20
51392,0,0,0.0,stratified_80_20
51412,0,0,0.0,stratified_80_20
51426,0,0,0.0,stratified_80_20
51427,0,0,0.0,stratified_80_20
51447,0,0,0.0,stratified_80_20
51459,0,0,0.0,stratified_80_20
51460,0,0,0.0,stratified_80_20
51461,0,0,0.0,stratified_80_20
51462,0,0,0.0,stratified_80_20
51481,0,0,0.0,stratified_80_20
51483,0,0,0.0,stratified_80_20
51489,0,0,0.0,stratified_80_20
51490,0,0,0.0,stratified_80_20
51491,0,0,0.0,stratified_80_20
51496,0,0,0.0,stratified_80_20
51501,0,0,0.0,stratified_80_20
51502,0,0,0.0,stratified_80_20
51504,0,0,0.0,stratified_80_20
51506,0,0,0.0,stratified_80_20
51507,0,0,0.0,stratified_80_20
51518,0,0,0.0,stratified_80_20
51534,0,0,0.0,stratified_80_20
51535,0,0,0.0,stratified_80_20
51536,0,0,0.0,stratified_80_20
51537,0,0,0.0,stratified_80_20
51548,0,0,0.0,stratified_80_20
51550,0,0,0.0,stratified_80_20
51554,0,0,0.0,stratified_80_20
51559,0,0,0.0,stratified_80_20
51566,0,0,0.0,stratified_80_20
51573,0,0,0.0,stratified_80_20
51576,0,0,0.0,stratified_80_20
51577,0,0,0.0,stratified_80_20
51578,0,0,0.0,stratified_80_20
51580,0,0,0.0,stratified_80_20
51585,0,0,0.0,stratified_80_20
51590,0,0,0.0,stratified_80_20
51598,0,0,0.0,stratified_80_20
51605,0,0,0.0,stratified_80_20
51609,0,0,0.0,stratified_80_20
51611,0,0,0.0,stratified_80_20
51614,0,0,0.0,stratified_80_20
51615,0,0,0.0,stratified_80_20
51618,0,0,0.0,stratified_80_20
51620,0,0,0.0,stratified_80_20
51628,0,0,0.0,stratified_80_20
51629,0,0,0.0,stratified_80_20
51640,0,0,0.0,stratified_80_20
51642,0,0,0.0,stratified_80_20
51645,0,0,0.0,stratified_80_20
51653,0,0,0.0,stratified_80_20
51654,0,0,0.0,stratified_80_20
51658,0,0,0.0,stratified_80_20
51665,0,0,0.0,stratified_80_20
51668,0,0,0.0,stratified_80_20
51675,0,0,0.0,stratified_80_20
51677,0,0,0.0,stratified_80_20
51679,0,0,0.0,stratified_80_20
51683,0,0,0.0,stratified_80_20
51688,0,0,0.0,stratified_80_20
51695,0,0,0.0,stratified_80_20
51700,0,0,0.0,stratified_80_20
51704,0,0,0.0,stratified_80_20
51716,0,0,0.0,stratified_80_20
51721,0,0,0.0,stratified_80_20
51729,0,0,0.0,stratified_80_20
51730,0,0,0.0,stratified_80_20
51733,0,0,0.0,stratified_80_20
51740,0,0,0.0,stratified_80_20
51743,0,0,0.0,stratified_80_20
51747,0,0,0.0,stratified_80_20
51752,0,0,0.0,stratified_80_20
51753,0,0,0.0,stratified_80_20
51755,0,0,0.0,stratified_80_20
51760,0,0,0.0,stratified_80_20
51764,0,0,0.0,stratified_80_20
51769,0,0,0.0,stratified_80_20
51774,0,0,0.0,stratified_80_20
51776,0,0,0.0,stratified_80_20
51779,0,0,0.0,stratified_80_20
51782,0,0,0.0,stratified_80_20
51784,0,0,0.0,stratified_80_20
51788,0,0,0.0,stratified_80_20
51793,0,0,0.0,stratified_80_20
51796,0,0,0.0,stratified_80_20
51799,0,0,0.0,stratified_80_20
51802,0,0,0.0,stratified_80_20
51805,0,0,0.0,stratified_80_20
51811,0,0,0.0,stratified_80_20
51816,0,0,0.0,stratified_80_20
51824,0,0,0.0,stratified_80_20
51826,0,0,0.0,stratified_80_20
51837,0,0,0.0,stratified_80_20
51841,0,0,0.0,stratified_80_20
51849,0,0,0.0,stratified_80_20
51851,0,0,0.0,stratified_80_20
51865,0,0,0.0,stratified_80_20
51892,0,0,0.0,stratified_80_20
51896,0,0,0.0,stratified_80_20
51901,0,0,0.0,stratified_80_20
51911,0,0,0.0,stratified_80_20
51919,0,0,0.0,stratified_80_20
51922,0,0,0.0,stratified_80_20
51924,0,0,0.0,stratified_80_20
51926,0,0,0.0,stratified_80_20
51929,0,0,0.0,stratified_80_20
51933,0,0,0.0,stratified_80_20
51939,0,0,0.0,stratified_80_20
51943,0,0,0.0,stratified_80_20
51944,0,0,0.0,stratified_80_20
51947,0,0,0.0,stratified_80_20
51948,0,0,0.0,stratified_80_20
51953,0,0,0.0,stratified_80_20
51959,0,0,0.0,stratified_80_20
51965,0,0,0.0,stratified_80_20
51966,0,0,0.0,stratified_80_20
51968,0,0,0.0,stratified_80_20
51978,0,0,0.0,stratified_80_20
51982,0,0,0.0,stratified_80_20
51985,0,0,0.0,stratified_80_20
51991,0,0,0.0,stratified_80_20
51995,0,0,0.0,stratified_80_20
51996,0,0,0.0,stratified_80_20
52000,0,0,0.0,stratified_80_20
52003,0,0,0.0,stratified_80_20
52018,0,0,0.0,stratified_80_20
52020,0,0,0.0,stratified_80_20
52021,0,0,0.0,stratified_80_20
52022,0,0,0.0,stratified_80_20
52023,0,0,0.0,stratified_80_20
52024,0,0,0.0,stratified_80_20
52025,0,0,0.0,stratified_80_20
52026,0,0,0.0,stratified_80_20
52048,0,0,0.0,stratified_80_20
52052,0,0,0.0,stratified_80_20
52055,0,0,0.0,stratified_80_20
52063,0,0,0.0,stratified_80_20
52068,0,0,0.0,stratified_80_20
52071,0,0,0.0,stratified_80_20
52076,0,0,0.0,stratified_80_20
52085,0,0,0.0,stratified_80_20
52103,0,0,0.0,stratified_80_20
52110,0,0,0.0,stratified_80_20
52121,0,0,0.0,stratified_80_20
52122,0,0,0.0,stratified_80_20
52126,0,0,0.0,stratified_80_20
52133,0,0,0.0,stratified_80_20
52135,0,0,0.0,stratified_80_20
52136,0,0,0.0,stratified_80_20
52142,0,0,0.0,stratified_80_20
52147,0,0,0.0,stratified_80_20
52151,0,0,0.0,stratified_80_20
52158,0,0,0.0,stratified_80_20
52163,0,0,0.0,stratified_80_20
52164,0,0,0.0,stratified_80_20
52166,0,0,0.0,stratified_80_20
52168,0,0,0.0,stratified_80_20
52169,0,0,0.0,stratified_80_20
52172,0,0,0.0,stratified_80_20
52174,0,0,0.0,stratified_80_20
52175,0,0,0.0,stratified_80_20
52189,0,0,0.0,stratified_80_20
52191,0,0,0.0,stratified_80_20
52199,0,0,0.0,stratified_80_20
52202,0,0,0.0,stratified_80_20
52207,0,0,0.0,stratified_80_20
52224,0,0,0.0,stratified_80_20
52235,0,0,0.0,stratified_80_20
52237,0,0,0.0,stratified_80_20
52238,0,0,0.0,stratified_80_20
52241,0,0,0.0,stratified_80_20
52247,0,0,0.0,stratified_80_20
52252,0,0,0.0,stratified_80_20
52253,0,0,0.0,stratified_80_20
52261,0,0,0.0,stratified_80_20
52271,0,0,0.0,stratified_80_20
52282,0,0,0.0,stratified_80_20
52286,0,0,0.0,stratified_80_20
52299,0,0,0.0,stratified_80_20
52300,0,0,0.0,stratified_80_20
52302,0,0,0.0,stratified_80_20
52304,0,0,0.0,stratified_80_20
52306,0,0,0.0,stratified_80_20
52308,0,0,0.0,stratified_80_20
52311,0,0,0.0,stratified_80_20
52312,0,0,0.0,stratified_80_20
52318,0,0,0.0,stratified_80_20
52320,0,0,0.0,stratified_80_20
52322,0,0,0.0,stratified_80_20
52327,0,0,0.0,stratified_80_20
52328,0,0,0.0,stratified_80_20
52330,0,0,0.0,stratified_80_20
52346,0,0,0.0,stratified_80_20
52349,0,0,0.0,stratified_80_20
52356,0,0,0.0,stratified_80_20
52366,0,0,0.0,stratified_80_20
52367,0,0,0.0,stratified_80_20
52372,0,0,0.0,stratified_80_20
52378,0,0,0.0,stratified_80_20
52380,0,0,0.0,stratified_80_20
52382,0,0,0.0,stratified_80_20
52383,0,0,0.0,stratified_80_20
52388,0,0,0.0,stratified_80_20
52389,0,0,0.0,stratified_80_20
52391,0,0,0.0,stratified_80_20
52395,0,0,0.0,stratified_80_20
52405,0,0,0.0,stratified_80_20
52407,0,0,0.0,stratified_80_20
52409,0,0,0.0,stratified_80_20
52416,0,0,0.0,stratified_80_20
52422,0,0,0.0,stratified_80_20
52423,0,0,0.0,stratified_80_20
52426,0,0,0.0,stratified_80_20
52429,0,0,0.0,stratified_80_20
52431,0,0,0.0,stratified_80_20
52437,0,0,0.0,stratified_80_20
52450,0,0,0.0,stratified_80_20
52452,0,0,0.0,stratified_80_20
52453,0,0,0.0,stratified_80_20
52455,0,0,0.0,stratified_80_20
52456,0,0,0.0,stratified_80_20
52474,0,0,0.0,stratified_80_20
52475,0,0,0.0,stratified_80_20
52486,0,0,0.0,stratified_80_20
52492,0,0,0.0,stratified_80_20
52504,0,0,0.0,stratified_80_20
52512,0,0,0.0,stratified_80_20
52515,0,0,0.0,stratified_80_20
52518,0,0,0.0,stratified_80_20
52519,0,0,0.0,stratified_80_20
52520,0,0,0.0,stratified_80_20
52522,0,0,0.0,stratified_80_20
52525,0,0,0.0,stratified_80_20
52527,0,0,0.0,stratified_80_20
52532,0,0,0.0,stratified_80_20
52536,0,0,0.0,stratified_80_20
52546,0,0,0.0,stratified_80_20
52549,0,0,0.0,stratified_80_20
52553,0,0,0.0,stratified_80_20
52557,0,0,0.0,stratified_80_20
52560,0,0,0.0,stratified_80_20
52565,0,0,0.0,stratified_80_20
52567,0,0,0.0,stratified_80_20
52568,0,0,0.0,stratified_80_20
52569,0,0,0.0,stratified_80_20
52574,0,0,0.0,stratified_80_20
52578,0,0,0.0,stratified_80_20
52579,0,0,0.0,stratified_80_20
52583,0,0,0.0,stratified_80_20
52584,0,0,0.0,stratified_80_20
52595,0,0,0.0,stratified_80_20
52603,0,0,0.0,stratified_80_20
52607,0,0,0.0,stratified_80_20
52611,0,0,0.0,stratified_80_20
52617,0,0,0.0,stratified_80_20
52619,0,0,0.0,stratified_80_20
52622,0,0,0.0,stratified_80_20
52623,0,0,0.0,stratified_80_20
52627,0,0,0.0,stratified_80_20
52633,0,0,0.0,stratified_80_20
52636,0,0,0.0,stratified_80_20
52637,0,0,0.0,stratified_80_20
52644,0,0,0.0,stratified_80_20
52645,0,0,0.0,stratified_80_20
52646,0,0,0.0,stratified_80_20
52648,0,0,0.0,stratified_80_20
52650,0,0,0.0,stratified_80_20
52655,0,0,0.0,stratified_80_20
52659,0,0,0.0,stratified_80_20
52667,0,0,0.0,stratified_80_20
52668,0,0,0.0,stratified_80_20
52669,0,0,0.0,stratified_80_20
52672,0,0,0.0,stratified_80_20
52686,0,0,0.0,stratified_80_20
52690,0,0,0.0,stratified_80_20
52702,0,0,0.0,stratified_80_20
52705,0,0,0.0,stratified_80_20
52706,0,0,0.0,stratified_80_20
52709,0,0,0.0,stratified_80_20
52717,0,0,0.0,stratified_80_20
52720,0,0,0.0,stratified_80_20
52723,0,0,0.0,stratified_80_20
52724,0,0,0.0,stratified_80_20
52727,0,0,0.0,stratified_80_20
52731,0,0,0.0,stratified_80_20
52736,0,0,0.0,stratified_80_20
52740,0,0,0.0,stratified_80_20
52742,0,0,0.0,stratified_80_20
52743,0,0,0.0,stratified_80_20
52750,0,0,0.0,stratified_80_20
52753,0,0,0.0,stratified_80_20
52756,0,0,0.0,stratified_80_20
52758,0,0,0.0,stratified_80_20
52760,0,0,0.0,stratified_80_20
52763,0,0,0.0,stratified_80_20
52770,0,0,0.0,stratified_80_20
52778,0,0,0.0,stratified_80_20
52779,0,0,0.0,stratified_80_20
52780,0,0,0.0,stratified_80_20
52785,0,0,0.0,stratified_80_20
52787,0,0,0.0,stratified_80_20
52792,0,0,0.0,stratified_80_20
52798,0,0,0.0,stratified_80_20
52806,0,0,0.0,stratified_80_20
52810,0,0,0.0,stratified_80_20
52812,0,0,0.0,stratified_80_20
52817,0,0,0.0,stratified_80_20
52820,0,0,0.0,stratified_80_20
52822,0,0,0.0,stratified_80_20
52829,0,0,0.0,stratified_80_20
52833,0,0,0.0,stratified_80_20
52836,0,0,0.0,stratified_80_20
52843,0,0,0.0,stratified_80_20
52851,0,0,0.0,stratified_80_20
52852,0,0,0.0,stratified_80_20
52855,0,0,0.0,stratified_80_20
52862,0,0,0.0,stratified_80_20
52866,0,0,0.0,stratified_80_20
52873,0,0,0.0,stratified_80_20
52887,0,0,0.0,stratified_80_20
52889,0,0,0.0,stratified_80_20
52898,0,0,0.0,stratified_80_20
52907,0,0,0.0,stratified_80_20
52909,0,0,0.0,stratified_80_20
52913,0,0,0.0,stratified_80_20
52924,0,0,0.0,stratified_80_20
52925,0,0,0.0,stratified_80_20
52929,0,0,0.0,stratified_80_20
52930,0,0,0.0,stratified_80_20
52943,0,0,0.0,stratified_80_20
52944,0,0,0.0,stratified_80_20
52945,0,0,0.0,stratified_80_20
52946,0,0,0.0,stratified_80_20
52950,0,0,0.0,stratified_80_20
52958,0,0,0.0,stratified_80_20
52962,0,0,0.0,stratified_80_20
52966,0,0,0.0,stratified_80_20
52974,0,0,0.0,stratified_80_20
52975,0,0,0.0,stratified_80_20
52988,0,0,0.0,stratified_80_20
52990,0,0,0.0,stratified_80_20
52996,0,0,0.0,stratified_80_20
53002,0,0,0.0,stratified_80_20
53003,0,0,0.0,stratified_80_20
53007,0,0,0.0,stratified_80_20
53010,0,0,0.0,stratified_80_20
53011,0,0,0.0,stratified_80_20
53013,0,0,0.0,stratified_80_20
53014,0,0,0.0,stratified_80_20
53018,0,0,0.0,stratified_80_20
53030,0,0,0.0,stratified_80_20
53037,0,0,0.0,stratified_80_20
53043,0,0,0.0,stratified_80_20
53048,0,0,0.0,stratified_80_20
53054,0,0,0.0,stratified_80_20
53055,0,0,0.0,stratified_80_20
53059,0,0,0.0,stratified_80_20
53060,0,0,0.0,stratified_80_20
53063,0,0,0.0,stratified_80_20
53065,0,0,0.0,stratified_80_20
53074,0,0,0.0,stratified_80_20
53075,0,0,0.0,stratified_80_20
53076,0,0,0.0,stratified_80_20
53094,0,0,0.0,stratified_80_20
53095,0,0,0.0,stratified_80_20
53099,0,0,0.0,stratified_80_20
53101,0,0,0.0,stratified_80_20
53111,0,0,0.0,stratified_80_20
53112,0,0,0.0,stratified_80_20
53121,0,0,0.0,stratified_80_20
53124,0,0,0.0,stratified_80_20
53125,0,0,0.0,stratified_80_20
53131,0,0,0.0,stratified_80_20
53133,0,0,0.0,stratified_80_20
53146,0,0,0.0,stratified_80_20
53152,0,0,0.0,stratified_80_20
53158,0,0,0.0,stratified_80_20
53163,0,0,0.0,stratified_80_20
53165,0,0,0.0,stratified_80_20
53167,0,0,0.0,stratified_80_20
53173,0,0,0.0,stratified_80_20
53176,0,0,0.0,stratified_80_20
53185,0,0,0.0,stratified_80_20
53188,0,0,0.0,stratified_80_20
53202,0,0,0.0,stratified_80_20
53220,0,0,0.0,stratified_80_20
53229,0,0,0.0,stratified_80_20
53230,0,0,0.0,stratified_80_20
53231,0,0,0.0,stratified_80_20
53239,0,0,0.0,stratified_80_20
53243,0,0,0.0,stratified_80_20
53245,0,0,0.0,stratified_80_20
53252,0,0,0.0,stratified_80_20
53258,0,0,0.0,stratified_80_20
53259,0,0,0.0,stratified_80_20
53267,0,0,0.0,stratified_80_20
53269,0,0,0.0,stratified_80_20
53289,0,0,0.0,stratified_80_20
53297,0,0,0.0,stratified_80_20
53300,0,0,0.0,stratified_80_20
53305,0,0,0.0,stratified_80_20
53321,0,0,0.0,stratified_80_20
53322,0,0,0.0,stratified_80_20
53323,0,0,0.0,stratified_80_20
53329,0,0,0.0,stratified_80_20
53330,0,0,0.0,stratified_80_20
53346,0,0,0.0,stratified_80_20
53350,0,0,0.0,stratified_80_20
53366,0,0,0.0,stratified_80_20
53367,0,0,0.0,stratified_80_20
53369,0,0,0.0,stratified_80_20
53382,0,0,0.0,stratified_80_20
53404,0,0,0.0,stratified_80_20
53417,0,0,0.0,stratified_80_20
53418,0,0,0.0,stratified_80_20
53427,0,0,0.0,stratified_80_20
53432,0,0,0.0,stratified_80_20
53434,0,0,0.0,stratified_80_20
53436,0,0,0.0,stratified_80_20
53442,0,0,0.0,stratified_80_20
53448,0,0,0.0,stratified_80_20
53451,0,0,0.0,stratified_80_20
53457,0,0,0.0,stratified_80_20
53468,0,0,0.0,stratified_80_20
53489,0,0,0.0,stratified_80_20
53494,0,0,0.0,stratified_80_20
53495,0,0,0.0,stratified_80_20
53499,0,0,0.0,stratified_80_20
53502,0,0,0.0,stratified_80_20
53507,0,0,0.0,stratified_80_20
53513,0,0,0.0,stratified_80_20
53514,0,0,0.0,stratified_80_20
53517,0,0,0.0,stratified_80_20
53526,0,0,0.0,stratified_80_20
53530,0,0,0.0,stratified_80_20
53531,0,0,0.0,stratified_80_20
53549,0,0,0.0,stratified_80_20
53552,0,0,0.0,stratified_80_20
53556,0,0,0.0,stratified_80_20
53560,0,0,0.0,stratified_80_20
53562,0,0,0.0,stratified_80_20
53574,0,0,0.0,stratified_80_20
53576,0,0,0.0,stratified_80_20
53580,0,0,0.0,stratified_80_20
53581,0,0,0.0,stratified_80_20
53584,0,0,0.0,stratified_80_20
53587,0,0,0.0,stratified_80_20
53588,0,0,0.0,stratified_80_20
53594,0,0,0.0,stratified_80_20
53598,0,0,0.0,stratified_80_20
53611,0,0,0.0,stratified_80_20
53613,0,0,0.0,stratified_80_20
53623,0,0,0.0,stratified_80_20
53627,0,0,0.0,stratified_80_20
53629,0,0,0.0,stratified_80_20
53638,0,0,0.0,stratified_80_20
53641,0,0,0.0,stratified_80_20
53643,0,0,0.0,stratified_80_20
53653,0,0,0.0,stratified_80_20
53654,0,0,0.0,stratified_80_20
53656,0,0,0.0,stratified_80_20
53658,0,0,0.0,stratified_80_20
53668,0,0,0.0,stratified_80_20
53669,0,0,0.0,stratified_80_20
53671,0,0,0.0,stratified_80_20
53682,0,0,0.0,stratified_80_20
53692,0,0,0.0,stratified_80_20
53693,0,0,0.0,stratified_80_20
53711,0,0,0.0,stratified_80_20
53713,0,0,0.0,stratified_80_20
53717,0,0,0.0,stratified_80_20
53718,0,0,0.0,stratified_80_20
53732,0,0,0.0,stratified_80_20
53740,0,0,0.0,stratified_80_20
53745,0,0,0.0,stratified_80_20
53749,0,0,0.0,stratified_80_20
53753,0,0,0.0,stratified_80_20
53756,0,0,0.0,stratified_80_20
53767,0,0,0.0,stratified_80_20
53768,0,0,0.0,stratified_80_20
53770,0,0,0.0,stratified_80_20
53774,0,0,0.0,stratified_80_20
53782,0,0,0.0,stratified_80_20
53802,0,0,0.0,stratified_80_20
53804,0,0,0.0,stratified_80_20
53815,0,0,0.0,stratified_80_20
53819,0,0,0.0,stratified_80_20
53820,0,0,0.0,stratified_80_20
53834,0,0,0.0,stratified_80_20
53835,0,0,0.0,stratified_80_20
53836,0,0,0.0,stratified_80_20
53838,0,0,0.0,stratified_80_20
53839,0,0,0.0,stratified_80_20
53842,0,0,0.0,stratified_80_20
53843,0,0,0.0,stratified_80_20
53844,0,0,0.0,stratified_80_20
53847,0,0,0.0,stratified_80_20
53852,0,0,0.0,stratified_80_20
53853,0,0,0.0,stratified_80_20
53856,0,0,0.0,stratified_80_20
53863,0,0,0.0,stratified_80_20
53883,0,0,0.0,stratified_80_20
53891,0,0,0.0,stratified_80_20
53898,0,0,0.0,stratified_80_20
53901,0,0,0.0,stratified_80_20
53903,0,0,0.0,stratified_80_20
53911,0,0,0.0,stratified_80_20
53918,0,0,0.0,stratified_80_20
53927,0,0,0.0,stratified_80_20
53929,0,0,0.0,stratified_80_20
53941,0,0,0.0,stratified_80_20
53942,0,0,0.0,stratified_80_20
53943,0,0,0.0,stratified_80_20
53951,0,0,0.0,stratified_80_20
53956,0,0,0.0,stratified_80_20
53958,0,0,0.0,stratified_80_20
53965,0,0,0.0,stratified_80_20
53966,0,0,0.0,stratified_80_20
53968,0,0,0.0,stratified_80_20
53992,0,0,0.0,stratified_80_20
53995,0,0,0.0,stratified_80_20
54000,0,0,0.0,stratified_80_20
54010,0,0,0.0,stratified_80_20
54012,0,0,0.0,stratified_80_20
54028,0,0,0.0,stratified_80_20
54031,0,0,0.0,stratified_80_20
54032,0,0,0.0,stratified_80_20
54035,0,0,0.0,stratified_80_20
54037,0,0,0.0,stratified_80_20
54044,0,0,0.0,stratified_80_20
54052,0,0,0.0,stratified_80_20
54058,0,0,0.0,stratified_80_20
54062,0,0,0.0,stratified_80_20
54067,0,0,0.0,stratified_80_20
54073,0,0,0.0,stratified_80_20
54074,0,0,0.0,stratified_80_20
54081,0,0,0.0,stratified_80_20
54084,0,0,0.0,stratified_80_20
54088,0,0,0.0,stratified_80_20
54090,0,0,0.0,stratified_80_20
54091,0,0,0.0,stratified_80_20
54101,0,0,0.0,stratified_80_20
54102,0,0,0.0,stratified_80_20
54103,0,0,0.0,stratified_80_20
54106,0,0,0.0,stratified_80_20
54110,0,0,0.0,stratified_80_20
54113,0,0,0.0,stratified_80_20
54115,0,0,0.0,stratified_80_20
54117,0,0,0.0,stratified_80_20
54118,0,0,0.0,stratified_80_20
54119,0,0,0.0,stratified_80_20
54124,0,0,0.0,stratified_80_20
54129,0,0,0.0,stratified_80_20
54131,0,0,0.0,stratified_80_20
54137,0,0,0.0,stratified_80_20
54139,0,0,0.0,stratified_80_20
54143,0,0,0.0,stratified_80_20
54144,0,0,0.0,stratified_80_20
54147,0,0,0.0,stratified_80_20
54155,0,0,0.0,stratified_80_20
54162,0,0,0.0,stratified_80_20
54164,0,0,0.0,stratified_80_20
54166,0,0,0.0,stratified_80_20
54168,0,0,0.0,stratified_80_20
54176,0,0,0.0,stratified_80_20
54180,0,0,0.0,stratified_80_20
54181,0,0,0.0,stratified_80_20
54186,0,0,0.0,stratified_80_20
54188,0,0,0.0,stratified_80_20
54195,0,0,0.0,stratified_80_20
54202,0,0,0.0,stratified_80_20
54208,0,0,0.0,stratified_80_20
54216,0,0,0.0,stratified_80_20
54217,0,0,0.0,stratified_80_20
54220,0,0,0.0,stratified_80_20
54222,0,0,0.0,stratified_80_20
54227,0,0,0.0,stratified_80_20
54231,0,0,0.0,stratified_80_20
54239,0,0,0.0,stratified_80_20
54251,0,0,0.0,stratified_80_20
54252,0,0,0.0,stratified_80_20
54257,0,0,0.0,stratified_80_20
54261,0,0,0.0,stratified_80_20
54267,0,0,0.0,stratified_80_20
54268,0,0,0.0,stratified_80_20
54269,0,0,0.0,stratified_80_20
54273,0,0,0.0,stratified_80_20
54293,0,0,0.0,stratified_80_20
54306,0,0,0.0,stratified_80_20
54309,0,0,0.0,stratified_80_20
54314,0,0,0.0,stratified_80_20
54327,0,0,0.0,stratified_80_20
54328,0,0,0.0,stratified_80_20
54331,0,0,0.0,stratified_80_20
54333,0,0,0.0,stratified_80_20
54342,0,0,0.0,stratified_80_20
54349,0,0,0.0,stratified_80_20
54350,0,0,0.0,stratified_80_20
54352,0,0,0.0,stratified_80_20
54354,0,0,0.0,stratified_80_20
54355,0,0,0.0,stratified_80_20
54357,0,0,0.0,stratified_80_20
54358,0,0,0.0,stratified_80_20
54373,0,0,0.0,stratified_80_20
54377,0,0,0.0,stratified_80_20
54378,0,0,0.0,stratified_80_20
54382,0,0,0.0,stratified_80_20
54386,0,0,0.0,stratified_80_20
54399,0,0,0.0,stratified_80_20
54402,0,0,0.0,stratified_80_20
54406,0,0,0.0,stratified_80_20
54410,0,0,0.0,stratified_80_20
54420,0,0,0.0,stratified_80_20
54425,0,0,0.0,stratified_80_20
54426,0,0,0.0,stratified_80_20
54428,0,0,0.0,stratified_80_20
54429,0,0,0.0,stratified_80_20
54436,0,0,0.0,stratified_80_20
54442,0,0,0.0,stratified_80_20
54443,0,0,0.0,stratified_80_20
54452,0,0,0.0,stratified_80_20
54458,0,0,0.0,stratified_80_20
54459,0,0,0.0,stratified_80_20
54461,0,0,0.0,stratified_80_20
54464,0,0,0.0,stratified_80_20
54472,0,0,0.0,stratified_80_20
54473,0,0,0.0,stratified_80_20
54476,0,0,0.0,stratified_80_20
54478,0,0,0.0,stratified_80_20
54490,0,0,0.0,stratified_80_20
54493,0,0,0.0,stratified_80_20
54515,0,0,0.0,stratified_80_20
54517,0,0,0.0,stratified_80_20
54518,0,0,0.0,stratified_80_20
54520,0,0,0.0,stratified_80_20
54529,0,0,0.0,stratified_80_20
54531,0,0,0.0,stratified_80_20
54539,0,0,0.0,stratified_80_20
54543,0,0,0.0,stratified_80_20
54547,0,0,0.0,stratified_80_20
54561,0,0,0.0,stratified_80_20
54563,0,0,0.0,stratified_80_20
54568,0,0,0.0,stratified_80_20
54570,0,0,0.0,stratified_80_20
54575,0,0,0.0,stratified_80_20
54578,0,0,0.0,stratified_80_20
54580,0,0,0.0,stratified_80_20
54595,0,0,0.0,stratified_80_20
54600,0,0,0.0,stratified_80_20
54604,0,0,0.0,stratified_80_20
54614,0,0,0.0,stratified_80_20
54616,0,0,0.0,stratified_80_20
54622,0,0,0.0,stratified_80_20
54625,0,0,0.0,stratified_80_20
54628,0,0,0.0,stratified_80_20
54631,0,0,0.0,stratified_80_20
54636,0,0,0.0,stratified_80_20
54640,0,0,0.0,stratified_80_20
54646,0,0,0.0,stratified_80_20
54652,0,0,0.0,stratified_80_20
54654,0,0,0.0,stratified_80_20
54662,0,0,0.0,stratified_80_20
54669,0,0,0.0,stratified_80_20
54670,0,0,0.0,stratified_80_20
54675,0,0,0.0,stratified_80_20
54680,0,0,0.0,stratified_80_20
54684,0,0,0.0,stratified_80_20
54693,0,0,0.0,stratified_80_20
54694,0,0,0.0,stratified_80_20
54701,0,0,0.0,stratified_80_20
54703,0,0,0.0,stratified_80_20
54704,0,0,0.0,stratified_80_20
54706,0,0,0.0,stratified_80_20
54708,0,0,0.0,stratified_80_20
54713,0,0,0.0,stratified_80_20
54721,0,0,0.0,stratified_80_20
54730,0,0,0.0,stratified_80_20
54732,0,0,0.0,stratified_80_20
54737,0,0,0.0,stratified_80_20
54741,0,0,0.0,stratified_80_20
54743,0,0,0.0,stratified_80_20
54750,0,0,0.0,stratified_80_20
54752,0,0,0.0,stratified_80_20
54770,0,0,0.0,stratified_80_20
54788,0,0,0.0,stratified_80_20
54799,0,0,0.0,stratified_80_20
54800,0,0,0.0,stratified_80_20
54810,0,0,0.0,stratified_80_20
54817,0,0,0.0,stratified_80_20
54821,0,0,0.0,stratified_80_20
54828,0,0,0.0,stratified_80_20
54860,0,0,0.0,stratified_80_20
54862,0,0,0.0,stratified_80_20
54871,0,0,0.0,stratified_80_20
54876,0,0,0.0,stratified_80_20
54882,0,0,0.0,stratified_80_20
54890,0,0,0.0,stratified_80_20
54892,0,0,0.0,stratified_80_20
54901,0,0,0.0,stratified_80_20
54905,0,0,0.0,stratified_80_20
54907,0,0,0.0,stratified_80_20
54908,0,0,0.0,stratified_80_20
54914,0,0,0.0,stratified_80_20
54915,0,0,0.0,stratified_80_20
54916,0,0,0.0,stratified_80_20
54917,0,0,0.0,stratified_80_20
54919,0,0,0.0,stratified_80_20
54930,0,0,0.0,stratified_80_20
54931,0,0,0.0,stratified_80_20
54936,0,0,0.0,stratified_80_20
54939,0,0,0.0,stratified_80_20
54940,0,0,0.0,stratified_80_20
54945,0,0,0.0,stratified_80_20
54946,0,0,0.0,stratified_80_20
54950,0,0,0.0,stratified_80_20
54957,0,0,0.0,stratified_80_20
54958,0,0,0.0,stratified_80_20
54960,0,0,0.0,stratified_80_20
54968,0,0,0.0,stratified_80_20
54972,0,0,0.0,stratified_80_20
54973,0,0,0.0,stratified_80_20
54974,0,0,0.0,stratified_80_20
54976,0,0,0.0,stratified_80_20
54980,0,0,0.0,stratified_80_20
54982,0,0,0.0,stratified_80_20
54987,0,0,0.0,stratified_80_20
55005,0,0,0.0,stratified_80_20
55016,0,0,0.0,stratified_80_20
55024,0,0,0.0,stratified_80_20
55038,0,0,0.0,stratified_80_20
55041,0,0,0.0,stratified_80_20
55053,0,0,0.0,stratified_80_20
55054,0,0,0.0,stratified_80_20
55069,0,0,0.0,stratified_80_20
55075,0,0,0.0,stratified_80_20
55083,0,0,0.0,stratified_80_20
55084,0,0,0.0,stratified_80_20
55086,0,0,0.0,stratified_80_20
55088,0,0,0.0,stratified_80_20
55101,0,0,0.0,stratified_80_20
55107,0,0,0.0,stratified_80_20
55110,0,0,0.0,stratified_80_20
55113,0,0,0.0,stratified_80_20
55124,0,0,0.0,stratified_80_20
55140,0,0,0.0,stratified_80_20
55143,0,0,0.0,stratified_80_20
55144,0,0,0.0,stratified_80_20
55149,0,0,0.0,stratified_80_20
55158,0,0,0.0,stratified_80_20
55169,0,0,0.0,stratified_80_20
55172,0,0,0.0,stratified_80_20
55179,0,0,0.0,stratified_80_20
55184,0,0,0.0,stratified_80_20
55186,0,0,0.0,stratified_80_20
55191,0,0,0.0,stratified_80_20
55198,0,0,0.0,stratified_80_20
55203,0,0,0.0,stratified_80_20
55204,0,0,0.0,stratified_80_20
55209,0,0,0.0,stratified_80_20
55214,0,0,0.0,stratified_80_20
55220,0,0,0.0,stratified_80_20
55229,0,0,0.0,stratified_80_20
55232,0,0,0.0,stratified_80_20
55234,0,0,0.0,stratified_80_20
55236,0,0,0.0,stratified_80_20
55240,0,0,0.0,stratified_80_20
55243,0,0,0.0,stratified_80_20
55245,0,0,0.0,stratified_80_20
55247,0,0,0.0,stratified_80_20
55262,0,0,0.0,stratified_80_20
55263,0,0,0.0,stratified_80_20
55269,0,0,0.0,stratified_80_20
55284,0,0,0.0,stratified_80_20
55291,0,0,0.0,stratified_80_20
55294,0,0,0.0,stratified_80_20
55295,0,0,0.0,stratified_80_20
55296,0,0,0.0,stratified_80_20
55307,0,0,0.0,stratified_80_20
55311,0,0,0.0,stratified_80_20
55319,0,0,0.0,stratified_80_20
55323,0,0,0.0,stratified_80_20
55342,0,0,0.0,stratified_80_20
55345,0,0,0.0,stratified_80_20
55351,0,0,0.0,stratified_80_20
55352,0,0,0.0,stratified_80_20
55360,0,0,0.0,stratified_80_20
55361,0,0,0.0,stratified_80_20
55366,0,0,0.0,stratified_80_20
55371,0,0,0.0,stratified_80_20
55375,0,0,0.0,stratified_80_20
55383,0,0,0.0,stratified_80_20
55391,0,0,0.0,stratified_80_20
55393,0,0,0.0,stratified_80_20
55401,0,0,0.0,stratified_80_20
55406,0,0,0.0,stratified_80_20
55408,0,0,0.0,stratified_80_20
55412,0,0,0.0,stratified_80_20
55416,0,0,0.0,stratified_80_20
55418,0,0,0.0,stratified_80_20
55421,0,0,0.0,stratified_80_20
55426,0,0,0.0,stratified_80_20
55427,0,0,0.0,stratified_80_20
55434,0,0,0.0,stratified_80_20
55438,0,0,0.0,stratified_80_20
55444,0,0,0.0,stratified_80_20
55451,0,0,0.0,stratified_80_20
55462,0,0,0.0,stratified_80_20
55464,0,0,0.0,stratified_80_20
55465,0,0,0.0,stratified_80_20
55469,0,0,0.0,stratified_80_20
55470,0,0,0.0,stratified_80_20
55475,0,0,0.0,stratified_80_20
55476,0,0,0.0,stratified_80_20
55484,0,0,0.0,stratified_80_20
55487,0,0,0.0,stratified_80_20
55488,0,0,0.0,stratified_80_20
55489,0,0,0.0,stratified_80_20
55502,0,0,0.0,stratified_80_20
55504,0,0,0.0,stratified_80_20
55506,0,0,0.0,stratified_80_20
55511,0,0,0.0,stratified_80_20
55513,0,0,0.0,stratified_80_20
55518,0,0,0.0,stratified_80_20
55527,0,0,0.0,stratified_80_20
55537,0,0,0.0,stratified_80_20
55540,0,0,0.0,stratified_80_20
55542,0,0,0.0,stratified_80_20
55543,0,0,0.0,stratified_80_20
55557,0,0,0.0,stratified_80_20
55559,0,0,0.0,stratified_80_20
55561,0,0,0.0,stratified_80_20
55569,0,0,0.0,stratified_80_20
55579,0,0,0.0,stratified_80_20
55585,0,0,0.0,stratified_80_20
55594,0,0,0.0,stratified_80_20
55597,0,0,0.0,stratified_80_20
55600,0,0,0.0,stratified_80_20
55607,0,0,0.0,stratified_80_20
55617,0,0,0.0,stratified_80_20
55619,0,0,0.0,stratified_80_20
55628,0,0,0.0,stratified_80_20
55631,0,0,0.0,stratified_80_20
55633,0,0,0.0,stratified_80_20
55643,0,0,0.0,stratified_80_20
55652,0,0,0.0,stratified_80_20
55659,0,0,0.0,stratified_80_20
55672,0,0,0.0,stratified_80_20
55675,0,0,0.0,stratified_80_20
55691,0,0,0.0,stratified_80_20
55695,0,0,0.0,stratified_80_20
55706,0,0,0.0,stratified_80_20
55712,0,0,0.0,stratified_80_20
55714,0,0,0.0,stratified_80_20
55719,0,0,0.0,stratified_80_20
55726,0,0,0.0,stratified_80_20
55727,0,0,0.0,stratified_80_20
55728,0,0,0.0,stratified_80_20
55733,0,0,0.0,stratified_80_20
55736,0,0,0.0,stratified_80_20
55740,0,0,0.0,stratified_80_20
55741,0,0,0.0,stratified_80_20
55744,0,0,0.0,stratified_80_20
55745,0,0,0.0,stratified_80_20
55749,0,0,0.0,stratified_80_20
55756,0,0,0.0,stratified_80_20
55757,0,0,0.0,stratified_80_20
55761,0,0,0.0,stratified_80_20
55764,0,0,0.0,stratified_80_20
55773,0,0,0.0,stratified_80_20
55777,0,0,0.0,stratified_80_20
55792,0,0,0.0,stratified_80_20
55796,0,0,0.0,stratified_80_20
55801,0,0,0.0,stratified_80_20
55802,0,0,0.0,stratified_80_20
55803,0,0,0.0,stratified_80_20
55805,0,0,0.0,stratified_80_20
55807,0,0,0.0,stratified_80_20
55808,0,0,0.0,stratified_80_20
55809,0,0,0.0,stratified_80_20
55814,0,0,0.0,stratified_80_20
55817,0,0,0.0,stratified_80_20
55822,0,0,0.0,stratified_80_20
55825,0,0,0.0,stratified_80_20
55831,0,0,0.0,stratified_80_20
55840,0,0,0.0,stratified_80_20
55846,0,0,0.0,stratified_80_20
55848,0,0,0.0,stratified_80_20
55850,0,0,0.0,stratified_80_20
55855,0,0,0.0,stratified_80_20
55856,0,0,0.0,stratified_80_20
55858,0,0,0.0,stratified_80_20
55860,0,0,0.0,stratified_80_20
55861,0,0,0.0,stratified_80_20
55863,0,0,0.0,stratified_80_20
55867,0,0,0.0,stratified_80_20
55871,0,0,0.0,stratified_80_20
55873,0,0,0.0,stratified_80_20
55874,0,0,0.0,stratified_80_20
55876,0,0,0.0,stratified_80_20
55879,0,0,0.0,stratified_80_20
55886,0,0,0.0,stratified_80_20
55897,0,0,0.0,stratified_80_20
55898,0,0,0.0,stratified_80_20
55901,0,0,0.0,stratified_80_20
55906,0,0,0.0,stratified_80_20
55915,0,0,0.0,stratified_80_20
55918,0,0,0.0,stratified_80_20
55920,0,0,0.0,stratified_80_20
55922,0,0,0.0,stratified_80_20
55923,0,0,0.0,stratified_80_20
55924,0,0,0.0,stratified_80_20
55927,0,0,0.0,stratified_80_20
55932,0,0,0.0,stratified_80_20
55933,0,0,0.0,stratified_80_20
55936,0,0,0.0,stratified_80_20
55937,0,0,0.0,stratified_80_20
55944,0,0,0.0,stratified_80_20
55945,0,0,0.0,stratified_80_20
55948,0,0,0.0,stratified_80_20
55950,0,0,0.0,stratified_80_20
55954,0,0,0.0,stratified_80_20
55957,0,0,0.0,stratified_80_20
55975,0,0,0.0,stratified_80_20
55981,0,0,0.0,stratified_80_20
55991,0,0,0.0,stratified_80_20
55993,0,0,0.0,stratified_80_20
56004,0,0,0.0,stratified_80_20
56009,0,0,0.0,stratified_80_20
56013,0,0,0.0,stratified_80_20
56017,0,0,0.0,stratified_80_20
56018,0,0,0.0,stratified_80_20
56028,0,0,0.0,stratified_80_20
56034,0,0,0.0,stratified_80_20
56036,0,0,0.0,stratified_80_20
56039,0,0,0.0,stratified_80_20
56040,0,0,0.0,stratified_80_20
56051,0,0,0.0,stratified_80_20
56057,0,0,0.0,stratified_80_20
56063,0,0,0.0,stratified_80_20
56069,0,0,0.0,stratified_80_20
56072,0,0,0.0,stratified_80_20
56075,0,0,0.0,stratified_80_20
56078,0,0,0.0,stratified_80_20
56083,0,0,0.0,stratified_80_20
56093,0,0,0.0,stratified_80_20
56107,0,0,0.0,stratified_80_20
56108,0,0,0.0,stratified_80_20
56116,0,0,0.0,stratified_80_20
56117,0,0,0.0,stratified_80_20
56122,0,0,0.0,stratified_80_20
56125,0,0,0.0,stratified_80_20
56126,0,0,0.0,stratified_80_20
56131,0,0,0.0,stratified_80_20
56132,0,0,0.0,stratified_80_20
56137,0,0,0.0,stratified_80_20
56155,0,0,0.0,stratified_80_20
56172,0,0,0.0,stratified_80_20
56177,0,0,0.0,stratified_80_20
56180,0,0,0.0,stratified_80_20
56183,0,0,0.0,stratified_80_20
56188,0,0,0.0,stratified_80_20
56190,0,0,0.0,stratified_80_20
56203,0,0,0.0,stratified_80_20
56204,0,0,0.0,stratified_80_20
56205,0,0,0.0,stratified_80_20
56209,0,0,0.0,stratified_80_20
56215,0,0,0.0,stratified_80_20
56218,0,0,0.0,stratified_80_20
56219,0,0,0.0,stratified_80_20
56229,0,0,0.0,stratified_80_20
56235,0,0,0.0,stratified_80_20
56243,0,0,0.0,stratified_80_20
56244,0,0,0.0,stratified_80_20
56246,0,0,0.0,stratified_80_20
56250,0,0,0.0,stratified_80_20
56257,0,0,0.0,stratified_80_20
56266,0,0,0.0,stratified_80_20
56267,0,0,0.0,stratified_80_20
56270,0,0,0.0,stratified_80_20
56273,0,0,0.0,stratified_80_20
56275,0,0,0.0,stratified_80_20
56280,0,0,0.0,stratified_80_20
56281,0,0,0.0,stratified_80_20
56285,0,0,0.0,stratified_80_20
56289,0,0,0.0,stratified_80_20
56301,0,0,0.0,stratified_80_20
56302,0,0,0.0,stratified_80_20
56304,0,0,0.0,stratified_80_20
56311,0,0,0.0,stratified_80_20
56313,0,0,0.0,stratified_80_20
56316,0,0,0.0,stratified_80_20
56318,0,0,0.0,stratified_80_20
56323,0,0,0.0,stratified_80_20
56326,0,0,0.0,stratified_80_20
56328,0,0,0.0,stratified_80_20
56330,0,0,0.0,stratified_80_20
56332,0,0,0.0,stratified_80_20
56335,0,0,0.0,stratified_80_20
56342,0,0,0.0,stratified_80_20
56343,0,0,0.0,stratified_80_20
56350,0,0,0.0,stratified_80_20
56352,0,0,0.0,stratified_80_20
56363,0,0,0.0,stratified_80_20
56364,0,0,0.0,stratified_80_20
56368,0,0,0.0,stratified_80_20
56369,0,0,0.0,stratified_80_20
56373,0,0,0.0,stratified_80_20
56379,0,0,0.0,stratified_80_20
56390,0,0,0.0,stratified_80_20
56391,0,0,0.0,stratified_80_20
56395,0,0,0.0,stratified_80_20
56398,0,0,0.0,stratified_80_20
56409,0,0,0.0,stratified_80_20
56411,0,0,0.0,stratified_80_20
56414,0,0,0.0,stratified_80_20
56419,0,0,0.0,stratified_80_20
56420,0,0,0.0,stratified_80_20
56421,0,0,0.0,stratified_80_20
56423,0,0,0.0,stratified_80_20
56428,0,0,0.0,stratified_80_20
56432,0,0,0.0,stratified_80_20
56436,0,0,0.0,stratified_80_20
56437,0,0,0.0,stratified_80_20
56440,0,0,0.0,stratified_80_20
56441,0,0,0.0,stratified_80_20
56442,0,0,0.0,stratified_80_20
56455,0,0,0.0,stratified_80_20
56458,0,0,0.0,stratified_80_20
56464,0,0,0.0,stratified_80_20
56465,0,0,0.0,stratified_80_20
56466,0,0,0.0,stratified_80_20
56470,0,0,0.0,stratified_80_20
56481,0,0,0.0,stratified_80_20
56489,0,0,0.0,stratified_80_20
56496,0,0,0.0,stratified_80_20
56501,0,0,0.0,stratified_80_20
56502,0,0,0.0,stratified_80_20
56503,0,0,0.0,stratified_80_20
56508,0,0,0.0,stratified_80_20
56510,0,0,0.0,stratified_80_20
56523,0,0,0.0,stratified_80_20
56529,0,0,0.0,stratified_80_20
56532,0,0,0.0,stratified_80_20
56534,0,0,0.0,stratified_80_20
56539,0,0,0.0,stratified_80_20
56544,0,0,0.0,stratified_80_20
56547,0,0,0.0,stratified_80_20
56554,0,0,0.0,stratified_80_20
56555,0,0,0.0,stratified_80_20
56558,0,0,0.0,stratified_80_20
56561,0,0,0.0,stratified_80_20
56562,0,0,0.0,stratified_80_20
56574,0,0,0.0,stratified_80_20
56576,0,0,0.0,stratified_80_20
56578,0,0,0.0,stratified_80_20
56585,0,0,0.0,stratified_80_20
56586,0,0,0.0,stratified_80_20
56592,0,0,0.0,stratified_80_20
56604,0,0,0.0,stratified_80_20
56614,0,0,0.0,stratified_80_20
56622,0,0,0.0,stratified_80_20
56626,0,0,0.0,stratified_80_20
56630,0,0,0.0,stratified_80_20
56634,0,0,0.0,stratified_80_20
56636,0,0,0.0,stratified_80_20
56640,0,0,0.0,stratified_80_20
56644,0,0,0.0,stratified_80_20
56646,0,0,0.0,stratified_80_20
56650,0,0,0.0,stratified_80_20
56651,0,0,0.0,stratified_80_20
56654,0,0,0.0,stratified_80_20
56663,0,0,0.0,stratified_80_20
56679,0,0,0.0,stratified_80_20
56680,0,0,0.0,stratified_80_20
56682,0,0,0.0,stratified_80_20
56698,0,0,0.0,stratified_80_20
56700,0,0,0.0,stratified_80_20
56703,0,0,0.0,stratified_80_20
56707,0,0,0.0,stratified_80_20
56710,0,0,0.0,stratified_80_20
56717,0,0,0.0,stratified_80_20
56718,0,0,0.0,stratified_80_20
56719,0,0,0.0,stratified_80_20
56724,0,0,0.0,stratified_80_20
56725,0,0,0.0,stratified_80_20
56741,0,0,0.0,stratified_80_20
56746,0,0,0.0,stratified_80_20
56750,0,0,0.0,stratified_80_20
56759,0,0,0.0,stratified_80_20
56761,0,0,0.0,stratified_80_20
56762,0,0,0.0,stratified_80_20
56768,0,0,0.0,stratified_80_20
56772,0,0,0.0,stratified_80_20
56778,0,0,0.0,stratified_80_20
56780,0,0,0.0,stratified_80_20
56782,0,0,0.0,stratified_80_20
56784,0,0,0.0,stratified_80_20
56789,0,0,0.0,stratified_80_20
56797,0,0,0.0,stratified_80_20
56800,0,0,0.0,stratified_80_20
56802,0,0,0.0,stratified_80_20
56805,0,0,0.0,stratified_80_20
56813,0,0,0.0,stratified_80_20
56815,0,0,0.0,stratified_80_20
56817,0,0,0.0,stratified_80_20
56818,0,0,0.0,stratified_80_20
56821,0,0,0.0,stratified_80_20
56822,0,0,0.0,stratified_80_20
56839,0,0,0.0,stratified_80_20
56849,0,0,0.0,stratified_80_20
56851,0,0,0.0,stratified_80_20
56852,0,0,0.0,stratified_80_20
56857,0,0,0.0,stratified_80_20
56864,0,0,0.0,stratified_80_20
56866,0,0,0.0,stratified_80_20
56868,0,0,0.0,stratified_80_20
56880,0,0,0.0,stratified_80_20
56881,0,0,0.0,stratified_80_20
56887,0,0,0.0,stratified_80_20
56899,0,0,0.0,stratified_80_20
56906,0,0,0.0,stratified_80_20
56908,0,0,0.0,stratified_80_20
56911,0,0,0.0,stratified_80_20
56921,0,0,0.0,stratified_80_20
56922,0,0,0.0,stratified_80_20
56925,0,0,0.0,stratified_80_20
56928,0,0,0.0,stratified_80_20
56938,0,0,0.0,stratified_80_20
56945,0,0,0.0,stratified_80_20
56953,0,0,0.0,stratified_80_20
56957,0,0,0.0,stratified_80_20
56958,0,0,0.0,stratified_80_20
56962,0,0,0.0,stratified_80_20
56972,0,0,0.0,stratified_80_20
56983,0,0,0.0,stratified_80_20
56984,0,0,0.0,stratified_80_20
56995,0,0,0.0,stratified_80_20
56999,0,0,0.0,stratified_80_20
57003,0,0,0.0,stratified_80_20
57008,0,0,0.0,stratified_80_20
57011,0,0,0.0,stratified_80_20
57019,0,0,0.0,stratified_80_20
57022,0,0,0.0,stratified_80_20
57025,0,0,0.0,stratified_80_20
57026,0,0,0.0,stratified_80_20
57037,0,0,0.0,stratified_80_20
57038,0,0,0.0,stratified_80_20
57044,0,0,0.0,stratified_80_20
57046,0,0,0.0,stratified_80_20
57060,0,0,0.0,stratified_80_20
57062,0,0,0.0,stratified_80_20
57065,0,0,0.0,stratified_80_20
57066,0,0,0.0,stratified_80_20
57067,0,0,0.0,stratified_80_20
57069,0,0,0.0,stratified_80_20
57071,0,0,0.0,stratified_80_20
57077,0,0,0.0,stratified_80_20
57078,0,0,0.0,stratified_80_20
57081,0,0,0.0,stratified_80_20
57100,0,0,0.0,stratified_80_20
57107,0,0,0.0,stratified_80_20
57110,0,0,0.0,stratified_80_20
57113,0,0,0.0,stratified_80_20
57118,0,0,0.0,stratified_80_20
57149,0,0,0.0,stratified_80_20
57151,0,0,0.0,stratified_80_20
57160,0,0,0.0,stratified_80_20
57172,0,0,0.0,stratified_80_20
57180,0,0,0.0,stratified_80_20
57186,0,0,0.0,stratified_80_20
57202,0,0,0.0,stratified_80_20
57218,0,0,0.0,stratified_80_20
57221,0,0,0.0,stratified_80_20
57227,0,0,0.0,stratified_80_20
57241,0,0,0.0,stratified_80_20
57257,0,0,0.0,stratified_80_20
57264,0,0,0.0,stratified_80_20
57266,0,0,0.0,stratified_80_20
57268,0,0,0.0,stratified_80_20
57277,0,0,0.0,stratified_80_20
57278,0,0,0.0,stratified_80_20
57292,0,0,0.0,stratified_80_20
57295,0,0,0.0,stratified_80_20
57302,0,0,0.0,stratified_80_20
57303,0,0,0.0,stratified_80_20
57309,0,0,0.0,stratified_80_20
57310,0,0,0.0,stratified_80_20
57313,0,0,0.0,stratified_80_20
57318,0,0,0.0,stratified_80_20
57321,0,0,0.0,stratified_80_20
57335,0,0,0.0,stratified_80_20
57336,0,0,0.0,stratified_80_20
57340,0,0,0.0,stratified_80_20
57342,0,0,0.0,stratified_80_20
57349,0,0,0.0,stratified_80_20
57351,0,0,0.0,stratified_80_20
57354,0,0,0.0,stratified_80_20
57357,0,0,0.0,stratified_80_20
57359,0,0,0.0,stratified_80_20
57361,0,0,0.0,stratified_80_20
57365,0,0,0.0,stratified_80_20
57366,0,0,0.0,stratified_80_20
57367,0,0,0.0,stratified_80_20
57368,0,0,0.0,stratified_80_20
57372,0,0,0.0,stratified_80_20
57375,0,0,0.0,stratified_80_20
57384,0,0,0.0,stratified_80_20
57388,0,0,0.0,stratified_80_20
57394,0,0,0.0,stratified_80_20
57395,0,0,0.0,stratified_80_20
57404,0,0,0.0,stratified_80_20
57405,0,0,0.0,stratified_80_20
57407,0,0,0.0,stratified_80_20
57412,0,0,0.0,stratified_80_20
57427,0,0,0.0,stratified_80_20
57438,0,0,0.0,stratified_80_20
57456,0,0,0.0,stratified_80_20
57460,0,0,0.0,stratified_80_20
57465,0,0,0.0,stratified_80_20
57468,0,0,0.0,stratified_80_20
57470,0,0,0.0,stratified_80_20
57479,0,0,0.0,stratified_80_20
57480,0,0,0.0,stratified_80_20
57483,0,0,0.0,stratified_80_20
57484,0,0,0.0,stratified_80_20
57487,0,0,0.0,stratified_80_20
57492,0,0,0.0,stratified_80_20
57504,0,0,0.0,stratified_80_20
57505,0,0,0.0,stratified_80_20
57509,0,0,0.0,stratified_80_20
57523,0,0,0.0,stratified_80_20
57533,0,0,0.0,stratified_80_20
57536,0,0,0.0,stratified_80_20
57541,0,0,0.0,stratified_80_20
57546,0,0,0.0,stratified_80_20
57549,0,0,0.0,stratified_80_20
57554,0,0,0.0,stratified_80_20
57561,0,0,0.0,stratified_80_20
57564,0,0,0.0,stratified_80_20
57565,0,0,0.0,stratified_80_20
57568,0,0,0.0,stratified_80_20
57583,0,0,0.0,stratified_80_20
57586,0,0,0.0,stratified_80_20
57593,0,0,0.0,stratified_80_20
57597,0,0,0.0,stratified_80_20
57598,0,0,0.0,stratified_80_20
57601,0,0,0.0,stratified_80_20
57603,0,0,0.0,stratified_80_20
57608,0,0,0.0,stratified_80_20
57612,0,0,0.0,stratified_80_20
57618,0,0,0.0,stratified_80_20
57619,0,0,0.0,stratified_80_20
57625,0,0,0.0,stratified_80_20
57626,0,0,0.0,stratified_80_20
57628,0,0,0.0,stratified_80_20
57629,0,0,0.0,stratified_80_20
57630,0,0,0.0,stratified_80_20
57632,0,0,0.0,stratified_80_20
57633,0,0,0.0,stratified_80_20
57638,0,0,0.0,stratified_80_20
57641,0,0,0.0,stratified_80_20
57649,0,0,0.0,stratified_80_20
57651,0,0,0.0,stratified_80_20
57656,0,0,0.0,stratified_80_20
57669,0,0,0.0,stratified_80_20
57672,0,0,0.0,stratified_80_20
57679,0,0,0.0,stratified_80_20
57685,0,0,0.0,stratified_80_20
57689,0,0,0.0,stratified_80_20
57696,0,0,0.0,stratified_80_20
57697,0,0,0.0,stratified_80_20
57698,0,0,0.0,stratified_80_20
57701,0,0,0.0,stratified_80_20
57703,0,0,0.0,stratified_80_20
57706,0,0,0.0,stratified_80_20
57707,0,0,0.0,stratified_80_20
57712,0,0,0.0,stratified_80_20
57719,0,0,0.0,stratified_80_20
57727,0,0,0.0,stratified_80_20
57729,0,0,0.0,stratified_80_20
57741,0,0,0.0,stratified_80_20
57747,0,0,0.0,stratified_80_20
57757,0,0,0.0,stratified_80_20
57772,0,0,0.0,stratified_80_20
57774,0,0,0.0,stratified_80_20
57779,0,0,0.0,stratified_80_20
57784,0,0,0.0,stratified_80_20
57786,0,0,0.0,stratified_80_20
57788,0,0,0.0,stratified_80_20
57793,0,0,0.0,stratified_80_20
57798,0,0,0.0,stratified_80_20
57817,0,0,0.0,stratified_80_20
57818,0,0,0.0,stratified_80_20
57819,0,0,0.0,stratified_80_20
57823,0,0,0.0,stratified_80_20
57827,0,0,0.0,stratified_80_20
57831,0,0,0.0,stratified_80_20
57832,0,0,0.0,stratified_80_20
57839,0,0,0.0,stratified_80_20
57840,0,0,0.0,stratified_80_20
57841,0,0,0.0,stratified_80_20
57850,0,0,0.0,stratified_80_20
57855,0,0,0.0,stratified_80_20
57857,0,0,0.0,stratified_80_20
57861,0,0,0.0,stratified_80_20
57862,0,0,0.0,stratified_80_20
57879,0,0,0.0,stratified_80_20
57894,0,0,0.0,stratified_80_20
57904,0,0,0.0,stratified_80_20
57909,0,0,0.0,stratified_80_20
57921,0,0,0.0,stratified_80_20
57922,0,0,0.0,stratified_80_20
57927,0,0,0.0,stratified_80_20
57929,0,0,0.0,stratified_80_20
57932,0,0,0.0,stratified_80_20
57934,0,0,0.0,stratified_80_20
57935,0,0,0.0,stratified_80_20
57936,0,0,0.0,stratified_80_20
57948,0,0,0.0,stratified_80_20
57951,0,0,0.0,stratified_80_20
57961,0,0,0.0,stratified_80_20
57972,0,0,0.0,stratified_80_20
57973,0,0,0.0,stratified_80_20
57974,0,0,0.0,stratified_80_20
57983,0,0,0.0,stratified_80_20
57984,0,0,0.0,stratified_80_20
57986,0,0,0.0,stratified_80_20
57989,0,0,0.0,stratified_80_20
57991,0,0,0.0,stratified_80_20
57992,0,0,0.0,stratified_80_20
57994,0,0,0.0,stratified_80_20
57995,0,0,0.0,stratified_80_20
57996,0,0,0.0,stratified_80_20
57997,0,0,0.0,stratified_80_20
57999,0,0,0.0,stratified_80_20
58006,0,0,0.0,stratified_80_20
58011,0,0,0.0,stratified_80_20
58023,0,0,0.0,stratified_80_20
58024,0,0,0.0,stratified_80_20
58034,0,0,0.0,stratified_80_20
58038,0,0,0.0,stratified_80_20
58044,0,0,0.0,stratified_80_20
58052,0,0,0.0,stratified_80_20
58055,0,0,0.0,stratified_80_20
58057,0,0,0.0,stratified_80_20
58058,0,0,0.0,stratified_80_20
58059,0,0,0.0,stratified_80_20
58060,0,0,0.0,stratified_80_20
58068,0,0,0.0,stratified_80_20
58069,0,0,0.0,stratified_80_20
58071,0,0,0.0,stratified_80_20
58072,0,0,0.0,stratified_80_20
58077,0,0,0.0,stratified_80_20
58084,0,0,0.0,stratified_80_20
58088,0,0,0.0,stratified_80_20
58090,0,0,0.0,stratified_80_20
58108,0,0,0.0,stratified_80_20
58110,0,0,0.0,stratified_80_20
58125,0,0,0.0,stratified_80_20
58136,0,0,0.0,stratified_80_20
58141,0,0,0.0,stratified_80_20
58142,0,0,0.0,stratified_80_20
58146,0,0,0.0,stratified_80_20
58147,0,0,0.0,stratified_80_20
58151,0,0,0.0,stratified_80_20
58158,0,0,0.0,stratified_80_20
58160,0,0,0.0,stratified_80_20
58162,0,0,0.0,stratified_80_20
58170,0,0,0.0,stratified_80_20
58182,0,0,0.0,stratified_80_20
58191,0,0,0.0,stratified_80_20
58210,0,0,0.0,stratified_80_20
58215,0,0,0.0,stratified_80_20
58219,0,0,0.0,stratified_80_20
58220,0,0,0.0,stratified_80_20
58221,0,0,0.0,stratified_80_20
58225,0,0,0.0,stratified_80_20
58246,0,0,0.0,stratified_80_20
58247,0,0,0.0,stratified_80_20
58256,0,0,0.0,stratified_80_20
58259,0,0,0.0,stratified_80_20
58267,0,0,0.0,stratified_80_20
58274,0,0,0.0,stratified_80_20
58278,0,0,0.0,stratified_80_20
58285,0,0,0.0,stratified_80_20
58286,0,0,0.0,stratified_80_20
58287,0,0,0.0,stratified_80_20
58295,0,0,0.0,stratified_80_20
58308,0,0,0.0,stratified_80_20
58319,0,0,0.0,stratified_80_20
58321,0,0,0.0,stratified_80_20
58325,0,0,0.0,stratified_80_20
58328,0,0,0.0,stratified_80_20
58329,0,0,0.0,stratified_80_20
58336,0,0,0.0,stratified_80_20
58343,0,0,0.0,stratified_80_20
58344,0,0,0.0,stratified_80_20
58352,0,0,0.0,stratified_80_20
58355,0,0,0.0,stratified_80_20
58368,0,0,0.0,stratified_80_20
58369,0,0,0.0,stratified_80_20
58375,0,0,0.0,stratified_80_20
58380,0,0,0.0,stratified_80_20
58385,0,0,0.0,stratified_80_20
58392,0,0,0.0,stratified_80_20
58393,0,0,0.0,stratified_80_20
58396,0,0,0.0,stratified_80_20
58399,0,0,0.0,stratified_80_20
58401,0,0,0.0,stratified_80_20
58402,0,0,0.0,stratified_80_20
58404,0,0,0.0,stratified_80_20
58408,0,0,0.0,stratified_80_20
58414,0,0,0.0,stratified_80_20
58417,0,0,0.0,stratified_80_20
58437,0,0,0.0,stratified_80_20
58448,0,0,0.0,stratified_80_20
58451,0,0,0.0,stratified_80_20
58454,0,0,0.0,stratified_80_20
58460,0,0,0.0,stratified_80_20
58462,0,0,0.0,stratified_80_20
58464,0,0,0.0,stratified_80_20
58468,0,0,0.0,stratified_80_20
58470,0,0,0.0,stratified_80_20
58474,0,0,0.0,stratified_80_20
58477,0,0,0.0,stratified_80_20
58478,0,0,0.0,stratified_80_20
58481,0,0,0.0,stratified_80_20
58484,0,0,0.0,stratified_80_20
58485,0,0,0.0,stratified_80_20
58488,0,0,0.0,stratified_80_20
58489,0,0,0.0,stratified_80_20
58491,0,0,0.0,stratified_80_20
58495,0,0,0.0,stratified_80_20
58505,0,0,0.0,stratified_80_20
58507,0,0,0.0,stratified_80_20
58511,0,0,0.0,stratified_80_20
58516,0,0,0.0,stratified_80_20
58521,0,0,0.0,stratified_80_20
58525,0,0,0.0,stratified_80_20
58528,0,0,0.0,stratified_80_20
58529,0,0,0.0,stratified_80_20
58548,0,0,0.0,stratified_80_20
58549,0,0,0.0,stratified_80_20
58551,0,0,0.0,stratified_80_20
58552,0,0,0.0,stratified_80_20
58553,0,0,0.0,stratified_80_20
58571,0,0,0.0,stratified_80_20
58572,0,0,0.0,stratified_80_20
58578,0,0,0.0,stratified_80_20
58581,0,0,0.0,stratified_80_20
58584,0,0,0.0,stratified_80_20
58588,0,0,0.0,stratified_80_20
58589,0,0,0.0,stratified_80_20
58592,0,0,0.0,stratified_80_20
58593,0,0,0.0,stratified_80_20
58594,0,0,0.0,stratified_80_20
58595,0,0,0.0,stratified_80_20
58597,0,0,0.0,stratified_80_20
58599,0,0,0.0,stratified_80_20
58603,0,0,0.0,stratified_80_20
58605,0,0,0.0,stratified_80_20
58608,0,0,0.0,stratified_80_20
58612,0,0,0.0,stratified_80_20
58624,0,0,0.0,stratified_80_20
58628,0,0,0.0,stratified_80_20
58629,0,0,0.0,stratified_80_20
58630,0,0,0.0,stratified_80_20
58632,0,0,0.0,stratified_80_20
58637,0,0,0.0,stratified_80_20
58644,0,0,0.0,stratified_80_20
58651,0,0,0.0,stratified_80_20
58682,0,0,0.0,stratified_80_20
58683,0,0,0.0,stratified_80_20
58688,0,0,0.0,stratified_80_20
58698,0,0,0.0,stratified_80_20
58702,0,0,0.0,stratified_80_20
58706,0,0,0.0,stratified_80_20
58708,0,0,0.0,stratified_80_20
58715,0,0,0.0,stratified_80_20
58728,0,0,0.0,stratified_80_20
58732,0,0,0.0,stratified_80_20
58740,0,0,0.0,stratified_80_20
58741,0,0,0.0,stratified_80_20
58748,0,0,0.0,stratified_80_20
58751,0,0,0.0,stratified_80_20
58752,0,0,0.0,stratified_80_20
58756,0,0,0.0,stratified_80_20
58760,0,0,0.0,stratified_80_20
58767,0,0,0.0,stratified_80_20
58771,0,0,0.0,stratified_80_20
58773,0,0,0.0,stratified_80_20
58782,0,0,0.0,stratified_80_20
58784,0,0,0.0,stratified_80_20
58790,0,0,0.0,stratified_80_20
58792,0,0,0.0,stratified_80_20
58798,0,0,0.0,stratified_80_20
58802,0,0,0.0,stratified_80_20
58807,0,0,0.0,stratified_80_20
58808,0,0,0.0,stratified_80_20
58815,0,0,0.0,stratified_80_20
58816,0,0,0.0,stratified_80_20
58819,0,0,0.0,stratified_80_20
58820,0,0,0.0,stratified_80_20
58842,0,0,0.0,stratified_80_20
58847,0,0,0.0,stratified_80_20
58849,0,0,0.0,stratified_80_20
58850,0,0,0.0,stratified_80_20
58857,0,0,0.0,stratified_80_20
58860,0,0,0.0,stratified_80_20
58863,0,0,0.0,stratified_80_20
58867,0,0,0.0,stratified_80_20
58871,0,0,0.0,stratified_80_20
58874,0,0,0.0,stratified_80_20
58881,0,0,0.0,stratified_80_20
58882,0,0,0.0,stratified_80_20
58924,0,0,0.0,stratified_80_20
58926,0,0,0.0,stratified_80_20
58927,0,0,0.0,stratified_80_20
58932,0,0,0.0,stratified_80_20
58934,0,0,0.0,stratified_80_20
58936,0,0,0.0,stratified_80_20
58943,0,0,0.0,stratified_80_20
58945,0,0,0.0,stratified_80_20
58948,0,0,0.0,stratified_80_20
58956,0,0,0.0,stratified_80_20
58966,0,0,0.0,stratified_80_20
58972,0,0,0.0,stratified_80_20
58976,0,0,0.0,stratified_80_20
58994,0,0,0.0,stratified_80_20
58998,0,0,0.0,stratified_80_20
59000,0,0,0.0,stratified_80_20
59001,0,0,0.0,stratified_80_20
59002,0,0,0.0,stratified_80_20
59009,0,0,0.0,stratified_80_20
59010,0,0,0.0,stratified_80_20
59020,0,0,0.0,stratified_80_20
59026,0,0,0.0,stratified_80_20
59027,0,0,0.0,stratified_80_20
59038,0,0,0.0,stratified_80_20
59049,0,0,0.0,stratified_80_20
59050,0,0,0.0,stratified_80_20
59059,0,0,0.0,stratified_80_20
59065,0,0,0.0,stratified_80_20
59080,0,0,0.0,stratified_80_20
59081,0,0,0.0,stratified_80_20
59083,0,0,0.0,stratified_80_20
59087,0,0,0.0,stratified_80_20
59089,0,0,0.0,stratified_80_20
59090,0,0,0.0,stratified_80_20
59094,0,0,0.0,stratified_80_20
59097,0,0,0.0,stratified_80_20
59098,0,0,0.0,stratified_80_20
59099,0,0,0.0,stratified_80_20
59100,0,0,0.0,stratified_80_20
59102,0,0,0.0,stratified_80_20
59106,0,0,0.0,stratified_80_20
59111,0,0,0.0,stratified_80_20
59114,0,0,0.0,stratified_80_20
59120,0,0,0.0,stratified_80_20
59124,0,0,0.0,stratified_80_20
59126,0,0,0.0,stratified_80_20
59133,0,0,0.0,stratified_80_20
59135,0,0,0.0,stratified_80_20
59138,0,0,0.0,stratified_80_20
59141,0,0,0.0,stratified_80_20
59148,0,0,0.0,stratified_80_20
59168,0,0,0.0,stratified_80_20
59180,0,0,0.0,stratified_80_20
59181,0,0,0.0,stratified_80_20
59184,0,0,0.0,stratified_80_20
59185,0,0,0.0,stratified_80_20
59186,0,0,0.0,stratified_80_20
59196,0,0,0.0,stratified_80_20
59199,0,0,0.0,stratified_80_20
59204,0,0,0.0,stratified_80_20
59210,0,0,0.0,stratified_80_20
59212,0,0,0.0,stratified_80_20
59214,0,0,0.0,stratified_80_20
59226,0,0,0.0,stratified_80_20
59228,0,0,0.0,stratified_80_20
59231,0,0,0.0,stratified_80_20
59232,0,0,0.0,stratified_80_20
59242,0,0,0.0,stratified_80_20
59248,0,0,0.0,stratified_80_20
59253,0,0,0.0,stratified_80_20
59256,0,0,0.0,stratified_80_20
59260,0,0,0.0,stratified_80_20
59274,0,0,0.0,stratified_80_20
59277,0,0,0.0,stratified_80_20
59286,0,0,0.0,stratified_80_20
59293,0,0,0.0,stratified_80_20
59296,0,0,0.0,stratified_80_20
59297,0,0,0.0,stratified_80_20
59301,0,0,0.0,stratified_80_20
59308,0,0,0.0,stratified_80_20
59312,0,0,0.0,stratified_80_20
59318,0,0,0.0,stratified_80_20
59321,0,0,0.0,stratified_80_20
59326,0,0,0.0,stratified_80_20
59327,0,0,0.0,stratified_80_20
59333,0,0,0.0,stratified_80_20
59334,0,0,0.0,stratified_80_20
59336,0,0,0.0,stratified_80_20
59350,0,0,0.0,stratified_80_20
59351,0,0,0.0,stratified_80_20
59352,0,0,0.0,stratified_80_20
59353,0,0,0.0,stratified_80_20
59356,0,0,0.0,stratified_80_20
59360,0,0,0.0,stratified_80_20
59362,0,0,0.0,stratified_80_20
59370,0,0,0.0,stratified_80_20
59377,0,0,0.0,stratified_80_20
59382,0,0,0.0,stratified_80_20
59387,0,0,0.0,stratified_80_20
59388,0,0,0.0,stratified_80_20
59392,0,0,0.0,stratified_80_20
59393,0,0,0.0,stratified_80_20
59396,0,0,0.0,stratified_80_20
59397,0,0,0.0,stratified_80_20
59399,0,0,0.0,stratified_80_20
59401,0,0,0.0,stratified_80_20
59403,0,0,0.0,stratified_80_20
59407,0,0,0.0,stratified_80_20
59412,0,0,0.0,stratified_80_20
59416,0,0,0.0,stratified_80_20
59417,0,0,0.0,stratified_80_20
59418,0,0,0.0,stratified_80_20
59427,0,0,0.0,stratified_80_20
59428,0,0,0.0,stratified_80_20
59429,0,0,0.0,stratified_80_20
59430,0,0,0.0,stratified_80_20
59433,0,0,0.0,stratified_80_20
59435,0,0,0.0,stratified_80_20
59437,0,0,0.0,stratified_80_20
59441,0,0,0.0,stratified_80_20
59456,0,0,0.0,stratified_80_20
59460,0,0,0.0,stratified_80_20
59461,0,0,0.0,stratified_80_20
59472,0,0,0.0,stratified_80_20
59474,0,0,0.0,stratified_80_20
59476,0,0,0.0,stratified_80_20
59481,0,0,0.0,stratified_80_20
59484,0,0,0.0,stratified_80_20
59490,0,0,0.0,stratified_80_20
59497,0,0,0.0,stratified_80_20
59504,0,0,0.0,stratified_80_20
59514,0,0,0.0,stratified_80_20
59515,0,0,0.0,stratified_80_20
59516,0,0,0.0,stratified_80_20
59519,0,0,0.0,stratified_80_20
59521,0,0,0.0,stratified_80_20
59523,0,0,0.0,stratified_80_20
59535,0,0,0.0,stratified_80_20
59536,0,0,0.0,stratified_80_20
59537,0,0,0.0,stratified_80_20
59544,0,0,0.0,stratified_80_20
59545,0,0,0.0,stratified_80_20
59551,0,0,0.0,stratified_80_20
59554,0,0,0.0,stratified_80_20
59557,0,0,0.0,stratified_80_20
59558,0,0,0.0,stratified_80_20
59559,0,0,0.0,stratified_80_20
59560,0,0,0.0,stratified_80_20
59567,0,0,0.0,stratified_80_20
59568,0,0,0.0,stratified_80_20
59572,0,0,0.0,stratified_80_20
59581,0,0,0.0,stratified_80_20
59583,0,0,0.0,stratified_80_20
59586,0,0,0.0,stratified_80_20
59596,0,0,0.0,stratified_80_20
59604,0,0,0.0,stratified_80_20
59608,0,0,0.0,stratified_80_20
59610,0,0,0.0,stratified_80_20
59611,0,0,0.0,stratified_80_20
59615,0,0,0.0,stratified_80_20
59618,0,0,0.0,stratified_80_20
59622,0,0,0.0,stratified_80_20
59626,0,0,0.0,stratified_80_20
59627,0,0,0.0,stratified_80_20
59634,0,0,0.0,stratified_80_20
59636,0,0,0.0,stratified_80_20
59640,0,0,0.0,stratified_80_20
59645,0,0,0.0,stratified_80_20
59649,0,0,0.0,stratified_80_20
59654,0,0,0.0,stratified_80_20
59658,0,0,0.0,stratified_80_20
59660,0,0,0.0,stratified_80_20
59665,0,0,0.0,stratified_80_20
59667,0,0,0.0,stratified_80_20
59671,0,0,0.0,stratified_80_20
59680,0,0,0.0,stratified_80_20
59686,0,0,0.0,stratified_80_20
59688,0,0,0.0,stratified_80_20
59694,0,0,0.0,stratified_80_20
59700,0,0,0.0,stratified_80_20
59701,0,0,0.0,stratified_80_20
59703,0,0,0.0,stratified_80_20
59717,0,0,0.0,stratified_80_20
59719,0,0,0.0,stratified_80_20
59720,0,0,0.0,stratified_80_20
59721,0,0,0.0,stratified_80_20
59725,0,0,0.0,stratified_80_20
59730,0,0,0.0,stratified_80_20
59733,0,0,0.0,stratified_80_20
59745,0,0,0.0,stratified_80_20
59746,0,0,0.0,stratified_80_20
59748,0,0,0.0,stratified_80_20
59757,0,0,0.0,stratified_80_20
59761,0,0,0.0,stratified_80_20
59762,0,0,0.0,stratified_80_20
59765,0,0,0.0,stratified_80_20
59766,0,0,0.0,stratified_80_20
59773,0,0,0.0,stratified_80_20
59774,0,0,0.0,stratified_80_20
59775,0,0,0.0,stratified_80_20
59776,0,0,0.0,stratified_80_20
59785,0,0,0.0,stratified_80_20
59789,0,0,0.0,stratified_80_20
59799,0,0,0.0,stratified_80_20
59802,0,0,0.0,stratified_80_20
59804,0,0,0.0,stratified_80_20
59808,0,0,0.0,stratified_80_20
59810,0,0,0.0,stratified_80_20
59812,0,0,0.0,stratified_80_20
59814,0,0,0.0,stratified_80_20
59817,0,0,0.0,stratified_80_20
59819,0,0,0.0,stratified_80_20
59820,0,0,0.0,stratified_80_20
59828,0,0,0.0,stratified_80_20
59830,0,0,0.0,stratified_80_20
59835,0,0,0.0,stratified_80_20
59842,0,0,0.0,stratified_80_20
59843,0,0,0.0,stratified_80_20
59850,0,0,0.0,stratified_80_20
59855,0,0,0.0,stratified_80_20
59886,0,0,0.0,stratified_80_20
59888,0,0,0.0,stratified_80_20
59889,0,0,0.0,stratified_80_20
59896,0,0,0.0,stratified_80_20
59904,0,0,0.0,stratified_80_20
59914,0,0,0.0,stratified_80_20
59926,0,0,0.0,stratified_80_20
59929,0,0,0.0,stratified_80_20
59930,0,0,0.0,stratified_80_20
59931,0,0,0.0,stratified_80_20
59935,0,0,0.0,stratified_80_20
59944,0,0,0.0,stratified_80_20
59945,0,0,0.0,stratified_80_20
59951,0,0,0.0,stratified_80_20
59952,0,0,0.0,stratified_80_20
59954,0,0,0.0,stratified_80_20
59955,0,0,0.0,stratified_80_20
59959,0,0,0.0,stratified_80_20
59962,0,0,0.0,stratified_80_20
59982,0,0,0.0,stratified_80_20
59985,0,0,0.0,stratified_80_20
59987,0,0,0.0,stratified_80_20
59992,0,0,0.0,stratified_80_20
59994,0,0,0.0,stratified_80_20
60002,0,0,0.0,stratified_80_20
60004,0,0,0.0,stratified_80_20
60008,0,0,0.0,stratified_80_20
60012,0,0,0.0,stratified_80_20
60015,0,0,0.0,stratified_80_20
60034,0,0,0.0,stratified_80_20
60035,0,0,0.0,stratified_80_20
60037,0,0,0.0,stratified_80_20
60039,0,0,0.0,stratified_80_20
60040,0,0,0.0,stratified_80_20
60045,0,0,0.0,stratified_80_20
60047,0,0,0.0,stratified_80_20
60049,0,0,0.0,stratified_80_20
60052,0,0,0.0,stratified_80_20
60059,0,0,0.0,stratified_80_20
60061,0,0,0.0,stratified_80_20
60065,0,0,0.0,stratified_80_20
60078,0,0,0.0,stratified_80_20
60079,0,0,0.0,stratified_80_20
60080,0,0,0.0,stratified_80_20
60087,0,0,0.0,stratified_80_20
60088,0,0,0.0,stratified_80_20
60089,0,0,0.0,stratified_80_20
60091,0,0,0.0,stratified_80_20
60094,0,0,0.0,stratified_80_20
60095,0,0,0.0,stratified_80_20
60112,0,0,0.0,stratified_80_20
60115,0,0,0.0,stratified_80_20
60132,0,0,0.0,stratified_80_20
60134,0,0,0.0,stratified_80_20
60139,0,0,0.0,stratified_80_20
60142,0,0,0.0,stratified_80_20
60149,0,0,0.0,stratified_80_20
60152,0,0,0.0,stratified_80_20
60162,0,0,0.0,stratified_80_20
60164,0,0,0.0,stratified_80_20
60172,0,0,0.0,stratified_80_20
60181,0,0,0.0,stratified_80_20
60185,0,0,0.0,stratified_80_20
60193,0,0,0.0,stratified_80_20
60196,0,0,0.0,stratified_80_20
60197,0,0,0.0,stratified_80_20
60198,0,0,0.0,stratified_80_20
60204,0,0,0.0,stratified_80_20
60209,0,0,0.0,stratified_80_20
60212,0,0,0.0,stratified_80_20
60215,0,0,0.0,stratified_80_20
60217,0,0,0.0,stratified_80_20
60220,0,0,0.0,stratified_80_20
60221,0,0,0.0,stratified_80_20
60223,0,0,0.0,stratified_80_20
60225,0,0,0.0,stratified_80_20
60230,0,0,0.0,stratified_80_20
60233,0,0,0.0,stratified_80_20
60242,0,0,0.0,stratified_80_20
60243,0,0,0.0,stratified_80_20
60250,0,0,0.0,stratified_80_20
60255,0,0,0.0,stratified_80_20
60256,0,0,0.0,stratified_80_20
60262,0,0,0.0,stratified_80_20
60270,0,0,0.0,stratified_80_20
60272,0,0,0.0,stratified_80_20
60276,0,0,0.0,stratified_80_20
60277,0,0,0.0,stratified_80_20
60278,0,0,0.0,stratified_80_20
60279,0,0,0.0,stratified_80_20
60281,0,0,0.0,stratified_80_20
60284,0,0,0.0,stratified_80_20
60287,0,0,0.0,stratified_80_20
60302,0,0,0.0,stratified_80_20
60303,0,0,0.0,stratified_80_20
60305,0,0,0.0,stratified_80_20
60307,0,0,0.0,stratified_80_20
60316,0,0,0.0,stratified_80_20
60317,0,0,0.0,stratified_80_20
60321,0,0,0.0,stratified_80_20
60325,0,0,0.0,stratified_80_20
60328,0,0,0.0,stratified_80_20
60330,0,0,0.0,stratified_80_20
60340,0,0,0.0,stratified_80_20
60343,0,0,0.0,stratified_80_20
60347,0,0,0.0,stratified_80_20
60357,0,0,0.0,stratified_80_20
60358,0,0,0.0,stratified_80_20
60369,0,0,0.0,stratified_80_20
60373,0,0,0.0,stratified_80_20
60379,0,0,0.0,stratified_80_20
60381,0,0,0.0,stratified_80_20
60388,0,0,0.0,stratified_80_20
60394,0,0,0.0,stratified_80_20
60409,0,0,0.0,stratified_80_20
60412,0,0,0.0,stratified_80_20
60415,0,0,0.0,stratified_80_20
60417,0,0,0.0,stratified_80_20
60419,0,0,0.0,stratified_80_20
60421,0,0,0.0,stratified_80_20
60423,0,0,0.0,stratified_80_20
60425,0,0,0.0,stratified_80_20
60430,0,0,0.0,stratified_80_20
60433,0,0,0.0,stratified_80_20
60437,0,0,0.0,stratified_80_20
60459,0,0,0.0,stratified_80_20
60466,0,0,0.0,stratified_80_20
60476,0,0,0.0,stratified_80_20
60503,0,0,0.0,stratified_80_20
60510,0,0,0.0,stratified_80_20
60514,0,0,0.0,stratified_80_20
60516,0,0,0.0,stratified_80_20
60522,0,0,0.0,stratified_80_20
60529,0,0,0.0,stratified_80_20
60534,0,0,0.0,stratified_80_20
60543,0,0,0.0,stratified_80_20
60546,0,0,0.0,stratified_80_20
60563,0,0,0.0,stratified_80_20
60565,0,0,0.0,stratified_80_20
60571,0,0,0.0,stratified_80_20
60574,0,0,0.0,stratified_80_20
60577,0,0,0.0,stratified_80_20
60579,0,0,0.0,stratified_80_20
60580,0,0,0.0,stratified_80_20
60590,0,0,0.0,stratified_80_20
60597,0,0,0.0,stratified_80_20
60605,0,0,0.0,stratified_80_20
60607,0,0,0.0,stratified_80_20
60610,0,0,0.0,stratified_80_20
60612,0,0,0.0,stratified_80_20
60614,0,0,0.0,stratified_80_20
60616,0,0,0.0,stratified_80_20
60635,0,0,0.0,stratified_80_20
60637,0,0,0.0,stratified_80_20
60638,0,0,0.0,stratified_80_20
60643,0,0,0.0,stratified_80_20
60644,0,0,0.0,stratified_80_20
60645,0,0,0.0,stratified_80_20
60649,0,0,0.0,stratified_80_20
60650,0,0,0.0,stratified_80_20
60652,0,0,0.0,stratified_80_20
60653,0,0,0.0,stratified_80_20
60656,0,0,0.0,stratified_80_20
60659,0,0,0.0,stratified_80_20
60665,0,0,0.0,stratified_80_20
60673,0,0,0.0,stratified_80_20
60675,0,0,0.0,stratified_80_20
60679,0,0,0.0,stratified_80_20
60683,0,0,0.0,stratified_80_20
60686,0,0,0.0,stratified_80_20
60687,0,0,0.0,stratified_80_20
60690,0,0,0.0,stratified_80_20
60694,0,0,0.0,stratified_80_20
60696,0,0,0.0,stratified_80_20
60697,0,0,0.0,stratified_80_20
60705,0,0,0.0,stratified_80_20
60709,0,0,0.0,stratified_80_20
60716,0,0,0.0,stratified_80_20
60720,0,0,0.0,stratified_80_20
60728,0,0,0.0,stratified_80_20
60731,0,0,0.0,stratified_80_20
60732,0,0,0.0,stratified_80_20
60734,0,0,0.0,stratified_80_20
60737,0,0,0.0,stratified_80_20
60744,0,0,0.0,stratified_80_20
60748,0,0,0.0,stratified_80_20
60751,0,0,0.0,stratified_80_20
60753,0,0,0.0,stratified_80_20
60756,0,0,0.0,stratified_80_20
60771,0,0,0.0,stratified_80_20
60773,0,0,0.0,stratified_80_20
60787,0,0,0.0,stratified_80_20
60793,0,0,0.0,stratified_80_20
60801,0,0,0.0,stratified_80_20
60802,0,0,0.0,stratified_80_20
60816,0,0,0.0,stratified_80_20
60838,0,0,0.0,stratified_80_20
60841,0,0,0.0,stratified_80_20
60848,0,0,0.0,stratified_80_20
60852,0,0,0.0,stratified_80_20
60855,0,0,0.0,stratified_80_20
60857,0,0,0.0,stratified_80_20
60872,0,0,0.0,stratified_80_20
60880,0,0,0.0,stratified_80_20
60888,0,0,0.0,stratified_80_20
60899,0,0,0.0,stratified_80_20
60900,0,0,0.0,stratified_80_20
60905,0,0,0.0,stratified_80_20
60918,0,0,0.0,stratified_80_20
60930,0,0,0.0,stratified_80_20
60938,0,0,0.0,stratified_80_20
60952,0,0,0.0,stratified_80_20
60961,0,0,0.0,stratified_80_20
60963,0,0,0.0,stratified_80_20
60976,0,0,0.0,stratified_80_20
60991,0,0,0.0,stratified_80_20
60997,0,0,0.0,stratified_80_20
61014,0,0,0.0,stratified_80_20
61017,0,0,0.0,stratified_80_20
61018,0,0,0.0,stratified_80_20
61022,0,0,0.0,stratified_80_20
61026,0,0,0.0,stratified_80_20
61035,0,0,0.0,stratified_80_20
61037,0,0,0.0,stratified_80_20
61052,0,0,0.0,stratified_80_20
61060,0,0,0.0,stratified_80_20
61061,0,0,0.0,stratified_80_20
61062,0,0,0.0,stratified_80_20
61064,0,0,0.0,stratified_80_20
61068,0,0,0.0,stratified_80_20
61071,0,0,0.0,stratified_80_20
61073,0,0,0.0,stratified_80_20
61074,0,0,0.0,stratified_80_20
61076,0,0,0.0,stratified_80_20
61078,0,0,0.0,stratified_80_20
61079,0,0,0.0,stratified_80_20
61080,0,0,0.0,stratified_80_20
61099,0,0,0.0,stratified_80_20
61103,0,0,0.0,stratified_80_20
61111,0,0,0.0,stratified_80_20
61114,0,0,0.0,stratified_80_20
61117,0,0,0.0,stratified_80_20
61119,0,0,0.0,stratified_80_20
61125,0,0,0.0,stratified_80_20
61132,0,0,0.0,stratified_80_20
61135,0,0,0.0,stratified_80_20
61136,0,0,0.0,stratified_80_20
61148,0,0,0.0,stratified_80_20
61152,0,0,0.0,stratified_80_20
61159,0,0,0.0,stratified_80_20
61162,0,0,0.0,stratified_80_20
61172,0,0,0.0,stratified_80_20
61178,0,0,0.0,stratified_80_20
61186,0,0,0.0,stratified_80_20
61193,0,0,0.0,stratified_80_20
61194,0,0,0.0,stratified_80_20
61197,0,0,0.0,stratified_80_20
61203,0,0,0.0,stratified_80_20
61205,0,0,0.0,stratified_80_20
61206,0,0,0.0,stratified_80_20
61211,0,0,0.0,stratified_80_20
61218,0,0,0.0,stratified_80_20
61233,0,0,0.0,stratified_80_20
61235,0,0,0.0,stratified_80_20
61243,0,0,0.0,stratified_80_20
61247,0,0,0.0,stratified_80_20
61254,0,0,0.0,stratified_80_20
61263,0,0,0.0,stratified_80_20
61271,0,0,0.0,stratified_80_20
61274,0,0,0.0,stratified_80_20
61275,0,0,0.0,stratified_80_20
61278,0,0,0.0,stratified_80_20
61282,0,0,0.0,stratified_80_20
61284,0,0,0.0,stratified_80_20
61290,0,0,0.0,stratified_80_20
61292,0,0,0.0,stratified_80_20
61316,0,0,0.0,stratified_80_20
61320,0,0,0.0,stratified_80_20
61322,0,0,0.0,stratified_80_20
61330,0,0,0.0,stratified_80_20
61332,0,0,0.0,stratified_80_20
61335,0,0,0.0,stratified_80_20
61342,0,0,0.0,stratified_80_20
61348,0,0,0.0,stratified_80_20
61353,0,0,0.0,stratified_80_20
61362,0,0,0.0,stratified_80_20
61364,0,0,0.0,stratified_80_20
61367,0,0,0.0,stratified_80_20
61370,0,0,0.0,stratified_80_20
61371,0,0,0.0,stratified_80_20
61376,0,0,0.0,stratified_80_20
61385,0,0,0.0,stratified_80_20
61388,0,0,0.0,stratified_80_20
61393,0,0,0.0,stratified_80_20
61394,0,0,0.0,stratified_80_20
61397,0,0,0.0,stratified_80_20
61400,0,0,0.0,stratified_80_20
61406,0,0,0.0,stratified_80_20
61411,0,0,0.0,stratified_80_20
61421,0,0,0.0,stratified_80_20
61424,0,0,0.0,stratified_80_20
61425,0,0,0.0,stratified_80_20
61431,0,0,0.0,stratified_80_20
61433,0,0,0.0,stratified_80_20
61438,0,0,0.0,stratified_80_20
61443,0,0,0.0,stratified_80_20
61444,0,0,0.0,stratified_80_20
61446,0,0,0.0,stratified_80_20
61449,0,0,0.0,stratified_80_20
61454,0,0,0.0,stratified_80_20
61460,0,0,0.0,stratified_80_20
61463,0,0,0.0,stratified_80_20
61490,0,0,0.0,stratified_80_20
61495,0,0,0.0,stratified_80_20
61500,0,0,0.0,stratified_80_20
61505,0,0,0.0,stratified_80_20
61509,0,0,0.0,stratified_80_20
61511,0,0,0.0,stratified_80_20
61517,0,0,0.0,stratified_80_20
61522,0,0,0.0,stratified_80_20
61523,0,0,0.0,stratified_80_20
61526,0,0,0.0,stratified_80_20
61531,0,0,0.0,stratified_80_20
61535,0,0,0.0,stratified_80_20
61537,0,0,0.0,stratified_80_20
61541,0,0,0.0,stratified_80_20
61561,0,0,0.0,stratified_80_20
61564,0,0,0.0,stratified_80_20
61567,0,0,0.0,stratified_80_20
61576,0,0,0.0,stratified_80_20
61577,0,0,0.0,stratified_80_20
61579,0,0,0.0,stratified_80_20
61581,0,0,0.0,stratified_80_20
61584,0,0,0.0,stratified_80_20
61587,0,0,0.0,stratified_80_20
61589,0,0,0.0,stratified_80_20
61590,0,0,0.0,stratified_80_20
61591,0,0,0.0,stratified_80_20
61594,0,0,0.0,stratified_80_20
61601,0,0,0.0,stratified_80_20
61617,0,0,0.0,stratified_80_20
61618,0,0,0.0,stratified_80_20
61623,0,0,0.0,stratified_80_20
61624,0,0,0.0,stratified_80_20
61625,0,0,0.0,stratified_80_20
61628,0,0,0.0,stratified_80_20
61629,0,0,0.0,stratified_80_20
61631,0,0,0.0,stratified_80_20
61632,0,0,0.0,stratified_80_20
61638,0,0,0.0,stratified_80_20
61640,0,0,0.0,stratified_80_20
61643,0,0,0.0,stratified_80_20
61646,0,0,0.0,stratified_80_20
61656,0,0,0.0,stratified_80_20
61659,0,0,0.0,stratified_80_20
61660,0,0,0.0,stratified_80_20
61666,0,0,0.0,stratified_80_20
61672,0,0,0.0,stratified_80_20
61675,0,0,0.0,stratified_80_20
61681,0,0,0.0,stratified_80_20
61685,0,0,0.0,stratified_80_20
61694,0,0,0.0,stratified_80_20
61695,0,0,0.0,stratified_80_20
61703,0,0,0.0,stratified_80_20
61707,0,0,0.0,stratified_80_20
61724,0,0,0.0,stratified_80_20
61725,0,0,0.0,stratified_80_20
61737,0,0,0.0,stratified_80_20
61742,0,0,0.0,stratified_80_20
61759,0,0,0.0,stratified_80_20
61761,0,0,0.0,stratified_80_20
61763,0,0,0.0,stratified_80_20
61770,0,0,0.0,stratified_80_20
61772,0,0,0.0,stratified_80_20
61780,0,0,0.0,stratified_80_20
61787,0,0,0.0,stratified_80_20
61795,0,0,0.0,stratified_80_20
61802,0,0,0.0,stratified_80_20
61808,0,0,0.0,stratified_80_20
61811,0,0,0.0,stratified_80_20
61817,0,0,0.0,stratified_80_20
61819,0,0,0.0,stratified_80_20
61820,0,0,0.0,stratified_80_20
61826,0,0,0.0,stratified_80_20
61831,0,0,0.0,stratified_80_20
61834,0,0,0.0,stratified_80_20
61836,0,0,0.0,stratified_80_20
61838,0,0,0.0,stratified_80_20
61840,0,0,0.0,stratified_80_20
61841,0,0,0.0,stratified_80_20
61842,0,0,0.0,stratified_80_20
61846,0,0,0.0,stratified_80_20
61855,0,0,0.0,stratified_80_20
61864,0,0,0.0,stratified_80_20
61865,0,0,0.0,stratified_80_20
61875,0,0,0.0,stratified_80_20
61885,0,0,0.0,stratified_80_20
61886,0,0,0.0,stratified_80_20
61890,0,0,0.0,stratified_80_20
61892,0,0,0.0,stratified_80_20
61893,0,0,0.0,stratified_80_20
61897,0,0,0.0,stratified_80_20
61902,0,0,0.0,stratified_80_20
61905,0,0,0.0,stratified_80_20
61908,0,0,0.0,stratified_80_20
61911,0,0,0.0,stratified_80_20
61912,0,0,0.0,stratified_80_20
61920,0,0,0.0,stratified_80_20
61923,0,0,0.0,stratified_80_20
61928,0,0,0.0,stratified_80_20
61931,0,0,0.0,stratified_80_20
61937,0,0,0.0,stratified_80_20
61938,0,0,0.0,stratified_80_20
61944,0,0,0.0,stratified_80_20
61947,0,0,0.0,stratified_80_20
61952,0,0,0.0,stratified_80_20
61953,0,0,0.0,stratified_80_20
61955,0,0,0.0,stratified_80_20
61960,0,0,0.0,stratified_80_20
61966,0,0,0.0,stratified_80_20
61969,0,0,0.0,stratified_80_20
61972,0,0,0.0,stratified_80_20
61973,0,0,0.0,stratified_80_20
61982,0,0,0.0,stratified_80_20
61988,0,0,0.0,stratified_80_20
61994,0,0,0.0,stratified_80_20
61995,0,0,0.0,stratified_80_20
62004,0,0,0.0,stratified_80_20
62011,0,0,0.0,stratified_80_20
62013,0,0,0.0,stratified_80_20
62015,0,0,0.0,stratified_80_20
62020,0,0,0.0,stratified_80_20
62030,0,0,0.0,stratified_80_20
62031,0,0,0.0,stratified_80_20
62032,0,0,0.0,stratified_80_20
62033,0,0,0.0,stratified_80_20
62039,0,0,0.0,stratified_80_20
62048,0,0,0.0,stratified_80_20
62051,0,0,0.0,stratified_80_20
62053,0,0,0.0,stratified_80_20
62062,0,0,0.0,stratified_80_20
62065,0,0,0.0,stratified_80_20
62075,0,0,0.0,stratified_80_20
62079,0,0,0.0,stratified_80_20
62087,0,0,0.0,stratified_80_20
62093,0,0,0.0,stratified_80_20
62096,0,0,0.0,stratified_80_20
62097,0,0,0.0,stratified_80_20
62099,0,0,0.0,stratified_80_20
62100,0,0,0.0,stratified_80_20
62103,0,0,0.0,stratified_80_20
62113,0,0,0.0,stratified_80_20
62117,0,0,0.0,stratified_80_20
62126,0,0,0.0,stratified_80_20
62132,0,0,0.0,stratified_80_20
62137,0,0,0.0,stratified_80_20
62140,0,0,0.0,stratified_80_20
62141,0,0,0.0,stratified_80_20
62150,0,0,0.0,stratified_80_20
62164,0,0,0.0,stratified_80_20
62168,0,0,0.0,stratified_80_20
62180,0,0,0.0,stratified_80_20
62181,0,0,0.0,stratified_80_20
62185,0,0,0.0,stratified_80_20
62186,0,0,0.0,stratified_80_20
62187,0,0,0.0,stratified_80_20
62191,0,0,0.0,stratified_80_20
62199,0,0,0.0,stratified_80_20
62205,0,0,0.0,stratified_80_20
62213,0,0,0.0,stratified_80_20
62216,0,0,0.0,stratified_80_20
62232,0,0,0.0,stratified_80_20
62233,0,0,0.0,stratified_80_20
62234,0,0,0.0,stratified_80_20
62237,0,0,0.0,stratified_80_20
62238,0,0,0.0,stratified_80_20
62254,0,0,0.0,stratified_80_20
62255,0,0,0.0,stratified_80_20
62257,0,0,0.0,stratified_80_20
62262,0,0,0.0,stratified_80_20
62272,0,0,0.0,stratified_80_20
62280,0,0,0.0,stratified_80_20
62283,0,0,0.0,stratified_80_20
62291,0,0,0.0,stratified_80_20
62307,0,0,0.0,stratified_80_20
62310,0,0,0.0,stratified_80_20
62315,0,0,0.0,stratified_80_20
62339,0,0,0.0,stratified_80_20
62342,0,0,0.0,stratified_80_20
62352,0,0,0.0,stratified_80_20
62360,0,0,0.0,stratified_80_20
62366,0,0,0.0,stratified_80_20
62368,0,0,0.0,stratified_80_20
62374,0,0,0.0,stratified_80_20
62376,0,0,0.0,stratified_80_20
62379,0,0,0.0,stratified_80_20
62387,0,0,0.0,stratified_80_20
62395,0,0,0.0,stratified_80_20
62397,0,0,0.0,stratified_80_20
62407,0,0,0.0,stratified_80_20
62413,0,0,0.0,stratified_80_20
62423,0,0,0.0,stratified_80_20
62430,0,0,0.0,stratified_80_20
62436,0,0,0.0,stratified_80_20
62437,0,0,0.0,stratified_80_20
62440,0,0,0.0,stratified_80_20
62460,0,0,0.0,stratified_80_20
62476,0,0,0.0,stratified_80_20
62478,0,0,0.0,stratified_80_20
62481,0,0,0.0,stratified_80_20
62484,0,0,0.0,stratified_80_20
62485,0,0,0.0,stratified_80_20
62487,0,0,0.0,stratified_80_20
62497,0,0,0.0,stratified_80_20
62498,0,0,0.0,stratified_80_20
62500,0,0,0.0,stratified_80_20
62501,0,0,0.0,stratified_80_20
62504,0,0,0.0,stratified_80_20
62506,0,0,0.0,stratified_80_20
62509,0,0,0.0,stratified_80_20
62519,0,0,0.0,stratified_80_20
62529,0,0,0.0,stratified_80_20
62530,0,0,0.0,stratified_80_20
62531,0,0,0.0,stratified_80_20
62536,0,0,0.0,stratified_80_20
62539,0,0,0.0,stratified_80_20
62557,0,0,0.0,stratified_80_20
62561,0,0,0.0,stratified_80_20
62574,0,0,0.0,stratified_80_20
62578,0,0,0.0,stratified_80_20
62590,0,0,0.0,stratified_80_20
62591,0,0,0.0,stratified_80_20
62596,0,0,0.0,stratified_80_20
62597,0,0,0.0,stratified_80_20
62614,0,0,0.0,stratified_80_20
62622,0,0,0.0,stratified_80_20
62625,0,0,0.0,stratified_80_20
62634,0,0,0.0,stratified_80_20
62653,0,0,0.0,stratified_80_20
62657,0,0,0.0,stratified_80_20
62664,0,0,0.0,stratified_80_20
62666,0,0,0.0,stratified_80_20
62667,0,0,0.0,stratified_80_20
62679,0,0,0.0,stratified_80_20
62686,0,0,0.0,stratified_80_20
62696,0,0,0.0,stratified_80_20
62698,0,0,0.0,stratified_80_20
62699,0,0,0.0,stratified_80_20
62703,0,0,0.0,stratified_80_20
62706,0,0,0.0,stratified_80_20
62710,0,0,0.0,stratified_80_20
62714,0,0,0.0,stratified_80_20
62718,0,0,0.0,stratified_80_20
62719,0,0,0.0,stratified_80_20
62723,0,0,0.0,stratified_80_20
62726,0,0,0.0,stratified_80_20
62728,0,0,0.0,stratified_80_20
62730,0,0,0.0,stratified_80_20
62731,0,0,0.0,stratified_80_20
62732,0,0,0.0,stratified_80_20
62734,0,0,0.0,stratified_80_20
62735,0,0,0.0,stratified_80_20
62739,0,0,0.0,stratified_80_20
62755,0,0,0.0,stratified_80_20
62757,0,0,0.0,stratified_80_20
62765,0,0,0.0,stratified_80_20
62776,0,0,0.0,stratified_80_20
62784,0,0,0.0,stratified_80_20
62788,0,0,0.0,stratified_80_20
62791,0,0,0.0,stratified_80_20
62805,0,0,0.0,stratified_80_20
62810,0,0,0.0,stratified_80_20
62811,0,0,0.0,stratified_80_20
62813,0,0,0.0,stratified_80_20
62815,0,0,0.0,stratified_80_20
62816,0,0,0.0,stratified_80_20
62821,0,0,0.0,stratified_80_20
62848,0,0,0.0,stratified_80_20
62850,0,0,0.0,stratified_80_20
62865,0,0,0.0,stratified_80_20
62874,0,0,0.0,stratified_80_20
62875,0,0,0.0,stratified_80_20
62877,0,0,0.0,stratified_80_20
62879,0,0,0.0,stratified_80_20
62892,0,0,0.0,stratified_80_20
62908,0,0,0.0,stratified_80_20
62918,0,0,0.0,stratified_80_20
62922,0,0,0.0,stratified_80_20
62926,0,0,0.0,stratified_80_20
62927,0,0,0.0,stratified_80_20
62932,0,0,0.0,stratified_80_20
62936,0,0,0.0,stratified_80_20
62955,0,0,0.0,stratified_80_20
62959,0,0,0.0,stratified_80_20
62964,0,0,0.0,stratified_80_20
62972,0,0,0.0,stratified_80_20
62978,0,0,0.0,stratified_80_20
62980,0,0,0.0,stratified_80_20
62985,0,0,0.0,stratified_80_20
63006,0,0,0.0,stratified_80_20
63013,0,0,0.0,stratified_80_20
63015,0,0,0.0,stratified_80_20
63016,0,0,0.0,stratified_80_20
63034,0,0,0.0,stratified_80_20
63035,0,0,0.0,stratified_80_20
63037,0,0,0.0,stratified_80_20
63052,0,0,0.0,stratified_80_20
63055,0,0,0.0,stratified_80_20
63056,0,0,0.0,stratified_80_20
63067,0,0,0.0,stratified_80_20
63068,0,0,0.0,stratified_80_20
63069,0,0,0.0,stratified_80_20
63074,0,0,0.0,stratified_80_20
63078,0,0,0.0,stratified_80_20
63083,0,0,0.0,stratified_80_20
63084,0,0,0.0,stratified_80_20
63088,0,0,0.0,stratified_80_20
63090,0,0,0.0,stratified_80_20
63098,0,0,0.0,stratified_80_20
63111,0,0,0.0,stratified_80_20
63114,0,0,0.0,stratified_80_20
63116,0,0,0.0,stratified_80_20
63117,0,0,0.0,stratified_80_20
63124,0,0,0.0,stratified_80_20
63129,0,0,0.0,stratified_80_20
63140,0,0,0.0,stratified_80_20
63143,0,0,0.0,stratified_80_20
63145,0,0,0.0,stratified_80_20
63146,0,0,0.0,stratified_80_20
63148,0,0,0.0,stratified_80_20
63154,0,0,0.0,stratified_80_20
63163,0,0,0.0,stratified_80_20
63166,0,0,0.0,stratified_80_20
63167,0,0,0.0,stratified_80_20
63172,0,0,0.0,stratified_80_20
63176,0,0,0.0,stratified_80_20
63177,0,0,0.0,stratified_80_20
63188,0,0,0.0,stratified_80_20
63206,0,0,0.0,stratified_80_20
63210,0,0,0.0,stratified_80_20
63221,0,0,0.0,stratified_80_20
63225,0,0,0.0,stratified_80_20
63230,0,0,0.0,stratified_80_20
63239,0,0,0.0,stratified_80_20
63250,0,0,0.0,stratified_80_20
63255,0,0,0.0,stratified_80_20
63258,0,0,0.0,stratified_80_20
63259,0,0,0.0,stratified_80_20
63264,0,0,0.0,stratified_80_20
63275,0,0,0.0,stratified_80_20
63278,0,0,0.0,stratified_80_20
63287,0,0,0.0,stratified_80_20
63296,0,0,0.0,stratified_80_20
63313,0,0,0.0,stratified_80_20
63316,0,0,0.0,stratified_80_20
63322,0,0,0.0,stratified_80_20
63324,0,0,0.0,stratified_80_20
63329,0,0,0.0,stratified_80_20
63336,0,0,0.0,stratified_80_20
63338,0,0,0.0,stratified_80_20
63343,0,0,0.0,stratified_80_20
63368,0,0,0.0,stratified_80_20
63382,0,0,0.0,stratified_80_20
63385,0,0,0.0,stratified_80_20
63386,0,0,0.0,stratified_80_20
63390,0,0,0.0,stratified_80_20
63391,0,0,0.0,stratified_80_20
63397,0,0,0.0,stratified_80_20
63399,0,0,0.0,stratified_80_20
63405,0,0,0.0,stratified_80_20
63406,0,0,0.0,stratified_80_20
63411,0,0,0.0,stratified_80_20
63415,0,0,0.0,stratified_80_20
63424,0,0,0.0,stratified_80_20
63443,0,0,0.0,stratified_80_20
63445,0,0,0.0,stratified_80_20
63448,0,0,0.0,stratified_80_20
63451,0,0,0.0,stratified_80_20
63457,0,0,0.0,stratified_80_20
63467,0,0,0.0,stratified_80_20
63471,0,0,0.0,stratified_80_20
63472,0,0,0.0,stratified_80_20
63476,0,0,0.0,stratified_80_20
63479,0,0,0.0,stratified_80_20
63489,0,0,0.0,stratified_80_20
63492,0,0,0.0,stratified_80_20
63502,0,0,0.0,stratified_80_20
63504,0,0,0.0,stratified_80_20
63507,0,0,0.0,stratified_80_20
63510,0,0,0.0,stratified_80_20
63515,0,0,0.0,stratified_80_20
63517,0,0,0.0,stratified_80_20
63526,0,0,0.0,stratified_80_20
63540,0,0,0.0,stratified_80_20
63545,0,0,0.0,stratified_80_20
63557,0,0,0.0,stratified_80_20
63566,0,0,0.0,stratified_80_20
63567,0,0,0.0,stratified_80_20
63569,0,0,0.0,stratified_80_20
63572,0,0,0.0,stratified_80_20
63575,0,0,0.0,stratified_80_20
63583,0,0,0.0,stratified_80_20
63608,0,0,0.0,stratified_80_20
63613,0,0,0.0,stratified_80_20
63614,0,0,0.0,stratified_80_20
63615,0,0,0.0,stratified_80_20
63619,0,0,0.0,stratified_80_20
63636,0,0,0.0,stratified_80_20
63638,0,0,0.0,stratified_80_20
63642,0,0,0.0,stratified_80_20
63651,0,0,0.0,stratified_80_20
63654,0,0,0.0,stratified_80_20
63664,0,0,0.0,stratified_80_20
63666,0,0,0.0,stratified_80_20
63670,0,0,0.0,stratified_80_20
63673,0,0,0.0,stratified_80_20
63701,0,0,0.0,stratified_80_20
63715,0,0,0.0,stratified_80_20
63725,0,0,0.0,stratified_80_20
63732,0,0,0.0,stratified_80_20
63734,0,0,0.0,stratified_80_20
63744,0,0,0.0,stratified_80_20
63746,0,0,0.0,stratified_80_20
63749,0,0,0.0,stratified_80_20
63765,0,0,0.0,stratified_80_20
63772,0,0,0.0,stratified_80_20
63782,0,0,0.0,stratified_80_20
63783,0,0,0.0,stratified_80_20
63790,0,0,0.0,stratified_80_20
63795,0,0,0.0,stratified_80_20
63797,0,0,0.0,stratified_80_20
63799,0,0,0.0,stratified_80_20
63801,0,0,0.0,stratified_80_20
63802,0,0,0.0,stratified_80_20
63804,0,0,0.0,stratified_80_20
63808,0,0,0.0,stratified_80_20
63809,0,0,0.0,stratified_80_20
63814,0,0,0.0,stratified_80_20
63823,0,0,0.0,stratified_80_20
63824,0,0,0.0,stratified_80_20
63826,0,0,0.0,stratified_80_20
63835,0,0,0.0,stratified_80_20
63848,0,0,0.0,stratified_80_20
63853,0,0,0.0,stratified_80_20
63858,0,0,0.0,stratified_80_20
63862,0,0,0.0,stratified_80_20
63864,0,0,0.0,stratified_80_20
63869,0,0,0.0,stratified_80_20
63880,0,0,0.0,stratified_80_20
63886,0,0,0.0,stratified_80_20
63888,0,0,0.0,stratified_80_20
63893,0,0,0.0,stratified_80_20
63899,0,0,0.0,stratified_80_20
63903,0,0,0.0,stratified_80_20
63904,0,0,0.0,stratified_80_20
63909,0,0,0.0,stratified_80_20
63917,0,0,0.0,stratified_80_20
63919,0,0,0.0,stratified_80_20
63921,0,0,0.0,stratified_80_20
63923,0,0,0.0,stratified_80_20
63924,0,0,0.0,stratified_80_20
63929,0,0,0.0,stratified_80_20
63941,0,0,0.0,stratified_80_20
63942,0,0,0.0,stratified_80_20
63944,0,0,0.0,stratified_80_20
63949,0,0,0.0,stratified_80_20
63951,0,0,0.0,stratified_80_20
63957,0,0,0.0,stratified_80_20
63958,0,0,0.0,stratified_80_20
63965,0,0,0.0,stratified_80_20
63972,0,0,0.0,stratified_80_20
63977,0,0,0.0,stratified_80_20
63983,0,0,0.0,stratified_80_20
63994,0,0,0.0,stratified_80_20
64001,0,0,0.0,stratified_80_20
64006,0,0,0.0,stratified_80_20
64008,0,0,0.0,stratified_80_20
64010,0,0,0.0,stratified_80_20
64016,0,0,0.0,stratified_80_20
64020,0,0,0.0,stratified_80_20
64022,0,0,0.0,stratified_80_20
64023,0,0,0.0,stratified_80_20
64034,0,0,0.0,stratified_80_20
64037,0,0,0.0,stratified_80_20
64040,0,0,0.0,stratified_80_20
64044,0,0,0.0,stratified_80_20
64045,0,0,0.0,stratified_80_20
64057,0,0,0.0,stratified_80_20
64066,0,0,0.0,stratified_80_20
64084,0,0,0.0,stratified_80_20
64087,0,0,0.0,stratified_80_20
64088,0,0,0.0,stratified_80_20
64091,0,0,0.0,stratified_80_20
64103,0,0,0.0,stratified_80_20
64104,0,0,0.0,stratified_80_20
64105,0,0,0.0,stratified_80_20
64111,0,0,0.0,stratified_80_20
64116,0,0,0.0,stratified_80_20
64122,0,0,0.0,stratified_80_20
64135,0,0,0.0,stratified_80_20
64141,0,0,0.0,stratified_80_20
64143,0,0,0.0,stratified_80_20
64150,0,0,0.0,stratified_80_20
64159,0,0,0.0,stratified_80_20
64164,0,0,0.0,stratified_80_20
64166,0,0,0.0,stratified_80_20
64167,0,0,0.0,stratified_80_20
64173,0,0,0.0,stratified_80_20
64175,0,0,0.0,stratified_80_20
64180,0,0,0.0,stratified_80_20
64182,0,0,0.0,stratified_80_20
64203,0,0,0.0,stratified_80_20
64212,0,0,0.0,stratified_80_20
64216,0,0,0.0,stratified_80_20
64218,0,0,0.0,stratified_80_20
64221,0,0,0.0,stratified_80_20
64229,0,0,0.0,stratified_80_20
64234,0,0,0.0,stratified_80_20
64248,0,0,0.0,stratified_80_20
64249,0,0,0.0,stratified_80_20
64257,0,0,0.0,stratified_80_20
64259,0,0,0.0,stratified_80_20
64260,0,0,0.0,stratified_80_20
64271,0,0,0.0,stratified_80_20
64279,0,0,0.0,stratified_80_20
64286,0,0,0.0,stratified_80_20
64300,0,0,0.0,stratified_80_20
64308,0,0,0.0,stratified_80_20
64311,0,0,0.0,stratified_80_20
64319,0,0,0.0,stratified_80_20
64323,0,0,0.0,stratified_80_20
64324,0,0,0.0,stratified_80_20
64328,0,0,0.0,stratified_80_20
64337,0,0,0.0,stratified_80_20
64342,0,0,0.0,stratified_80_20
64343,0,0,0.0,stratified_80_20
64349,0,0,0.0,stratified_80_20
64350,0,0,0.0,stratified_80_20
64363,0,0,0.0,stratified_80_20
64366,0,0,0.0,stratified_80_20
64376,0,0,0.0,stratified_80_20
64379,0,0,0.0,stratified_80_20
64395,0,0,0.0,stratified_80_20
64397,0,0,0.0,stratified_80_20
64402,0,0,0.0,stratified_80_20
64407,0,0,0.0,stratified_80_20
64412,0,0,0.0,stratified_80_20
64414,0,0,0.0,stratified_80_20
64415,0,0,0.0,stratified_80_20
64416,0,0,0.0,stratified_80_20
64426,0,0,0.0,stratified_80_20
64444,0,0,0.0,stratified_80_20
64449,0,0,0.0,stratified_80_20
64452,0,0,0.0,stratified_80_20
64456,0,0,0.0,stratified_80_20
64460,0,0,0.0,stratified_80_20
64462,0,0,0.0,stratified_80_20
64470,0,0,0.0,stratified_80_20
64472,0,0,0.0,stratified_80_20
64475,0,0,0.0,stratified_80_20
64489,0,0,0.0,stratified_80_20
64490,0,0,0.0,stratified_80_20
64500,0,0,0.0,stratified_80_20
64501,0,0,0.0,stratified_80_20
64504,0,0,0.0,stratified_80_20
64520,0,0,0.0,stratified_80_20
64527,0,0,0.0,stratified_80_20
64528,0,0,0.0,stratified_80_20
64532,0,0,0.0,stratified_80_20
64546,0,0,0.0,stratified_80_20
64549,0,0,0.0,stratified_80_20
64550,0,0,0.0,stratified_80_20
64551,0,0,0.0,stratified_80_20
64553,0,0,0.0,stratified_80_20
64561,0,0,0.0,stratified_80_20
64568,0,0,0.0,stratified_80_20
64573,0,0,0.0,stratified_80_20
64576,0,0,0.0,stratified_80_20
64584,0,0,0.0,stratified_80_20
64590,0,0,0.0,stratified_80_20
64596,0,0,0.0,stratified_80_20
64615,0,0,0.0,stratified_80_20
64616,0,0,0.0,stratified_80_20
64621,0,0,0.0,stratified_80_20
64622,0,0,0.0,stratified_80_20
64624,0,0,0.0,stratified_80_20
64625,0,0,0.0,stratified_80_20
64628,0,0,0.0,stratified_80_20
64637,0,0,0.0,stratified_80_20
64639,0,0,0.0,stratified_80_20
64646,0,0,0.0,stratified_80_20
64647,0,0,0.0,stratified_80_20
64655,0,0,0.0,stratified_80_20
64666,0,0,0.0,stratified_80_20
64674,0,0,0.0,stratified_80_20
64675,0,0,0.0,stratified_80_20
64677,0,0,0.0,stratified_80_20
64693,0,0,0.0,stratified_80_20
64701,0,0,0.0,stratified_80_20
64710,0,0,0.0,stratified_80_20
64720,0,0,0.0,stratified_80_20
64725,0,0,0.0,stratified_80_20
64730,0,0,0.0,stratified_80_20
64733,0,0,0.0,stratified_80_20
64734,0,0,0.0,stratified_80_20
64735,0,0,0.0,stratified_80_20
64736,0,0,0.0,stratified_80_20
64745,0,0,0.0,stratified_80_20
64748,0,0,0.0,stratified_80_20
64752,0,0,0.0,stratified_80_20
64762,0,0,0.0,stratified_80_20
64763,0,0,0.0,stratified_80_20
64767,0,0,0.0,stratified_80_20
64769,0,0,0.0,stratified_80_20
64773,0,0,0.0,stratified_80_20
64780,0,0,0.0,stratified_80_20
64781,0,0,0.0,stratified_80_20
64791,0,0,0.0,stratified_80_20
64795,0,0,0.0,stratified_80_20
64800,0,0,0.0,stratified_80_20
64803,0,0,0.0,stratified_80_20
64807,0,0,0.0,stratified_80_20
64810,0,0,0.0,stratified_80_20
64811,0,0,0.0,stratified_80_20
64818,0,0,0.0,stratified_80_20
64827,0,0,0.0,stratified_80_20
64833,0,0,0.0,stratified_80_20
64845,0,0,0.0,stratified_80_20
64849,0,0,0.0,stratified_80_20
64851,0,0,0.0,stratified_80_20
64856,0,0,0.0,stratified_80_20
64865,0,0,0.0,stratified_80_20
64866,0,0,0.0,stratified_80_20
64872,0,0,0.0,stratified_80_20
64880,0,0,0.0,stratified_80_20
64884,0,0,0.0,stratified_80_20
64886,0,0,0.0,stratified_80_20
64888,0,0,0.0,stratified_80_20
64889,0,0,0.0,stratified_80_20
64890,0,0,0.0,stratified_80_20
64893,0,0,0.0,stratified_80_20
64896,0,0,0.0,stratified_80_20
64897,0,0,0.0,stratified_80_20
64898,0,0,0.0,stratified_80_20
64904,0,0,0.0,stratified_80_20
64908,0,0,0.0,stratified_80_20
64910,0,0,0.0,stratified_80_20
64924,0,0,0.0,stratified_80_20
64927,0,0,0.0,stratified_80_20
64934,0,0,0.0,stratified_80_20
64938,0,0,0.0,stratified_80_20
64947,0,0,0.0,stratified_80_20
64948,0,0,0.0,stratified_80_20
64952,0,0,0.0,stratified_80_20
64953,0,0,0.0,stratified_80_20
64955,0,0,0.0,stratified_80_20
64959,0,0,0.0,stratified_80_20
64965,0,0,0.0,stratified_80_20
64968,0,0,0.0,stratified_80_20
64971,0,0,0.0,stratified_80_20
64972,0,0,0.0,stratified_80_20
64977,0,0,0.0,stratified_80_20
64979,0,0,0.0,stratified_80_20
64980,0,0,0.0,stratified_80_20
64983,0,0,0.0,stratified_80_20
64987,0,0,0.0,stratified_80_20
64988,0,0,0.0,stratified_80_20
65000,0,0,0.0,stratified_80_20
65008,0,0,0.0,stratified_80_20
65012,0,0,0.0,stratified_80_20
65013,0,0,0.0,stratified_80_20
65015,0,0,0.0,stratified_80_20
65016,0,0,0.0,stratified_80_20
65020,0,0,0.0,stratified_80_20
65022,0,0,0.0,stratified_80_20
65028,0,0,0.0,stratified_80_20
65030,0,0,0.0,stratified_80_20
65032,0,0,0.0,stratified_80_20
65038,0,0,0.0,stratified_80_20
65039,0,0,0.0,stratified_80_20
65041,0,0,0.0,stratified_80_20
65054,0,0,0.0,stratified_80_20
65059,0,0,0.0,stratified_80_20
65063,0,0,0.0,stratified_80_20
65064,0,0,0.0,stratified_80_20
65070,0,0,0.0,stratified_80_20
65075,0,0,0.0,stratified_80_20
65085,0,0,0.0,stratified_80_20
65089,0,0,0.0,stratified_80_20
65092,0,0,0.0,stratified_80_20
65094,0,0,0.0,stratified_80_20
65097,0,0,0.0,stratified_80_20
65102,0,0,0.0,stratified_80_20
65105,0,0,0.0,stratified_80_20
65106,0,0,0.0,stratified_80_20
65113,0,0,0.0,stratified_80_20
65119,0,0,0.0,stratified_80_20
65121,0,0,0.0,stratified_80_20
65123,0,0,0.0,stratified_80_20
65125,0,0,0.0,stratified_80_20
65130,0,0,0.0,stratified_80_20
65136,0,0,0.0,stratified_80_20
65172,0,0,0.0,stratified_80_20
65180,0,0,0.0,stratified_80_20
65183,0,0,0.0,stratified_80_20
65184,0,0,0.0,stratified_80_20
65187,0,0,0.0,stratified_80_20
65190,0,0,0.0,stratified_80_20
65193,0,0,0.0,stratified_80_20
65194,0,0,0.0,stratified_80_20
65205,0,0,0.0,stratified_80_20
65210,0,0,0.0,stratified_80_20
65216,0,0,0.0,stratified_80_20
65218,0,0,0.0,stratified_80_20
65237,0,0,0.0,stratified_80_20
65238,0,0,0.0,stratified_80_20
65247,0,0,0.0,stratified_80_20
65251,0,0,0.0,stratified_80_20
65258,0,0,0.0,stratified_80_20
65260,0,0,0.0,stratified_80_20
65265,0,0,0.0,stratified_80_20
65269,0,0,0.0,stratified_80_20
65272,0,0,0.0,stratified_80_20
65275,0,0,0.0,stratified_80_20
65291,0,0,0.0,stratified_80_20
65295,0,0,0.0,stratified_80_20
65302,0,0,0.0,stratified_80_20
65310,0,0,0.0,stratified_80_20
65313,0,0,0.0,stratified_80_20
65316,0,0,0.0,stratified_80_20
65323,0,0,0.0,stratified_80_20
65325,0,0,0.0,stratified_80_20
65330,0,0,0.0,stratified_80_20
65337,0,0,0.0,stratified_80_20
65341,0,0,0.0,stratified_80_20
65349,0,0,0.0,stratified_80_20
65352,0,0,0.0,stratified_80_20
65355,0,0,0.0,stratified_80_20
65358,0,0,0.0,stratified_80_20
65362,0,0,0.0,stratified_80_20
65363,0,0,0.0,stratified_80_20
65365,0,0,0.0,stratified_80_20
65369,0,0,0.0,stratified_80_20
65372,0,0,0.0,stratified_80_20
65377,0,0,0.0,stratified_80_20
65379,0,0,0.0,stratified_80_20
65381,0,0,0.0,stratified_80_20
65384,0,0,0.0,stratified_80_20
65387,0,0,0.0,stratified_80_20
65393,0,0,0.0,stratified_80_20
65394,0,0,0.0,stratified_80_20
65395,0,0,0.0,stratified_80_20
65396,0,0,0.0,stratified_80_20
65402,0,0,0.0,stratified_80_20
65409,0,0,0.0,stratified_80_20
65415,0,0,0.0,stratified_80_20
65422,0,0,0.0,stratified_80_20
65432,0,0,0.0,stratified_80_20
65434,0,0,0.0,stratified_80_20
65435,0,0,0.0,stratified_80_20
65438,0,0,0.0,stratified_80_20
65443,0,0,0.0,stratified_80_20
65448,0,0,0.0,stratified_80_20
65449,0,0,0.0,stratified_80_20
65450,0,0,0.0,stratified_80_20
65452,0,0,0.0,stratified_80_20
65454,0,0,0.0,stratified_80_20
65455,0,0,0.0,stratified_80_20
65458,0,0,0.0,stratified_80_20
65459,0,0,0.0,stratified_80_20
65460,0,0,0.0,stratified_80_20
65465,0,0,0.0,stratified_80_20
65470,0,0,0.0,stratified_80_20
65475,0,0,0.0,stratified_80_20
65477,0,0,0.0,stratified_80_20
65482,0,0,0.0,stratified_80_20
65485,0,0,0.0,stratified_80_20
65490,0,0,0.0,stratified_80_20
65491,0,0,0.0,stratified_80_20
65492,0,0,0.0,stratified_80_20
65495,0,0,0.0,stratified_80_20
65500,0,0,0.0,stratified_80_20
65501,0,0,0.0,stratified_80_20
65502,0,0,0.0,stratified_80_20
65507,0,0,0.0,stratified_80_20
65509,0,0,0.0,stratified_80_20
65512,0,0,0.0,stratified_80_20
65513,0,0,0.0,stratified_80_20
65524,0,0,0.0,stratified_80_20
65527,0,0,0.0,stratified_80_20
65529,0,0,0.0,stratified_80_20
65530,0,0,0.0,stratified_80_20
65532,0,0,0.0,stratified_80_20
65534,0,0,0.0,stratified_80_20
65535,0,0,0.0,stratified_80_20
65537,0,0,0.0,stratified_80_20
65539,0,0,0.0,stratified_80_20
65545,0,0,0.0,stratified_80_20
65560,0,0,0.0,stratified_80_20
65564,0,0,0.0,stratified_80_20
65567,0,0,0.0,stratified_80_20
65576,0,0,0.0,stratified_80_20
65580,0,0,0.0,stratified_80_20
65582,0,0,0.0,stratified_80_20
65598,0,0,0.0,stratified_80_20
65600,0,0,0.0,stratified_80_20
65601,0,0,0.0,stratified_80_20
65603,0,0,0.0,stratified_80_20
65604,0,0,0.0,stratified_80_20
65611,0,0,0.0,stratified_80_20
65617,0,0,0.0,stratified_80_20
65619,0,0,0.0,stratified_80_20
65622,0,0,0.0,stratified_80_20
65626,0,0,0.0,stratified_80_20
65633,0,0,0.0,stratified_80_20
65638,0,0,0.0,stratified_80_20
65648,0,0,0.0,stratified_80_20
65658,0,0,0.0,stratified_80_20
65660,0,0,0.0,stratified_80_20
65665,0,0,0.0,stratified_80_20
65667,0,0,0.0,stratified_80_20
65686,0,0,0.0,stratified_80_20
65693,0,0,0.0,stratified_80_20
65695,0,0,0.0,stratified_80_20
65708,0,0,0.0,stratified_80_20
65711,0,0,0.0,stratified_80_20
65712,0,0,0.0,stratified_80_20
65721,0,0,0.0,stratified_80_20
65726,0,0,0.0,stratified_80_20
65734,0,0,0.0,stratified_80_20
65739,0,0,0.0,stratified_80_20
65748,0,0,0.0,stratified_80_20
65757,0,0,0.0,stratified_80_20
65762,0,0,0.0,stratified_80_20
65767,0,0,0.0,stratified_80_20
65775,0,0,0.0,stratified_80_20
65792,0,0,0.0,stratified_80_20
65795,0,0,0.0,stratified_80_20
65799,0,0,0.0,stratified_80_20
65800,0,0,0.0,stratified_80_20
65808,0,0,0.0,stratified_80_20
65816,0,0,0.0,stratified_80_20
65819,0,0,0.0,stratified_80_20
65820,0,0,0.0,stratified_80_20
65821,0,0,0.0,stratified_80_20
65824,0,0,0.0,stratified_80_20
65829,0,0,0.0,stratified_80_20
65835,0,0,0.0,stratified_80_20
65837,0,0,0.0,stratified_80_20
65838,0,0,0.0,stratified_80_20
65842,0,0,0.0,stratified_80_20
65845,0,0,0.0,stratified_80_20
65850,0,0,0.0,stratified_80_20
65855,0,0,0.0,stratified_80_20
65858,0,0,0.0,stratified_80_20
65860,0,0,0.0,stratified_80_20
65867,0,0,0.0,stratified_80_20
65869,0,0,0.0,stratified_80_20
65878,0,0,0.0,stratified_80_20
65880,0,0,0.0,stratified_80_20
65882,0,0,0.0,stratified_80_20
65883,0,0,0.0,stratified_80_20
65884,0,0,0.0,stratified_80_20
65888,0,0,0.0,stratified_80_20
65898,0,0,0.0,stratified_80_20
65911,0,0,0.0,stratified_80_20
65915,0,0,0.0,stratified_80_20
65918,0,0,0.0,stratified_80_20
65925,0,0,0.0,stratified_80_20
65931,0,0,0.0,stratified_80_20
65932,0,0,0.0,stratified_80_20
65936,0,0,0.0,stratified_80_20
65937,0,0,0.0,stratified_80_20
65938,0,0,0.0,stratified_80_20
65939,0,0,0.0,stratified_80_20
65942,0,0,0.0,stratified_80_20
65944,0,0,0.0,stratified_80_20
65945,0,0,0.0,stratified_80_20
65947,0,0,0.0,stratified_80_20
65951,0,0,0.0,stratified_80_20
65952,0,0,0.0,stratified_80_20
65954,0,0,0.0,stratified_80_20
65958,0,0,0.0,stratified_80_20
65968,0,0,0.0,stratified_80_20
65975,0,0,0.0,stratified_80_20
65977,0,0,0.0,stratified_80_20
65980,0,0,0.0,stratified_80_20
65999,0,0,0.0,stratified_80_20
66011,0,0,0.0,stratified_80_20
66012,0,0,0.0,stratified_80_20
66017,0,0,0.0,stratified_80_20
66025,0,0,0.0,stratified_80_20
66029,0,0,0.0,stratified_80_20
66030,0,0,0.0,stratified_80_20
66048,0,0,0.0,stratified_80_20
66058,0,0,0.0,stratified_80_20
66060,0,0,0.0,stratified_80_20
66062,0,0,0.0,stratified_80_20
66065,0,0,0.0,stratified_80_20
66067,0,0,0.0,stratified_80_20
66074,0,0,0.0,stratified_80_20
66077,0,0,0.0,stratified_80_20
66082,0,0,0.0,stratified_80_20
66085,0,0,0.0,stratified_80_20
66091,0,0,0.0,stratified_80_20
66096,0,0,0.0,stratified_80_20
66100,0,0,0.0,stratified_80_20
66101,0,0,0.0,stratified_80_20
66102,0,0,0.0,stratified_80_20
66104,0,0,0.0,stratified_80_20
66105,0,0,0.0,stratified_80_20
66107,0,0,0.0,stratified_80_20
66110,0,0,0.0,stratified_80_20
66111,0,0,0.0,stratified_80_20
66112,0,0,0.0,stratified_80_20
66113,0,0,0.0,stratified_80_20
66114,0,0,0.0,stratified_80_20
66115,0,0,0.0,stratified_80_20
66118,0,0,0.0,stratified_80_20
66138,0,0,0.0,stratified_80_20
66144,0,0,0.0,stratified_80_20
66150,0,0,0.0,stratified_80_20
66151,0,0,0.0,stratified_80_20
66167,0,0,0.0,stratified_80_20
66170,0,0,0.0,stratified_80_20
66174,0,0,0.0,stratified_80_20
66181,0,0,0.0,stratified_80_20
66185,0,0,0.0,stratified_80_20
66194,0,0,0.0,stratified_80_20
66195,0,0,0.0,stratified_80_20
66196,0,0,0.0,stratified_80_20
66198,0,0,0.0,stratified_80_20
66201,0,0,0.0,stratified_80_20
66207,0,0,0.0,stratified_80_20
66220,0,0,0.0,stratified_80_20
66226,0,0,0.0,stratified_80_20
66227,0,0,0.0,stratified_80_20
66228,0,0,0.0,stratified_80_20
66230,0,0,0.0,stratified_80_20
66234,0,0,0.0,stratified_80_20
66235,0,0,0.0,stratified_80_20
66236,0,0,0.0,stratified_80_20
66245,0,0,0.0,stratified_80_20
66251,0,0,0.0,stratified_80_20
66252,0,0,0.0,stratified_80_20
66253,0,0,0.0,stratified_80_20
66257,0,0,0.0,stratified_80_20
66260,0,0,0.0,stratified_80_20
66265,0,0,0.0,stratified_80_20
66267,0,0,0.0,stratified_80_20
66269,0,0,0.0,stratified_80_20
66274,0,0,0.0,stratified_80_20
66276,0,0,0.0,stratified_80_20
66277,0,0,0.0,stratified_80_20
66278,0,0,0.0,stratified_80_20
66279,0,0,0.0,stratified_80_20
66287,0,0,0.0,stratified_80_20
66292,0,0,0.0,stratified_80_20
66301,0,0,0.0,stratified_80_20
66318,0,0,0.0,stratified_80_20
66326,0,0,0.0,stratified_80_20
66331,0,0,0.0,stratified_80_20
66334,0,0,0.0,stratified_80_20
66337,0,0,0.0,stratified_80_20
66339,0,0,0.0,stratified_80_20
66342,0,0,0.0,stratified_80_20
66356,0,0,0.0,stratified_80_20
66357,0,0,0.0,stratified_80_20
66359,0,0,0.0,stratified_80_20
66364,0,0,0.0,stratified_80_20
66365,0,0,0.0,stratified_80_20
66370,0,0,0.0,stratified_80_20
66376,0,0,0.0,stratified_80_20
66381,0,0,0.0,stratified_80_20
66387,0,0,0.0,stratified_80_20
66401,0,0,0.0,stratified_80_20
66403,0,0,0.0,stratified_80_20
66404,0,0,0.0,stratified_80_20
66408,0,0,0.0,stratified_80_20
66426,0,0,0.0,stratified_80_20
66435,0,0,0.0,stratified_80_20
66437,0,0,0.0,stratified_80_20
66450,0,0,0.0,stratified_80_20
66451,0,0,0.0,stratified_80_20
66458,0,0,0.0,stratified_80_20
66463,0,0,0.0,stratified_80_20
66470,0,0,0.0,stratified_80_20
66472,0,0,0.0,stratified_80_20
66486,0,0,0.0,stratified_80_20
66491,0,0,0.0,stratified_80_20
66496,0,0,0.0,stratified_80_20
66497,0,0,0.0,stratified_80_20
66498,0,0,0.0,stratified_80_20
66503,0,0,0.0,stratified_80_20
66504,0,0,0.0,stratified_80_20
66509,0,0,0.0,stratified_80_20
66513,0,0,0.0,stratified_80_20
66519,0,0,0.0,stratified_80_20
66523,0,0,0.0,stratified_80_20
66525,0,0,0.0,stratified_80_20
66530,0,0,0.0,stratified_80_20
66531,0,0,0.0,stratified_80_20
66534,0,0,0.0,stratified_80_20
66539,0,0,0.0,stratified_80_20
66550,0,0,0.0,stratified_80_20
66553,0,0,0.0,stratified_80_20
66555,0,0,0.0,stratified_80_20
66557,0,0,0.0,stratified_80_20
66561,0,0,0.0,stratified_80_20
66566,0,0,0.0,stratified_80_20
66570,0,0,0.0,stratified_80_20
66574,0,0,0.0,stratified_80_20
66583,0,0,0.0,stratified_80_20
66584,0,0,0.0,stratified_80_20
66586,0,0,0.0,stratified_80_20
66590,0,0,0.0,stratified_80_20
66592,0,0,0.0,stratified_80_20
66593,0,0,0.0,stratified_80_20
66596,0,0,0.0,stratified_80_20
66597,0,0,0.0,stratified_80_20
66599,0,0,0.0,stratified_80_20
66602,0,0,0.0,stratified_80_20
66605,0,0,0.0,stratified_80_20
66612,0,0,0.0,stratified_80_20
66615,0,0,0.0,stratified_80_20
66622,0,0,0.0,stratified_80_20
66624,0,0,0.0,stratified_80_20
66625,0,0,0.0,stratified_80_20
66641,0,0,0.0,stratified_80_20
66646,0,0,0.0,stratified_80_20
66651,0,0,0.0,stratified_80_20
66660,0,0,0.0,stratified_80_20
66662,0,0,0.0,stratified_80_20
66663,0,0,0.0,stratified_80_20
66668,0,0,0.0,stratified_80_20
66675,0,0,0.0,stratified_80_20
66678,0,0,0.0,stratified_80_20
66680,0,0,0.0,stratified_80_20
66681,0,0,0.0,stratified_80_20
66683,0,0,0.0,stratified_80_20
66688,0,0,0.0,stratified_80_20
66689,0,0,0.0,stratified_80_20
66701,0,0,0.0,stratified_80_20
66704,0,0,0.0,stratified_80_20
66705,0,0,0.0,stratified_80_20
66707,0,0,0.0,stratified_80_20
66713,0,0,0.0,stratified_80_20
66717,0,0,0.0,stratified_80_20
66718,0,0,0.0,stratified_80_20
66720,0,0,0.0,stratified_80_20
66725,0,0,0.0,stratified_80_20
66726,0,0,0.0,stratified_80_20
66735,0,0,0.0,stratified_80_20
66736,0,0,0.0,stratified_80_20
66746,0,0,0.0,stratified_80_20
66747,0,0,0.0,stratified_80_20
66760,0,0,0.0,stratified_80_20
66766,0,0,0.0,stratified_80_20
66779,0,0,0.0,stratified_80_20
66793,0,0,0.0,stratified_80_20
66795,0,0,0.0,stratified_80_20
66808,0,0,0.0,stratified_80_20
66812,0,0,0.0,stratified_80_20
66817,0,0,0.0,stratified_80_20
66820,0,0,0.0,stratified_80_20
66828,0,0,0.0,stratified_80_20
66834,0,0,0.0,stratified_80_20
66836,0,0,0.0,stratified_80_20
66838,0,0,0.0,stratified_80_20
66842,0,0,0.0,stratified_80_20
66845,0,0,0.0,stratified_80_20
66846,0,0,0.0,stratified_80_20
66853,0,0,0.0,stratified_80_20
66857,0,0,0.0,stratified_80_20
66861,0,0,0.0,stratified_80_20
66862,0,0,0.0,stratified_80_20
66870,0,0,0.0,stratified_80_20
66873,0,0,0.0,stratified_80_20
66878,0,0,0.0,stratified_80_20
66879,0,0,0.0,stratified_80_20
66887,0,0,0.0,stratified_80_20
66888,0,0,0.0,stratified_80_20
66894,0,0,0.0,stratified_80_20
66896,0,0,0.0,stratified_80_20
66900,0,0,0.0,stratified_80_20
66903,0,0,0.0,stratified_80_20
66908,0,0,0.0,stratified_80_20
66911,0,0,0.0,stratified_80_20
66923,0,0,0.0,stratified_80_20
66925,0,0,0.0,stratified_80_20
66927,0,0,0.0,stratified_80_20
66929,0,0,0.0,stratified_80_20
66930,0,0,0.0,stratified_80_20
66937,0,0,0.0,stratified_80_20
66940,0,0,0.0,stratified_80_20
66945,0,0,0.0,stratified_80_20
66946,0,0,0.0,stratified_80_20
66960,0,0,0.0,stratified_80_20
66969,0,0,0.0,stratified_80_20
66979,0,0,0.0,stratified_80_20
66983,0,0,0.0,stratified_80_20
66986,0,0,0.0,stratified_80_20
67002,0,0,0.0,stratified_80_20
67016,0,0,0.0,stratified_80_20
67024,0,0,0.0,stratified_80_20
67030,0,0,0.0,stratified_80_20
67031,0,0,0.0,stratified_80_20
67040,0,0,0.0,stratified_80_20
67050,0,0,0.0,stratified_80_20
67073,0,0,0.0,stratified_80_20
67074,0,0,0.0,stratified_80_20
67076,0,0,0.0,stratified_80_20
67082,0,0,0.0,stratified_80_20
67088,0,0,0.0,stratified_80_20
67092,0,0,0.0,stratified_80_20
67099,0,0,0.0,stratified_80_20
67108,0,0,0.0,stratified_80_20
67119,0,0,0.0,stratified_80_20
67121,0,0,0.0,stratified_80_20
67122,0,0,0.0,stratified_80_20
67129,0,0,0.0,stratified_80_20
67137,0,0,0.0,stratified_80_20
67138,0,0,0.0,stratified_80_20
67139,0,0,0.0,stratified_80_20
67143,0,0,0.0,stratified_80_20
67146,0,0,0.0,stratified_80_20
67152,0,0,0.0,stratified_80_20
67154,0,0,0.0,stratified_80_20
67157,0,0,0.0,stratified_80_20
67162,0,0,0.0,stratified_80_20
67177,0,0,0.0,stratified_80_20
67180,0,0,0.0,stratified_80_20
67182,0,0,0.0,stratified_80_20
67184,0,0,0.0,stratified_80_20
67196,0,0,0.0,stratified_80_20
67204,0,0,0.0,stratified_80_20
67209,0,0,0.0,stratified_80_20
67218,0,0,0.0,stratified_80_20
67234,0,0,0.0,stratified_80_20
67239,0,0,0.0,stratified_80_20
67244,0,0,0.0,stratified_80_20
67249,0,0,0.0,stratified_80_20
67256,0,0,0.0,stratified_80_20
67261,0,0,0.0,stratified_80_20
67264,0,0,0.0,stratified_80_20
67270,0,0,0.0,stratified_80_20
67276,0,0,0.0,stratified_80_20
67290,0,0,0.0,stratified_80_20
67300,0,0,0.0,stratified_80_20
67304,0,0,0.0,stratified_80_20
67306,0,0,0.0,stratified_80_20
67312,0,0,0.0,stratified_80_20
67313,0,0,0.0,stratified_80_20
67319,0,0,0.0,stratified_80_20
67320,0,0,0.0,stratified_80_20
67324,0,0,0.0,stratified_80_20
67327,0,0,0.0,stratified_80_20
67331,0,0,0.0,stratified_80_20
67335,0,0,0.0,stratified_80_20
67336,0,0,0.0,stratified_80_20
67346,0,0,0.0,stratified_80_20
67349,0,0,0.0,stratified_80_20
67350,0,0,0.0,stratified_80_20
67353,0,0,0.0,stratified_80_20
67356,0,0,0.0,stratified_80_20
67358,0,0,0.0,stratified_80_20
67360,0,0,0.0,stratified_80_20
67361,0,0,0.0,stratified_80_20
67364,0,0,0.0,stratified_80_20
67367,0,0,0.0,stratified_80_20
67380,0,0,0.0,stratified_80_20
67383,0,0,0.0,stratified_80_20
67385,0,0,0.0,stratified_80_20
67389,0,0,0.0,stratified_80_20
67396,0,0,0.0,stratified_80_20
67399,0,0,0.0,stratified_80_20
67409,0,0,0.0,stratified_80_20
67417,0,0,0.0,stratified_80_20
67418,0,0,0.0,stratified_80_20
67420,0,0,0.0,stratified_80_20
67422,0,0,0.0,stratified_80_20
67428,0,0,0.0,stratified_80_20
67431,0,0,0.0,stratified_80_20
67434,0,0,0.0,stratified_80_20
67449,0,0,0.0,stratified_80_20
67465,0,0,0.0,stratified_80_20
67471,0,0,0.0,stratified_80_20
67473,0,0,0.0,stratified_80_20
67476,0,0,0.0,stratified_80_20
67479,0,0,0.0,stratified_80_20
67481,0,0,0.0,stratified_80_20
67488,0,0,0.0,stratified_80_20
67490,0,0,0.0,stratified_80_20
67499,0,0,0.0,stratified_80_20
67500,0,0,0.0,stratified_80_20
67503,0,0,0.0,stratified_80_20
67506,0,0,0.0,stratified_80_20
67507,0,0,0.0,stratified_80_20
67508,0,0,0.0,stratified_80_20
67515,0,0,0.0,stratified_80_20
67517,0,0,0.0,stratified_80_20
67519,0,0,0.0,stratified_80_20
67523,0,0,0.0,stratified_80_20
67527,0,0,0.0,stratified_80_20
67528,0,0,0.0,stratified_80_20
67532,0,0,0.0,stratified_80_20
67540,0,0,0.0,stratified_80_20
67547,0,0,0.0,stratified_80_20
67555,0,0,0.0,stratified_80_20
67557,0,0,0.0,stratified_80_20
67558,0,0,0.0,stratified_80_20
67561,0,0,0.0,stratified_80_20
67568,0,0,0.0,stratified_80_20
67570,0,0,0.0,stratified_80_20
67576,0,0,0.0,stratified_80_20
67592,0,0,0.0,stratified_80_20
67593,0,0,0.0,stratified_80_20
67597,0,0,0.0,stratified_80_20
67598,0,0,0.0,stratified_80_20
67610,0,0,0.0,stratified_80_20
67615,0,0,0.0,stratified_80_20
67617,0,0,0.0,stratified_80_20
67624,0,0,0.0,stratified_80_20
67627,0,0,0.0,stratified_80_20
67636,0,0,0.0,stratified_80_20
67643,0,0,0.0,stratified_80_20
67645,0,0,0.0,stratified_80_20
67668,0,0,0.0,stratified_80_20
67681,0,0,0.0,stratified_80_20
67682,0,0,0.0,stratified_80_20
67684,0,0,0.0,stratified_80_20
67688,0,0,0.0,stratified_80_20
67690,0,0,0.0,stratified_80_20
67692,0,0,0.0,stratified_80_20
67695,0,0,0.0,stratified_80_20
67697,0,0,0.0,stratified_80_20
67702,0,0,0.0,stratified_80_20
67705,0,0,0.0,stratified_80_20
67706,0,0,0.0,stratified_80_20
67709,0,0,0.0,stratified_80_20
67712,0,0,0.0,stratified_80_20
67721,0,0,0.0,stratified_80_20
67730,0,0,0.0,stratified_80_20
67735,0,0,0.0,stratified_80_20
67736,0,0,0.0,stratified_80_20
67751,0,0,0.0,stratified_80_20
67753,0,0,0.0,stratified_80_20
67755,0,0,0.0,stratified_80_20
67757,0,0,0.0,stratified_80_20
67760,0,0,0.0,stratified_80_20
67770,0,0,0.0,stratified_80_20
67771,0,0,0.0,stratified_80_20
67775,0,0,0.0,stratified_80_20
67799,0,0,0.0,stratified_80_20
67801,0,0,0.0,stratified_80_20
67805,0,0,0.0,stratified_80_20
67807,0,0,0.0,stratified_80_20
67808,0,0,0.0,stratified_80_20
67809,0,0,0.0,stratified_80_20
67816,0,0,0.0,stratified_80_20
67827,0,0,0.0,stratified_80_20
67830,0,0,0.0,stratified_80_20
67845,0,0,0.0,stratified_80_20
67848,0,0,0.0,stratified_80_20
67863,0,0,0.0,stratified_80_20
67864,0,0,0.0,stratified_80_20
67865,0,0,0.0,stratified_80_20
67869,0,0,0.0,stratified_80_20
67879,0,0,0.0,stratified_80_20
67881,0,0,0.0,stratified_80_20
67882,0,0,0.0,stratified_80_20
67886,0,0,0.0,stratified_80_20
67889,0,0,0.0,stratified_80_20
67891,0,0,0.0,stratified_80_20
67893,0,0,0.0,stratified_80_20
67905,0,0,0.0,stratified_80_20
67911,0,0,0.0,stratified_80_20
67913,0,0,0.0,stratified_80_20
67918,0,0,0.0,stratified_80_20
67923,0,0,0.0,stratified_80_20
67925,0,0,0.0,stratified_80_20
67930,0,0,0.0,stratified_80_20
67936,0,0,0.0,stratified_80_20
67945,0,0,0.0,stratified_80_20
67947,0,0,0.0,stratified_80_20
67955,0,0,0.0,stratified_80_20
67959,0,0,0.0,stratified_80_20
67960,0,0,0.0,stratified_80_20
67963,0,0,0.0,stratified_80_20
67966,0,0,0.0,stratified_80_20
67972,0,0,0.0,stratified_80_20
67976,0,0,0.0,stratified_80_20
67983,0,0,0.0,stratified_80_20
67987,0,0,0.0,stratified_80_20
67989,0,0,0.0,stratified_80_20
68003,0,0,0.0,stratified_80_20
68020,0,0,0.0,stratified_80_20
68023,0,0,0.0,stratified_80_20
68030,0,0,0.0,stratified_80_20
68032,0,0,0.0,stratified_80_20
68035,0,0,0.0,stratified_80_20
68039,0,0,0.0,stratified_80_20
68046,0,0,0.0,stratified_80_20
68052,0,0,0.0,stratified_80_20
68053,0,0,0.0,stratified_80_20
68079,0,0,0.0,stratified_80_20
68084,0,0,0.0,stratified_80_20
68086,0,0,0.0,stratified_80_20
68098,0,0,0.0,stratified_80_20
68107,0,0,0.0,stratified_80_20
68112,0,0,0.0,stratified_80_20
68122,0,0,0.0,stratified_80_20
68124,0,0,0.0,stratified_80_20
68130,0,0,0.0,stratified_80_20
68139,0,0,0.0,stratified_80_20
68140,0,0,0.0,stratified_80_20
68141,0,0,0.0,stratified_80_20
68143,0,0,0.0,stratified_80_20
68148,0,0,0.0,stratified_80_20
68150,0,0,0.0,stratified_80_20
68152,0,0,0.0,stratified_80_20
68157,0,0,0.0,stratified_80_20
68162,0,0,0.0,stratified_80_20
68165,0,0,0.0,stratified_80_20
68170,0,0,0.0,stratified_80_20
68178,0,0,0.0,stratified_80_20
68179,0,0,0.0,stratified_80_20
68182,0,0,0.0,stratified_80_20
68184,0,0,0.0,stratified_80_20
68185,0,0,0.0,stratified_80_20
68191,0,0,0.0,stratified_80_20
68200,0,0,0.0,stratified_80_20
68202,0,0,0.0,stratified_80_20
68206,0,0,0.0,stratified_80_20
68208,0,0,0.0,stratified_80_20
68209,0,0,0.0,stratified_80_20
68215,0,0,0.0,stratified_80_20
68235,0,0,0.0,stratified_80_20
68236,0,0,0.0,stratified_80_20
68239,0,0,0.0,stratified_80_20
68246,0,0,0.0,stratified_80_20
68249,0,0,0.0,stratified_80_20
68258,0,0,0.0,stratified_80_20
68259,0,0,0.0,stratified_80_20
68261,0,0,0.0,stratified_80_20
68263,0,0,0.0,stratified_80_20
68264,0,0,0.0,stratified_80_20
68266,0,0,0.0,stratified_80_20
68269,0,0,0.0,stratified_80_20
68279,0,0,0.0,stratified_80_20
68280,0,0,0.0,stratified_80_20
68283,0,0,0.0,stratified_80_20
68289,0,0,0.0,stratified_80_20
68292,0,0,0.0,stratified_80_20
68299,0,0,0.0,stratified_80_20
68300,0,0,0.0,stratified_80_20
68305,0,0,0.0,stratified_80_20
68310,0,0,0.0,stratified_80_20
68312,0,0,0.0,stratified_80_20
68320,0,0,0.0,stratified_80_20
68326,0,0,0.0,stratified_80_20
68329,0,0,0.0,stratified_80_20
68331,0,0,0.0,stratified_80_20
68341,0,0,0.0,stratified_80_20
68346,0,0,0.0,stratified_80_20
68347,0,0,0.0,stratified_80_20
68349,0,0,0.0,stratified_80_20
68352,0,0,0.0,stratified_80_20
68357,0,0,0.0,stratified_80_20
68359,0,0,0.0,stratified_80_20
68360,0,0,0.0,stratified_80_20
68375,0,0,0.0,stratified_80_20
68378,0,0,0.0,stratified_80_20
68393,0,0,0.0,stratified_80_20
68396,0,0,0.0,stratified_80_20
68398,0,0,0.0,stratified_80_20
68400,0,0,0.0,stratified_80_20
68405,0,0,0.0,stratified_80_20
68407,0,0,0.0,stratified_80_20
68410,0,0,0.0,stratified_80_20
68416,0,0,0.0,stratified_80_20
68419,0,0,0.0,stratified_80_20
68425,0,0,0.0,stratified_80_20
68430,0,0,0.0,stratified_80_20
68438,0,0,0.0,stratified_80_20
68439,0,0,0.0,stratified_80_20
68445,0,0,0.0,stratified_80_20
68447,0,0,0.0,stratified_80_20
68458,0,0,0.0,stratified_80_20
68459,0,0,0.0,stratified_80_20
68463,0,0,0.0,stratified_80_20
68464,0,0,0.0,stratified_80_20
68465,0,0,0.0,stratified_80_20
68466,0,0,0.0,stratified_80_20
68469,0,0,0.0,stratified_80_20
68477,0,0,0.0,stratified_80_20
68488,0,0,0.0,stratified_80_20
68489,0,0,0.0,stratified_80_20
68495,0,0,0.0,stratified_80_20
68504,0,0,0.0,stratified_80_20
68506,0,0,0.0,stratified_80_20
68513,0,0,0.0,stratified_80_20
68514,0,0,0.0,stratified_80_20
68521,0,0,0.0,stratified_80_20
68523,0,0,0.0,stratified_80_20
68525,0,0,0.0,stratified_80_20
68533,0,0,0.0,stratified_80_20
68534,0,0,0.0,stratified_80_20
68551,0,0,0.0,stratified_80_20
68553,0,0,0.0,stratified_80_20
68565,0,0,0.0,stratified_80_20
68566,0,0,0.0,stratified_80_20
68569,0,0,0.0,stratified_80_20
68570,0,0,0.0,stratified_80_20
68574,0,0,0.0,stratified_80_20
68575,0,0,0.0,stratified_80_20
68580,0,0,0.0,stratified_80_20
68603,0,0,0.0,stratified_80_20
68605,0,0,0.0,stratified_80_20
68607,0,0,0.0,stratified_80_20
68609,0,0,0.0,stratified_80_20
68630,0,0,0.0,stratified_80_20
68633,0,0,0.0,stratified_80_20
68635,0,0,0.0,stratified_80_20
68637,0,0,0.0,stratified_80_20
68644,0,0,0.0,stratified_80_20
68649,0,0,0.0,stratified_80_20
68658,0,0,0.0,stratified_80_20
68660,0,0,0.0,stratified_80_20
68663,0,0,0.0,stratified_80_20
68675,0,0,0.0,stratified_80_20
68712,0,0,0.0,stratified_80_20
68714,0,0,0.0,stratified_80_20
68729,0,0,0.0,stratified_80_20
68735,0,0,0.0,stratified_80_20
68739,0,0,0.0,stratified_80_20
68744,0,0,0.0,stratified_80_20
68746,0,0,0.0,stratified_80_20
68747,0,0,0.0,stratified_80_20
68753,0,0,0.0,stratified_80_20
68756,0,0,0.0,stratified_80_20
68759,0,0,0.0,stratified_80_20
68760,0,0,0.0,stratified_80_20
68762,0,0,0.0,stratified_80_20
68765,0,0,0.0,stratified_80_20
68767,0,0,0.0,stratified_80_20
68774,0,0,0.0,stratified_80_20
68776,0,0,0.0,stratified_80_20
68793,0,0,0.0,stratified_80_20
68799,0,0,0.0,stratified_80_20
68801,0,0,0.0,stratified_80_20
68805,0,0,0.0,stratified_80_20
68815,0,0,0.0,stratified_80_20
68821,0,0,0.0,stratified_80_20
68827,0,0,0.0,stratified_80_20
68833,0,0,0.0,stratified_80_20
68840,0,0,0.0,stratified_80_20
68849,0,0,0.0,stratified_80_20
68851,0,0,0.0,stratified_80_20
68854,0,0,0.0,stratified_80_20
68858,0,0,0.0,stratified_80_20
68859,0,0,0.0,stratified_80_20
68860,0,0,0.0,stratified_80_20
68861,0,0,0.0,stratified_80_20
68867,0,0,0.0,stratified_80_20
68868,0,0,0.0,stratified_80_20
68869,0,0,0.0,stratified_80_20
68876,0,0,0.0,stratified_80_20
68878,0,0,0.0,stratified_80_20
68881,0,0,0.0,stratified_80_20
68884,0,0,0.0,stratified_80_20
68886,0,0,0.0,stratified_80_20
68888,0,0,0.0,stratified_80_20
68893,0,0,0.0,stratified_80_20
68895,0,0,0.0,stratified_80_20
68897,0,0,0.0,stratified_80_20
68901,0,0,0.0,stratified_80_20
68903,0,0,0.0,stratified_80_20
68905,0,0,0.0,stratified_80_20
68911,0,0,0.0,stratified_80_20
68913,0,0,0.0,stratified_80_20
68914,0,0,0.0,stratified_80_20
68917,0,0,0.0,stratified_80_20
68925,0,0,0.0,stratified_80_20
68926,0,0,0.0,stratified_80_20
68928,0,0,0.0,stratified_80_20
68933,0,0,0.0,stratified_80_20
68938,0,0,0.0,stratified_80_20
68942,0,0,0.0,stratified_80_20
68944,0,0,0.0,stratified_80_20
68955,0,0,0.0,stratified_80_20
68956,0,0,0.0,stratified_80_20
68978,0,0,0.0,stratified_80_20
68979,0,0,0.0,stratified_80_20
68983,0,0,0.0,stratified_80_20
68988,0,0,0.0,stratified_80_20
68991,0,0,0.0,stratified_80_20
69009,0,0,0.0,stratified_80_20
69024,0,0,0.0,stratified_80_20
69025,0,0,0.0,stratified_80_20
69031,0,0,0.0,stratified_80_20
69045,0,0,0.0,stratified_80_20
69046,0,0,0.0,stratified_80_20
69049,0,0,0.0,stratified_80_20
69057,0,0,0.0,stratified_80_20
69059,0,0,0.0,stratified_80_20
69076,0,0,0.0,stratified_80_20
69083,0,0,0.0,stratified_80_20
69085,0,0,0.0,stratified_80_20
69087,0,0,0.0,stratified_80_20
69091,0,0,0.0,stratified_80_20
69103,0,0,0.0,stratified_80_20
69110,0,0,0.0,stratified_80_20
69113,0,0,0.0,stratified_80_20
69114,0,0,0.0,stratified_80_20
69115,0,0,0.0,stratified_80_20
69116,0,0,0.0,stratified_80_20
69123,0,0,0.0,stratified_80_20
69145,0,0,0.0,stratified_80_20
69148,0,0,0.0,stratified_80_20
69152,0,0,0.0,stratified_80_20
69153,0,0,0.0,stratified_80_20
69173,0,0,0.0,stratified_80_20
69174,0,0,0.0,stratified_80_20
69177,0,0,0.0,stratified_80_20
69178,0,0,0.0,stratified_80_20
69181,0,0,0.0,stratified_80_20
69182,0,0,0.0,stratified_80_20
69198,0,0,0.0,stratified_80_20
69200,0,0,0.0,stratified_80_20
69204,0,0,0.0,stratified_80_20
69222,0,0,0.0,stratified_80_20
69235,0,0,0.0,stratified_80_20
69242,0,0,0.0,stratified_80_20
69250,0,0,0.0,stratified_80_20
69253,0,0,0.0,stratified_80_20
69254,0,0,0.0,stratified_80_20
69255,0,0,0.0,stratified_80_20
69261,0,0,0.0,stratified_80_20
69264,0,0,0.0,stratified_80_20
69273,0,0,0.0,stratified_80_20
69294,0,0,0.0,stratified_80_20
69303,0,0,0.0,stratified_80_20
69306,0,0,0.0,stratified_80_20
69307,0,0,0.0,stratified_80_20
69315,0,0,0.0,stratified_80_20
69323,0,0,0.0,stratified_80_20
69328,0,0,0.0,stratified_80_20
69338,0,0,0.0,stratified_80_20
69339,0,0,0.0,stratified_80_20
69342,0,0,0.0,stratified_80_20
69347,0,0,0.0,stratified_80_20
69349,0,0,0.0,stratified_80_20
69350,0,0,0.0,stratified_80_20
69362,0,0,0.0,stratified_80_20
69363,0,0,0.0,stratified_80_20
69368,0,0,0.0,stratified_80_20
69379,0,0,0.0,stratified_80_20
69380,0,0,0.0,stratified_80_20
69402,0,0,0.0,stratified_80_20
69403,0,0,0.0,stratified_80_20
69415,0,0,0.0,stratified_80_20
69419,0,0,0.0,stratified_80_20
69424,0,0,0.0,stratified_80_20
69426,0,0,0.0,stratified_80_20
69429,0,0,0.0,stratified_80_20
69430,0,0,0.0,stratified_80_20
69433,0,0,0.0,stratified_80_20
69434,0,0,0.0,stratified_80_20
69438,0,0,0.0,stratified_80_20
69439,0,0,0.0,stratified_80_20
69458,0,0,0.0,stratified_80_20
69459,0,0,0.0,stratified_80_20
69462,0,0,0.0,stratified_80_20
69469,0,0,0.0,stratified_80_20
69470,0,0,0.0,stratified_80_20
69475,0,0,0.0,stratified_80_20
69482,0,0,0.0,stratified_80_20
69486,0,0,0.0,stratified_80_20
69488,0,0,0.0,stratified_80_20
69493,0,0,0.0,stratified_80_20
69496,0,0,0.0,stratified_80_20
69499,0,0,0.0,stratified_80_20
69500,0,0,0.0,stratified_80_20
69510,0,0,0.0,stratified_80_20
69511,0,0,0.0,stratified_80_20
69516,0,0,0.0,stratified_80_20
69523,0,0,0.0,stratified_80_20
69525,0,0,0.0,stratified_80_20
69527,0,0,0.0,stratified_80_20
69542,0,0,0.0,stratified_80_20
69544,0,0,0.0,stratified_80_20
69547,0,0,0.0,stratified_80_20
69550,0,0,0.0,stratified_80_20
69551,0,0,0.0,stratified_80_20
69552,0,0,0.0,stratified_80_20
69562,0,0,0.0,stratified_80_20
69564,0,0,0.0,stratified_80_20
69575,0,0,0.0,stratified_80_20
69576,0,0,0.0,stratified_80_20
69580,0,0,0.0,stratified_80_20
69588,0,0,0.0,stratified_80_20
69593,0,0,0.0,stratified_80_20
69600,0,0,0.0,stratified_80_20
69606,0,0,0.0,stratified_80_20
69607,0,0,0.0,stratified_80_20
69609,0,0,0.0,stratified_80_20
69618,0,0,0.0,stratified_80_20
69631,0,0,0.0,stratified_80_20
69635,0,0,0.0,stratified_80_20
69637,0,0,0.0,stratified_80_20
69639,0,0,0.0,stratified_80_20
69650,0,0,0.0,stratified_80_20
69653,0,0,0.0,stratified_80_20
69661,0,0,0.0,stratified_80_20
69678,0,0,0.0,stratified_80_20
69680,0,0,0.0,stratified_80_20
69683,0,0,0.0,stratified_80_20
69697,0,0,0.0,stratified_80_20
69701,0,0,0.0,stratified_80_20
69708,0,0,0.0,stratified_80_20
69710,0,0,0.0,stratified_80_20
69715,0,0,0.0,stratified_80_20
69716,0,0,0.0,stratified_80_20
69717,0,0,0.0,stratified_80_20
69723,0,0,0.0,stratified_80_20
69734,0,0,0.0,stratified_80_20
69738,0,0,0.0,stratified_80_20
69742,0,0,0.0,stratified_80_20
69748,0,0,0.0,stratified_80_20
69758,0,0,0.0,stratified_80_20
69762,0,0,0.0,stratified_80_20
69772,0,0,0.0,stratified_80_20
69775,0,0,0.0,stratified_80_20
69777,0,0,0.0,stratified_80_20
69778,0,0,0.0,stratified_80_20
69789,0,0,0.0,stratified_80_20
69795,0,0,0.0,stratified_80_20
69799,0,0,0.0,stratified_80_20
69804,0,0,0.0,stratified_80_20
69805,0,0,0.0,stratified_80_20
69806,0,0,0.0,stratified_80_20
69811,0,0,0.0,stratified_80_20
69815,0,0,0.0,stratified_80_20
69816,0,0,0.0,stratified_80_20
69820,0,0,0.0,stratified_80_20
69823,0,0,0.0,stratified_80_20
69832,0,0,0.0,stratified_80_20
69843,0,0,0.0,stratified_80_20
69846,0,0,0.0,stratified_80_20
69852,0,0,0.0,stratified_80_20
69860,0,0,0.0,stratified_80_20
69863,0,0,0.0,stratified_80_20
69864,0,0,0.0,stratified_80_20
69884,0,0,0.0,stratified_80_20
69888,0,0,0.0,stratified_80_20
69890,0,0,0.0,stratified_80_20
69892,0,0,0.0,stratified_80_20
69898,0,0,0.0,stratified_80_20
69901,0,0,0.0,stratified_80_20
69902,0,0,0.0,stratified_80_20
69905,0,0,0.0,stratified_80_20
69906,0,0,0.0,stratified_80_20
69912,0,0,0.0,stratified_80_20
69917,0,0,0.0,stratified_80_20
69926,0,0,0.0,stratified_80_20
69935,0,0,0.0,stratified_80_20
69937,0,0,0.0,stratified_80_20
69945,0,0,0.0,stratified_80_20
69946,0,0,0.0,stratified_80_20
69956,0,0,0.0,stratified_80_20
69967,0,0,0.0,stratified_80_20
69976,0,0,0.0,stratified_80_20
69981,0,0,0.0,stratified_80_20
69983,0,0,0.0,stratified_80_20
69985,0,0,0.0,stratified_80_20
69986,0,0,0.0,stratified_80_20
69988,0,0,0.0,stratified_80_20
69991,0,0,0.0,stratified_80_20
69993,0,0,0.0,stratified_80_20
69998,0,0,0.0,stratified_80_20
70000,0,0,0.0,stratified_80_20
70005,0,0,0.0,stratified_80_20
70007,0,0,0.0,stratified_80_20
70013,0,0,0.0,stratified_80_20
70017,0,0,0.0,stratified_80_20
70019,0,0,0.0,stratified_80_20
70029,0,0,0.0,stratified_80_20
70033,0,0,0.0,stratified_80_20
70038,0,0,0.0,stratified_80_20
70050,0,0,0.0,stratified_80_20
70052,0,0,0.0,stratified_80_20
70058,0,0,0.0,stratified_80_20
70060,0,0,0.0,stratified_80_20
70066,0,0,0.0,stratified_80_20
70071,0,0,0.0,stratified_80_20
70076,0,0,0.0,stratified_80_20
70084,0,0,0.0,stratified_80_20
70091,0,0,0.0,stratified_80_20
70094,0,0,0.0,stratified_80_20
70095,0,0,0.0,stratified_80_20
70107,0,0,0.0,stratified_80_20
70110,0,0,0.0,stratified_80_20
70112,0,0,0.0,stratified_80_20
70114,0,0,0.0,stratified_80_20
70132,0,0,0.0,stratified_80_20
70134,0,0,0.0,stratified_80_20
70165,0,0,0.0,stratified_80_20
70176,0,0,0.0,stratified_80_20
70187,0,0,0.0,stratified_80_20
70197,0,0,0.0,stratified_80_20
70204,0,0,0.0,stratified_80_20
70207,0,0,0.0,stratified_80_20
70208,0,0,0.0,stratified_80_20
70212,0,0,0.0,stratified_80_20
70223,0,0,0.0,stratified_80_20
70233,0,0,0.0,stratified_80_20
70239,0,0,0.0,stratified_80_20
70244,0,0,0.0,stratified_80_20
70249,0,0,0.0,stratified_80_20
70251,0,0,0.0,stratified_80_20
70255,0,0,0.0,stratified_80_20
70262,0,0,0.0,stratified_80_20
70265,0,0,0.0,stratified_80_20
70270,0,0,0.0,stratified_80_20
70280,0,0,0.0,stratified_80_20
70291,0,0,0.0,stratified_80_20
70296,0,0,0.0,stratified_80_20
70297,0,0,0.0,stratified_80_20
70307,0,0,0.0,stratified_80_20
70310,0,0,0.0,stratified_80_20
70314,0,0,0.0,stratified_80_20
70318,0,0,0.0,stratified_80_20
70327,0,0,0.0,stratified_80_20
70328,0,0,0.0,stratified_80_20
70334,0,0,0.0,stratified_80_20
70335,0,0,0.0,stratified_80_20
70349,0,0,0.0,stratified_80_20
70350,0,0,0.0,stratified_80_20
70356,0,0,0.0,stratified_80_20
70357,0,0,0.0,stratified_80_20
70358,0,0,0.0,stratified_80_20
70367,0,0,0.0,stratified_80_20
70378,0,0,0.0,stratified_80_20
70386,0,0,0.0,stratified_80_20
70390,0,0,0.0,stratified_80_20
70391,0,0,0.0,stratified_80_20
70396,0,0,0.0,stratified_80_20
70407,0,0,0.0,stratified_80_20
70412,0,0,0.0,stratified_80_20
70414,0,0,0.0,stratified_80_20
70416,0,0,0.0,stratified_80_20
70417,0,0,0.0,stratified_80_20
70423,0,0,0.0,stratified_80_20
70424,0,0,0.0,stratified_80_20
70430,0,0,0.0,stratified_80_20
70433,0,0,0.0,stratified_80_20
70437,0,0,0.0,stratified_80_20
70438,0,0,0.0,stratified_80_20
70440,0,0,0.0,stratified_80_20
70443,0,0,0.0,stratified_80_20
70444,0,0,0.0,stratified_80_20
70445,0,0,0.0,stratified_80_20
70447,0,0,0.0,stratified_80_20
70456,0,0,0.0,stratified_80_20
70462,0,0,0.0,stratified_80_20
70472,0,0,0.0,stratified_80_20
70474,0,0,0.0,stratified_80_20
70478,0,0,0.0,stratified_80_20
70480,0,0,0.0,stratified_80_20
70482,0,0,0.0,stratified_80_20
70486,0,0,0.0,stratified_80_20
70488,0,0,0.0,stratified_80_20
70508,0,0,0.0,stratified_80_20
70512,0,0,0.0,stratified_80_20
70514,0,0,0.0,stratified_80_20
70519,0,0,0.0,stratified_80_20
70528,0,0,0.0,stratified_80_20
70577,0,0,0.0,stratified_80_20
70580,0,0,0.0,stratified_80_20
70583,0,0,0.0,stratified_80_20
70594,0,0,0.0,stratified_80_20
70596,0,0,0.0,stratified_80_20
70603,0,0,0.0,stratified_80_20
70608,0,0,0.0,stratified_80_20
70624,0,0,0.0,stratified_80_20
70625,0,0,0.0,stratified_80_20
70628,0,0,0.0,stratified_80_20
70630,0,0,0.0,stratified_80_20
70631,0,0,0.0,stratified_80_20
70635,0,0,0.0,stratified_80_20
70639,0,0,0.0,stratified_80_20
70646,0,0,0.0,stratified_80_20
70650,0,0,0.0,stratified_80_20
70652,0,0,0.0,stratified_80_20
70655,0,0,0.0,stratified_80_20
70659,0,0,0.0,stratified_80_20
70661,0,0,0.0,stratified_80_20
70666,0,0,0.0,stratified_80_20
70667,0,0,0.0,stratified_80_20
70677,0,0,0.0,stratified_80_20
70702,0,0,0.0,stratified_80_20
70705,0,0,0.0,stratified_80_20
70709,0,0,0.0,stratified_80_20
70713,0,0,0.0,stratified_80_20
70734,0,0,0.0,stratified_80_20
70739,0,0,0.0,stratified_80_20
70753,0,0,0.0,stratified_80_20
70757,0,0,0.0,stratified_80_20
70763,0,0,0.0,stratified_80_20
70766,0,0,0.0,stratified_80_20
70767,0,0,0.0,stratified_80_20
70771,0,0,0.0,stratified_80_20
70775,0,0,0.0,stratified_80_20
70779,0,0,0.0,stratified_80_20
70782,0,0,0.0,stratified_80_20
70786,0,0,0.0,stratified_80_20
70788,0,0,0.0,stratified_80_20
70791,0,0,0.0,stratified_80_20
70801,0,0,0.0,stratified_80_20
70812,0,0,0.0,stratified_80_20
70818,0,0,0.0,stratified_80_20
70819,0,0,0.0,stratified_80_20
70821,0,0,0.0,stratified_80_20
70824,0,0,0.0,stratified_80_20
70838,0,0,0.0,stratified_80_20
70839,0,0,0.0,stratified_80_20
70851,0,0,0.0,stratified_80_20
70854,0,0,0.0,stratified_80_20
70856,0,0,0.0,stratified_80_20
70861,0,0,0.0,stratified_80_20
70862,0,0,0.0,stratified_80_20
70863,0,0,0.0,stratified_80_20
70873,0,0,0.0,stratified_80_20
70875,0,0,0.0,stratified_80_20
70896,0,0,0.0,stratified_80_20
70904,0,0,0.0,stratified_80_20
70906,0,0,0.0,stratified_80_20
70907,0,0,0.0,stratified_80_20
70910,0,0,0.0,stratified_80_20
70916,0,0,0.0,stratified_80_20
70918,0,0,0.0,stratified_80_20
70919,0,0,0.0,stratified_80_20
70927,0,0,0.0,stratified_80_20
70932,0,0,0.0,stratified_80_20
70944,0,0,0.0,stratified_80_20
70945,0,0,0.0,stratified_80_20
70946,0,0,0.0,stratified_80_20
70949,0,0,0.0,stratified_80_20
70950,0,0,0.0,stratified_80_20
70951,0,0,0.0,stratified_80_20
70952,0,0,0.0,stratified_80_20
70954,0,0,0.0,stratified_80_20
70964,0,0,0.0,stratified_80_20
70968,0,0,0.0,stratified_80_20
70971,0,0,0.0,stratified_80_20
70972,0,0,0.0,stratified_80_20
70973,0,0,0.0,stratified_80_20
70976,0,0,0.0,stratified_80_20
70991,0,0,0.0,stratified_80_20
70997,0,0,0.0,stratified_80_20
71000,0,0,0.0,stratified_80_20
71005,0,0,0.0,stratified_80_20
71007,0,0,0.0,stratified_80_20
71008,0,0,0.0,stratified_80_20
71016,0,0,0.0,stratified_80_20
71017,0,0,0.0,stratified_80_20
71024,0,0,0.0,stratified_80_20
71034,0,0,0.0,stratified_80_20
71036,0,0,0.0,stratified_80_20
71046,0,0,0.0,stratified_80_20
71049,0,0,0.0,stratified_80_20
71054,0,0,0.0,stratified_80_20
71055,0,0,0.0,stratified_80_20
71063,0,0,0.0,stratified_80_20
71064,0,0,0.0,stratified_80_20
71066,0,0,0.0,stratified_80_20
71070,0,0,0.0,stratified_80_20
71071,0,0,0.0,stratified_80_20
71072,0,0,0.0,stratified_80_20
71077,0,0,0.0,stratified_80_20
71078,0,0,0.0,stratified_80_20
71081,0,0,0.0,stratified_80_20
71085,0,0,0.0,stratified_80_20
71086,0,0,0.0,stratified_80_20
71089,0,0,0.0,stratified_80_20
71090,0,0,0.0,stratified_80_20
71092,0,0,0.0,stratified_80_20
71093,0,0,0.0,stratified_80_20
71094,0,0,0.0,stratified_80_20
71100,0,0,0.0,stratified_80_20
71104,0,0,0.0,stratified_80_20
71110,0,0,0.0,stratified_80_20
71117,0,0,0.0,stratified_80_20
71118,0,0,0.0,stratified_80_20
71120,0,0,0.0,stratified_80_20
71135,0,0,0.0,stratified_80_20
71138,0,0,0.0,stratified_80_20
71143,0,0,0.0,stratified_80_20
71144,0,0,0.0,stratified_80_20
71157,0,0,0.0,stratified_80_20
71168,0,0,0.0,stratified_80_20
71169,0,0,0.0,stratified_80_20
71170,0,0,0.0,stratified_80_20
71174,0,0,0.0,stratified_80_20
71180,0,0,0.0,stratified_80_20
71183,0,0,0.0,stratified_80_20
71197,0,0,0.0,stratified_80_20
71201,0,0,0.0,stratified_80_20
71202,0,0,0.0,stratified_80_20
71204,0,0,0.0,stratified_80_20
71205,0,0,0.0,stratified_80_20
71206,0,0,0.0,stratified_80_20
71211,0,0,0.0,stratified_80_20
71214,0,0,0.0,stratified_80_20
71217,0,0,0.0,stratified_80_20
71219,0,0,0.0,stratified_80_20
71220,0,0,0.0,stratified_80_20
71223,0,0,0.0,stratified_80_20
71227,0,0,0.0,stratified_80_20
71231,0,0,0.0,stratified_80_20
71233,0,0,0.0,stratified_80_20
71242,0,0,0.0,stratified_80_20
71254,0,0,0.0,stratified_80_20
71256,0,0,0.0,stratified_80_20
71257,0,0,0.0,stratified_80_20
71258,0,0,0.0,stratified_80_20
71262,0,0,0.0,stratified_80_20
71267,0,0,0.0,stratified_80_20
71268,0,0,0.0,stratified_80_20
71269,0,0,0.0,stratified_80_20
71270,0,0,0.0,stratified_80_20
71274,0,0,0.0,stratified_80_20
71280,0,0,0.0,stratified_80_20
71288,0,0,0.0,stratified_80_20
71289,0,0,0.0,stratified_80_20
71291,0,0,0.0,stratified_80_20
71292,0,0,0.0,stratified_80_20
71301,0,0,0.0,stratified_80_20
71304,0,0,0.0,stratified_80_20
71306,0,0,0.0,stratified_80_20
71311,0,0,0.0,stratified_80_20
71314,0,0,0.0,stratified_80_20
71320,0,0,0.0,stratified_80_20
71324,0,0,0.0,stratified_80_20
71327,0,0,0.0,stratified_80_20
71328,0,0,0.0,stratified_80_20
71331,0,0,0.0,stratified_80_20
71333,0,0,0.0,stratified_80_20
71341,0,0,0.0,stratified_80_20
71346,0,0,0.0,stratified_80_20
71350,0,0,0.0,stratified_80_20
71356,0,0,0.0,stratified_80_20
71359,0,0,0.0,stratified_80_20
71362,0,0,0.0,stratified_80_20
71363,0,0,0.0,stratified_80_20
71368,0,0,0.0,stratified_80_20
71369,0,0,0.0,stratified_80_20
71375,0,0,0.0,stratified_80_20
71385,0,0,0.0,stratified_80_20
71396,0,0,0.0,stratified_80_20
71397,0,0,0.0,stratified_80_20
71401,0,0,0.0,stratified_80_20
71408,0,0,0.0,stratified_80_20
71409,0,0,0.0,stratified_80_20
71413,0,0,0.0,stratified_80_20
71415,0,0,0.0,stratified_80_20
71419,0,0,0.0,stratified_80_20
71420,0,0,0.0,stratified_80_20
71421,0,0,0.0,stratified_80_20
71424,0,0,0.0,stratified_80_20
71426,0,0,0.0,stratified_80_20
71440,0,0,0.0,stratified_80_20
71441,0,0,0.0,stratified_80_20
71448,0,0,0.0,stratified_80_20
71454,0,0,0.0,stratified_80_20
71457,0,0,0.0,stratified_80_20
71476,0,0,0.0,stratified_80_20
71482,0,0,0.0,stratified_80_20
71483,0,0,0.0,stratified_80_20
71488,0,0,0.0,stratified_80_20
71492,0,0,0.0,stratified_80_20
71498,0,0,0.0,stratified_80_20
71503,0,0,0.0,stratified_80_20
71517,0,0,0.0,stratified_80_20
71520,0,0,0.0,stratified_80_20
71522,0,0,0.0,stratified_80_20
71526,0,0,0.0,stratified_80_20
71530,0,0,0.0,stratified_80_20
71533,0,0,0.0,stratified_80_20
71540,0,0,0.0,stratified_80_20
71546,0,0,0.0,stratified_80_20
71547,0,0,0.0,stratified_80_20
71548,0,0,0.0,stratified_80_20
71549,0,0,0.0,stratified_80_20
71562,0,0,0.0,stratified_80_20
71565,0,0,0.0,stratified_80_20
71566,0,0,0.0,stratified_80_20
71572,0,0,0.0,stratified_80_20
71573,0,0,0.0,stratified_80_20
71576,0,0,0.0,stratified_80_20
71581,0,0,0.0,stratified_80_20
71590,0,0,0.0,stratified_80_20
71595,0,0,0.0,stratified_80_20
71596,0,0,0.0,stratified_80_20
71597,0,0,0.0,stratified_80_20
71603,0,0,0.0,stratified_80_20
71608,0,0,0.0,stratified_80_20
71618,0,0,0.0,stratified_80_20
71620,0,0,0.0,stratified_80_20
71626,0,0,0.0,stratified_80_20
71633,0,0,0.0,stratified_80_20
71638,0,0,0.0,stratified_80_20
71648,0,0,0.0,stratified_80_20
71650,0,0,0.0,stratified_80_20
71653,0,0,0.0,stratified_80_20
71658,0,0,0.0,stratified_80_20
71661,0,0,0.0,stratified_80_20
71666,0,0,0.0,stratified_80_20
71667,0,0,0.0,stratified_80_20
71676,0,0,0.0,stratified_80_20
71682,0,0,0.0,stratified_80_20
71684,0,0,0.0,stratified_80_20
71686,0,0,0.0,stratified_80_20
71695,0,0,0.0,stratified_80_20
71696,0,0,0.0,stratified_80_20
71701,0,0,0.0,stratified_80_20
71704,0,0,0.0,stratified_80_20
71707,0,0,0.0,stratified_80_20
71712,0,0,0.0,stratified_80_20
71717,0,0,0.0,stratified_80_20
71722,0,0,0.0,stratified_80_20
71724,0,0,0.0,stratified_80_20
71725,0,0,0.0,stratified_80_20
71728,0,0,0.0,stratified_80_20
71736,0,0,0.0,stratified_80_20
71750,0,0,0.0,stratified_80_20
71751,0,0,0.0,stratified_80_20
71765,0,0,0.0,stratified_80_20
71770,0,0,0.0,stratified_80_20
71772,0,0,0.0,stratified_80_20
71780,0,0,0.0,stratified_80_20
71783,0,0,0.0,stratified_80_20
71798,0,0,0.0,stratified_80_20
71804,0,0,0.0,stratified_80_20
71809,0,0,0.0,stratified_80_20
71815,0,0,0.0,stratified_80_20
71820,0,0,0.0,stratified_80_20
71823,0,0,0.0,stratified_80_20
71824,0,0,0.0,stratified_80_20
71845,0,0,0.0,stratified_80_20
71851,0,0,0.0,stratified_80_20
71856,0,0,0.0,stratified_80_20
71858,0,0,0.0,stratified_80_20
71865,0,0,0.0,stratified_80_20
71866,0,0,0.0,stratified_80_20
71880,0,0,0.0,stratified_80_20
71882,0,0,0.0,stratified_80_20
71885,0,0,0.0,stratified_80_20
71891,0,0,0.0,stratified_80_20
71902,0,0,0.0,stratified_80_20
71903,0,0,0.0,stratified_80_20
71910,0,0,0.0,stratified_80_20
71914,0,0,0.0,stratified_80_20
71915,0,0,0.0,stratified_80_20
71921,0,0,0.0,stratified_80_20
71928,0,0,0.0,stratified_80_20
71931,0,0,0.0,stratified_80_20
71942,0,0,0.0,stratified_80_20
71952,0,0,0.0,stratified_80_20
71953,0,0,0.0,stratified_80_20
71961,0,0,0.0,stratified_80_20
71964,0,0,0.0,stratified_80_20
71965,0,0,0.0,stratified_80_20
71980,0,0,0.0,stratified_80_20
71987,0,0,0.0,stratified_80_20
71991,0,0,0.0,stratified_80_20
71996,0,0,0.0,stratified_80_20
72002,0,0,0.0,stratified_80_20
72009,0,0,0.0,stratified_80_20
72010,0,0,0.0,stratified_80_20
72012,0,0,0.0,stratified_80_20
72024,0,0,0.0,stratified_80_20
72048,0,0,0.0,stratified_80_20
72049,0,0,0.0,stratified_80_20
72061,0,0,0.0,stratified_80_20
72066,0,0,0.0,stratified_80_20
72072,0,0,0.0,stratified_80_20
72074,0,0,0.0,stratified_80_20
72075,0,0,0.0,stratified_80_20
72076,0,0,0.0,stratified_80_20
72099,0,0,0.0,stratified_80_20
72100,0,0,0.0,stratified_80_20
72103,0,0,0.0,stratified_80_20
72106,0,0,0.0,stratified_80_20
72113,0,0,0.0,stratified_80_20
72122,0,0,0.0,stratified_80_20
72128,0,0,0.0,stratified_80_20
72135,0,0,0.0,stratified_80_20
72137,0,0,0.0,stratified_80_20
72139,0,0,0.0,stratified_80_20
72142,0,0,0.0,stratified_80_20
72147,0,0,0.0,stratified_80_20
72161,0,0,0.0,stratified_80_20
72187,0,0,0.0,stratified_80_20
72191,0,0,0.0,stratified_80_20
72195,0,0,0.0,stratified_80_20
72197,0,0,0.0,stratified_80_20
72205,0,0,0.0,stratified_80_20
72209,0,0,0.0,stratified_80_20
72211,0,0,0.0,stratified_80_20
72218,0,0,0.0,stratified_80_20
72219,0,0,0.0,stratified_80_20
72220,0,0,0.0,stratified_80_20
72226,0,0,0.0,stratified_80_20
72228,0,0,0.0,stratified_80_20
72236,0,0,0.0,stratified_80_20
72243,0,0,0.0,stratified_80_20
72249,0,0,0.0,stratified_80_20
72255,0,0,0.0,stratified_80_20
72256,0,0,0.0,stratified_80_20
72263,0,0,0.0,stratified_80_20
72268,0,0,0.0,stratified_80_20
72278,0,0,0.0,stratified_80_20
72284,0,0,0.0,stratified_80_20
72285,0,0,0.0,stratified_80_20
72286,0,0,0.0,stratified_80_20
72289,0,0,0.0,stratified_80_20
72294,0,0,0.0,stratified_80_20
72296,0,0,0.0,stratified_80_20
72300,0,0,0.0,stratified_80_20
72303,0,0,0.0,stratified_80_20
72312,0,0,0.0,stratified_80_20
72322,0,0,0.0,stratified_80_20
72327,0,0,0.0,stratified_80_20
72330,0,0,0.0,stratified_80_20
72334,0,0,0.0,stratified_80_20
72335,0,0,0.0,stratified_80_20
72337,0,0,0.0,stratified_80_20
72341,0,0,0.0,stratified_80_20
72345,0,0,0.0,stratified_80_20
72349,0,0,0.0,stratified_80_20
72350,0,0,0.0,stratified_80_20
72357,0,0,0.0,stratified_80_20
72363,0,0,0.0,stratified_80_20
72369,0,0,0.0,stratified_80_20
72374,0,0,0.0,stratified_80_20
72375,0,0,0.0,stratified_80_20
72378,0,0,0.0,stratified_80_20
72380,0,0,0.0,stratified_80_20
72384,0,0,0.0,stratified_80_20
72387,0,0,0.0,stratified_80_20
72396,0,0,0.0,stratified_80_20
72402,0,0,0.0,stratified_80_20
72403,0,0,0.0,stratified_80_20
72415,0,0,0.0,stratified_80_20
72416,0,0,0.0,stratified_80_20
72451,0,0,0.0,stratified_80_20
72456,0,0,0.0,stratified_80_20
72470,0,0,0.0,stratified_80_20
72471,0,0,0.0,stratified_80_20
72472,0,0,0.0,stratified_80_20
72484,0,0,0.0,stratified_80_20
72487,0,0,0.0,stratified_80_20
72489,0,0,0.0,stratified_80_20
72494,0,0,0.0,stratified_80_20
72514,0,0,0.0,stratified_80_20
72515,0,0,0.0,stratified_80_20
72516,0,0,0.0,stratified_80_20
72521,0,0,0.0,stratified_80_20
72522,0,0,0.0,stratified_80_20
72523,0,0,0.0,stratified_80_20
72527,0,0,0.0,stratified_80_20
72528,0,0,0.0,stratified_80_20
72532,0,0,0.0,stratified_80_20
72547,0,0,0.0,stratified_80_20
72552,0,0,0.0,stratified_80_20
72558,0,0,0.0,stratified_80_20
72560,0,0,0.0,stratified_80_20
72563,0,0,0.0,stratified_80_20
72564,0,0,0.0,stratified_80_20
72566,0,0,0.0,stratified_80_20
72574,0,0,0.0,stratified_80_20
72578,0,0,0.0,stratified_80_20
72579,0,0,0.0,stratified_80_20
72583,0,0,0.0,stratified_80_20
72587,0,0,0.0,stratified_80_20
72591,0,0,0.0,stratified_80_20
72592,0,0,0.0,stratified_80_20
72597,0,0,0.0,stratified_80_20
72598,0,0,0.0,stratified_80_20
72605,0,0,0.0,stratified_80_20
72610,0,0,0.0,stratified_80_20
72616,0,0,0.0,stratified_80_20
72617,0,0,0.0,stratified_80_20
72628,0,0,0.0,stratified_80_20
72632,0,0,0.0,stratified_80_20
72636,0,0,0.0,stratified_80_20
72639,0,0,0.0,stratified_80_20
72647,0,0,0.0,stratified_80_20
72650,0,0,0.0,stratified_80_20
72659,0,0,0.0,stratified_80_20
72660,0,0,0.0,stratified_80_20
72664,0,0,0.0,stratified_80_20
72666,0,0,0.0,stratified_80_20
72667,0,0,0.0,stratified_80_20
72675,0,0,0.0,stratified_80_20
72681,0,0,0.0,stratified_80_20
72685,0,0,0.0,stratified_80_20
72691,0,0,0.0,stratified_80_20
72697,0,0,0.0,stratified_80_20
72709,0,0,0.0,stratified_80_20
72718,0,0,0.0,stratified_80_20
72732,0,0,0.0,stratified_80_20
72741,0,0,0.0,stratified_80_20
72747,0,0,0.0,stratified_80_20
72748,0,0,0.0,stratified_80_20
72756,0,0,0.0,stratified_80_20
72757,0,0,0.0,stratified_80_20
72763,0,0,0.0,stratified_80_20
72768,0,0,0.0,stratified_80_20
72773,0,0,0.0,stratified_80_20
72780,0,0,0.0,stratified_80_20
72784,0,0,0.0,stratified_80_20
72792,0,0,0.0,stratified_80_20
72799,0,0,0.0,stratified_80_20
72801,0,0,0.0,stratified_80_20
72811,0,0,0.0,stratified_80_20
72812,0,0,0.0,stratified_80_20
72819,0,0,0.0,stratified_80_20
72827,0,0,0.0,stratified_80_20
72837,0,0,0.0,stratified_80_20
72838,0,0,0.0,stratified_80_20
72847,0,0,0.0,stratified_80_20
72855,0,0,0.0,stratified_80_20
72858,0,0,0.0,stratified_80_20
72860,0,0,0.0,stratified_80_20
72877,0,0,0.0,stratified_80_20
72885,0,0,0.0,stratified_80_20
72886,0,0,0.0,stratified_80_20
72889,0,0,0.0,stratified_80_20
72891,0,0,0.0,stratified_80_20
72896,0,0,0.0,stratified_80_20
72901,0,0,0.0,stratified_80_20
72904,0,0,0.0,stratified_80_20
72905,0,0,0.0,stratified_80_20
72906,0,0,0.0,stratified_80_20
72912,0,0,0.0,stratified_80_20
72916,0,0,0.0,stratified_80_20
72920,0,0,0.0,stratified_80_20
72921,0,0,0.0,stratified_80_20
72925,0,0,0.0,stratified_80_20
72930,0,0,0.0,stratified_80_20
72931,0,0,0.0,stratified_80_20
72934,0,0,0.0,stratified_80_20
72936,0,0,0.0,stratified_80_20
72938,0,0,0.0,stratified_80_20
72941,0,0,0.0,stratified_80_20
72952,0,0,0.0,stratified_80_20
72956,0,0,0.0,stratified_80_20
72959,0,0,0.0,stratified_80_20
72965,0,0,0.0,stratified_80_20
72969,0,0,0.0,stratified_80_20
72973,0,0,0.0,stratified_80_20
72982,0,0,0.0,stratified_80_20
72987,0,0,0.0,stratified_80_20
72990,0,0,0.0,stratified_80_20
72992,0,0,0.0,stratified_80_20
72997,0,0,0.0,stratified_80_20
73014,0,0,0.0,stratified_80_20
73018,0,0,0.0,stratified_80_20
73019,0,0,0.0,stratified_80_20
73029,0,0,0.0,stratified_80_20
73031,0,0,0.0,stratified_80_20
73039,0,0,0.0,stratified_80_20
73047,0,0,0.0,stratified_80_20
73048,0,0,0.0,stratified_80_20
73053,0,0,0.0,stratified_80_20
73057,0,0,0.0,stratified_80_20
73062,0,0,0.0,stratified_80_20
73068,0,0,0.0,stratified_80_20
73074,0,0,0.0,stratified_80_20
73078,0,0,0.0,stratified_80_20
73086,0,0,0.0,stratified_80_20
73092,0,0,0.0,stratified_80_20
73095,0,0,0.0,stratified_80_20
73097,0,0,0.0,stratified_80_20
73100,0,0,0.0,stratified_80_20
73104,0,0,0.0,stratified_80_20
73105,0,0,0.0,stratified_80_20
73108,0,0,0.0,stratified_80_20
73114,0,0,0.0,stratified_80_20
73117,0,0,0.0,stratified_80_20
73120,0,0,0.0,stratified_80_20
73133,0,0,0.0,stratified_80_20
73137,0,0,0.0,stratified_80_20
73138,0,0,0.0,stratified_80_20
73141,0,0,0.0,stratified_80_20
73147,0,0,0.0,stratified_80_20
73152,0,0,0.0,stratified_80_20
73153,0,0,0.0,stratified_80_20
73160,0,0,0.0,stratified_80_20
73165,0,0,0.0,stratified_80_20
73166,0,0,0.0,stratified_80_20
73181,0,0,0.0,stratified_80_20
73184,0,0,0.0,stratified_80_20
73187,0,0,0.0,stratified_80_20
73188,0,0,0.0,stratified_80_20
73198,0,0,0.0,stratified_80_20
73203,0,0,0.0,stratified_80_20
73207,0,0,0.0,stratified_80_20
73210,0,0,0.0,stratified_80_20
73219,0,0,0.0,stratified_80_20
73234,0,0,0.0,stratified_80_20
73246,0,0,0.0,stratified_80_20
73260,0,0,0.0,stratified_80_20
73261,0,0,0.0,stratified_80_20
73272,0,0,0.0,stratified_80_20
73279,0,0,0.0,stratified_80_20
73284,0,0,0.0,stratified_80_20
73299,0,0,0.0,stratified_80_20
73314,0,0,0.0,stratified_80_20
73316,0,0,0.0,stratified_80_20
73321,0,0,0.0,stratified_80_20
73324,0,0,0.0,stratified_80_20
73331,0,0,0.0,stratified_80_20
73345,0,0,0.0,stratified_80_20
73348,0,0,0.0,stratified_80_20
73350,0,0,0.0,stratified_80_20
73357,0,0,0.0,stratified_80_20
73360,0,0,0.0,stratified_80_20
73363,0,0,0.0,stratified_80_20
73366,0,0,0.0,stratified_80_20
73372,0,0,0.0,stratified_80_20
73375,0,0,0.0,stratified_80_20
73380,0,0,0.0,stratified_80_20
73381,0,0,0.0,stratified_80_20
73397,0,0,0.0,stratified_80_20
73408,0,0,0.0,stratified_80_20
73415,0,0,0.0,stratified_80_20
73427,0,0,0.0,stratified_80_20
73435,0,0,0.0,stratified_80_20
73437,0,0,0.0,stratified_80_20
73438,0,0,0.0,stratified_80_20
73444,0,0,0.0,stratified_80_20
73449,0,0,0.0,stratified_80_20
73452,0,0,0.0,stratified_80_20
73453,0,0,0.0,stratified_80_20
73456,0,0,0.0,stratified_80_20
73457,0,0,0.0,stratified_80_20
73465,0,0,0.0,stratified_80_20
73468,0,0,0.0,stratified_80_20
73472,0,0,0.0,stratified_80_20
73474,0,0,0.0,stratified_80_20
73475,0,0,0.0,stratified_80_20
73476,0,0,0.0,stratified_80_20
73479,0,0,0.0,stratified_80_20
73488,0,0,0.0,stratified_80_20
73489,0,0,0.0,stratified_80_20
73507,0,0,0.0,stratified_80_20
73511,0,0,0.0,stratified_80_20
73515,0,0,0.0,stratified_80_20
73518,0,0,0.0,stratified_80_20
73519,0,0,0.0,stratified_80_20
73522,0,0,0.0,stratified_80_20
73538,0,0,0.0,stratified_80_20
73541,0,0,0.0,stratified_80_20
73543,0,0,0.0,stratified_80_20
73550,0,0,0.0,stratified_80_20
73555,0,0,0.0,stratified_80_20
73556,0,0,0.0,stratified_80_20
73560,0,0,0.0,stratified_80_20
73574,0,0,0.0,stratified_80_20
73582,0,0,0.0,stratified_80_20
73583,0,0,0.0,stratified_80_20
73588,0,0,0.0,stratified_80_20
73592,0,0,0.0,stratified_80_20
73593,0,0,0.0,stratified_80_20
73602,0,0,0.0,stratified_80_20
73613,0,0,0.0,stratified_80_20
73622,0,0,0.0,stratified_80_20
73625,0,0,0.0,stratified_80_20
73626,0,0,0.0,stratified_80_20
73631,0,0,0.0,stratified_80_20
73632,0,0,0.0,stratified_80_20
73636,0,0,0.0,stratified_80_20
73640,0,0,0.0,stratified_80_20
73642,0,0,0.0,stratified_80_20
73650,0,0,0.0,stratified_80_20
73665,0,0,0.0,stratified_80_20
73669,0,0,0.0,stratified_80_20
73676,0,0,0.0,stratified_80_20
73678,0,0,0.0,stratified_80_20
73683,0,0,0.0,stratified_80_20
73686,0,0,0.0,stratified_80_20
73687,0,0,0.0,stratified_80_20
73688,0,0,0.0,stratified_80_20
73694,0,0,0.0,stratified_80_20
73697,0,0,0.0,stratified_80_20
73707,0,0,0.0,stratified_80_20
73709,0,0,0.0,stratified_80_20
73719,0,0,0.0,stratified_80_20
73720,0,0,0.0,stratified_80_20
73728,0,0,0.0,stratified_80_20
73731,0,0,0.0,stratified_80_20
73732,0,0,0.0,stratified_80_20
73739,0,0,0.0,stratified_80_20
73745,0,0,0.0,stratified_80_20
73748,0,0,0.0,stratified_80_20
73750,0,0,0.0,stratified_80_20
73751,0,0,0.0,stratified_80_20
73754,0,0,0.0,stratified_80_20
73769,0,0,0.0,stratified_80_20
73772,0,0,0.0,stratified_80_20
73778,0,0,0.0,stratified_80_20
73781,0,0,0.0,stratified_80_20
73793,0,0,0.0,stratified_80_20
73794,0,0,0.0,stratified_80_20
73797,0,0,0.0,stratified_80_20
73805,0,0,0.0,stratified_80_20
73806,0,0,0.0,stratified_80_20
73808,0,0,0.0,stratified_80_20
73810,0,0,0.0,stratified_80_20
73814,0,0,0.0,stratified_80_20
73816,0,0,0.0,stratified_80_20
73822,0,0,0.0,stratified_80_20
73823,0,0,0.0,stratified_80_20
73842,0,0,0.0,stratified_80_20
73844,0,0,0.0,stratified_80_20
73852,0,0,0.0,stratified_80_20
73853,0,0,0.0,stratified_80_20
73857,0,0,0.0,stratified_80_20
73861,0,0,0.0,stratified_80_20
73870,0,0,0.0,stratified_80_20
73877,0,0,0.0,stratified_80_20
73878,0,0,0.0,stratified_80_20
73879,0,0,0.0,stratified_80_20
73882,0,0,0.0,stratified_80_20
73904,0,0,0.0,stratified_80_20
73908,0,0,0.0,stratified_80_20
73919,0,0,0.0,stratified_80_20
73920,0,0,0.0,stratified_80_20
73921,0,0,0.0,stratified_80_20
73966,0,0,0.0,stratified_80_20
73969,0,0,0.0,stratified_80_20
73970,0,0,0.0,stratified_80_20
73984,0,0,0.0,stratified_80_20
73989,0,0,0.0,stratified_80_20
73990,0,0,0.0,stratified_80_20
73992,0,0,0.0,stratified_80_20
73995,0,0,0.0,stratified_80_20
74006,0,0,0.0,stratified_80_20
74008,0,0,0.0,stratified_80_20
74011,0,0,0.0,stratified_80_20
74013,0,0,0.0,stratified_80_20
74019,0,0,0.0,stratified_80_20
74027,0,0,0.0,stratified_80_20
74028,0,0,0.0,stratified_80_20
74031,0,0,0.0,stratified_80_20
74036,0,0,0.0,stratified_80_20
74038,0,0,0.0,stratified_80_20
74039,0,0,0.0,stratified_80_20
74043,0,0,0.0,stratified_80_20
74044,0,0,0.0,stratified_80_20
74045,0,0,0.0,stratified_80_20
74048,0,0,0.0,stratified_80_20
74050,0,0,0.0,stratified_80_20
74051,0,0,0.0,stratified_80_20
74057,0,0,0.0,stratified_80_20
74058,0,0,0.0,stratified_80_20
74059,0,0,0.0,stratified_80_20
74062,0,0,0.0,stratified_80_20
74067,0,0,0.0,stratified_80_20
74074,0,0,0.0,stratified_80_20
74083,0,0,0.0,stratified_80_20
74088,0,0,0.0,stratified_80_20
74090,0,0,0.0,stratified_80_20
74091,0,0,0.0,stratified_80_20
74108,0,0,0.0,stratified_80_20
74117,0,0,0.0,stratified_80_20
74122,0,0,0.0,stratified_80_20
74124,0,0,0.0,stratified_80_20
74125,0,0,0.0,stratified_80_20
74129,0,0,0.0,stratified_80_20
74130,0,0,0.0,stratified_80_20
74131,0,0,0.0,stratified_80_20
74132,0,0,0.0,stratified_80_20
74133,0,0,0.0,stratified_80_20
74134,0,0,0.0,stratified_80_20
74139,0,0,0.0,stratified_80_20
74141,0,0,0.0,stratified_80_20
74142,0,0,0.0,stratified_80_20
74144,0,0,0.0,stratified_80_20
74154,0,0,0.0,stratified_80_20
74177,0,0,0.0,stratified_80_20
74187,0,0,0.0,stratified_80_20
74188,0,0,0.0,stratified_80_20
74190,0,0,0.0,stratified_80_20
74199,0,0,0.0,stratified_80_20
74206,0,0,0.0,stratified_80_20
74207,0,0,0.0,stratified_80_20
74209,0,0,0.0,stratified_80_20
74235,0,0,0.0,stratified_80_20
74239,0,0,0.0,stratified_80_20
74253,0,0,0.0,stratified_80_20
74254,0,0,0.0,stratified_80_20
74255,0,0,0.0,stratified_80_20
74262,0,0,0.0,stratified_80_20
74266,0,0,0.0,stratified_80_20
74279,0,0,0.0,stratified_80_20
74281,0,0,0.0,stratified_80_20
74285,0,0,0.0,stratified_80_20
74292,0,0,0.0,stratified_80_20
74301,0,0,0.0,stratified_80_20
74308,0,0,0.0,stratified_80_20
74316,0,0,0.0,stratified_80_20
74323,0,0,0.0,stratified_80_20
74329,0,0,0.0,stratified_80_20
74333,0,0,0.0,stratified_80_20
74334,0,0,0.0,stratified_80_20
74336,0,0,0.0,stratified_80_20
74345,0,0,0.0,stratified_80_20
74348,0,0,0.0,stratified_80_20
74361,0,0,0.0,stratified_80_20
74368,0,0,0.0,stratified_80_20
74372,0,0,0.0,stratified_80_20
74378,0,0,0.0,stratified_80_20
74389,0,0,0.0,stratified_80_20
74391,0,0,0.0,stratified_80_20
74394,0,0,0.0,stratified_80_20
74397,0,0,0.0,stratified_80_20
74416,0,0,0.0,stratified_80_20
74418,0,0,0.0,stratified_80_20
74433,0,0,0.0,stratified_80_20
74435,0,0,0.0,stratified_80_20
74436,0,0,0.0,stratified_80_20
74449,0,0,0.0,stratified_80_20
74458,0,0,0.0,stratified_80_20
74461,0,0,0.0,stratified_80_20
74465,0,0,0.0,stratified_80_20
74471,0,0,0.0,stratified_80_20
74476,0,0,0.0,stratified_80_20
74478,0,0,0.0,stratified_80_20
74484,0,0,0.0,stratified_80_20
74487,0,0,0.0,stratified_80_20
74491,0,0,0.0,stratified_80_20
74493,0,0,0.0,stratified_80_20
74498,0,0,0.0,stratified_80_20
74509,0,0,0.0,stratified_80_20
74513,0,0,0.0,stratified_80_20
74521,0,0,0.0,stratified_80_20
74524,0,0,0.0,stratified_80_20
74536,0,0,0.0,stratified_80_20
74541,0,0,0.0,stratified_80_20
74549,0,0,0.0,stratified_80_20
74552,0,0,0.0,stratified_80_20
74558,0,0,0.0,stratified_80_20
74574,0,0,0.0,stratified_80_20
74576,0,0,0.0,stratified_80_20
74577,0,0,0.0,stratified_80_20
74585,0,0,0.0,stratified_80_20
74587,0,0,0.0,stratified_80_20
74590,0,0,0.0,stratified_80_20
74591,0,0,0.0,stratified_80_20
74594,0,0,0.0,stratified_80_20
74595,0,0,0.0,stratified_80_20
74596,0,0,0.0,stratified_80_20
74599,0,0,0.0,stratified_80_20
74614,0,0,0.0,stratified_80_20
74627,0,0,0.0,stratified_80_20
74629,0,0,0.0,stratified_80_20
74630,0,0,0.0,stratified_80_20
74633,0,0,0.0,stratified_80_20
74636,0,0,0.0,stratified_80_20
74639,0,0,0.0,stratified_80_20
74647,0,0,0.0,stratified_80_20
74650,0,0,0.0,stratified_80_20
74656,0,0,0.0,stratified_80_20
74657,0,0,0.0,stratified_80_20
74658,0,0,0.0,stratified_80_20
74659,0,0,0.0,stratified_80_20
74660,0,0,0.0,stratified_80_20
74669,0,0,0.0,stratified_80_20
74674,0,0,0.0,stratified_80_20
74681,0,0,0.0,stratified_80_20
74685,0,0,0.0,stratified_80_20
74689,0,0,0.0,stratified_80_20
74694,0,0,0.0,stratified_80_20
74702,0,0,0.0,stratified_80_20
74706,0,0,0.0,stratified_80_20
74710,0,0,0.0,stratified_80_20
74718,0,0,0.0,stratified_80_20
74725,0,0,0.0,stratified_80_20
74727,0,0,0.0,stratified_80_20
74728,0,0,0.0,stratified_80_20
74729,0,0,0.0,stratified_80_20
74730,0,0,0.0,stratified_80_20
74735,0,0,0.0,stratified_80_20
74736,0,0,0.0,stratified_80_20
74737,0,0,0.0,stratified_80_20
74738,0,0,0.0,stratified_80_20
74741,0,0,0.0,stratified_80_20
74743,0,0,0.0,stratified_80_20
74746,0,0,0.0,stratified_80_20
74752,0,0,0.0,stratified_80_20
74756,0,0,0.0,stratified_80_20
74765,0,0,0.0,stratified_80_20
74767,0,0,0.0,stratified_80_20
74768,0,0,0.0,stratified_80_20
74769,0,0,0.0,stratified_80_20
74770,0,0,0.0,stratified_80_20
74782,0,0,0.0,stratified_80_20
74786,0,0,0.0,stratified_80_20
74789,0,0,0.0,stratified_80_20
74791,0,0,0.0,stratified_80_20
74799,0,0,0.0,stratified_80_20
74805,0,0,0.0,stratified_80_20
74808,0,0,0.0,stratified_80_20
74810,0,0,0.0,stratified_80_20
74812,0,0,0.0,stratified_80_20
74816,0,0,0.0,stratified_80_20
74821,0,0,0.0,stratified_80_20
74832,0,0,0.0,stratified_80_20
74837,0,0,0.0,stratified_80_20
74838,0,0,0.0,stratified_80_20
74843,0,0,0.0,stratified_80_20
74844,0,0,0.0,stratified_80_20
74849,0,0,0.0,stratified_80_20
74853,0,0,0.0,stratified_80_20
74859,0,0,0.0,stratified_80_20
74864,0,0,0.0,stratified_80_20
74865,0,0,0.0,stratified_80_20
74866,0,0,0.0,stratified_80_20
74867,0,0,0.0,stratified_80_20
74887,0,0,0.0,stratified_80_20
74896,0,0,0.0,stratified_80_20
74907,0,0,0.0,stratified_80_20
74910,0,0,0.0,stratified_80_20
74918,0,0,0.0,stratified_80_20
74919,0,0,0.0,stratified_80_20
74924,0,0,0.0,stratified_80_20
74932,0,0,0.0,stratified_80_20
74933,0,0,0.0,stratified_80_20
74939,0,0,0.0,stratified_80_20
74952,0,0,0.0,stratified_80_20
74967,0,0,0.0,stratified_80_20
74988,0,0,0.0,stratified_80_20
74999,0,0,0.0,stratified_80_20
75007,0,0,0.0,stratified_80_20
75014,0,0,0.0,stratified_80_20
75015,0,0,0.0,stratified_80_20
75017,0,0,0.0,stratified_80_20
75021,0,0,0.0,stratified_80_20
75022,0,0,0.0,stratified_80_20
75033,0,0,0.0,stratified_80_20
75037,0,0,0.0,stratified_80_20
75048,0,0,0.0,stratified_80_20
75052,0,0,0.0,stratified_80_20
75061,0,0,0.0,stratified_80_20
75068,0,0,0.0,stratified_80_20
75086,0,0,0.0,stratified_80_20
75091,0,0,0.0,stratified_80_20
75107,0,0,0.0,stratified_80_20
75108,0,0,0.0,stratified_80_20
75121,0,0,0.0,stratified_80_20
75129,0,0,0.0,stratified_80_20
75131,0,0,0.0,stratified_80_20
75132,0,0,0.0,stratified_80_20
75133,0,0,0.0,stratified_80_20
75135,0,0,0.0,stratified_80_20
75139,0,0,0.0,stratified_80_20
75140,0,0,0.0,stratified_80_20
75145,0,0,0.0,stratified_80_20
75153,0,0,0.0,stratified_80_20
75154,0,0,0.0,stratified_80_20
75155,0,0,0.0,stratified_80_20
75159,0,0,0.0,stratified_80_20
75162,0,0,0.0,stratified_80_20
75176,0,0,0.0,stratified_80_20
75183,0,0,0.0,stratified_80_20
75185,0,0,0.0,stratified_80_20
75195,0,0,0.0,stratified_80_20
75197,0,0,0.0,stratified_80_20
75200,0,0,0.0,stratified_80_20
75201,0,0,0.0,stratified_80_20
75202,0,0,0.0,stratified_80_20
75212,0,0,0.0,stratified_80_20
75213,0,0,0.0,stratified_80_20
75214,0,0,0.0,stratified_80_20
75215,0,0,0.0,stratified_80_20
75223,0,0,0.0,stratified_80_20
75228,0,0,0.0,stratified_80_20
75237,0,0,0.0,stratified_80_20
75244,0,0,0.0,stratified_80_20
75246,0,0,0.0,stratified_80_20
75249,0,0,0.0,stratified_80_20
75256,0,0,0.0,stratified_80_20
75258,0,0,0.0,stratified_80_20
75260,0,0,0.0,stratified_80_20
75263,0,0,0.0,stratified_80_20
75269,0,0,0.0,stratified_80_20
75271,0,0,0.0,stratified_80_20
75276,0,0,0.0,stratified_80_20
75294,0,0,0.0,stratified_80_20
75299,0,0,0.0,stratified_80_20
75311,0,0,0.0,stratified_80_20
75322,0,0,0.0,stratified_80_20
75323,0,0,0.0,stratified_80_20
75327,0,0,0.0,stratified_80_20
75328,0,0,0.0,stratified_80_20
75335,0,0,0.0,stratified_80_20
75337,0,0,0.0,stratified_80_20
75341,0,0,0.0,stratified_80_20
75343,0,0,0.0,stratified_80_20
75344,0,0,0.0,stratified_80_20
75345,0,0,0.0,stratified_80_20
75354,0,0,0.0,stratified_80_20
75358,0,0,0.0,stratified_80_20
75365,0,0,0.0,stratified_80_20
75373,0,0,0.0,stratified_80_20
75377,0,0,0.0,stratified_80_20
75381,0,0,0.0,stratified_80_20
75383,0,0,0.0,stratified_80_20
75385,0,0,0.0,stratified_80_20
75388,0,0,0.0,stratified_80_20
75393,0,0,0.0,stratified_80_20
75395,0,0,0.0,stratified_80_20
75401,0,0,0.0,stratified_80_20
75406,0,0,0.0,stratified_80_20
75421,0,0,0.0,stratified_80_20
75429,0,0,0.0,stratified_80_20
75430,0,0,0.0,stratified_80_20
75431,0,0,0.0,stratified_80_20
75437,0,0,0.0,stratified_80_20
75451,0,0,0.0,stratified_80_20
75452,0,0,0.0,stratified_80_20
75454,0,0,0.0,stratified_80_20
75460,0,0,0.0,stratified_80_20
75478,0,0,0.0,stratified_80_20
75484,0,0,0.0,stratified_80_20
75489,0,0,0.0,stratified_80_20
75496,0,0,0.0,stratified_80_20
75498,0,0,0.0,stratified_80_20
75516,0,0,0.0,stratified_80_20
75526,0,0,0.0,stratified_80_20
75528,0,0,0.0,stratified_80_20
75541,0,0,0.0,stratified_80_20
75542,0,0,0.0,stratified_80_20
75561,0,0,0.0,stratified_80_20
75565,0,0,0.0,stratified_80_20
75575,0,0,0.0,stratified_80_20
75576,0,0,0.0,stratified_80_20
75579,0,0,0.0,stratified_80_20
75585,0,0,0.0,stratified_80_20
75593,0,0,0.0,stratified_80_20
75596,0,0,0.0,stratified_80_20
75605,0,0,0.0,stratified_80_20
75609,0,0,0.0,stratified_80_20
75614,0,0,0.0,stratified_80_20
75615,0,0,0.0,stratified_80_20
75617,0,0,0.0,stratified_80_20
75625,0,0,0.0,stratified_80_20
75630,0,0,0.0,stratified_80_20
75635,0,0,0.0,stratified_80_20
75637,0,0,0.0,stratified_80_20
75642,0,0,0.0,stratified_80_20
75646,0,0,0.0,stratified_80_20
75650,0,0,0.0,stratified_80_20
75652,0,0,0.0,stratified_80_20
75655,0,0,0.0,stratified_80_20
75657,0,0,0.0,stratified_80_20
75676,0,0,0.0,stratified_80_20
75684,0,0,0.0,stratified_80_20
75686,0,0,0.0,stratified_80_20
75700,0,0,0.0,stratified_80_20
75701,0,0,0.0,stratified_80_20
75709,0,0,0.0,stratified_80_20
75716,0,0,0.0,stratified_80_20
75721,0,0,0.0,stratified_80_20
75725,0,0,0.0,stratified_80_20
75727,0,0,0.0,stratified_80_20
75728,0,0,0.0,stratified_80_20
75729,0,0,0.0,stratified_80_20
75734,0,0,0.0,stratified_80_20
75739,0,0,0.0,stratified_80_20
75744,0,0,0.0,stratified_80_20
75751,0,0,0.0,stratified_80_20
75754,0,0,0.0,stratified_80_20
75765,0,0,0.0,stratified_80_20
75772,0,0,0.0,stratified_80_20
75781,0,0,0.0,stratified_80_20
75785,0,0,0.0,stratified_80_20
75794,0,0,0.0,stratified_80_20
75795,0,0,0.0,stratified_80_20
75797,0,0,0.0,stratified_80_20
75801,0,0,0.0,stratified_80_20
75805,0,0,0.0,stratified_80_20
75809,0,0,0.0,stratified_80_20
75813,0,0,0.0,stratified_80_20
75822,0,0,0.0,stratified_80_20
75823,0,0,0.0,stratified_80_20
75825,0,0,0.0,stratified_80_20
75829,0,0,0.0,stratified_80_20
75835,0,0,0.0,stratified_80_20
75842,0,0,0.0,stratified_80_20
75848,0,0,0.0,stratified_80_20
75854,0,0,0.0,stratified_80_20
75859,0,0,0.0,stratified_80_20
75866,0,0,0.0,stratified_80_20
75867,0,0,0.0,stratified_80_20
75873,0,0,0.0,stratified_80_20
75874,0,0,0.0,stratified_80_20
75887,0,0,0.0,stratified_80_20
75893,0,0,0.0,stratified_80_20
75899,0,0,0.0,stratified_80_20
75901,0,0,0.0,stratified_80_20
75902,0,0,0.0,stratified_80_20
75903,0,0,0.0,stratified_80_20
75907,0,0,0.0,stratified_80_20
75915,0,0,0.0,stratified_80_20
75919,0,0,0.0,stratified_80_20
75920,0,0,0.0,stratified_80_20
75937,0,0,0.0,stratified_80_20
75938,0,0,0.0,stratified_80_20
75939,0,0,0.0,stratified_80_20
75957,0,0,0.0,stratified_80_20
75962,0,0,0.0,stratified_80_20
75966,0,0,0.0,stratified_80_20
75970,0,0,0.0,stratified_80_20
75979,0,0,0.0,stratified_80_20
75985,0,0,0.0,stratified_80_20
75994,0,0,0.0,stratified_80_20
75995,0,0,0.0,stratified_80_20
76002,0,0,0.0,stratified_80_20
76004,0,0,0.0,stratified_80_20
76006,0,0,0.0,stratified_80_20
76011,0,0,0.0,stratified_80_20
76013,0,0,0.0,stratified_80_20
76018,0,0,0.0,stratified_80_20
76024,0,0,0.0,stratified_80_20
76025,0,0,0.0,stratified_80_20
76029,0,0,0.0,stratified_80_20
76035,0,0,0.0,stratified_80_20
76039,0,0,0.0,stratified_80_20
76043,0,0,0.0,stratified_80_20
76046,0,0,0.0,stratified_80_20
76056,0,0,0.0,stratified_80_20
76062,0,0,0.0,stratified_80_20
76065,0,0,0.0,stratified_80_20
76068,0,0,0.0,stratified_80_20
76072,0,0,0.0,stratified_80_20
76074,0,0,0.0,stratified_80_20
76079,0,0,0.0,stratified_80_20
76080,0,0,0.0,stratified_80_20
76082,0,0,0.0,stratified_80_20
76091,0,0,0.0,stratified_80_20
76097,0,0,0.0,stratified_80_20
76099,0,0,0.0,stratified_80_20
76110,0,0,0.0,stratified_80_20
76115,0,0,0.0,stratified_80_20
76116,0,0,0.0,stratified_80_20
76121,0,0,0.0,stratified_80_20
76122,0,0,0.0,stratified_80_20
76131,0,0,0.0,stratified_80_20
76139,0,0,0.0,stratified_80_20
76143,0,0,0.0,stratified_80_20
76144,0,0,0.0,stratified_80_20
76146,0,0,0.0,stratified_80_20
76152,0,0,0.0,stratified_80_20
76162,0,0,0.0,stratified_80_20
76171,0,0,0.0,stratified_80_20
76179,0,0,0.0,stratified_80_20
76181,0,0,0.0,stratified_80_20
76182,0,0,0.0,stratified_80_20
76187,0,0,0.0,stratified_80_20
76192,0,0,0.0,stratified_80_20
76193,0,0,0.0,stratified_80_20
76199,0,0,0.0,stratified_80_20
76206,0,0,0.0,stratified_80_20
76208,0,0,0.0,stratified_80_20
76210,0,0,0.0,stratified_80_20
76220,0,0,0.0,stratified_80_20
76250,0,0,0.0,stratified_80_20
76253,0,0,0.0,stratified_80_20
76255,0,0,0.0,stratified_80_20
76261,0,0,0.0,stratified_80_20
76278,0,0,0.0,stratified_80_20
76281,0,0,0.0,stratified_80_20
76282,0,0,0.0,stratified_80_20
76287,0,0,0.0,stratified_80_20
76292,0,0,0.0,stratified_80_20
76297,0,0,0.0,stratified_80_20
76310,0,0,0.0,stratified_80_20
76317,0,0,0.0,stratified_80_20
76321,0,0,0.0,stratified_80_20
76328,0,0,0.0,stratified_80_20
76330,0,0,0.0,stratified_80_20
76333,0,0,0.0,stratified_80_20
76338,0,0,0.0,stratified_80_20
76345,0,0,0.0,stratified_80_20
76356,0,0,0.0,stratified_80_20
76360,0,0,0.0,stratified_80_20
76363,0,0,0.0,stratified_80_20
76369,0,0,0.0,stratified_80_20
76372,0,0,0.0,stratified_80_20
76374,0,0,0.0,stratified_80_20
76376,0,0,0.0,stratified_80_20
76381,0,0,0.0,stratified_80_20
76388,0,0,0.0,stratified_80_20
76394,0,0,0.0,stratified_80_20
76397,0,0,0.0,stratified_80_20
76400,0,0,0.0,stratified_80_20
76402,0,0,0.0,stratified_80_20
76407,0,0,0.0,stratified_80_20
76411,0,0,0.0,stratified_80_20
76414,0,0,0.0,stratified_80_20
76425,0,0,0.0,stratified_80_20
76428,0,0,0.0,stratified_80_20
76434,0,0,0.0,stratified_80_20
76436,0,0,0.0,stratified_80_20
76437,0,0,0.0,stratified_80_20
76440,0,0,0.0,stratified_80_20
76448,0,0,0.0,stratified_80_20
76452,0,0,0.0,stratified_80_20
76455,0,0,0.0,stratified_80_20
76465,0,0,0.0,stratified_80_20
76466,0,0,0.0,stratified_80_20
76473,0,0,0.0,stratified_80_20
76483,0,0,0.0,stratified_80_20
76492,0,0,0.0,stratified_80_20
76494,0,0,0.0,stratified_80_20
76500,0,0,0.0,stratified_80_20
76502,0,0,0.0,stratified_80_20
76507,0,0,0.0,stratified_80_20
76508,0,0,0.0,stratified_80_20
76516,0,0,0.0,stratified_80_20
76519,0,0,0.0,stratified_80_20
76540,0,0,0.0,stratified_80_20
76546,0,0,0.0,stratified_80_20
76547,0,0,0.0,stratified_80_20
76554,0,0,0.0,stratified_80_20
76556,0,0,0.0,stratified_80_20
76558,0,0,0.0,stratified_80_20
76577,0,0,0.0,stratified_80_20
76580,0,0,0.0,stratified_80_20
76592,0,0,0.0,stratified_80_20
76596,0,0,0.0,stratified_80_20
76600,0,0,0.0,stratified_80_20
76601,0,0,0.0,stratified_80_20
76603,0,0,0.0,stratified_80_20
76606,0,0,0.0,stratified_80_20
76616,0,0,0.0,stratified_80_20
76618,0,0,0.0,stratified_80_20
76622,0,0,0.0,stratified_80_20
76625,0,0,0.0,stratified_80_20
76629,0,0,0.0,stratified_80_20
76631,0,0,0.0,stratified_80_20
76632,0,0,0.0,stratified_80_20
76637,0,0,0.0,stratified_80_20
76640,0,0,0.0,stratified_80_20
76659,0,0,0.0,stratified_80_20
76661,0,0,0.0,stratified_80_20
76664,0,0,0.0,stratified_80_20
76665,0,0,0.0,stratified_80_20
76668,0,0,0.0,stratified_80_20
76670,0,0,0.0,stratified_80_20
76678,0,0,0.0,stratified_80_20
76682,0,0,0.0,stratified_80_20
76693,0,0,0.0,stratified_80_20
76700,0,0,0.0,stratified_80_20
76701,0,0,0.0,stratified_80_20
76706,0,0,0.0,stratified_80_20
76711,0,0,0.0,stratified_80_20
76712,0,0,0.0,stratified_80_20
76714,0,0,0.0,stratified_80_20
76723,0,0,0.0,stratified_80_20
76729,0,0,0.0,stratified_80_20
76732,0,0,0.0,stratified_80_20
76738,0,0,0.0,stratified_80_20
76749,0,0,0.0,stratified_80_20
76758,0,0,0.0,stratified_80_20
76759,0,0,0.0,stratified_80_20
76769,0,0,0.0,stratified_80_20
76771,0,0,0.0,stratified_80_20
76772,0,0,0.0,stratified_80_20
76780,0,0,0.0,stratified_80_20
76784,0,0,0.0,stratified_80_20
76791,0,0,0.0,stratified_80_20
76797,0,0,0.0,stratified_80_20
76798,0,0,0.0,stratified_80_20
76799,0,0,0.0,stratified_80_20
76803,0,0,0.0,stratified_80_20
76807,0,0,0.0,stratified_80_20
76814,0,0,0.0,stratified_80_20
76819,0,0,0.0,stratified_80_20
76825,0,0,0.0,stratified_80_20
76831,0,0,0.0,stratified_80_20
76835,0,0,0.0,stratified_80_20
76839,0,0,0.0,stratified_80_20
76848,0,0,0.0,stratified_80_20
76850,0,0,0.0,stratified_80_20
76851,0,0,0.0,stratified_80_20
76859,0,0,0.0,stratified_80_20
76862,0,0,0.0,stratified_80_20
76863,0,0,0.0,stratified_80_20
76865,0,0,0.0,stratified_80_20
76869,0,0,0.0,stratified_80_20
76870,0,0,0.0,stratified_80_20
76873,0,0,0.0,stratified_80_20
76876,0,0,0.0,stratified_80_20
76877,0,0,0.0,stratified_80_20
76878,0,0,0.0,stratified_80_20
76885,0,0,0.0,stratified_80_20
76892,0,0,0.0,stratified_80_20
76894,0,0,0.0,stratified_80_20
76904,0,0,0.0,stratified_80_20
76907,0,0,0.0,stratified_80_20
76910,0,0,0.0,stratified_80_20
76911,0,0,0.0,stratified_80_20
76913,0,0,0.0,stratified_80_20
76916,0,0,0.0,stratified_80_20
76918,0,0,0.0,stratified_80_20
76919,0,0,0.0,stratified_80_20
76924,0,0,0.0,stratified_80_20
76925,0,0,0.0,stratified_80_20
76928,0,0,0.0,stratified_80_20
76939,0,0,0.0,stratified_80_20
76943,0,0,0.0,stratified_80_20
76948,0,0,0.0,stratified_80_20
76956,0,0,0.0,stratified_80_20
76958,0,0,0.0,stratified_80_20
76963,0,0,0.0,stratified_80_20
76964,0,0,0.0,stratified_80_20
76965,0,0,0.0,stratified_80_20
76967,0,0,0.0,stratified_80_20
76968,0,0,0.0,stratified_80_20
76969,0,0,0.0,stratified_80_20
76974,0,0,0.0,stratified_80_20
76982,0,0,0.0,stratified_80_20
76995,0,0,0.0,stratified_80_20
76997,0,0,0.0,stratified_80_20
76998,0,0,0.0,stratified_80_20
77002,0,0,0.0,stratified_80_20
77006,0,0,0.0,stratified_80_20
77012,0,0,0.0,stratified_80_20
77016,0,0,0.0,stratified_80_20
77027,0,0,0.0,stratified_80_20
77030,0,0,0.0,stratified_80_20
77045,0,0,0.0,stratified_80_20
77049,0,0,0.0,stratified_80_20
77067,0,0,0.0,stratified_80_20
77068,0,0,0.0,stratified_80_20
77071,0,0,0.0,stratified_80_20
77075,0,0,0.0,stratified_80_20
77078,0,0,0.0,stratified_80_20
77090,0,0,0.0,stratified_80_20
77095,0,0,0.0,stratified_80_20
77101,0,0,0.0,stratified_80_20
77103,0,0,0.0,stratified_80_20
77114,0,0,0.0,stratified_80_20
77115,0,0,0.0,stratified_80_20
77122,0,0,0.0,stratified_80_20
77123,0,0,0.0,stratified_80_20
77124,0,0,0.0,stratified_80_20
77125,0,0,0.0,stratified_80_20
77130,0,0,0.0,stratified_80_20
77133,0,0,0.0,stratified_80_20
77139,0,0,0.0,stratified_80_20
77148,0,0,0.0,stratified_80_20
77152,0,0,0.0,stratified_80_20
77154,0,0,0.0,stratified_80_20
77155,0,0,0.0,stratified_80_20
77160,0,0,0.0,stratified_80_20
77161,0,0,0.0,stratified_80_20
77165,0,0,0.0,stratified_80_20
77169,0,0,0.0,stratified_80_20
77171,0,0,0.0,stratified_80_20
77172,0,0,0.0,stratified_80_20
77174,0,0,0.0,stratified_80_20
77175,0,0,0.0,stratified_80_20
77176,0,0,0.0,stratified_80_20
77177,0,0,0.0,stratified_80_20
77179,0,0,0.0,stratified_80_20
77181,0,0,0.0,stratified_80_20
77184,0,0,0.0,stratified_80_20
77198,0,0,0.0,stratified_80_20
77200,0,0,0.0,stratified_80_20
77202,0,0,0.0,stratified_80_20
77209,0,0,0.0,stratified_80_20
77210,0,0,0.0,stratified_80_20
77230,0,0,0.0,stratified_80_20
77232,0,0,0.0,stratified_80_20
77237,0,0,0.0,stratified_80_20
77238,0,0,0.0,stratified_80_20
77239,0,0,0.0,stratified_80_20
77244,0,0,0.0,stratified_80_20
77259,0,0,0.0,stratified_80_20
77262,0,0,0.0,stratified_80_20
77264,0,0,0.0,stratified_80_20
77265,0,0,0.0,stratified_80_20
77267,0,0,0.0,stratified_80_20
77269,0,0,0.0,stratified_80_20
77274,0,0,0.0,stratified_80_20
77280,0,0,0.0,stratified_80_20
77284,0,0,0.0,stratified_80_20
77288,0,0,0.0,stratified_80_20
77291,0,0,0.0,stratified_80_20
77293,0,0,0.0,stratified_80_20
77296,0,0,0.0,stratified_80_20
77297,0,0,0.0,stratified_80_20
77313,0,0,0.0,stratified_80_20
77316,0,0,0.0,stratified_80_20
77323,0,0,0.0,stratified_80_20
77325,0,0,0.0,stratified_80_20
77332,0,0,0.0,stratified_80_20
77333,0,0,0.0,stratified_80_20
77338,0,0,0.0,stratified_80_20
77345,0,0,0.0,stratified_80_20
77346,0,0,0.0,stratified_80_20
77350,0,0,0.0,stratified_80_20
77353,0,0,0.0,stratified_80_20
77356,0,0,0.0,stratified_80_20
77364,0,0,0.0,stratified_80_20
77365,0,0,0.0,stratified_80_20
77369,0,0,0.0,stratified_80_20
77371,0,0,0.0,stratified_80_20
77375,0,0,0.0,stratified_80_20
77377,0,0,0.0,stratified_80_20
77379,0,0,0.0,stratified_80_20
77382,0,0,0.0,stratified_80_20
77385,0,0,0.0,stratified_80_20
77386,0,0,0.0,stratified_80_20
77393,0,0,0.0,stratified_80_20
77399,0,0,0.0,stratified_80_20
77402,0,0,0.0,stratified_80_20
77409,0,0,0.0,stratified_80_20
77416,0,0,0.0,stratified_80_20
77420,0,0,0.0,stratified_80_20
77432,0,0,0.0,stratified_80_20
77433,0,0,0.0,stratified_80_20
77437,0,0,0.0,stratified_80_20
77442,0,0,0.0,stratified_80_20
77453,0,0,0.0,stratified_80_20
77459,0,0,0.0,stratified_80_20
77483,0,0,0.0,stratified_80_20
77493,0,0,0.0,stratified_80_20
77494,0,0,0.0,stratified_80_20
77497,0,0,0.0,stratified_80_20
77498,0,0,0.0,stratified_80_20
77513,0,0,0.0,stratified_80_20
77516,0,0,0.0,stratified_80_20
77518,0,0,0.0,stratified_80_20
77524,0,0,0.0,stratified_80_20
77525,0,0,0.0,stratified_80_20
77528,0,0,0.0,stratified_80_20
77533,0,0,0.0,stratified_80_20
77535,0,0,0.0,stratified_80_20
77538,0,0,0.0,stratified_80_20
77542,0,0,0.0,stratified_80_20
77547,0,0,0.0,stratified_80_20
77552,0,0,0.0,stratified_80_20
77557,0,0,0.0,stratified_80_20
77560,0,0,0.0,stratified_80_20
77561,0,0,0.0,stratified_80_20
77566,0,0,0.0,stratified_80_20
77567,0,0,0.0,stratified_80_20
77570,0,0,0.0,stratified_80_20
77578,0,0,0.0,stratified_80_20
77580,0,0,0.0,stratified_80_20
77586,0,0,0.0,stratified_80_20
77590,0,0,0.0,stratified_80_20
77593,0,0,0.0,stratified_80_20
77596,0,0,0.0,stratified_80_20
77599,0,0,0.0,stratified_80_20
77605,0,0,0.0,stratified_80_20
77608,0,0,0.0,stratified_80_20
77621,0,0,0.0,stratified_80_20
77623,0,0,0.0,stratified_80_20
77630,0,0,0.0,stratified_80_20
77632,0,0,0.0,stratified_80_20
77638,0,0,0.0,stratified_80_20
77646,0,0,0.0,stratified_80_20
77650,0,0,0.0,stratified_80_20
77655,0,0,0.0,stratified_80_20
77659,0,0,0.0,stratified_80_20
77661,0,0,0.0,stratified_80_20
77671,0,0,0.0,stratified_80_20
77673,0,0,0.0,stratified_80_20
77675,0,0,0.0,stratified_80_20
77690,0,0,0.0,stratified_80_20
77694,0,0,0.0,stratified_80_20
77695,0,0,0.0,stratified_80_20
77705,0,0,0.0,stratified_80_20
77712,0,0,0.0,stratified_80_20
77715,0,0,0.0,stratified_80_20
77720,0,0,0.0,stratified_80_20
77725,0,0,0.0,stratified_80_20
77727,0,0,0.0,stratified_80_20
77728,0,0,0.0,stratified_80_20
77730,0,0,0.0,stratified_80_20
77731,0,0,0.0,stratified_80_20
77744,0,0,0.0,stratified_80_20
77752,0,0,0.0,stratified_80_20
77757,0,0,0.0,stratified_80_20
77760,0,0,0.0,stratified_80_20
77769,0,0,0.0,stratified_80_20
77773,0,0,0.0,stratified_80_20
77775,0,0,0.0,stratified_80_20
77795,0,0,0.0,stratified_80_20
77797,0,0,0.0,stratified_80_20
77802,0,0,0.0,stratified_80_20
77803,0,0,0.0,stratified_80_20
77806,0,0,0.0,stratified_80_20
77825,0,0,0.0,stratified_80_20
77829,0,0,0.0,stratified_80_20
77843,0,0,0.0,stratified_80_20
77846,0,0,0.0,stratified_80_20
77850,0,0,0.0,stratified_80_20
77852,0,0,0.0,stratified_80_20
77857,0,0,0.0,stratified_80_20
77858,0,0,0.0,stratified_80_20
77863,0,0,0.0,stratified_80_20
77864,0,0,0.0,stratified_80_20
77865,0,0,0.0,stratified_80_20
77886,0,0,0.0,stratified_80_20
77891,0,0,0.0,stratified_80_20
77895,0,0,0.0,stratified_80_20
77902,0,0,0.0,stratified_80_20
77912,0,0,0.0,stratified_80_20
77913,0,0,0.0,stratified_80_20
77922,0,0,0.0,stratified_80_20
77929,0,0,0.0,stratified_80_20
77932,0,0,0.0,stratified_80_20
77935,0,0,0.0,stratified_80_20
77948,0,0,0.0,stratified_80_20
77951,0,0,0.0,stratified_80_20
77955,0,0,0.0,stratified_80_20
77956,0,0,0.0,stratified_80_20
77958,0,0,0.0,stratified_80_20
77963,0,0,0.0,stratified_80_20
77971,0,0,0.0,stratified_80_20
77989,0,0,0.0,stratified_80_20
77999,0,0,0.0,stratified_80_20
78007,0,0,0.0,stratified_80_20
78029,0,0,0.0,stratified_80_20
78033,0,0,0.0,stratified_80_20
78047,0,0,0.0,stratified_80_20
78048,0,0,0.0,stratified_80_20
78049,0,0,0.0,stratified_80_20
78051,0,0,0.0,stratified_80_20
78055,0,0,0.0,stratified_80_20
78065,0,0,0.0,stratified_80_20
78070,0,0,0.0,stratified_80_20
78074,0,0,0.0,stratified_80_20
78077,0,0,0.0,stratified_80_20
78079,0,0,0.0,stratified_80_20
78087,0,0,0.0,stratified_80_20
78089,0,0,0.0,stratified_80_20
78092,0,0,0.0,stratified_80_20
78093,0,0,0.0,stratified_80_20
78099,0,0,0.0,stratified_80_20
78101,0,0,0.0,stratified_80_20
78102,0,0,0.0,stratified_80_20
78103,0,0,0.0,stratified_80_20
78105,0,0,0.0,stratified_80_20
78107,0,0,0.0,stratified_80_20
78108,0,0,0.0,stratified_80_20
78113,0,0,0.0,stratified_80_20
78117,0,0,0.0,stratified_80_20
78123,0,0,0.0,stratified_80_20
78130,0,0,0.0,stratified_80_20
78141,0,0,0.0,stratified_80_20
78154,0,0,0.0,stratified_80_20
78158,0,0,0.0,stratified_80_20
78160,0,0,0.0,stratified_80_20
78163,0,0,0.0,stratified_80_20
78165,0,0,0.0,stratified_80_20
78167,0,0,0.0,stratified_80_20
78168,0,0,0.0,stratified_80_20
78172,0,0,0.0,stratified_80_20
78174,0,0,0.0,stratified_80_20
78190,0,0,0.0,stratified_80_20
78192,0,0,0.0,stratified_80_20
78198,0,0,0.0,stratified_80_20
78201,0,0,0.0,stratified_80_20
78215,0,0,0.0,stratified_80_20
78222,0,0,0.0,stratified_80_20
78223,0,0,0.0,stratified_80_20
78224,0,0,0.0,stratified_80_20
78226,0,0,0.0,stratified_80_20
78238,0,0,0.0,stratified_80_20
78245,0,0,0.0,stratified_80_20
78253,0,0,0.0,stratified_80_20
78259,0,0,0.0,stratified_80_20
78264,0,0,0.0,stratified_80_20
78276,0,0,0.0,stratified_80_20
78280,0,0,0.0,stratified_80_20
78281,0,0,0.0,stratified_80_20
78284,0,0,0.0,stratified_80_20
78293,0,0,0.0,stratified_80_20
78296,0,0,0.0,stratified_80_20
78311,0,0,0.0,stratified_80_20
78321,0,0,0.0,stratified_80_20
78322,0,0,0.0,stratified_80_20
78323,0,0,0.0,stratified_80_20
78327,0,0,0.0,stratified_80_20
78347,0,0,0.0,stratified_80_20
78349,0,0,0.0,stratified_80_20
78350,0,0,0.0,stratified_80_20
78352,0,0,0.0,stratified_80_20
78353,0,0,0.0,stratified_80_20
78357,0,0,0.0,stratified_80_20
78361,0,0,0.0,stratified_80_20
78363,0,0,0.0,stratified_80_20
78379,0,0,0.0,stratified_80_20
78380,0,0,0.0,stratified_80_20
78381,0,0,0.0,stratified_80_20
78386,0,0,0.0,stratified_80_20
78415,0,0,0.0,stratified_80_20
78428,0,0,0.0,stratified_80_20
78429,0,0,0.0,stratified_80_20
78434,0,0,0.0,stratified_80_20
78436,0,0,0.0,stratified_80_20
78440,0,0,0.0,stratified_80_20
78448,0,0,0.0,stratified_80_20
78451,0,0,0.0,stratified_80_20
78464,0,0,0.0,stratified_80_20
78473,0,0,0.0,stratified_80_20
78474,0,0,0.0,stratified_80_20
78475,0,0,0.0,stratified_80_20
78489,0,0,0.0,stratified_80_20
78505,0,0,0.0,stratified_80_20
78513,0,0,0.0,stratified_80_20
78515,0,0,0.0,stratified_80_20
78518,0,0,0.0,stratified_80_20
78524,0,0,0.0,stratified_80_20
78531,0,0,0.0,stratified_80_20
78532,0,0,0.0,stratified_80_20
78535,0,0,0.0,stratified_80_20
78536,0,0,0.0,stratified_80_20
78540,0,0,0.0,stratified_80_20
78544,0,0,0.0,stratified_80_20
78553,0,0,0.0,stratified_80_20
78561,0,0,0.0,stratified_80_20
78570,0,0,0.0,stratified_80_20
78582,0,0,0.0,stratified_80_20
78595,0,0,0.0,stratified_80_20
78599,0,0,0.0,stratified_80_20
78602,0,0,0.0,stratified_80_20
78605,0,0,0.0,stratified_80_20
78608,0,0,0.0,stratified_80_20
78612,0,0,0.0,stratified_80_20
78614,0,0,0.0,stratified_80_20
78618,0,0,0.0,stratified_80_20
78620,0,0,0.0,stratified_80_20
78627,0,0,0.0,stratified_80_20
78638,0,0,0.0,stratified_80_20
78640,0,0,0.0,stratified_80_20
78647,0,0,0.0,stratified_80_20
78649,0,0,0.0,stratified_80_20
78654,0,0,0.0,stratified_80_20
78673,0,0,0.0,stratified_80_20
78677,0,0,0.0,stratified_80_20
78686,0,0,0.0,stratified_80_20
78688,0,0,0.0,stratified_80_20
78705,0,0,0.0,stratified_80_20
78708,0,0,0.0,stratified_80_20
78710,0,0,0.0,stratified_80_20
78711,0,0,0.0,stratified_80_20
78712,0,0,0.0,stratified_80_20
78723,0,0,0.0,stratified_80_20
78741,0,0,0.0,stratified_80_20
78746,0,0,0.0,stratified_80_20
78755,0,0,0.0,stratified_80_20
78756,0,0,0.0,stratified_80_20
78757,0,0,0.0,stratified_80_20
78766,0,0,0.0,stratified_80_20
78768,0,0,0.0,stratified_80_20
78782,0,0,0.0,stratified_80_20
78789,0,0,0.0,stratified_80_20
78794,0,0,0.0,stratified_80_20
78796,0,0,0.0,stratified_80_20
78797,0,0,0.0,stratified_80_20
78799,0,0,0.0,stratified_80_20
78810,0,0,0.0,stratified_80_20
78813,0,0,0.0,stratified_80_20
78821,0,0,0.0,stratified_80_20
78825,0,0,0.0,stratified_80_20
78830,0,0,0.0,stratified_80_20
78834,0,0,0.0,stratified_80_20
78835,0,0,0.0,stratified_80_20
78844,0,0,0.0,stratified_80_20
78847,0,0,0.0,stratified_80_20
78848,0,0,0.0,stratified_80_20
78850,0,0,0.0,stratified_80_20
78861,0,0,0.0,stratified_80_20
78867,0,0,0.0,stratified_80_20
78876,0,0,0.0,stratified_80_20
78877,0,0,0.0,stratified_80_20
78882,0,0,0.0,stratified_80_20
78886,0,0,0.0,stratified_80_20
78888,0,0,0.0,stratified_80_20
78894,0,0,0.0,stratified_80_20
78895,0,0,0.0,stratified_80_20
78913,0,0,0.0,stratified_80_20
78919,0,0,0.0,stratified_80_20
78930,0,0,0.0,stratified_80_20
78937,0,0,0.0,stratified_80_20
78938,0,0,0.0,stratified_80_20
78959,0,0,0.0,stratified_80_20
78974,0,0,0.0,stratified_80_20
78978,0,0,0.0,stratified_80_20
78982,0,0,0.0,stratified_80_20
78990,0,0,0.0,stratified_80_20
78991,0,0,0.0,stratified_80_20
78997,0,0,0.0,stratified_80_20
79002,0,0,0.0,stratified_80_20
79013,0,0,0.0,stratified_80_20
79016,0,0,0.0,stratified_80_20
79022,0,0,0.0,stratified_80_20
79024,0,0,0.0,stratified_80_20
79025,0,0,0.0,stratified_80_20
79029,0,0,0.0,stratified_80_20
79030,0,0,0.0,stratified_80_20
79031,0,0,0.0,stratified_80_20
79032,0,0,0.0,stratified_80_20
79033,0,0,0.0,stratified_80_20
79037,0,0,0.0,stratified_80_20
79043,0,0,0.0,stratified_80_20
79044,0,0,0.0,stratified_80_20
79050,0,0,0.0,stratified_80_20
79068,0,0,0.0,stratified_80_20
79069,0,0,0.0,stratified_80_20
79072,0,0,0.0,stratified_80_20
79092,0,0,0.0,stratified_80_20
79094,0,0,0.0,stratified_80_20
79096,0,0,0.0,stratified_80_20
79100,0,0,0.0,stratified_80_20
79101,0,0,0.0,stratified_80_20
79105,0,0,0.0,stratified_80_20
79112,0,0,0.0,stratified_80_20
79116,0,0,0.0,stratified_80_20
79122,0,0,0.0,stratified_80_20
79124,0,0,0.0,stratified_80_20
79127,0,0,0.0,stratified_80_20
79142,0,0,0.0,stratified_80_20
79143,0,0,0.0,stratified_80_20
79146,0,0,0.0,stratified_80_20
79150,0,0,0.0,stratified_80_20
79152,0,0,0.0,stratified_80_20
79153,0,0,0.0,stratified_80_20
79155,0,0,0.0,stratified_80_20
79156,0,0,0.0,stratified_80_20
79157,0,0,0.0,stratified_80_20
79160,0,0,0.0,stratified_80_20
79177,0,0,0.0,stratified_80_20
79180,0,0,0.0,stratified_80_20
79183,0,0,0.0,stratified_80_20
79185,0,0,0.0,stratified_80_20
79192,0,0,0.0,stratified_80_20
79203,0,0,0.0,stratified_80_20
79220,0,0,0.0,stratified_80_20
79221,0,0,0.0,stratified_80_20
79244,0,0,0.0,stratified_80_20
79251,0,0,0.0,stratified_80_20
79259,0,0,0.0,stratified_80_20
79260,0,0,0.0,stratified_80_20
79263,0,0,0.0,stratified_80_20
79265,0,0,0.0,stratified_80_20
79273,0,0,0.0,stratified_80_20
79278,0,0,0.0,stratified_80_20
79280,0,0,0.0,stratified_80_20
79294,0,0,0.0,stratified_80_20
79295,0,0,0.0,stratified_80_20
79299,0,0,0.0,stratified_80_20
79310,0,0,0.0,stratified_80_20
79316,0,0,0.0,stratified_80_20
79326,0,0,0.0,stratified_80_20
79329,0,0,0.0,stratified_80_20
79330,0,0,0.0,stratified_80_20
79342,0,0,0.0,stratified_80_20
79348,0,0,0.0,stratified_80_20
79351,0,0,0.0,stratified_80_20
79352,0,0,0.0,stratified_80_20
79357,0,0,0.0,stratified_80_20
79360,0,0,0.0,stratified_80_20
79368,0,0,0.0,stratified_80_20
79369,0,0,0.0,stratified_80_20
79373,0,0,0.0,stratified_80_20
79376,0,0,0.0,stratified_80_20
79380,0,0,0.0,stratified_80_20
79381,0,0,0.0,stratified_80_20
79382,0,0,0.0,stratified_80_20
79390,0,0,0.0,stratified_80_20
79394,0,0,0.0,stratified_80_20
79397,0,0,0.0,stratified_80_20
79403,0,0,0.0,stratified_80_20
79406,0,0,0.0,stratified_80_20
79410,0,0,0.0,stratified_80_20
79422,0,0,0.0,stratified_80_20
79424,0,0,0.0,stratified_80_20
79428,0,0,0.0,stratified_80_20
79435,0,0,0.0,stratified_80_20
79438,0,0,0.0,stratified_80_20
79458,0,0,0.0,stratified_80_20
79460,0,0,0.0,stratified_80_20
79462,0,0,0.0,stratified_80_20
79463,0,0,0.0,stratified_80_20
79469,0,0,0.0,stratified_80_20
79470,0,0,0.0,stratified_80_20
79472,0,0,0.0,stratified_80_20
79477,0,0,0.0,stratified_80_20
79484,0,0,0.0,stratified_80_20
79488,0,0,0.0,stratified_80_20
79499,0,0,0.0,stratified_80_20
79505,0,0,0.0,stratified_80_20
79507,0,0,0.0,stratified_80_20
79516,0,0,0.0,stratified_80_20
79527,0,0,0.0,stratified_80_20
79528,0,0,0.0,stratified_80_20
79530,0,0,0.0,stratified_80_20
79532,0,0,0.0,stratified_80_20
79534,0,0,0.0,stratified_80_20
79538,0,0,0.0,stratified_80_20
79540,0,0,0.0,stratified_80_20
79549,0,0,0.0,stratified_80_20
79550,0,0,0.0,stratified_80_20
79552,0,0,0.0,stratified_80_20
79557,0,0,0.0,stratified_80_20
79559,0,0,0.0,stratified_80_20
79564,0,0,0.0,stratified_80_20
79566,0,0,0.0,stratified_80_20
79570,0,0,0.0,stratified_80_20
79584,0,0,0.0,stratified_80_20
79595,0,0,0.0,stratified_80_20
79598,0,0,0.0,stratified_80_20
79599,0,0,0.0,stratified_80_20
79600,0,0,0.0,stratified_80_20
79614,0,0,0.0,stratified_80_20
79617,0,0,0.0,stratified_80_20
79618,0,0,0.0,stratified_80_20
79619,0,0,0.0,stratified_80_20
79621,0,0,0.0,stratified_80_20
79624,0,0,0.0,stratified_80_20
79630,0,0,0.0,stratified_80_20
79633,0,0,0.0,stratified_80_20
79635,0,0,0.0,stratified_80_20
79643,0,0,0.0,stratified_80_20
79648,0,0,0.0,stratified_80_20
79649,0,0,0.0,stratified_80_20
79664,0,0,0.0,stratified_80_20
79667,0,0,0.0,stratified_80_20
79669,0,0,0.0,stratified_80_20
79673,0,0,0.0,stratified_80_20
79676,0,0,0.0,stratified_80_20
79678,0,0,0.0,stratified_80_20
79680,0,0,0.0,stratified_80_20
79681,0,0,0.0,stratified_80_20
79704,0,0,0.0,stratified_80_20
79706,0,0,0.0,stratified_80_20
79709,0,0,0.0,stratified_80_20
79712,0,0,0.0,stratified_80_20
79714,0,0,0.0,stratified_80_20
79724,0,0,0.0,stratified_80_20
79732,0,0,0.0,stratified_80_20
79735,0,0,0.0,stratified_80_20
79745,0,0,0.0,stratified_80_20
79752,0,0,0.0,stratified_80_20
79754,0,0,0.0,stratified_80_20
79761,0,0,0.0,stratified_80_20
79765,0,0,0.0,stratified_80_20
79766,0,0,0.0,stratified_80_20
79767,0,0,0.0,stratified_80_20
79769,0,0,0.0,stratified_80_20
79771,0,0,0.0,stratified_80_20
79775,0,0,0.0,stratified_80_20
79784,0,0,0.0,stratified_80_20
79787,0,0,0.0,stratified_80_20
79791,0,0,0.0,stratified_80_20
79794,0,0,0.0,stratified_80_20
79795,0,0,0.0,stratified_80_20
79799,0,0,0.0,stratified_80_20
79820,0,0,0.0,stratified_80_20
79823,0,0,0.0,stratified_80_20
79826,0,0,0.0,stratified_80_20
79828,0,0,0.0,stratified_80_20
79843,0,0,0.0,stratified_80_20
79853,0,0,0.0,stratified_80_20
79855,0,0,0.0,stratified_80_20
79862,0,0,0.0,stratified_80_20
79866,0,0,0.0,stratified_80_20
79869,0,0,0.0,stratified_80_20
79872,0,0,0.0,stratified_80_20
79874,0,0,0.0,stratified_80_20
79875,0,0,0.0,stratified_80_20
79879,0,0,0.0,stratified_80_20
79880,0,0,0.0,stratified_80_20
79889,0,0,0.0,stratified_80_20
79895,0,0,0.0,stratified_80_20
79904,0,0,0.0,stratified_80_20
79914,0,0,0.0,stratified_80_20
79916,0,0,0.0,stratified_80_20
79920,0,0,0.0,stratified_80_20
79921,0,0,0.0,stratified_80_20
79928,0,0,0.0,stratified_80_20
79933,0,0,0.0,stratified_80_20
79938,0,0,0.0,stratified_80_20
79952,0,0,0.0,stratified_80_20
79956,0,0,0.0,stratified_80_20
79959,0,0,0.0,stratified_80_20
79965,0,0,0.0,stratified_80_20
79972,0,0,0.0,stratified_80_20
79975,0,0,0.0,stratified_80_20
79982,0,0,0.0,stratified_80_20
79983,0,0,0.0,stratified_80_20
79985,0,0,0.0,stratified_80_20
79989,0,0,0.0,stratified_80_20
79994,0,0,0.0,stratified_80_20
80001,0,0,0.0,stratified_80_20
80002,0,0,0.0,stratified_80_20
80013,0,0,0.0,stratified_80_20
80017,0,0,0.0,stratified_80_20
80018,0,0,0.0,stratified_80_20
80020,0,0,0.0,stratified_80_20
80030,0,0,0.0,stratified_80_20
80040,0,0,0.0,stratified_80_20
80042,0,0,0.0,stratified_80_20
80044,0,0,0.0,stratified_80_20
80046,0,0,0.0,stratified_80_20
80047,0,0,0.0,stratified_80_20
80049,0,0,0.0,stratified_80_20
80051,0,0,0.0,stratified_80_20
80061,0,0,0.0,stratified_80_20
80062,0,0,0.0,stratified_80_20
80063,0,0,0.0,stratified_80_20
80064,0,0,0.0,stratified_80_20
80067,0,0,0.0,stratified_80_20
80074,0,0,0.0,stratified_80_20
80081,0,0,0.0,stratified_80_20
80097,0,0,0.0,stratified_80_20
80101,0,0,0.0,stratified_80_20
80103,0,0,0.0,stratified_80_20
80104,0,0,0.0,stratified_80_20
80109,0,0,0.0,stratified_80_20
80114,0,0,0.0,stratified_80_20
80116,0,0,0.0,stratified_80_20
80117,0,0,0.0,stratified_80_20
80124,0,0,0.0,stratified_80_20
80126,0,0,0.0,stratified_80_20
80129,0,0,0.0,stratified_80_20
80133,0,0,0.0,stratified_80_20
80140,0,0,0.0,stratified_80_20
80141,0,0,0.0,stratified_80_20
80147,0,0,0.0,stratified_80_20
80154,0,0,0.0,stratified_80_20
80156,0,0,0.0,stratified_80_20
80157,0,0,0.0,stratified_80_20
80158,0,0,0.0,stratified_80_20
80159,0,0,0.0,stratified_80_20
80162,0,0,0.0,stratified_80_20
80166,0,0,0.0,stratified_80_20
80168,0,0,0.0,stratified_80_20
80171,0,0,0.0,stratified_80_20
80175,0,0,0.0,stratified_80_20
80186,0,0,0.0,stratified_80_20
80192,0,0,0.0,stratified_80_20
80199,0,0,0.0,stratified_80_20
80200,0,0,0.0,stratified_80_20
80210,0,0,0.0,stratified_80_20
80212,0,0,0.0,stratified_80_20
80218,0,0,0.0,stratified_80_20
80220,0,0,0.0,stratified_80_20
80222,0,0,0.0,stratified_80_20
80229,0,0,0.0,stratified_80_20
80230,0,0,0.0,stratified_80_20
80242,0,0,0.0,stratified_80_20
80245,0,0,0.0,stratified_80_20
80254,0,0,0.0,stratified_80_20
80261,0,0,0.0,stratified_80_20
80264,0,0,0.0,stratified_80_20
80268,0,0,0.0,stratified_80_20
80269,0,0,0.0,stratified_80_20
80273,0,0,0.0,stratified_80_20
80275,0,0,0.0,stratified_80_20
80277,0,0,0.0,stratified_80_20
80280,0,0,0.0,stratified_80_20
80285,0,0,0.0,stratified_80_20
80293,0,0,0.0,stratified_80_20
80296,0,0,0.0,stratified_80_20
80305,0,0,0.0,stratified_80_20
80314,0,0,0.0,stratified_80_20
80316,0,0,0.0,stratified_80_20
80318,0,0,0.0,stratified_80_20
80321,0,0,0.0,stratified_80_20
80322,0,0,0.0,stratified_80_20
80330,0,0,0.0,stratified_80_20
80333,0,0,0.0,stratified_80_20
80337,0,0,0.0,stratified_80_20
80339,0,0,0.0,stratified_80_20
80340,0,0,0.0,stratified_80_20
80343,0,0,0.0,stratified_80_20
80349,0,0,0.0,stratified_80_20
80356,0,0,0.0,stratified_80_20
80360,0,0,0.0,stratified_80_20
80374,0,0,0.0,stratified_80_20
80377,0,0,0.0,stratified_80_20
80384,0,0,0.0,stratified_80_20
80394,0,0,0.0,stratified_80_20
80403,0,0,0.0,stratified_80_20
80408,0,0,0.0,stratified_80_20
80418,0,0,0.0,stratified_80_20
80425,0,0,0.0,stratified_80_20
80436,0,0,0.0,stratified_80_20
80439,0,0,0.0,stratified_80_20
80442,0,0,0.0,stratified_80_20
80443,0,0,0.0,stratified_80_20
80444,0,0,0.0,stratified_80_20
