flow_row_id,true_label,predicted_label,predicted_probability,evaluation_protocol
2,0,0,0.0,stratified_80_20
9,0,0,0.0,stratified_80_20
10,0,0,0.0,stratified_80_20
12,0,0,0.0,stratified_80_20
16,0,0,0.0,stratified_80_20
21,0,0,0.0,stratified_80_20
28,0,0,0.0,stratified_80_20
48,0,0,0.0,stratified_80_20
55,0,0,0.0,stratified_80_20
60,0,0,0.0,stratified_80_20
66,0,0,0.0,stratified_80_20
67,0,0,0.0,stratified_80_20
74,0,0,0.0,stratified_80_20
77,0,0,0.0,stratified_80_20
78,0,0,0.0,stratified_80_20
82,0,0,0.0,stratified_80_20
93,0,0,0.0,stratified_80_20
97,0,0,0.0,stratified_80_20
105,0,0,0.0,stratified_80_20
112,0,0,0.0,stratified_80_20
117,0,0,0.0,stratified_80_20
125,0,0,0.0,stratified_80_20
126,0,0,0.0,stratified_80_20
132,0,0,0.0,stratified_80_20
136,0,0,0.0,stratified_80_20
138,0,0,0.0,stratified_80_20
141,0,0,0.0,stratified_80_20
143,0,0,0.0,stratified_80_20
145,0,0,0.0,stratified_80_20
148,0,0,0.0,stratified_80_20
153,0,0,0.0,stratified_80_20
155,0,0,0.0,stratified_80_20
159,0,0,0.0,stratified_80_20
161,0,0,0.0,stratified_80_20
162,0,0,0.0,stratified_80_20
163,0,0,0.0,stratified_80_20
174,0,0,0.0,stratified_80_20
178,0,0,0.0,stratified_80_20
179,0,0,0.0,stratified_80_20
189,0,0,0.0,stratified_80_20
190,0,0,0.0,stratified_80_20
191,0,0,0.0,stratified_80_20
192,0,0,0.0,stratified_80_20
193,0,0,0.0,stratified_80_20
197,0,0,0.0,stratified_80_20
203,0,0,0.0,stratified_80_20
206,0,0,0.0,stratified_80_20
207,0,0,0.0,stratified_80_20
211,0,0,0.0,stratified_80_20
215,0,0,0.0,stratified_80_20
220,0,0,0.0,stratified_80_20
228,0,0,0.0,stratified_80_20
229,0,0,0.0,stratified_80_20
235,0,0,0.0,stratified_80_20
238,0,0,0.0,stratified_80_20
240,0,0,0.0,stratified_80_20
244,0,0,0.0,stratified_80_20
249,0,0,0.0,stratified_80_20
256,0,0,0.0,stratified_80_20
258,0,0,0.0,stratified_80_20
276,0,0,0.0,stratified_80_20
281,0,0,0.0,stratified_80_20
282,0,0,0.0,stratified_80_20
287,0,0,0.0,stratified_80_20
294,0,0,0.0,stratified_80_20
301,0,0,0.0,stratified_80_20
302,0,0,0.0,stratified_80_20
307,0,0,0.0,stratified_80_20
320,0,0,0.0,stratified_80_20
328,0,0,0.0,stratified_80_20
331,0,0,0.0,stratified_80_20
336,0,0,0.0,stratified_80_20
338,0,0,0.0,stratified_80_20
340,0,0,0.0,stratified_80_20
350,0,0,0.0,stratified_80_20
352,0,0,0.0,stratified_80_20
358,0,0,0.0,stratified_80_20
363,0,0,0.0,stratified_80_20
364,0,0,0.0,stratified_80_20
365,0,0,0.0,stratified_80_20
368,0,0,0.0,stratified_80_20
370,0,0,0.0,stratified_80_20
372,0,0,0.0,stratified_80_20
375,0,0,0.0,stratified_80_20
384,0,0,0.0,stratified_80_20
389,0,0,0.0,stratified_80_20
390,0,0,0.0,stratified_80_20
400,0,0,0.0,stratified_80_20
402,0,0,0.0,stratified_80_20
404,0,0,0.0,stratified_80_20
406,0,0,0.0,stratified_80_20
412,0,0,0.0,stratified_80_20
417,0,0,0.0,stratified_80_20
446,0,0,0.0,stratified_80_20
453,0,0,0.0,stratified_80_20
463,0,0,0.0,stratified_80_20
481,0,0,0.0,stratified_80_20
486,0,0,0.0,stratified_80_20
488,0,0,0.0,stratified_80_20
489,0,0,0.0,stratified_80_20
490,0,0,0.0,stratified_80_20
492,0,0,0.0,stratified_80_20
495,0,0,0.0,stratified_80_20
504,0,0,0.0,stratified_80_20
507,0,0,0.0,stratified_80_20
515,0,0,0.0,stratified_80_20
519,0,0,0.0,stratified_80_20
524,0,0,0.0,stratified_80_20
525,0,0,0.0,stratified_80_20
526,0,0,0.0,stratified_80_20
534,0,0,0.0,stratified_80_20
541,0,0,0.0,stratified_80_20
545,0,0,0.0,stratified_80_20
555,0,0,0.0,stratified_80_20
557,0,0,0.0,stratified_80_20
560,0,0,0.0,stratified_80_20
569,0,0,0.0,stratified_80_20
570,0,0,0.0,stratified_80_20
587,0,0,0.0,stratified_80_20
589,0,0,0.0,stratified_80_20
595,0,0,0.0,stratified_80_20
597,0,0,0.0,stratified_80_20
614,0,0,0.0,stratified_80_20
615,0,0,0.0,stratified_80_20
619,0,0,0.0,stratified_80_20
627,0,0,0.0,stratified_80_20
645,0,0,0.0,stratified_80_20
652,0,0,0.0,stratified_80_20
654,0,0,0.0,stratified_80_20
661,0,0,0.0,stratified_80_20
663,0,0,0.0,stratified_80_20
665,0,0,0.0,stratified_80_20
667,0,0,0.0,stratified_80_20
669,0,0,0.0,stratified_80_20
670,0,0,0.0,stratified_80_20
671,0,0,0.0,stratified_80_20
678,0,0,0.0,stratified_80_20
680,0,0,0.0,stratified_80_20
691,0,0,0.0,stratified_80_20
692,0,0,0.0,stratified_80_20
698,0,0,0.0,stratified_80_20
699,0,0,0.0,stratified_80_20
706,0,0,0.0,stratified_80_20
717,0,0,0.0,stratified_80_20
719,0,0,0.0,stratified_80_20
726,0,0,0.0,stratified_80_20
727,0,0,0.0,stratified_80_20
728,0,0,0.0,stratified_80_20
731,0,0,0.0,stratified_80_20
737,0,0,0.0,stratified_80_20
739,0,0,0.0,stratified_80_20
755,0,0,0.0,stratified_80_20
760,0,0,0.0,stratified_80_20
767,0,0,0.0,stratified_80_20
769,0,0,0.0,stratified_80_20
778,0,0,0.0,stratified_80_20
781,0,0,0.0,stratified_80_20
784,0,0,0.0,stratified_80_20
785,0,0,0.0,stratified_80_20
786,0,0,0.0,stratified_80_20
787,0,0,0.0,stratified_80_20
788,0,0,0.0,stratified_80_20
798,0,0,0.0,stratified_80_20
801,0,0,0.0,stratified_80_20
806,0,0,0.0,stratified_80_20
808,0,0,0.0,stratified_80_20
814,0,0,0.0,stratified_80_20
818,0,0,0.0,stratified_80_20
822,0,0,0.0,stratified_80_20
834,0,0,0.0,stratified_80_20
835,0,0,0.0,stratified_80_20
845,0,0,0.0,stratified_80_20
846,0,0,0.0,stratified_80_20
851,0,0,0.0,stratified_80_20
854,0,0,0.0,stratified_80_20
858,0,0,0.0,stratified_80_20
859,0,0,0.0,stratified_80_20
860,0,0,0.0,stratified_80_20
864,0,0,0.0,stratified_80_20
865,0,0,0.0,stratified_80_20
869,0,0,0.0,stratified_80_20
870,0,0,0.0,stratified_80_20
876,0,0,0.0,stratified_80_20
877,0,0,0.0,stratified_80_20
882,0,0,0.0,stratified_80_20
887,0,0,0.0,stratified_80_20
889,0,0,0.0,stratified_80_20
893,0,0,0.0,stratified_80_20
899,0,0,0.0,stratified_80_20
901,0,0,0.0,stratified_80_20
909,0,0,0.0,stratified_80_20
917,0,0,0.0,stratified_80_20
922,0,0,0.0,stratified_80_20
924,0,0,0.0,stratified_80_20
929,0,0,0.0,stratified_80_20
931,0,0,0.0,stratified_80_20
935,0,0,0.0,stratified_80_20
946,0,0,0.0,stratified_80_20
954,0,0,0.0,stratified_80_20
956,0,0,0.0,stratified_80_20
968,0,0,0.0,stratified_80_20
992,0,0,0.0,stratified_80_20
1001,0,0,0.0,stratified_80_20
1007,0,0,0.0,stratified_80_20
1013,0,0,0.0,stratified_80_20
1014,0,0,0.0,stratified_80_20
1015,0,0,0.0,stratified_80_20
1016,0,0,0.0,stratified_80_20
1021,0,0,0.0,stratified_80_20
1040,0,0,0.0,stratified_80_20
1044,0,0,0.0,stratified_80_20
1051,0,0,0.0,stratified_80_20
1058,0,0,0.0,stratified_80_20
1062,0,0,0.0,stratified_80_20
1067,0,0,0.0,stratified_80_20
1070,0,0,0.0,stratified_80_20
1073,0,0,0.0,stratified_80_20
1079,0,0,0.0,stratified_80_20
1081,0,0,0.0,stratified_80_20
1088,0,0,0.0,stratified_80_20
1089,0,0,0.0,stratified_80_20
1093,0,0,0.0,stratified_80_20
1094,0,0,0.0,stratified_80_20
1098,0,0,0.0,stratified_80_20
1102,0,0,0.0,stratified_80_20
1105,0,0,0.0,stratified_80_20
1116,0,0,0.0,stratified_80_20
1120,0,0,0.0,stratified_80_20
1125,0,0,0.0,stratified_80_20
1129,0,0,0.0,stratified_80_20
1132,0,0,0.0,stratified_80_20
1134,0,0,0.0,stratified_80_20
1136,0,0,0.0,stratified_80_20
1140,0,0,0.0,stratified_80_20
1141,0,0,0.0,stratified_80_20
1150,0,0,0.0,stratified_80_20
1154,0,0,0.0,stratified_80_20
1155,0,0,0.0,stratified_80_20
1161,0,0,0.0,stratified_80_20
1167,0,0,0.0,stratified_80_20
1168,0,0,0.0,stratified_80_20
1170,0,0,0.0,stratified_80_20
1171,0,0,0.0,stratified_80_20
1172,0,0,0.0,stratified_80_20
1177,0,0,0.0,stratified_80_20
1184,0,0,0.0,stratified_80_20
1191,0,0,0.0,stratified_80_20
1195,0,0,0.0,stratified_80_20
1196,0,0,0.0,stratified_80_20
1200,0,0,0.0,stratified_80_20
1207,0,0,0.0,stratified_80_20
1209,0,0,0.0,stratified_80_20
1211,0,0,0.0,stratified_80_20
1214,0,0,0.0,stratified_80_20
1230,0,0,0.0,stratified_80_20
1239,0,0,0.0,stratified_80_20
1242,0,0,0.0,stratified_80_20
1245,0,0,0.0,stratified_80_20
1252,0,0,0.0,stratified_80_20
1262,0,0,0.0,stratified_80_20
1267,0,0,0.0,stratified_80_20
1269,0,0,0.0,stratified_80_20
1273,0,0,0.0,stratified_80_20
1279,0,0,0.0,stratified_80_20
1283,0,0,0.0,stratified_80_20
1294,0,0,0.0,stratified_80_20
1299,0,0,0.0,stratified_80_20
1301,0,0,0.0,stratified_80_20
1306,0,0,0.0,stratified_80_20
1307,0,0,0.0,stratified_80_20
1308,0,0,0.0,stratified_80_20
1312,0,0,0.0,stratified_80_20
1313,0,0,0.0,stratified_80_20
1316,0,0,0.0,stratified_80_20
1324,0,0,0.0,stratified_80_20
1341,0,0,0.0,stratified_80_20
1342,0,0,0.0,stratified_80_20
1353,0,0,0.0,stratified_80_20
1361,0,0,0.0,stratified_80_20
1363,0,0,0.0,stratified_80_20
1364,0,0,0.0,stratified_80_20
1367,0,0,0.0,stratified_80_20
1375,0,0,0.0,stratified_80_20
1376,0,0,0.0,stratified_80_20
1378,0,0,0.0,stratified_80_20
1379,0,0,0.0,stratified_80_20
1381,0,0,0.0,stratified_80_20
1382,0,0,0.0,stratified_80_20
1386,0,0,0.0,stratified_80_20
1401,0,0,0.0,stratified_80_20
1403,0,0,0.0,stratified_80_20
1407,0,0,0.0,stratified_80_20
1409,0,0,0.0,stratified_80_20
1424,0,0,0.0,stratified_80_20
1425,0,0,0.0,stratified_80_20
1431,0,0,0.0,stratified_80_20
1435,0,0,0.0,stratified_80_20
1436,0,0,0.0,stratified_80_20
1445,0,0,0.0,stratified_80_20
1447,0,0,0.0,stratified_80_20
1449,0,0,0.0,stratified_80_20
1462,0,0,0.0,stratified_80_20
1466,0,0,0.0,stratified_80_20
1468,0,0,0.0,stratified_80_20
1469,0,0,0.0,stratified_80_20
1481,0,0,0.0,stratified_80_20
1492,0,0,0.0,stratified_80_20
1502,0,0,0.0,stratified_80_20
1506,0,0,0.0,stratified_80_20
1515,0,0,0.0,stratified_80_20
1518,0,0,0.0,stratified_80_20
1519,0,0,0.0,stratified_80_20
1524,0,0,0.0,stratified_80_20
1529,0,0,0.0,stratified_80_20
1531,0,0,0.0,stratified_80_20
1537,0,0,0.0,stratified_80_20
1538,0,0,0.0,stratified_80_20
1539,0,0,0.0,stratified_80_20
1541,0,0,0.0,stratified_80_20
1542,0,0,0.0,stratified_80_20
1545,0,0,0.0,stratified_80_20
1548,0,0,0.0,stratified_80_20
1551,0,0,0.0,stratified_80_20
1552,0,0,0.0,stratified_80_20
1560,0,0,0.0,stratified_80_20
1577,0,0,0.0,stratified_80_20
1582,0,0,0.0,stratified_80_20
1585,0,0,0.0,stratified_80_20
1587,0,0,0.0,stratified_80_20
1589,0,0,0.0,stratified_80_20
1591,0,0,0.0,stratified_80_20
1600,0,0,0.0,stratified_80_20
1605,0,0,0.0,stratified_80_20
1609,0,0,0.0,stratified_80_20
1619,0,0,0.0,stratified_80_20
1620,0,0,0.0,stratified_80_20
1622,0,0,0.0,stratified_80_20
1627,0,0,0.0,stratified_80_20
1629,0,0,0.0,stratified_80_20
1630,0,0,0.0,stratified_80_20
1633,0,0,0.0,stratified_80_20
1636,0,0,0.0,stratified_80_20
1637,0,0,0.0,stratified_80_20
1645,0,0,0.0,stratified_80_20
1651,0,0,0.0,stratified_80_20
1657,0,0,0.0,stratified_80_20
1658,0,0,0.0,stratified_80_20
1667,0,0,0.0,stratified_80_20
1674,0,0,0.0,stratified_80_20
1678,0,0,0.0,stratified_80_20
1679,0,0,0.0,stratified_80_20
1685,0,0,0.0,stratified_80_20
1695,0,0,0.0,stratified_80_20
1700,0,0,0.0,stratified_80_20
1708,0,0,0.0,stratified_80_20
1724,0,0,0.0,stratified_80_20
1725,0,0,0.0,stratified_80_20
1726,0,0,0.0,stratified_80_20
1727,0,0,0.0,stratified_80_20
1734,0,0,0.0,stratified_80_20
1737,0,0,0.0,stratified_80_20
1742,0,0,0.0,stratified_80_20
1750,0,0,0.0,stratified_80_20
1752,0,0,0.0,stratified_80_20
1754,0,0,0.0,stratified_80_20
1757,0,0,0.0,stratified_80_20
1759,0,0,0.0,stratified_80_20
1762,0,0,0.0,stratified_80_20
1764,0,0,0.0,stratified_80_20
1770,0,0,0.0,stratified_80_20
1777,0,0,0.0,stratified_80_20
1779,0,0,0.0,stratified_80_20
1785,0,0,0.0,stratified_80_20
1789,0,0,0.0,stratified_80_20
1798,0,0,0.0,stratified_80_20
1802,0,0,0.0,stratified_80_20
1813,0,0,0.0,stratified_80_20
1814,0,0,0.0,stratified_80_20
1820,0,0,0.0,stratified_80_20
1823,0,0,0.0,stratified_80_20
1828,0,0,0.0,stratified_80_20
1831,0,0,0.0,stratified_80_20
1848,0,0,0.0,stratified_80_20
1849,0,0,0.0,stratified_80_20
1855,0,0,0.0,stratified_80_20
1875,0,0,0.0,stratified_80_20
1881,0,0,0.0,stratified_80_20
1885,0,0,0.0,stratified_80_20
1893,0,0,0.0,stratified_80_20
1898,0,0,0.0,stratified_80_20
1899,0,0,0.0,stratified_80_20
1906,0,0,0.0,stratified_80_20
1907,0,0,0.0,stratified_80_20
1908,0,0,0.0,stratified_80_20
1909,0,0,0.0,stratified_80_20
1914,0,0,0.0,stratified_80_20
1917,0,0,0.0,stratified_80_20
1920,0,0,0.0,stratified_80_20
1925,0,0,0.0,stratified_80_20
1932,0,0,0.0,stratified_80_20
1936,0,0,0.0,stratified_80_20
1951,0,0,0.0,stratified_80_20
1958,0,0,0.0,stratified_80_20
1960,0,0,0.0,stratified_80_20
1961,0,0,0.0,stratified_80_20
1969,0,0,0.0,stratified_80_20
1970,0,0,0.0,stratified_80_20
1980,0,0,0.0,stratified_80_20
1986,0,0,0.0,stratified_80_20
1987,0,0,0.0,stratified_80_20
1988,0,0,0.0,stratified_80_20
1990,0,0,0.0,stratified_80_20
1996,0,0,0.0,stratified_80_20
1998,0,0,0.0,stratified_80_20
2011,0,0,0.0,stratified_80_20
2013,0,0,0.0,stratified_80_20
2015,0,0,0.0,stratified_80_20
2017,0,0,0.0,stratified_80_20
2023,0,0,0.0,stratified_80_20
2024,0,0,0.0,stratified_80_20
2027,0,0,0.0,stratified_80_20
2031,0,0,0.0,stratified_80_20
2032,0,0,0.0,stratified_80_20
2035,0,0,0.0,stratified_80_20
2042,0,0,0.0,stratified_80_20
2044,0,0,0.0,stratified_80_20
2048,0,0,0.0,stratified_80_20
2049,0,0,0.0,stratified_80_20
2050,0,0,0.0,stratified_80_20
2062,0,0,0.0,stratified_80_20
2064,0,0,0.0,stratified_80_20
2073,0,0,0.0,stratified_80_20
2077,0,0,0.0,stratified_80_20
2079,0,0,0.0,stratified_80_20
2080,0,0,0.0,stratified_80_20
2092,0,0,0.0,stratified_80_20
2093,0,0,0.0,stratified_80_20
2096,0,0,0.0,stratified_80_20
2100,0,0,0.0,stratified_80_20
2103,0,0,0.0,stratified_80_20
2105,0,0,0.0,stratified_80_20
2106,0,0,0.0,stratified_80_20
2107,0,0,0.0,stratified_80_20
2113,0,0,0.0,stratified_80_20
2121,0,0,0.0,stratified_80_20
2123,0,0,0.0,stratified_80_20
2125,0,0,0.0,stratified_80_20
2139,0,0,0.0,stratified_80_20
2147,0,0,0.0,stratified_80_20
2148,0,0,0.0,stratified_80_20
2155,0,0,0.0,stratified_80_20
2159,0,0,0.0,stratified_80_20
2169,0,0,0.0,stratified_80_20
2172,0,0,0.0,stratified_80_20
2176,0,0,0.0,stratified_80_20
2179,0,0,0.0,stratified_80_20
2187,0,0,0.0,stratified_80_20
2192,0,0,0.0,stratified_80_20
2196,0,0,0.0,stratified_80_20
2198,0,0,0.0,stratified_80_20
2200,0,0,0.0,stratified_80_20
2204,0,0,0.0,stratified_80_20
2217,0,0,0.0,stratified_80_20
2219,0,0,0.0,stratified_80_20
2224,0,0,0.0,stratified_80_20
2230,0,0,0.0,stratified_80_20
2243,0,0,0.0,stratified_80_20
2244,0,0,0.0,stratified_80_20
2251,0,0,0.0,stratified_80_20
2253,0,0,0.0,stratified_80_20
2257,0,0,0.0,stratified_80_20
2261,0,0,0.0,stratified_80_20
2272,0,0,0.0,stratified_80_20
2282,0,0,0.0,stratified_80_20
2283,0,0,0.0,stratified_80_20
2285,0,0,0.0,stratified_80_20
2302,0,0,0.0,stratified_80_20
2307,0,0,0.0,stratified_80_20
2311,0,0,0.0,stratified_80_20
2317,0,0,0.0,stratified_80_20
2327,0,0,0.0,stratified_80_20
2336,0,0,0.0,stratified_80_20
2352,0,0,0.0,stratified_80_20
2353,0,0,0.0,stratified_80_20
2356,0,0,0.0,stratified_80_20
2368,0,0,0.0,stratified_80_20
2370,0,0,0.0,stratified_80_20
2378,0,0,0.0,stratified_80_20
2382,0,0,0.0,stratified_80_20
2384,0,0,0.0,stratified_80_20
2396,0,0,0.0,stratified_80_20
2402,0,0,0.0,stratified_80_20
2410,0,0,0.0,stratified_80_20
2413,0,0,0.0,stratified_80_20
2421,0,0,0.0,stratified_80_20
2426,0,0,0.0,stratified_80_20
2429,0,0,0.0,stratified_80_20
2431,0,0,0.0,stratified_80_20
2433,0,0,0.0,stratified_80_20
2443,0,0,0.0,stratified_80_20
2454,0,0,0.0,stratified_80_20
2461,0,0,0.0,stratified_80_20
2462,0,0,0.0,stratified_80_20
2469,0,0,0.0,stratified_80_20
2472,0,0,0.0,stratified_80_20
2475,0,0,0.0,stratified_80_20
2482,0,0,0.0,stratified_80_20
2486,0,0,0.0,stratified_80_20
2490,0,0,0.0,stratified_80_20
2491,0,0,0.0,stratified_80_20
2509,0,0,0.0,stratified_80_20
2511,0,0,0.0,stratified_80_20
2513,0,0,0.0,stratified_80_20
2520,0,0,0.0,stratified_80_20
2523,0,0,0.0,stratified_80_20
2537,0,0,0.0,stratified_80_20
2539,0,0,0.0,stratified_80_20
2551,0,0,0.0,stratified_80_20
2557,0,0,0.0,stratified_80_20
2563,0,0,0.0,stratified_80_20
2567,0,0,0.0,stratified_80_20
2568,0,0,0.0,stratified_80_20
2573,0,0,0.0,stratified_80_20
2575,0,0,0.0,stratified_80_20
2580,0,0,0.0,stratified_80_20
2581,0,0,0.0,stratified_80_20
2586,0,0,0.0,stratified_80_20
2591,0,0,0.0,stratified_80_20
2597,0,0,0.0,stratified_80_20
2600,0,0,0.0,stratified_80_20
2607,0,0,0.0,stratified_80_20
2610,0,0,0.0,stratified_80_20
2612,0,0,0.0,stratified_80_20
2618,0,0,0.0,stratified_80_20
2623,0,0,0.0,stratified_80_20
2637,0,0,0.0,stratified_80_20
2642,0,0,0.0,stratified_80_20
2643,0,0,0.0,stratified_80_20
2648,0,0,0.0,stratified_80_20
2651,0,0,0.0,stratified_80_20
2659,0,0,0.0,stratified_80_20
2663,0,0,0.0,stratified_80_20
2671,0,0,0.0,stratified_80_20
2686,0,0,0.0,stratified_80_20
2690,0,0,0.0,stratified_80_20
2693,0,0,0.0,stratified_80_20
2695,0,0,0.0,stratified_80_20
2708,0,0,0.0,stratified_80_20
2711,0,0,0.0,stratified_80_20
2716,0,0,0.0,stratified_80_20
2717,0,0,0.0,stratified_80_20
2719,0,0,0.0,stratified_80_20
2738,0,0,0.0,stratified_80_20
2739,0,0,0.0,stratified_80_20
2745,0,0,0.0,stratified_80_20
2747,0,0,0.0,stratified_80_20
2759,0,0,0.0,stratified_80_20
2763,0,0,0.0,stratified_80_20
2765,0,0,0.0,stratified_80_20
2773,0,0,0.0,stratified_80_20
2775,0,0,0.0,stratified_80_20
2776,0,0,0.0,stratified_80_20
2779,0,0,0.0,stratified_80_20
2785,0,0,0.0,stratified_80_20
2786,0,0,0.0,stratified_80_20
2787,0,0,0.0,stratified_80_20
2795,0,0,0.0,stratified_80_20
2800,0,0,0.0,stratified_80_20
2801,0,0,0.0,stratified_80_20
2808,0,0,0.0,stratified_80_20
2809,0,0,0.0,stratified_80_20
2810,0,0,0.0,stratified_80_20
2811,0,0,0.0,stratified_80_20
2823,0,0,0.0,stratified_80_20
2831,0,0,0.0,stratified_80_20
2832,0,0,0.0,stratified_80_20
2833,0,0,0.0,stratified_80_20
2835,0,0,0.0,stratified_80_20
2839,0,0,0.0,stratified_80_20
2841,0,0,0.0,stratified_80_20
2843,0,0,0.0,stratified_80_20
2849,0,0,0.0,stratified_80_20
2850,0,0,0.0,stratified_80_20
2852,0,0,0.0,stratified_80_20
2866,0,0,0.0,stratified_80_20
2869,0,0,0.0,stratified_80_20
2871,0,0,0.0,stratified_80_20
2880,0,0,0.0,stratified_80_20
2881,0,0,0.0,stratified_80_20
2887,0,0,0.0,stratified_80_20
2889,0,0,0.0,stratified_80_20
2890,0,0,0.0,stratified_80_20
2892,0,0,0.0,stratified_80_20
2895,0,0,0.0,stratified_80_20
2911,0,0,0.0,stratified_80_20
2914,0,0,0.0,stratified_80_20
2920,0,0,0.0,stratified_80_20
2933,0,0,0.0,stratified_80_20
2934,0,0,0.0,stratified_80_20
2936,0,0,0.0,stratified_80_20
2939,0,0,0.0,stratified_80_20
2941,0,0,0.0,stratified_80_20
2951,0,0,0.0,stratified_80_20
2956,0,0,0.0,stratified_80_20
2961,0,0,0.0,stratified_80_20
2962,0,0,0.0,stratified_80_20
2972,0,0,0.0,stratified_80_20
2979,0,0,0.0,stratified_80_20
2983,0,0,0.0,stratified_80_20
2985,0,0,0.0,stratified_80_20
2994,0,0,0.0,stratified_80_20
3009,0,0,0.0,stratified_80_20
3010,0,0,0.0,stratified_80_20
3020,0,0,0.0,stratified_80_20
3040,0,0,0.0,stratified_80_20
3041,0,0,0.0,stratified_80_20
3044,0,0,0.0,stratified_80_20
3051,0,0,0.0,stratified_80_20
3052,0,0,0.0,stratified_80_20
3057,0,0,0.0,stratified_80_20
3071,0,0,0.0,stratified_80_20
3081,0,0,0.0,stratified_80_20
3083,0,0,0.0,stratified_80_20
3084,0,0,0.0,stratified_80_20
3089,0,0,0.0,stratified_80_20
3092,0,0,0.0,stratified_80_20
3093,0,0,0.0,stratified_80_20
3112,0,0,0.0,stratified_80_20
3114,0,0,0.0,stratified_80_20
3117,0,0,0.0,stratified_80_20
3121,0,0,0.0,stratified_80_20
3127,0,0,0.0,stratified_80_20
3129,0,0,0.0,stratified_80_20
3134,0,0,0.0,stratified_80_20
3137,0,0,0.0,stratified_80_20
3145,0,0,0.0,stratified_80_20
3149,0,0,0.0,stratified_80_20
3153,0,0,0.0,stratified_80_20
3158,0,0,0.0,stratified_80_20
3159,0,0,0.0,stratified_80_20
3164,0,0,0.0,stratified_80_20
3167,0,0,0.0,stratified_80_20
3170,0,0,0.0,stratified_80_20
3174,0,0,0.0,stratified_80_20
3175,0,0,0.0,stratified_80_20
3178,0,0,0.0,stratified_80_20
3190,0,0,0.0,stratified_80_20
3191,0,0,0.0,stratified_80_20
3196,0,0,0.0,stratified_80_20
3203,0,0,0.0,stratified_80_20
3224,0,0,0.0,stratified_80_20
3225,0,0,0.0,stratified_80_20
3228,0,0,0.0,stratified_80_20
3232,0,0,0.0,stratified_80_20
3236,0,0,0.0,stratified_80_20
3239,0,0,0.0,stratified_80_20
3240,0,0,0.0,stratified_80_20
3249,0,0,0.0,stratified_80_20
3255,0,0,0.0,stratified_80_20
3258,0,0,0.0,stratified_80_20
3262,0,0,0.0,stratified_80_20
3267,0,0,0.0,stratified_80_20
3273,0,0,0.0,stratified_80_20
3278,0,0,0.0,stratified_80_20
3285,0,0,0.0,stratified_80_20
3291,0,0,0.0,stratified_80_20
3292,0,0,0.0,stratified_80_20
3293,0,0,0.0,stratified_80_20
3300,0,0,0.0,stratified_80_20
3304,0,0,0.0,stratified_80_20
3306,0,0,0.0,stratified_80_20
3311,0,0,0.0,stratified_80_20
3317,0,0,0.0,stratified_80_20
3320,0,0,0.0,stratified_80_20
3321,0,0,0.0,stratified_80_20
3326,0,0,0.0,stratified_80_20
3327,0,0,0.0,stratified_80_20
3330,0,0,0.0,stratified_80_20
3332,0,0,0.0,stratified_80_20
3340,0,0,0.0,stratified_80_20
3342,0,0,0.0,stratified_80_20
3343,0,0,0.0,stratified_80_20
3346,0,0,0.0,stratified_80_20
3358,0,0,0.0,stratified_80_20
3359,0,0,0.0,stratified_80_20
3363,0,0,0.0,stratified_80_20
3368,0,0,0.0,stratified_80_20
3370,0,0,0.0,stratified_80_20
3373,0,0,0.0,stratified_80_20
3374,0,0,0.0,stratified_80_20
3380,0,0,0.0,stratified_80_20
3384,0,0,0.0,stratified_80_20
3385,0,0,0.0,stratified_80_20
3389,0,0,0.0,stratified_80_20
3390,0,0,0.0,stratified_80_20
3395,0,0,0.0,stratified_80_20
3400,0,0,0.0,stratified_80_20
3407,0,0,0.0,stratified_80_20
3412,0,0,0.0,stratified_80_20
3414,0,0,0.0,stratified_80_20
3420,0,0,0.0,stratified_80_20
3430,0,0,0.0,stratified_80_20
3432,0,0,0.0,stratified_80_20
3435,0,0,0.0,stratified_80_20
3436,0,0,0.0,stratified_80_20
3439,0,0,0.0,stratified_80_20
3443,0,0,0.0,stratified_80_20
3453,0,0,0.0,stratified_80_20
3457,0,0,0.0,stratified_80_20
3471,0,0,0.0,stratified_80_20
3491,0,0,0.0,stratified_80_20
3506,0,0,0.0,stratified_80_20
3513,0,0,0.0,stratified_80_20
3516,0,0,0.0,stratified_80_20
3543,0,0,0.0,stratified_80_20
3551,0,0,0.0,stratified_80_20
3556,0,0,0.0,stratified_80_20
3557,0,0,0.0,stratified_80_20
3558,0,0,0.0,stratified_80_20
3561,0,0,0.0,stratified_80_20
3565,0,0,0.0,stratified_80_20
3567,0,0,0.0,stratified_80_20
3583,0,0,0.0,stratified_80_20
3586,0,0,0.0,stratified_80_20
3587,0,0,0.0,stratified_80_20
3596,0,0,0.0,stratified_80_20
3606,0,0,0.0,stratified_80_20
3621,0,0,0.0,stratified_80_20
3626,0,0,0.0,stratified_80_20
3627,0,0,0.0,stratified_80_20
3630,0,0,0.0,stratified_80_20
3631,0,0,0.0,stratified_80_20
3632,0,0,0.0,stratified_80_20
3636,0,0,0.0,stratified_80_20
3641,0,0,0.0,stratified_80_20
3642,0,0,0.0,stratified_80_20
3648,0,0,0.0,stratified_80_20
3650,0,0,0.0,stratified_80_20
3654,0,0,0.0,stratified_80_20
3659,0,0,0.0,stratified_80_20
3666,0,0,0.0,stratified_80_20
3670,0,0,0.0,stratified_80_20
3675,0,0,0.0,stratified_80_20
3676,0,0,0.0,stratified_80_20
3681,0,0,0.0,stratified_80_20
3688,0,0,0.0,stratified_80_20
3696,0,0,0.0,stratified_80_20
3709,0,0,0.0,stratified_80_20
3712,0,0,0.0,stratified_80_20
3713,0,0,0.0,stratified_80_20
3716,0,0,0.0,stratified_80_20
3720,0,0,0.0,stratified_80_20
3722,0,0,0.0,stratified_80_20
3726,0,0,0.0,stratified_80_20
3727,0,0,0.0,stratified_80_20
3729,0,0,0.0,stratified_80_20
3731,0,0,0.0,stratified_80_20
3738,0,0,0.0,stratified_80_20
3744,0,0,0.0,stratified_80_20
3748,0,0,0.0,stratified_80_20
3749,0,0,0.0,stratified_80_20
3750,0,0,0.0,stratified_80_20
3754,0,0,0.0,stratified_80_20
3756,0,0,0.0,stratified_80_20
3760,0,0,0.0,stratified_80_20
3762,0,0,0.0,stratified_80_20
3764,0,0,0.0,stratified_80_20
3765,0,0,0.0,stratified_80_20
3770,0,0,0.0,stratified_80_20
3771,0,0,0.0,stratified_80_20
3775,0,0,0.0,stratified_80_20
3782,0,0,0.0,stratified_80_20
3783,0,0,0.0,stratified_80_20
3786,0,0,0.0,stratified_80_20
3791,0,0,0.0,stratified_80_20
3797,0,0,0.0,stratified_80_20
3802,0,0,0.0,stratified_80_20
3805,0,0,0.0,stratified_80_20
3809,0,0,0.0,stratified_80_20
3810,0,0,0.0,stratified_80_20
3812,0,0,0.0,stratified_80_20
3814,0,0,0.0,stratified_80_20
3815,0,0,0.0,stratified_80_20
3828,0,0,0.0,stratified_80_20
3832,0,0,0.0,stratified_80_20
3845,0,0,0.0,stratified_80_20
3849,0,0,0.0,stratified_80_20
3854,0,0,0.0,stratified_80_20
3866,0,0,0.0,stratified_80_20
3873,0,0,0.0,stratified_80_20
3880,0,0,0.0,stratified_80_20
3890,0,0,0.0,stratified_80_20
3895,0,0,0.0,stratified_80_20
3907,0,0,0.0,stratified_80_20
3908,0,0,0.0,stratified_80_20
3913,0,0,0.0,stratified_80_20
3917,0,0,0.0,stratified_80_20
3924,0,0,0.0,stratified_80_20
3927,0,0,0.0,stratified_80_20
3932,0,0,0.0,stratified_80_20
3943,0,0,0.0,stratified_80_20
3956,0,0,0.0,stratified_80_20
3961,0,0,0.0,stratified_80_20
3968,0,0,0.0,stratified_80_20
3969,0,0,0.0,stratified_80_20
3972,0,0,0.0,stratified_80_20
3981,0,0,0.0,stratified_80_20
3982,0,0,0.0,stratified_80_20
3983,0,0,0.0,stratified_80_20
3985,0,0,0.0,stratified_80_20
3987,0,0,0.0,stratified_80_20
3990,0,0,0.0,stratified_80_20
4000,0,0,0.0,stratified_80_20
4006,0,0,0.0,stratified_80_20
4011,0,0,0.0,stratified_80_20
4014,0,0,0.0,stratified_80_20
4017,0,0,0.0,stratified_80_20
4018,0,0,0.0,stratified_80_20
4025,0,0,0.0,stratified_80_20
4033,0,0,0.0,stratified_80_20
4042,0,0,0.0,stratified_80_20
4050,0,0,0.0,stratified_80_20
4054,0,0,0.0,stratified_80_20
4055,0,0,0.0,stratified_80_20
4067,0,0,0.0,stratified_80_20
4078,0,0,0.0,stratified_80_20
4079,0,0,0.0,stratified_80_20
4083,0,0,0.0,stratified_80_20
4088,0,0,0.0,stratified_80_20
4090,0,0,0.0,stratified_80_20
4103,0,0,0.0,stratified_80_20
4114,0,0,0.0,stratified_80_20
4117,0,0,0.0,stratified_80_20
4131,0,0,0.0,stratified_80_20
4133,0,0,0.0,stratified_80_20
4134,0,0,0.0,stratified_80_20
4135,0,0,0.0,stratified_80_20
4136,0,0,0.0,stratified_80_20
4137,0,0,0.0,stratified_80_20
4138,0,0,0.0,stratified_80_20
4141,0,0,0.0,stratified_80_20
4142,0,0,0.0,stratified_80_20
4145,0,0,0.0,stratified_80_20
4150,0,0,0.0,stratified_80_20
4158,0,0,0.0,stratified_80_20
4173,0,0,0.0,stratified_80_20
4175,0,0,0.0,stratified_80_20
4188,0,0,0.0,stratified_80_20
4213,0,0,0.0,stratified_80_20
4218,0,0,0.0,stratified_80_20
4232,0,0,0.0,stratified_80_20
4234,0,0,0.0,stratified_80_20
4239,0,0,0.0,stratified_80_20
4247,0,0,0.0,stratified_80_20
4249,0,0,0.0,stratified_80_20
4255,0,0,0.0,stratified_80_20
4259,0,0,0.0,stratified_80_20
4263,0,0,0.0,stratified_80_20
4270,0,0,0.0,stratified_80_20
4298,0,0,0.0,stratified_80_20
4300,0,0,0.0,stratified_80_20
4311,0,0,0.0,stratified_80_20
4319,0,0,0.0,stratified_80_20
4321,0,0,0.0,stratified_80_20
4324,0,0,0.0,stratified_80_20
4331,0,0,0.0,stratified_80_20
4340,0,0,0.0,stratified_80_20
4357,0,0,0.0,stratified_80_20
4358,0,0,0.0,stratified_80_20
4360,0,0,0.0,stratified_80_20
4368,0,0,0.0,stratified_80_20
4370,0,0,0.0,stratified_80_20
4378,0,0,0.0,stratified_80_20
4379,0,0,0.0,stratified_80_20
4381,0,0,0.0,stratified_80_20
4382,0,0,0.0,stratified_80_20
4386,0,0,0.0,stratified_80_20
4392,0,0,0.0,stratified_80_20
4394,0,0,0.0,stratified_80_20
4409,0,0,0.0,stratified_80_20
4423,0,0,0.0,stratified_80_20
4425,0,0,0.0,stratified_80_20
4426,0,0,0.0,stratified_80_20
4431,0,0,0.0,stratified_80_20
4432,0,0,0.0,stratified_80_20
4434,0,0,0.0,stratified_80_20
4437,0,0,0.0,stratified_80_20
4458,0,0,0.0,stratified_80_20
4460,0,0,0.0,stratified_80_20
4470,0,0,0.0,stratified_80_20
4477,0,0,0.0,stratified_80_20
4478,0,0,0.0,stratified_80_20
4481,0,0,0.0,stratified_80_20
4485,0,0,0.0,stratified_80_20
4491,0,0,0.0,stratified_80_20
4492,0,0,0.0,stratified_80_20
4493,0,0,0.0,stratified_80_20
4494,0,0,0.0,stratified_80_20
4495,0,0,0.0,stratified_80_20
4499,0,0,0.0,stratified_80_20
4507,0,0,0.0,stratified_80_20
4529,0,0,0.0,stratified_80_20
4531,0,0,0.0,stratified_80_20
4532,0,0,0.0,stratified_80_20
4544,0,0,0.0,stratified_80_20
4551,0,0,0.0,stratified_80_20
4552,0,0,0.0,stratified_80_20
4555,0,0,0.0,stratified_80_20
4557,0,0,0.0,stratified_80_20
4566,0,0,0.0,stratified_80_20
4567,0,0,0.0,stratified_80_20
4575,0,0,0.0,stratified_80_20
4581,0,0,0.0,stratified_80_20
4582,0,0,0.0,stratified_80_20
4583,0,0,0.0,stratified_80_20
4586,0,0,0.0,stratified_80_20
4594,0,0,0.0,stratified_80_20
4598,0,0,0.0,stratified_80_20
4599,0,0,0.0,stratified_80_20
4603,0,0,0.0,stratified_80_20
4611,0,0,0.0,stratified_80_20
4616,0,0,0.0,stratified_80_20
4621,0,0,0.0,stratified_80_20
4627,0,0,0.0,stratified_80_20
4631,0,0,0.0,stratified_80_20
4632,0,0,0.0,stratified_80_20
4633,0,0,0.0,stratified_80_20
4637,0,0,0.0,stratified_80_20
4648,0,0,0.0,stratified_80_20
4652,0,0,0.0,stratified_80_20
4654,0,0,0.0,stratified_80_20
4655,0,0,0.0,stratified_80_20
4656,0,0,0.0,stratified_80_20
4658,0,0,0.0,stratified_80_20
4662,0,0,0.0,stratified_80_20
4663,0,0,0.0,stratified_80_20
4666,0,0,0.0,stratified_80_20
4668,0,0,0.0,stratified_80_20
4675,0,0,0.0,stratified_80_20
4677,0,0,0.0,stratified_80_20
4683,0,0,0.0,stratified_80_20
4686,0,0,0.0,stratified_80_20
4700,0,0,0.0,stratified_80_20
4703,0,0,0.0,stratified_80_20
4710,0,0,0.0,stratified_80_20
4711,0,0,0.0,stratified_80_20
4712,0,0,0.0,stratified_80_20
4725,0,0,0.0,stratified_80_20
4727,0,0,0.0,stratified_80_20
4732,0,0,0.0,stratified_80_20
4733,0,0,0.0,stratified_80_20
4735,0,0,0.0,stratified_80_20
4748,0,0,0.0,stratified_80_20
4757,0,0,0.0,stratified_80_20
4758,0,0,0.0,stratified_80_20
4760,0,0,0.0,stratified_80_20
4763,0,0,0.0,stratified_80_20
4765,0,0,0.0,stratified_80_20
4769,0,0,0.0,stratified_80_20
4773,0,0,0.0,stratified_80_20
4777,0,0,0.0,stratified_80_20
4780,0,0,0.0,stratified_80_20
4782,0,0,0.0,stratified_80_20
4784,0,0,0.0,stratified_80_20
4790,0,0,0.0,stratified_80_20
4792,0,0,0.0,stratified_80_20
4795,0,0,0.0,stratified_80_20
4798,0,0,0.0,stratified_80_20
4804,0,0,0.0,stratified_80_20
4806,0,0,0.0,stratified_80_20
4809,0,0,0.0,stratified_80_20
4818,0,0,0.0,stratified_80_20
4823,0,0,0.0,stratified_80_20
4827,0,0,0.0,stratified_80_20
4835,0,0,0.0,stratified_80_20
4837,0,0,0.0,stratified_80_20
4846,0,0,0.0,stratified_80_20
4853,0,0,0.0,stratified_80_20
4854,0,0,0.0,stratified_80_20
4857,0,0,0.0,stratified_80_20
4864,0,0,0.0,stratified_80_20
4868,0,0,0.0,stratified_80_20
4873,0,0,0.0,stratified_80_20
4875,0,0,0.0,stratified_80_20
4886,0,0,0.0,stratified_80_20
4887,0,0,0.0,stratified_80_20
4891,0,0,0.0,stratified_80_20
4893,0,0,0.0,stratified_80_20
4895,0,0,0.0,stratified_80_20
4897,0,0,0.0,stratified_80_20
4898,0,0,0.0,stratified_80_20
4906,0,0,0.0,stratified_80_20
4912,0,0,0.0,stratified_80_20
4917,0,0,0.0,stratified_80_20
4920,0,0,0.0,stratified_80_20
4922,0,0,0.0,stratified_80_20
4924,0,0,0.0,stratified_80_20
4926,0,0,0.0,stratified_80_20
4927,0,0,0.0,stratified_80_20
4931,0,0,0.0,stratified_80_20
4933,0,0,0.0,stratified_80_20
4938,0,0,0.0,stratified_80_20
4940,0,0,0.0,stratified_80_20
4944,0,0,0.0,stratified_80_20
4946,0,0,0.0,stratified_80_20
4947,0,0,0.0,stratified_80_20
4951,0,0,0.0,stratified_80_20
4956,0,0,0.0,stratified_80_20
4967,0,0,0.0,stratified_80_20
4971,0,0,0.0,stratified_80_20
4986,0,0,0.0,stratified_80_20
4992,0,0,0.0,stratified_80_20
4994,0,0,0.0,stratified_80_20
4996,0,0,0.0,stratified_80_20
4997,0,0,0.0,stratified_80_20
5017,0,0,0.0,stratified_80_20
5021,0,0,0.0,stratified_80_20
5033,0,0,0.0,stratified_80_20
5037,0,0,0.0,stratified_80_20
5039,0,0,0.0,stratified_80_20
5051,0,0,0.0,stratified_80_20
5052,0,0,0.0,stratified_80_20
5056,0,0,0.0,stratified_80_20
5057,0,0,0.0,stratified_80_20
5060,0,0,0.0,stratified_80_20
5062,0,0,0.0,stratified_80_20
5065,0,0,0.0,stratified_80_20
5074,0,0,0.0,stratified_80_20
5075,0,0,0.0,stratified_80_20
5077,0,0,0.0,stratified_80_20
5084,0,0,0.0,stratified_80_20
5103,0,0,0.0,stratified_80_20
5104,0,0,0.0,stratified_80_20
5105,0,0,0.0,stratified_80_20
5109,0,0,0.0,stratified_80_20
5110,0,0,0.0,stratified_80_20
5122,0,0,0.0,stratified_80_20
5126,0,0,0.0,stratified_80_20
5127,0,0,0.0,stratified_80_20
5141,0,0,0.0,stratified_80_20
5147,0,0,0.0,stratified_80_20
5153,0,0,0.0,stratified_80_20
5178,0,0,0.0,stratified_80_20
5185,0,0,0.0,stratified_80_20
5188,0,0,0.0,stratified_80_20
5190,0,0,0.0,stratified_80_20
5192,0,0,0.0,stratified_80_20
5197,0,0,0.0,stratified_80_20
5204,0,0,0.0,stratified_80_20
5208,0,0,0.0,stratified_80_20
5209,0,0,0.0,stratified_80_20
5213,0,0,0.0,stratified_80_20
5232,0,0,0.0,stratified_80_20
5237,0,0,0.0,stratified_80_20
5240,0,0,0.0,stratified_80_20
5247,0,0,0.0,stratified_80_20
5249,0,0,0.0,stratified_80_20
5256,0,0,0.0,stratified_80_20
5257,0,0,0.0,stratified_80_20
5258,0,0,0.0,stratified_80_20
5263,0,0,0.0,stratified_80_20
5269,0,0,0.0,stratified_80_20
5276,0,0,0.0,stratified_80_20
5283,0,0,0.0,stratified_80_20
5285,0,0,0.0,stratified_80_20
5287,0,0,0.0,stratified_80_20
5295,0,0,0.0,stratified_80_20
5296,0,0,0.0,stratified_80_20
5299,0,0,0.0,stratified_80_20
5307,0,0,0.0,stratified_80_20
5311,0,0,0.0,stratified_80_20
5313,0,0,0.0,stratified_80_20
5319,0,0,0.0,stratified_80_20
5322,0,0,0.0,stratified_80_20
5328,0,0,0.0,stratified_80_20
5335,0,0,0.0,stratified_80_20
5344,0,0,0.0,stratified_80_20
5347,0,0,0.0,stratified_80_20
5355,0,0,0.0,stratified_80_20
5366,0,0,0.0,stratified_80_20
5368,0,0,0.0,stratified_80_20
5374,0,0,0.0,stratified_80_20
5387,0,0,0.0,stratified_80_20
5398,0,0,0.0,stratified_80_20
5408,0,0,0.0,stratified_80_20
5409,0,0,0.0,stratified_80_20
5410,0,0,0.0,stratified_80_20
5415,0,0,0.0,stratified_80_20
5419,0,0,0.0,stratified_80_20
5424,0,0,0.0,stratified_80_20
5432,0,0,0.0,stratified_80_20
5433,0,0,0.0,stratified_80_20
5435,0,0,0.0,stratified_80_20
5439,0,0,0.0,stratified_80_20
5445,0,0,0.0,stratified_80_20
5448,0,0,0.0,stratified_80_20
5451,0,0,0.0,stratified_80_20
5454,0,0,0.0,stratified_80_20
5463,0,0,0.0,stratified_80_20
5469,0,0,0.0,stratified_80_20
5470,0,0,0.0,stratified_80_20
5481,0,0,0.0,stratified_80_20
5482,0,0,0.0,stratified_80_20
5486,0,0,0.0,stratified_80_20
5495,0,0,0.0,stratified_80_20
5498,0,0,0.0,stratified_80_20
5499,0,0,0.0,stratified_80_20
5506,0,0,0.0,stratified_80_20
5509,0,0,0.0,stratified_80_20
5515,0,0,0.0,stratified_80_20
5519,0,0,0.0,stratified_80_20
5520,0,0,0.0,stratified_80_20
5529,0,0,0.0,stratified_80_20
5530,0,0,0.0,stratified_80_20
5534,0,0,0.0,stratified_80_20
5539,0,0,0.0,stratified_80_20
5542,0,0,0.0,stratified_80_20
5543,0,0,0.0,stratified_80_20
5544,0,0,0.0,stratified_80_20
5552,0,0,0.0,stratified_80_20
5555,0,0,0.0,stratified_80_20
5558,0,0,0.0,stratified_80_20
5565,0,0,0.0,stratified_80_20
5569,0,0,0.0,stratified_80_20
5571,0,0,0.0,stratified_80_20
5573,0,0,0.0,stratified_80_20
5574,0,0,0.0,stratified_80_20
5577,0,0,0.0,stratified_80_20
5580,0,0,0.0,stratified_80_20
5581,0,0,0.0,stratified_80_20
5583,0,0,0.0,stratified_80_20
5585,0,0,0.0,stratified_80_20
5586,0,0,0.0,stratified_80_20
5590,0,0,0.0,stratified_80_20
5592,0,0,0.0,stratified_80_20
5594,0,0,0.0,stratified_80_20
5596,0,0,0.0,stratified_80_20
5600,0,0,0.0,stratified_80_20
5602,0,0,0.0,stratified_80_20
5603,0,0,0.0,stratified_80_20
5606,0,0,0.0,stratified_80_20
5609,0,0,0.0,stratified_80_20
5611,0,0,0.0,stratified_80_20
5618,0,0,0.0,stratified_80_20
5619,0,0,0.0,stratified_80_20
5622,0,0,0.0,stratified_80_20
5626,0,0,0.0,stratified_80_20
5629,0,0,0.0,stratified_80_20
5636,0,0,0.0,stratified_80_20
5644,0,0,0.0,stratified_80_20
5649,0,0,0.0,stratified_80_20
5650,0,0,0.0,stratified_80_20
5655,0,0,0.0,stratified_80_20
5656,0,0,0.0,stratified_80_20
5660,0,0,0.0,stratified_80_20
5666,0,0,0.0,stratified_80_20
5668,0,0,0.0,stratified_80_20
5670,0,0,0.0,stratified_80_20
5675,0,0,0.0,stratified_80_20
5680,0,0,0.0,stratified_80_20
5682,0,0,0.0,stratified_80_20
5693,0,0,0.0,stratified_80_20
5695,0,0,0.0,stratified_80_20
5696,0,0,0.0,stratified_80_20
5698,0,0,0.0,stratified_80_20
5704,0,0,0.0,stratified_80_20
5710,0,0,0.0,stratified_80_20
5713,0,0,0.0,stratified_80_20
5722,0,0,0.0,stratified_80_20
5724,0,0,0.0,stratified_80_20
5730,0,0,0.0,stratified_80_20
5738,0,0,0.0,stratified_80_20
5741,0,0,0.0,stratified_80_20
5744,0,0,0.0,stratified_80_20
5750,0,0,0.0,stratified_80_20
5752,0,0,0.0,stratified_80_20
5753,0,0,0.0,stratified_80_20
5755,0,0,0.0,stratified_80_20
5759,0,0,0.0,stratified_80_20
5772,0,0,0.0,stratified_80_20
5773,0,0,0.0,stratified_80_20
5774,0,0,0.0,stratified_80_20
5776,0,0,0.0,stratified_80_20
5779,0,0,0.0,stratified_80_20
5782,0,0,0.0,stratified_80_20
5783,0,0,0.0,stratified_80_20
5788,0,0,0.0,stratified_80_20
5791,0,0,0.0,stratified_80_20
5793,0,0,0.0,stratified_80_20
5796,0,0,0.0,stratified_80_20
5798,0,0,0.0,stratified_80_20
5801,0,0,0.0,stratified_80_20
5808,0,0,0.0,stratified_80_20
5812,0,0,0.0,stratified_80_20
5818,0,0,0.0,stratified_80_20
5820,0,0,0.0,stratified_80_20
5827,0,0,0.0,stratified_80_20
5829,0,0,0.0,stratified_80_20
5832,0,0,0.0,stratified_80_20
5840,0,0,0.0,stratified_80_20
5842,0,0,0.0,stratified_80_20
5845,0,0,0.0,stratified_80_20
5850,0,0,0.0,stratified_80_20
5851,0,0,0.0,stratified_80_20
5867,0,0,0.0,stratified_80_20
5877,0,0,0.0,stratified_80_20
5889,0,0,0.0,stratified_80_20
5895,0,0,0.0,stratified_80_20
5898,0,0,0.0,stratified_80_20
5901,0,0,0.0,stratified_80_20
5906,0,0,0.0,stratified_80_20
5912,0,0,0.0,stratified_80_20
5926,0,0,0.0,stratified_80_20
5930,0,0,0.0,stratified_80_20
5939,0,0,0.0,stratified_80_20
5949,0,0,0.0,stratified_80_20
5951,0,0,0.0,stratified_80_20
5956,0,0,0.0,stratified_80_20
5958,0,0,0.0,stratified_80_20
5972,0,0,0.0,stratified_80_20
5974,0,0,0.0,stratified_80_20
5978,0,0,0.0,stratified_80_20
5984,0,0,0.0,stratified_80_20
5993,0,0,0.0,stratified_80_20
5997,0,0,0.0,stratified_80_20
6001,0,0,0.0,stratified_80_20
6008,0,0,0.0,stratified_80_20
6009,0,0,0.0,stratified_80_20
6012,0,0,0.0,stratified_80_20
6022,0,0,0.0,stratified_80_20
6031,0,0,0.0,stratified_80_20
6033,0,0,0.0,stratified_80_20
6038,0,0,0.0,stratified_80_20
6040,0,0,0.0,stratified_80_20
6041,0,0,0.0,stratified_80_20
6054,0,0,0.0,stratified_80_20
6073,0,0,0.0,stratified_80_20
6078,0,0,0.0,stratified_80_20
6080,0,0,0.0,stratified_80_20
6085,0,0,0.0,stratified_80_20
6089,0,0,0.0,stratified_80_20
6090,0,0,0.0,stratified_80_20
6093,0,0,0.0,stratified_80_20
6099,0,0,0.0,stratified_80_20
6102,0,0,0.0,stratified_80_20
6116,0,0,0.0,stratified_80_20
6130,0,0,0.0,stratified_80_20
6135,0,0,0.0,stratified_80_20
6139,0,0,0.0,stratified_80_20
6142,0,0,0.0,stratified_80_20
6150,0,0,0.0,stratified_80_20
6152,0,0,0.0,stratified_80_20
6154,0,0,0.0,stratified_80_20
6155,0,0,0.0,stratified_80_20
6159,0,0,0.0,stratified_80_20
6160,0,0,0.0,stratified_80_20
6168,0,0,0.0,stratified_80_20
6171,0,0,0.0,stratified_80_20
6172,0,0,0.0,stratified_80_20
6183,0,0,0.0,stratified_80_20
6190,0,0,0.0,stratified_80_20
6191,0,0,0.0,stratified_80_20
6207,0,0,0.0,stratified_80_20
6213,0,0,0.0,stratified_80_20
6221,0,0,0.0,stratified_80_20
6226,0,0,0.0,stratified_80_20
6229,0,0,0.0,stratified_80_20
6238,0,0,0.0,stratified_80_20
6240,0,0,0.0,stratified_80_20
6254,0,0,0.0,stratified_80_20
6256,0,0,0.0,stratified_80_20
6265,0,0,0.0,stratified_80_20
6269,0,0,0.0,stratified_80_20
6273,0,0,0.0,stratified_80_20
6276,0,0,0.0,stratified_80_20
6284,0,0,0.0,stratified_80_20
6295,0,0,0.0,stratified_80_20
6296,0,0,0.0,stratified_80_20
6297,0,0,0.0,stratified_80_20
6304,0,0,0.0,stratified_80_20
6305,0,0,0.0,stratified_80_20
6310,0,0,0.0,stratified_80_20
6313,0,0,0.0,stratified_80_20
6317,0,0,0.0,stratified_80_20
6318,0,0,0.0,stratified_80_20
6344,0,0,0.0,stratified_80_20
6358,0,0,0.0,stratified_80_20
6359,0,0,0.0,stratified_80_20
6364,0,0,0.0,stratified_80_20
6368,0,0,0.0,stratified_80_20
6370,0,0,0.0,stratified_80_20
6371,0,0,0.0,stratified_80_20
6372,0,0,0.0,stratified_80_20
6374,0,0,0.0,stratified_80_20
6378,0,0,0.0,stratified_80_20
6380,0,0,0.0,stratified_80_20
6382,0,0,0.0,stratified_80_20
6391,0,0,0.0,stratified_80_20
6396,0,0,0.0,stratified_80_20
6397,0,0,0.0,stratified_80_20
6406,0,0,0.0,stratified_80_20
6411,0,0,0.0,stratified_80_20
6416,0,0,0.0,stratified_80_20
6430,0,0,0.0,stratified_80_20
6439,0,0,0.0,stratified_80_20
6441,0,0,0.0,stratified_80_20
6447,0,0,0.0,stratified_80_20
6449,0,0,0.0,stratified_80_20
6450,0,0,0.0,stratified_80_20
6458,0,0,0.0,stratified_80_20
6461,0,0,0.0,stratified_80_20
6464,0,0,0.0,stratified_80_20
6469,0,0,0.0,stratified_80_20
6470,0,0,0.0,stratified_80_20
6471,0,0,0.0,stratified_80_20
6474,0,0,0.0,stratified_80_20
6475,0,0,0.0,stratified_80_20
6476,0,0,0.0,stratified_80_20
6477,0,0,0.0,stratified_80_20
6479,0,0,0.0,stratified_80_20
6509,0,0,0.0,stratified_80_20
6511,0,0,0.0,stratified_80_20
6519,0,0,0.0,stratified_80_20
6523,0,0,0.0,stratified_80_20
6530,0,0,0.0,stratified_80_20
6533,0,0,0.0,stratified_80_20
6539,0,0,0.0,stratified_80_20
6540,0,0,0.0,stratified_80_20
6546,0,0,0.0,stratified_80_20
6548,0,0,0.0,stratified_80_20
6554,0,0,0.0,stratified_80_20
6559,0,0,0.0,stratified_80_20
6563,0,0,0.0,stratified_80_20
6565,0,0,0.0,stratified_80_20
6568,0,0,0.0,stratified_80_20
6570,0,0,0.0,stratified_80_20
6571,0,0,0.0,stratified_80_20
6581,0,0,0.0,stratified_80_20
6587,0,0,0.0,stratified_80_20
6588,0,0,0.0,stratified_80_20
6589,0,0,0.0,stratified_80_20
6591,0,0,0.0,stratified_80_20
6610,0,0,0.0,stratified_80_20
6614,0,0,0.0,stratified_80_20
6629,0,0,0.0,stratified_80_20
6638,0,0,0.0,stratified_80_20
6640,0,0,0.0,stratified_80_20
6642,0,0,0.0,stratified_80_20
6643,0,0,0.0,stratified_80_20
6644,0,0,0.0,stratified_80_20
6645,0,0,0.0,stratified_80_20
6655,0,0,0.0,stratified_80_20
6665,0,0,0.0,stratified_80_20
6668,0,0,0.0,stratified_80_20
6691,0,0,0.0,stratified_80_20
6696,0,0,0.0,stratified_80_20
6697,0,0,0.0,stratified_80_20
6701,0,0,0.0,stratified_80_20
6704,0,0,0.0,stratified_80_20
6710,0,0,0.0,stratified_80_20
6716,0,0,0.0,stratified_80_20
6719,0,0,0.0,stratified_80_20
6721,0,0,0.0,stratified_80_20
6722,0,0,0.0,stratified_80_20
6727,0,0,0.0,stratified_80_20
6731,0,0,0.0,stratified_80_20
6737,0,0,0.0,stratified_80_20
6738,0,0,0.0,stratified_80_20
6743,0,0,0.0,stratified_80_20
6749,0,0,0.0,stratified_80_20
6766,0,0,0.0,stratified_80_20
6767,0,0,0.0,stratified_80_20
6771,0,0,0.0,stratified_80_20
6772,0,0,0.0,stratified_80_20
6773,0,0,0.0,stratified_80_20
6776,0,0,0.0,stratified_80_20
6782,0,0,0.0,stratified_80_20
6783,0,0,0.0,stratified_80_20
6784,0,0,0.0,stratified_80_20
6789,0,0,0.0,stratified_80_20
6791,0,0,0.0,stratified_80_20
6794,0,0,0.0,stratified_80_20
6796,0,0,0.0,stratified_80_20
6801,0,0,0.0,stratified_80_20
6816,0,0,0.0,stratified_80_20
6819,0,0,0.0,stratified_80_20
6823,0,0,0.0,stratified_80_20
6825,0,0,0.0,stratified_80_20
6828,0,0,0.0,stratified_80_20
6833,0,0,0.0,stratified_80_20
6837,0,0,0.0,stratified_80_20
6838,0,0,0.0,stratified_80_20
6841,0,0,0.0,stratified_80_20
6843,0,0,0.0,stratified_80_20
6849,0,0,0.0,stratified_80_20
6852,0,0,0.0,stratified_80_20
6853,0,0,0.0,stratified_80_20
6854,0,0,0.0,stratified_80_20
6855,0,0,0.0,stratified_80_20
6858,0,0,0.0,stratified_80_20
6859,0,0,0.0,stratified_80_20
6861,0,0,0.0,stratified_80_20
6862,0,0,0.0,stratified_80_20
6869,0,0,0.0,stratified_80_20
6873,0,0,0.0,stratified_80_20
6893,0,0,0.0,stratified_80_20
6894,0,0,0.0,stratified_80_20
6895,0,0,0.0,stratified_80_20
6901,0,0,0.0,stratified_80_20
6910,0,0,0.0,stratified_80_20
6924,0,0,0.0,stratified_80_20
6937,0,0,0.0,stratified_80_20
6938,0,0,0.0,stratified_80_20
6941,0,0,0.0,stratified_80_20
6949,0,0,0.0,stratified_80_20
6953,0,0,0.0,stratified_80_20
6960,0,0,0.0,stratified_80_20
6968,0,0,0.0,stratified_80_20
6970,0,0,0.0,stratified_80_20
6971,0,0,0.0,stratified_80_20
6979,0,0,0.0,stratified_80_20
6980,0,0,0.0,stratified_80_20
6982,0,0,0.0,stratified_80_20
6989,0,0,0.0,stratified_80_20
6997,0,0,0.0,stratified_80_20
6998,0,0,0.0,stratified_80_20
7005,0,0,0.0,stratified_80_20
7006,0,0,0.0,stratified_80_20
7008,0,0,0.0,stratified_80_20
7009,0,0,0.0,stratified_80_20
7016,0,0,0.0,stratified_80_20
7031,0,0,0.0,stratified_80_20
7036,0,0,0.0,stratified_80_20
7037,0,0,0.0,stratified_80_20
7052,0,0,0.0,stratified_80_20
7054,0,0,0.0,stratified_80_20
7056,0,0,0.0,stratified_80_20
7059,0,0,0.0,stratified_80_20
7065,0,0,0.0,stratified_80_20
7067,0,0,0.0,stratified_80_20
7069,0,0,0.0,stratified_80_20
7079,0,0,0.0,stratified_80_20
7081,0,0,0.0,stratified_80_20
7083,0,0,0.0,stratified_80_20
7086,0,0,0.0,stratified_80_20
7099,0,0,0.0,stratified_80_20
7114,0,0,0.0,stratified_80_20
7130,0,0,0.0,stratified_80_20
7135,0,0,0.0,stratified_80_20
7146,0,0,0.0,stratified_80_20
7148,0,0,0.0,stratified_80_20
7151,0,0,0.0,stratified_80_20
7156,0,0,0.0,stratified_80_20
7158,0,0,0.0,stratified_80_20
7166,0,0,0.0,stratified_80_20
7170,0,0,0.0,stratified_80_20
7179,0,0,0.0,stratified_80_20
7187,0,0,0.0,stratified_80_20
7189,0,0,0.0,stratified_80_20
7190,0,0,0.0,stratified_80_20
7194,0,0,0.0,stratified_80_20
7206,0,0,0.0,stratified_80_20
7211,0,0,0.0,stratified_80_20
7213,0,0,0.0,stratified_80_20
7214,0,0,0.0,stratified_80_20
7219,0,0,0.0,stratified_80_20
7226,0,0,0.0,stratified_80_20
7227,0,0,0.0,stratified_80_20
7230,0,0,0.0,stratified_80_20
7233,0,0,0.0,stratified_80_20
7235,0,0,0.0,stratified_80_20
7239,0,0,0.0,stratified_80_20
7242,0,0,0.0,stratified_80_20
7243,0,0,0.0,stratified_80_20
7244,0,0,0.0,stratified_80_20
7246,0,0,0.0,stratified_80_20
7253,0,0,0.0,stratified_80_20
7263,0,0,0.0,stratified_80_20
7265,0,0,0.0,stratified_80_20
7269,0,0,0.0,stratified_80_20
7287,0,0,0.0,stratified_80_20
7291,0,0,0.0,stratified_80_20
7295,0,0,0.0,stratified_80_20
7296,0,0,0.0,stratified_80_20
7297,0,0,0.0,stratified_80_20
7310,0,0,0.0,stratified_80_20
7311,0,0,0.0,stratified_80_20
7314,0,0,0.0,stratified_80_20
7345,0,0,0.0,stratified_80_20
7347,0,0,0.0,stratified_80_20
7349,0,0,0.0,stratified_80_20
7352,0,0,0.0,stratified_80_20
7354,0,0,0.0,stratified_80_20
7357,0,0,0.0,stratified_80_20
7366,0,0,0.0,stratified_80_20
7367,0,0,0.0,stratified_80_20
7368,0,0,0.0,stratified_80_20
7370,0,0,0.0,stratified_80_20
7371,0,0,0.0,stratified_80_20
7373,0,0,0.0,stratified_80_20
7378,0,0,0.0,stratified_80_20
7382,0,0,0.0,stratified_80_20
7384,0,0,0.0,stratified_80_20
7392,0,0,0.0,stratified_80_20
7394,0,0,0.0,stratified_80_20
7400,0,0,0.0,stratified_80_20
7407,0,0,0.0,stratified_80_20
7415,0,0,0.0,stratified_80_20
7418,0,0,0.0,stratified_80_20
7421,0,0,0.0,stratified_80_20
7424,0,0,0.0,stratified_80_20
7435,0,0,0.0,stratified_80_20
7436,0,0,0.0,stratified_80_20
7446,0,0,0.0,stratified_80_20
7452,0,0,0.0,stratified_80_20
7455,0,0,0.0,stratified_80_20
7461,0,0,0.0,stratified_80_20
7465,0,0,0.0,stratified_80_20
7480,0,0,0.0,stratified_80_20
7485,0,0,0.0,stratified_80_20
7489,0,0,0.0,stratified_80_20
7490,0,0,0.0,stratified_80_20
7491,0,0,0.0,stratified_80_20
7493,0,0,0.0,stratified_80_20
7498,0,0,0.0,stratified_80_20
7521,0,0,0.0,stratified_80_20
7522,0,0,0.0,stratified_80_20
7526,0,0,0.0,stratified_80_20
7531,0,0,0.0,stratified_80_20
7533,0,0,0.0,stratified_80_20
7543,0,0,0.0,stratified_80_20
7561,0,0,0.0,stratified_80_20
7564,0,0,0.0,stratified_80_20
7566,0,0,0.0,stratified_80_20
7597,0,0,0.0,stratified_80_20
7601,0,0,0.0,stratified_80_20
7610,0,0,0.0,stratified_80_20
7612,0,0,0.0,stratified_80_20
7619,0,0,0.0,stratified_80_20
7629,0,0,0.0,stratified_80_20
7633,0,0,0.0,stratified_80_20
7637,0,0,0.0,stratified_80_20
7642,0,0,0.0,stratified_80_20
7645,0,0,0.0,stratified_80_20
7657,0,0,0.0,stratified_80_20
7659,0,0,0.0,stratified_80_20
7674,0,0,0.0,stratified_80_20
7684,0,0,0.0,stratified_80_20
7689,0,0,0.0,stratified_80_20
7697,0,0,0.0,stratified_80_20
7710,0,0,0.0,stratified_80_20
7727,0,0,0.0,stratified_80_20
7736,0,0,0.0,stratified_80_20
7737,0,0,0.0,stratified_80_20
7746,0,0,0.0,stratified_80_20
7754,0,0,0.0,stratified_80_20
7758,0,0,0.0,stratified_80_20
7761,0,0,0.0,stratified_80_20
7764,0,0,0.0,stratified_80_20
7766,0,0,0.0,stratified_80_20
7777,0,0,0.0,stratified_80_20
7783,0,0,0.0,stratified_80_20
7788,0,0,0.0,stratified_80_20
7797,0,0,0.0,stratified_80_20
7804,0,0,0.0,stratified_80_20
7805,0,0,0.0,stratified_80_20
7812,0,0,0.0,stratified_80_20
7813,0,0,0.0,stratified_80_20
7830,0,0,0.0,stratified_80_20
7833,0,0,0.0,stratified_80_20
7837,0,0,0.0,stratified_80_20
7843,0,0,0.0,stratified_80_20
7846,0,0,0.0,stratified_80_20
7847,0,0,0.0,stratified_80_20
7848,0,0,0.0,stratified_80_20
7851,0,0,0.0,stratified_80_20
7853,0,0,0.0,stratified_80_20
7856,0,0,0.0,stratified_80_20
7857,0,0,0.0,stratified_80_20
7860,0,0,0.0,stratified_80_20
7866,0,0,0.0,stratified_80_20
7868,0,0,0.0,stratified_80_20
7869,0,0,0.0,stratified_80_20
7896,0,0,0.0,stratified_80_20
7903,0,0,0.0,stratified_80_20
7906,0,0,0.0,stratified_80_20
7909,0,0,0.0,stratified_80_20
7910,0,0,0.0,stratified_80_20
7927,0,0,0.0,stratified_80_20
7928,0,0,0.0,stratified_80_20
7933,0,0,0.0,stratified_80_20
7938,0,0,0.0,stratified_80_20
7939,0,0,0.0,stratified_80_20
7941,0,0,0.0,stratified_80_20
7943,0,0,0.0,stratified_80_20
7951,0,0,0.0,stratified_80_20
7957,0,0,0.0,stratified_80_20
7959,0,0,0.0,stratified_80_20
7961,0,0,0.0,stratified_80_20
7967,0,0,0.0,stratified_80_20
7970,0,0,0.0,stratified_80_20
7972,0,0,0.0,stratified_80_20
7973,0,0,0.0,stratified_80_20
7987,0,0,0.0,stratified_80_20
7994,0,0,0.0,stratified_80_20
7995,0,0,0.0,stratified_80_20
7999,0,0,0.0,stratified_80_20
8002,0,0,0.0,stratified_80_20
8003,0,0,0.0,stratified_80_20
8004,0,0,0.0,stratified_80_20
8007,0,0,0.0,stratified_80_20
8012,0,0,0.0,stratified_80_20
8016,0,0,0.0,stratified_80_20
8017,0,0,0.0,stratified_80_20
8024,0,0,0.0,stratified_80_20
8026,0,0,0.0,stratified_80_20
8032,0,0,0.0,stratified_80_20
8036,0,0,0.0,stratified_80_20
8044,0,0,0.0,stratified_80_20
8055,0,0,0.0,stratified_80_20
8061,0,0,0.0,stratified_80_20
8068,0,0,0.0,stratified_80_20
8070,0,0,0.0,stratified_80_20
8071,0,0,0.0,stratified_80_20
8073,0,0,0.0,stratified_80_20
8077,0,0,0.0,stratified_80_20
8080,0,0,0.0,stratified_80_20
8084,0,0,0.0,stratified_80_20
8110,0,0,0.0,stratified_80_20
8112,0,0,0.0,stratified_80_20
8120,0,0,0.0,stratified_80_20
8123,0,0,0.0,stratified_80_20
8125,0,0,0.0,stratified_80_20
8128,0,0,0.0,stratified_80_20
8130,0,0,0.0,stratified_80_20
8150,0,0,0.0,stratified_80_20
8152,0,0,0.0,stratified_80_20
8154,0,0,0.0,stratified_80_20
8155,0,0,0.0,stratified_80_20
8162,0,0,0.0,stratified_80_20
8168,0,0,0.0,stratified_80_20
8169,0,0,0.0,stratified_80_20
8177,0,0,0.0,stratified_80_20
8179,0,0,0.0,stratified_80_20
8181,0,0,0.0,stratified_80_20
8183,0,0,0.0,stratified_80_20
8199,0,0,0.0,stratified_80_20
8205,0,0,0.0,stratified_80_20
8208,0,0,0.0,stratified_80_20
8210,0,0,0.0,stratified_80_20
8219,0,0,0.0,stratified_80_20
8221,0,0,0.0,stratified_80_20
8222,0,0,0.0,stratified_80_20
8226,0,0,0.0,stratified_80_20
8234,0,0,0.0,stratified_80_20
8243,0,0,0.0,stratified_80_20
8244,0,0,0.0,stratified_80_20
8245,0,0,0.0,stratified_80_20
8252,0,0,0.0,stratified_80_20
8258,0,0,0.0,stratified_80_20
8259,0,0,0.0,stratified_80_20
8263,0,0,0.0,stratified_80_20
8264,0,0,0.0,stratified_80_20
8269,0,0,0.0,stratified_80_20
8275,0,0,0.0,stratified_80_20
8286,0,0,0.0,stratified_80_20
8307,0,0,0.0,stratified_80_20
8308,0,0,0.0,stratified_80_20
8311,0,0,0.0,stratified_80_20
8314,0,0,0.0,stratified_80_20
8315,0,0,0.0,stratified_80_20
8320,0,0,0.0,stratified_80_20
8325,0,0,0.0,stratified_80_20
8328,0,0,0.0,stratified_80_20
8329,0,0,0.0,stratified_80_20
8333,0,0,0.0,stratified_80_20
8334,0,0,0.0,stratified_80_20
8335,0,0,0.0,stratified_80_20
8346,0,0,0.0,stratified_80_20
8353,0,0,0.0,stratified_80_20
8367,0,0,0.0,stratified_80_20
8378,0,0,0.0,stratified_80_20
8386,0,0,0.0,stratified_80_20
8391,0,0,0.0,stratified_80_20
8392,0,0,0.0,stratified_80_20
8397,0,0,0.0,stratified_80_20
8399,0,0,0.0,stratified_80_20
8412,0,0,0.0,stratified_80_20
8415,0,0,0.0,stratified_80_20
8417,0,0,0.0,stratified_80_20
8418,0,0,0.0,stratified_80_20
8419,0,0,0.0,stratified_80_20
8424,0,0,0.0,stratified_80_20
8427,0,0,0.0,stratified_80_20
8429,0,0,0.0,stratified_80_20
8433,0,0,0.0,stratified_80_20
8434,0,0,0.0,stratified_80_20
8436,0,0,0.0,stratified_80_20
8438,0,0,0.0,stratified_80_20
8446,0,0,0.0,stratified_80_20
8448,0,0,0.0,stratified_80_20
8458,0,0,0.0,stratified_80_20
8461,0,0,0.0,stratified_80_20
8472,0,0,0.0,stratified_80_20
8488,0,0,0.0,stratified_80_20
8491,0,0,0.0,stratified_80_20
8493,0,0,0.0,stratified_80_20
8502,0,0,0.0,stratified_80_20
8512,0,0,0.0,stratified_80_20
8515,0,0,0.0,stratified_80_20
8519,0,0,0.0,stratified_80_20
8521,0,0,0.0,stratified_80_20
8529,0,0,0.0,stratified_80_20
8531,0,0,0.0,stratified_80_20
8533,0,0,0.0,stratified_80_20
8535,0,0,0.0,stratified_80_20
8536,0,0,0.0,stratified_80_20
8547,0,0,0.0,stratified_80_20
8549,0,0,0.0,stratified_80_20
8556,0,0,0.0,stratified_80_20
8558,0,0,0.0,stratified_80_20
8563,0,0,0.0,stratified_80_20
8566,0,0,0.0,stratified_80_20
8567,0,0,0.0,stratified_80_20
8571,0,0,0.0,stratified_80_20
8572,0,0,0.0,stratified_80_20
8577,0,0,0.0,stratified_80_20
8587,0,0,0.0,stratified_80_20
8593,0,0,0.0,stratified_80_20
8595,0,0,0.0,stratified_80_20
8597,0,0,0.0,stratified_80_20
8601,0,0,0.0,stratified_80_20
8605,0,0,0.0,stratified_80_20
8609,0,0,0.0,stratified_80_20
8624,0,0,0.0,stratified_80_20
8627,0,0,0.0,stratified_80_20
8635,0,0,0.0,stratified_80_20
8636,0,0,0.0,stratified_80_20
8640,0,0,0.0,stratified_80_20
8646,0,0,0.0,stratified_80_20
8666,0,0,0.0,stratified_80_20
8669,0,0,0.0,stratified_80_20
8680,0,0,0.0,stratified_80_20
8682,0,0,0.0,stratified_80_20
8683,0,0,0.0,stratified_80_20
8693,0,0,0.0,stratified_80_20
8695,0,0,0.0,stratified_80_20
8697,0,0,0.0,stratified_80_20
8702,0,0,0.0,stratified_80_20
8705,0,0,0.0,stratified_80_20
8706,0,0,0.0,stratified_80_20
8711,0,0,0.0,stratified_80_20
8712,0,0,0.0,stratified_80_20
8716,0,0,0.0,stratified_80_20
8717,0,0,0.0,stratified_80_20
8719,0,0,0.0,stratified_80_20
8720,0,0,0.0,stratified_80_20
8733,0,0,0.0,stratified_80_20
8734,0,0,0.0,stratified_80_20
8738,0,0,0.0,stratified_80_20
8749,0,0,0.0,stratified_80_20
8750,0,0,0.0,stratified_80_20
8754,0,0,0.0,stratified_80_20
8767,0,0,0.0,stratified_80_20
8770,0,0,0.0,stratified_80_20
8772,0,0,0.0,stratified_80_20
8782,0,0,0.0,stratified_80_20
8783,0,0,0.0,stratified_80_20
8787,0,0,0.0,stratified_80_20
8789,0,0,0.0,stratified_80_20
8791,0,0,0.0,stratified_80_20
8792,0,0,0.0,stratified_80_20
8793,0,0,0.0,stratified_80_20
8802,0,0,0.0,stratified_80_20
8804,0,0,0.0,stratified_80_20
8811,0,0,0.0,stratified_80_20
8817,0,0,0.0,stratified_80_20
8820,0,0,0.0,stratified_80_20
8837,0,0,0.0,stratified_80_20
8848,0,0,0.0,stratified_80_20
8855,0,0,0.0,stratified_80_20
8859,0,0,0.0,stratified_80_20
8864,0,0,0.0,stratified_80_20
8872,0,0,0.0,stratified_80_20
8876,0,0,0.0,stratified_80_20
8881,0,0,0.0,stratified_80_20
8894,0,0,0.0,stratified_80_20
8905,0,0,0.0,stratified_80_20
8906,0,0,0.0,stratified_80_20
8921,0,0,0.0,stratified_80_20
8924,0,0,0.0,stratified_80_20
8926,0,0,0.0,stratified_80_20
8927,0,0,0.0,stratified_80_20
8942,0,0,0.0,stratified_80_20
8946,0,0,0.0,stratified_80_20
8947,0,0,0.0,stratified_80_20
8949,0,0,0.0,stratified_80_20
8959,0,0,0.0,stratified_80_20
8963,0,0,0.0,stratified_80_20
8984,0,0,0.0,stratified_80_20
8989,0,0,0.0,stratified_80_20
8995,0,0,0.0,stratified_80_20
8996,0,0,0.0,stratified_80_20
8997,0,0,0.0,stratified_80_20
8998,0,0,0.0,stratified_80_20
9007,0,0,0.0,stratified_80_20
9017,0,0,0.0,stratified_80_20
9018,0,0,0.0,stratified_80_20
9031,0,0,0.0,stratified_80_20
9045,0,0,0.0,stratified_80_20
9063,0,0,0.0,stratified_80_20
9065,0,0,0.0,stratified_80_20
9067,0,0,0.0,stratified_80_20
9074,0,0,0.0,stratified_80_20
9076,0,0,0.0,stratified_80_20
9077,0,0,0.0,stratified_80_20
9078,0,0,0.0,stratified_80_20
9079,0,0,0.0,stratified_80_20
9083,0,0,0.0,stratified_80_20
9095,0,0,0.0,stratified_80_20
9096,0,0,0.0,stratified_80_20
9101,0,0,0.0,stratified_80_20
9104,0,0,0.0,stratified_80_20
9107,0,0,0.0,stratified_80_20
9108,0,0,0.0,stratified_80_20
9110,0,0,0.0,stratified_80_20
9111,0,0,0.0,stratified_80_20
9120,0,0,0.0,stratified_80_20
9121,0,0,0.0,stratified_80_20
9122,0,0,0.0,stratified_80_20
9127,0,0,0.0,stratified_80_20
9130,0,0,0.0,stratified_80_20
9135,0,0,0.0,stratified_80_20
9145,0,0,0.0,stratified_80_20
9155,0,0,0.0,stratified_80_20
9158,0,0,0.0,stratified_80_20
9160,0,0,0.0,stratified_80_20
9166,0,0,0.0,stratified_80_20
9168,0,0,0.0,stratified_80_20
9171,0,0,0.0,stratified_80_20
9174,0,0,0.0,stratified_80_20
9175,0,0,0.0,stratified_80_20
9184,0,0,0.0,stratified_80_20
9190,0,0,0.0,stratified_80_20
9196,0,0,0.0,stratified_80_20
9200,0,0,0.0,stratified_80_20
9204,0,0,0.0,stratified_80_20
9208,0,0,0.0,stratified_80_20
9215,0,0,0.0,stratified_80_20
9219,0,0,0.0,stratified_80_20
9221,0,0,0.0,stratified_80_20
9227,0,0,0.0,stratified_80_20
9230,0,0,0.0,stratified_80_20
9241,0,0,0.0,stratified_80_20
9247,0,0,0.0,stratified_80_20
9256,0,0,0.0,stratified_80_20
9259,0,0,0.0,stratified_80_20
9261,0,0,0.0,stratified_80_20
9265,0,0,0.0,stratified_80_20
9268,0,0,0.0,stratified_80_20
9269,0,0,0.0,stratified_80_20
9271,0,0,0.0,stratified_80_20
9275,0,0,0.0,stratified_80_20
9277,0,0,0.0,stratified_80_20
9280,0,0,0.0,stratified_80_20
9283,0,0,0.0,stratified_80_20
9290,0,0,0.0,stratified_80_20
9304,0,0,0.0,stratified_80_20
9306,0,0,0.0,stratified_80_20
9316,0,0,0.0,stratified_80_20
9318,0,0,0.0,stratified_80_20
9323,0,0,0.0,stratified_80_20
9327,0,0,0.0,stratified_80_20
9336,0,0,0.0,stratified_80_20
9337,0,0,0.0,stratified_80_20
9342,0,0,0.0,stratified_80_20
9343,0,0,0.0,stratified_80_20
9344,0,0,0.0,stratified_80_20
9346,0,0,0.0,stratified_80_20
9348,0,0,0.0,stratified_80_20
9359,0,0,0.0,stratified_80_20
9369,0,0,0.0,stratified_80_20
9371,0,0,0.0,stratified_80_20
9374,0,0,0.0,stratified_80_20
9417,0,0,0.0,stratified_80_20
9424,0,0,0.0,stratified_80_20
9425,0,0,0.0,stratified_80_20
9428,0,0,0.0,stratified_80_20
9429,0,0,0.0,stratified_80_20
9435,0,0,0.0,stratified_80_20
9446,0,0,0.0,stratified_80_20
9455,0,0,0.0,stratified_80_20
9460,0,0,0.0,stratified_80_20
9465,0,0,0.0,stratified_80_20
9472,0,0,0.0,stratified_80_20
9474,0,0,0.0,stratified_80_20
9476,0,0,0.0,stratified_80_20
9479,0,0,0.0,stratified_80_20
9484,0,0,0.0,stratified_80_20
9486,0,0,0.0,stratified_80_20
9490,0,0,0.0,stratified_80_20
9491,0,0,0.0,stratified_80_20
9493,0,0,0.0,stratified_80_20
9496,0,0,0.0,stratified_80_20
9497,0,0,0.0,stratified_80_20
9503,0,0,0.0,stratified_80_20
9505,0,0,0.0,stratified_80_20
9510,0,0,0.0,stratified_80_20
9516,0,0,0.0,stratified_80_20
9518,0,0,0.0,stratified_80_20
9521,0,0,0.0,stratified_80_20
9524,0,0,0.0,stratified_80_20
9528,0,0,0.0,stratified_80_20
9533,0,0,0.0,stratified_80_20
9540,0,0,0.0,stratified_80_20
9546,0,0,0.0,stratified_80_20
9557,0,0,0.0,stratified_80_20
9569,0,0,0.0,stratified_80_20
9582,0,0,0.0,stratified_80_20
9583,0,0,0.0,stratified_80_20
9587,0,0,0.0,stratified_80_20
9589,0,0,0.0,stratified_80_20
9596,0,0,0.0,stratified_80_20
9597,0,0,0.0,stratified_80_20
9599,0,0,0.0,stratified_80_20
9603,0,0,0.0,stratified_80_20
9612,0,0,0.0,stratified_80_20
9615,0,0,0.0,stratified_80_20
9627,0,0,0.0,stratified_80_20
9628,0,0,0.0,stratified_80_20
9637,0,0,0.0,stratified_80_20
9643,0,0,0.0,stratified_80_20
9650,0,0,0.0,stratified_80_20
9662,0,0,0.0,stratified_80_20
9673,0,0,0.0,stratified_80_20
9677,0,0,0.0,stratified_80_20
9686,0,0,0.0,stratified_80_20
9689,0,0,0.0,stratified_80_20
9692,0,0,0.0,stratified_80_20
9699,0,0,0.0,stratified_80_20
9706,0,0,0.0,stratified_80_20
9714,0,0,0.0,stratified_80_20
9715,0,0,0.0,stratified_80_20
9716,0,0,0.0,stratified_80_20
9718,0,0,0.0,stratified_80_20
9719,0,0,0.0,stratified_80_20
9721,0,0,0.0,stratified_80_20
9726,0,0,0.0,stratified_80_20
9735,0,0,0.0,stratified_80_20
9741,0,0,0.0,stratified_80_20
9746,0,0,0.0,stratified_80_20
9752,0,0,0.0,stratified_80_20
9764,0,0,0.0,stratified_80_20
9765,0,0,0.0,stratified_80_20
9768,0,0,0.0,stratified_80_20
9772,0,0,0.0,stratified_80_20
9777,0,0,0.0,stratified_80_20
9782,0,0,0.0,stratified_80_20
9783,0,0,0.0,stratified_80_20
9788,0,0,0.0,stratified_80_20
9794,0,0,0.0,stratified_80_20
9795,0,0,0.0,stratified_80_20
9817,0,0,0.0,stratified_80_20
9821,0,0,0.0,stratified_80_20
9823,0,0,0.0,stratified_80_20
9824,0,0,0.0,stratified_80_20
9825,0,0,0.0,stratified_80_20
9833,0,0,0.0,stratified_80_20
9837,0,0,0.0,stratified_80_20
9843,0,0,0.0,stratified_80_20
9847,0,0,0.0,stratified_80_20
9850,0,0,0.0,stratified_80_20
9852,0,0,0.0,stratified_80_20
9860,0,0,0.0,stratified_80_20
9865,0,0,0.0,stratified_80_20
9866,0,0,0.0,stratified_80_20
9867,0,0,0.0,stratified_80_20
9873,0,0,0.0,stratified_80_20
9878,0,0,0.0,stratified_80_20
9879,0,0,0.0,stratified_80_20
9882,0,0,0.0,stratified_80_20
9885,0,0,0.0,stratified_80_20
9890,0,0,0.0,stratified_80_20
9896,0,0,0.0,stratified_80_20
9903,0,0,0.0,stratified_80_20
9914,0,0,0.0,stratified_80_20
9915,0,0,0.0,stratified_80_20
9916,0,0,0.0,stratified_80_20
9921,0,0,0.0,stratified_80_20
9927,0,0,0.0,stratified_80_20
9930,0,0,0.0,stratified_80_20
9940,0,0,0.0,stratified_80_20
9941,0,0,0.0,stratified_80_20
9943,0,0,0.0,stratified_80_20
9947,0,0,0.0,stratified_80_20
9949,0,0,0.0,stratified_80_20
9956,0,0,0.0,stratified_80_20
9964,0,0,0.0,stratified_80_20
9967,0,0,0.0,stratified_80_20
9968,0,0,0.0,stratified_80_20
9969,0,0,0.0,stratified_80_20
9972,0,0,0.0,stratified_80_20
9979,0,0,0.0,stratified_80_20
9984,0,0,0.0,stratified_80_20
9996,0,0,0.0,stratified_80_20
10000,0,0,0.0,stratified_80_20
10006,0,0,0.0,stratified_80_20
10014,0,0,0.0,stratified_80_20
10024,0,0,0.0,stratified_80_20
10028,0,0,0.0,stratified_80_20
10055,0,0,0.0,stratified_80_20
10058,0,0,0.0,stratified_80_20
10066,0,0,0.0,stratified_80_20
10067,0,0,0.0,stratified_80_20
10068,0,0,0.0,stratified_80_20
10073,0,0,0.0,stratified_80_20
10082,0,0,0.0,stratified_80_20
10086,0,0,0.0,stratified_80_20
10093,0,0,0.0,stratified_80_20
10095,0,0,0.0,stratified_80_20
10100,0,0,0.0,stratified_80_20
10103,0,0,0.0,stratified_80_20
10106,0,0,0.0,stratified_80_20
10109,0,0,0.0,stratified_80_20
10116,0,0,0.0,stratified_80_20
10131,0,0,0.0,stratified_80_20
10136,0,0,0.0,stratified_80_20
10141,0,0,0.0,stratified_80_20
10142,0,0,0.0,stratified_80_20
10143,0,0,0.0,stratified_80_20
10147,0,0,0.0,stratified_80_20
10150,0,0,0.0,stratified_80_20
10161,0,0,0.0,stratified_80_20
10165,0,0,0.0,stratified_80_20
10167,0,0,0.0,stratified_80_20
10177,0,0,0.0,stratified_80_20
10179,0,0,0.0,stratified_80_20
10181,0,0,0.0,stratified_80_20
10195,0,0,0.0,stratified_80_20
10207,0,0,0.0,stratified_80_20
10209,0,0,0.0,stratified_80_20
10211,0,0,0.0,stratified_80_20
10213,0,0,0.0,stratified_80_20
10222,0,0,0.0,stratified_80_20
10225,0,0,0.0,stratified_80_20
10230,0,0,0.0,stratified_80_20
10233,0,0,0.0,stratified_80_20
10234,0,0,0.0,stratified_80_20
10238,0,0,0.0,stratified_80_20
10255,0,0,0.0,stratified_80_20
10258,0,0,0.0,stratified_80_20
10267,0,0,0.0,stratified_80_20
10278,0,0,0.0,stratified_80_20
10283,0,0,0.0,stratified_80_20
10292,0,0,0.0,stratified_80_20
10293,0,0,0.0,stratified_80_20
10295,0,0,0.0,stratified_80_20
10303,0,0,0.0,stratified_80_20
10304,0,0,0.0,stratified_80_20
10310,0,0,0.0,stratified_80_20
10313,0,0,0.0,stratified_80_20
10326,0,0,0.0,stratified_80_20
10332,0,0,0.0,stratified_80_20
10335,0,0,0.0,stratified_80_20
10338,0,0,0.0,stratified_80_20
10344,0,0,0.0,stratified_80_20
10345,0,0,0.0,stratified_80_20
10350,0,0,0.0,stratified_80_20
10358,0,0,0.0,stratified_80_20
10361,0,0,0.0,stratified_80_20
10364,0,0,0.0,stratified_80_20
10367,0,0,0.0,stratified_80_20
10374,0,0,0.0,stratified_80_20
10377,0,0,0.0,stratified_80_20
10380,0,0,0.0,stratified_80_20
10382,0,0,0.0,stratified_80_20
10386,0,0,0.0,stratified_80_20
10391,0,0,0.0,stratified_80_20
10394,0,0,0.0,stratified_80_20
10395,0,0,0.0,stratified_80_20
10396,0,0,0.0,stratified_80_20
10400,0,0,0.0,stratified_80_20
10403,0,0,0.0,stratified_80_20
10409,0,0,0.0,stratified_80_20
10412,0,0,0.0,stratified_80_20
10416,0,0,0.0,stratified_80_20
10420,0,0,0.0,stratified_80_20
10433,0,0,0.0,stratified_80_20
10435,0,0,0.0,stratified_80_20
10442,0,0,0.0,stratified_80_20
10447,0,0,0.0,stratified_80_20
10449,0,0,0.0,stratified_80_20
10450,0,0,0.0,stratified_80_20
10451,0,0,0.0,stratified_80_20
10457,0,0,0.0,stratified_80_20
10464,0,0,0.0,stratified_80_20
10478,0,0,0.0,stratified_80_20
10481,0,0,0.0,stratified_80_20
10485,0,0,0.0,stratified_80_20
10487,0,0,0.0,stratified_80_20
10488,0,0,0.0,stratified_80_20
10492,0,0,0.0,stratified_80_20
10503,0,0,0.0,stratified_80_20
10514,0,0,0.0,stratified_80_20
10516,0,0,0.0,stratified_80_20
10521,0,0,0.0,stratified_80_20
10526,0,0,0.0,stratified_80_20
10531,0,0,0.0,stratified_80_20
10541,0,0,0.0,stratified_80_20
10550,0,0,0.0,stratified_80_20
10553,0,0,0.0,stratified_80_20
10554,0,0,0.0,stratified_80_20
10561,0,0,0.0,stratified_80_20
10566,0,0,0.0,stratified_80_20
10570,0,0,0.0,stratified_80_20
10576,0,0,0.0,stratified_80_20
10578,0,0,0.0,stratified_80_20
10582,0,0,0.0,stratified_80_20
10585,0,0,0.0,stratified_80_20
10589,0,0,0.0,stratified_80_20
10616,0,0,0.0,stratified_80_20
10617,0,0,0.0,stratified_80_20
10618,0,0,0.0,stratified_80_20
10619,0,0,0.0,stratified_80_20
10625,0,0,0.0,stratified_80_20
10626,0,0,0.0,stratified_80_20
10627,0,0,0.0,stratified_80_20
10634,0,0,0.0,stratified_80_20
10635,0,0,0.0,stratified_80_20
10637,0,0,0.0,stratified_80_20
10647,0,0,0.0,stratified_80_20
10651,0,0,0.0,stratified_80_20
10655,0,0,0.0,stratified_80_20
10672,0,0,0.0,stratified_80_20
10677,0,0,0.0,stratified_80_20
10680,0,0,0.0,stratified_80_20
10681,0,0,0.0,stratified_80_20
10682,0,0,0.0,stratified_80_20
10683,0,0,0.0,stratified_80_20
10685,0,0,0.0,stratified_80_20
10692,0,0,0.0,stratified_80_20
10693,0,0,0.0,stratified_80_20
10694,0,0,0.0,stratified_80_20
10698,0,0,0.0,stratified_80_20
10699,0,0,0.0,stratified_80_20
10702,0,0,0.0,stratified_80_20
10703,0,0,0.0,stratified_80_20
10704,0,0,0.0,stratified_80_20
10706,0,0,0.0,stratified_80_20
10707,0,0,0.0,stratified_80_20
10717,0,0,0.0,stratified_80_20
10720,0,0,0.0,stratified_80_20
10724,0,0,0.0,stratified_80_20
10725,0,0,0.0,stratified_80_20
10728,0,0,0.0,stratified_80_20
10729,0,0,0.0,stratified_80_20
10736,0,0,0.0,stratified_80_20
10737,0,0,0.0,stratified_80_20
10738,0,0,0.0,stratified_80_20
10740,0,0,0.0,stratified_80_20
10744,0,1,1.0,stratified_80_20
10748,0,0,0.0,stratified_80_20
10749,0,0,0.0,stratified_80_20
10750,0,0,0.0,stratified_80_20
10751,0,0,0.0,stratified_80_20
10754,0,0,0.0,stratified_80_20
10756,0,0,0.0,stratified_80_20
10759,0,0,0.0,stratified_80_20
10762,0,0,0.0,stratified_80_20
10763,0,0,0.0,stratified_80_20
10766,0,0,0.0,stratified_80_20
10770,0,0,0.0,stratified_80_20
10775,0,0,0.0,stratified_80_20
10776,0,0,0.0,stratified_80_20
10785,0,0,0.0,stratified_80_20
10787,0,0,0.0,stratified_80_20
10789,0,0,0.0,stratified_80_20
10793,0,0,0.0,stratified_80_20
10794,0,0,0.0,stratified_80_20
10799,0,0,0.0,stratified_80_20
10800,0,0,0.0,stratified_80_20
10805,0,0,0.0,stratified_80_20
10808,0,0,0.0,stratified_80_20
10813,0,0,0.0,stratified_80_20
10816,0,0,0.0,stratified_80_20
10825,0,0,0.0,stratified_80_20
10828,0,0,0.0,stratified_80_20
10831,0,0,0.0,stratified_80_20
10832,0,0,0.0,stratified_80_20
10837,0,0,0.0,stratified_80_20
10839,0,0,0.0,stratified_80_20
10846,0,0,0.0,stratified_80_20
10848,0,0,0.0,stratified_80_20
10860,0,0,0.0,stratified_80_20
10871,0,0,0.0,stratified_80_20
10875,0,0,0.0,stratified_80_20
10878,0,0,0.0,stratified_80_20
10886,0,0,0.0,stratified_80_20
10889,0,0,0.0,stratified_80_20
10891,0,0,0.0,stratified_80_20
10892,0,0,0.0,stratified_80_20
10893,0,0,0.0,stratified_80_20
10900,0,0,0.0,stratified_80_20
10905,0,0,0.0,stratified_80_20
10912,0,0,0.0,stratified_80_20
10913,0,0,0.0,stratified_80_20
10916,0,0,0.0,stratified_80_20
10922,0,0,0.0,stratified_80_20
10929,0,0,0.0,stratified_80_20
10931,0,0,0.0,stratified_80_20
10938,0,0,0.0,stratified_80_20
10940,0,0,0.0,stratified_80_20
10942,0,0,0.0,stratified_80_20
10954,0,0,0.0,stratified_80_20
10956,0,0,0.0,stratified_80_20
10965,0,0,0.0,stratified_80_20
10966,0,0,0.0,stratified_80_20
10972,0,0,0.0,stratified_80_20
10973,0,0,0.0,stratified_80_20
10974,0,0,0.0,stratified_80_20
10975,0,0,0.0,stratified_80_20
10976,0,0,0.0,stratified_80_20
10983,0,0,0.0,stratified_80_20
10988,0,0,0.0,stratified_80_20
10997,0,0,0.0,stratified_80_20
10998,0,0,0.0,stratified_80_20
11001,0,0,0.0,stratified_80_20
11002,0,0,0.0,stratified_80_20
11003,0,0,0.0,stratified_80_20
11005,0,0,0.0,stratified_80_20
11009,0,0,0.0,stratified_80_20
11016,0,0,0.0,stratified_80_20
11017,0,0,0.0,stratified_80_20
11023,0,0,0.0,stratified_80_20
11033,0,0,0.0,stratified_80_20
11039,0,0,0.0,stratified_80_20
11046,0,0,0.0,stratified_80_20
11049,0,0,0.0,stratified_80_20
11053,0,0,0.0,stratified_80_20
11064,0,0,0.0,stratified_80_20
11083,0,0,0.0,stratified_80_20
11085,0,0,0.0,stratified_80_20
11087,0,0,0.0,stratified_80_20
11093,0,0,0.0,stratified_80_20
11094,0,0,0.0,stratified_80_20
11095,0,0,0.0,stratified_80_20
11101,0,0,0.0,stratified_80_20
11108,0,0,0.0,stratified_80_20
11110,0,0,0.0,stratified_80_20
11111,0,0,0.0,stratified_80_20
11116,0,0,0.0,stratified_80_20
11120,0,0,0.0,stratified_80_20
11122,0,0,0.0,stratified_80_20
11130,0,0,0.0,stratified_80_20
11133,0,0,0.0,stratified_80_20
11138,0,0,0.0,stratified_80_20
11139,0,0,0.0,stratified_80_20
11151,0,0,0.0,stratified_80_20
11154,0,0,0.0,stratified_80_20
11156,0,0,0.0,stratified_80_20
11157,0,0,0.0,stratified_80_20
11161,0,0,0.0,stratified_80_20
11162,0,0,0.0,stratified_80_20
11164,0,0,0.0,stratified_80_20
11171,0,0,0.0,stratified_80_20
11172,0,0,0.0,stratified_80_20
11173,0,0,0.0,stratified_80_20
11174,0,0,0.0,stratified_80_20
11182,0,0,0.0,stratified_80_20
11185,0,0,0.0,stratified_80_20
11190,0,0,0.0,stratified_80_20
11197,0,0,0.0,stratified_80_20
11205,0,0,0.0,stratified_80_20
11207,0,0,0.0,stratified_80_20
11211,0,0,0.0,stratified_80_20
11221,0,0,0.0,stratified_80_20
11232,0,0,0.0,stratified_80_20
11240,0,0,0.0,stratified_80_20
11241,0,0,0.0,stratified_80_20
11246,0,0,0.0,stratified_80_20
11249,0,0,0.0,stratified_80_20
11254,0,0,0.0,stratified_80_20
11258,0,0,0.0,stratified_80_20
11261,0,0,0.0,stratified_80_20
11267,0,0,0.0,stratified_80_20
11279,0,0,0.0,stratified_80_20
11280,0,0,0.0,stratified_80_20
11283,0,0,0.0,stratified_80_20
11284,0,0,0.0,stratified_80_20
11294,0,0,0.0,stratified_80_20
11302,0,0,0.0,stratified_80_20
11303,0,0,0.0,stratified_80_20
11308,0,0,0.0,stratified_80_20
11312,0,0,0.0,stratified_80_20
11314,0,0,0.0,stratified_80_20
11317,0,0,0.0,stratified_80_20
11319,0,0,0.0,stratified_80_20
11329,0,0,0.0,stratified_80_20
11332,0,0,0.0,stratified_80_20
11334,0,0,0.0,stratified_80_20
11336,0,0,0.0,stratified_80_20
11338,0,0,0.0,stratified_80_20
11340,0,0,0.0,stratified_80_20
11344,0,0,0.0,stratified_80_20
11345,0,0,0.0,stratified_80_20
11349,0,0,0.0,stratified_80_20
11350,0,0,0.0,stratified_80_20
11353,0,0,0.0,stratified_80_20
11357,0,0,0.0,stratified_80_20
11360,0,0,0.0,stratified_80_20
11362,0,0,0.0,stratified_80_20
11372,0,0,0.0,stratified_80_20
11381,0,0,0.0,stratified_80_20
11382,0,0,0.0,stratified_80_20
11383,0,0,0.0,stratified_80_20
11384,0,0,0.0,stratified_80_20
11390,0,0,0.0,stratified_80_20
11393,1,1,1.0,stratified_80_20
11394,0,0,0.0,stratified_80_20
11397,0,0,0.0,stratified_80_20
11400,0,0,0.0,stratified_80_20
11410,0,0,0.0,stratified_80_20
11413,0,0,0.0,stratified_80_20
11414,0,0,0.0,stratified_80_20
11416,0,0,0.0,stratified_80_20
11418,0,0,0.0,stratified_80_20
11424,0,0,0.0,stratified_80_20
11425,0,0,0.0,stratified_80_20
11429,1,1,1.0,stratified_80_20
11430,1,1,1.0,stratified_80_20
11432,0,0,0.0,stratified_80_20
11441,0,0,0.0,stratified_80_20
11442,0,0,0.0,stratified_80_20
11444,0,0,0.0,stratified_80_20
11446,0,0,0.0,stratified_80_20
11447,0,0,0.0,stratified_80_20
11449,0,0,0.0,stratified_80_20
11452,0,0,0.0,stratified_80_20
11465,1,1,1.0,stratified_80_20
11469,0,0,0.0,stratified_80_20
11479,0,0,0.0,stratified_80_20
11496,0,0,0.0,stratified_80_20
11503,0,0,0.0,stratified_80_20
11527,0,0,0.0,stratified_80_20
11534,0,0,0.0,stratified_80_20
11539,0,0,0.0,stratified_80_20
11540,0,0,0.0,stratified_80_20
11542,0,0,0.0,stratified_80_20
11545,0,0,0.0,stratified_80_20
11547,0,0,0.0,stratified_80_20
11550,0,0,0.0,stratified_80_20
11560,0,0,0.0,stratified_80_20
11566,0,0,0.0,stratified_80_20
11567,0,0,0.0,stratified_80_20
11570,0,0,0.0,stratified_80_20
11571,0,0,0.0,stratified_80_20
11572,0,0,0.0,stratified_80_20
11574,0,0,0.0,stratified_80_20
11580,0,0,0.0,stratified_80_20
11588,0,0,0.0,stratified_80_20
11591,0,0,0.0,stratified_80_20
11597,0,0,0.0,stratified_80_20
11601,0,0,0.0,stratified_80_20
11605,0,0,0.0,stratified_80_20
11607,0,0,0.0,stratified_80_20
11625,0,0,0.0,stratified_80_20
11630,0,0,0.0,stratified_80_20
11632,0,0,0.0,stratified_80_20
11649,0,0,0.0,stratified_80_20
11651,0,0,0.0,stratified_80_20
11662,0,0,0.0,stratified_80_20
11665,0,0,0.0,stratified_80_20
11668,0,0,0.0,stratified_80_20
11674,0,0,0.0,stratified_80_20
11675,0,0,0.0,stratified_80_20
11676,0,0,0.0,stratified_80_20
11681,0,0,0.0,stratified_80_20
11684,0,0,0.0,stratified_80_20
11685,0,0,0.0,stratified_80_20
11688,0,0,0.0,stratified_80_20
11695,0,0,0.0,stratified_80_20
11700,0,0,0.0,stratified_80_20
11701,0,0,0.0,stratified_80_20
11703,0,0,0.0,stratified_80_20
11706,0,0,0.0,stratified_80_20
11707,0,0,0.0,stratified_80_20
11712,0,0,0.0,stratified_80_20
11715,0,0,0.0,stratified_80_20
11716,0,0,0.0,stratified_80_20
11717,0,0,0.0,stratified_80_20
11718,0,0,0.0,stratified_80_20
11719,0,0,0.0,stratified_80_20
11734,0,0,0.0,stratified_80_20
11737,0,0,0.0,stratified_80_20
11747,0,0,0.0,stratified_80_20
11749,0,0,0.0,stratified_80_20
11750,0,0,0.0,stratified_80_20
11751,0,0,0.0,stratified_80_20
11757,0,0,0.0,stratified_80_20
11772,0,0,0.0,stratified_80_20
11775,0,0,0.0,stratified_80_20
11779,0,0,0.0,stratified_80_20
11784,0,0,0.0,stratified_80_20
11789,0,0,0.0,stratified_80_20
11793,0,0,0.0,stratified_80_20
11807,0,0,0.0,stratified_80_20
11813,0,0,0.0,stratified_80_20
11826,0,0,0.0,stratified_80_20
11831,0,0,0.0,stratified_80_20
11836,0,0,0.0,stratified_80_20
11838,0,0,0.0,stratified_80_20
11843,0,0,0.0,stratified_80_20
11847,0,0,0.0,stratified_80_20
11849,0,0,0.0,stratified_80_20
11876,0,0,0.0,stratified_80_20
11879,0,0,0.0,stratified_80_20
11883,0,0,0.0,stratified_80_20
11886,0,0,0.0,stratified_80_20
11901,0,0,0.0,stratified_80_20
11919,0,0,0.0,stratified_80_20
11920,0,0,0.0,stratified_80_20
11928,0,0,0.0,stratified_80_20
11930,0,0,0.0,stratified_80_20
11938,0,0,0.0,stratified_80_20
11939,0,0,0.0,stratified_80_20
11941,0,0,0.0,stratified_80_20
11946,0,0,0.0,stratified_80_20
11950,0,0,0.0,stratified_80_20
11951,0,0,0.0,stratified_80_20
11956,0,0,0.0,stratified_80_20
11961,0,0,0.0,stratified_80_20
11962,0,0,0.0,stratified_80_20
11963,0,0,0.0,stratified_80_20
11965,0,0,0.0,stratified_80_20
11966,0,0,0.0,stratified_80_20
11969,0,0,0.0,stratified_80_20
11974,0,0,0.0,stratified_80_20
11981,0,0,0.0,stratified_80_20
11982,0,0,0.0,stratified_80_20
11987,0,0,0.0,stratified_80_20
11990,0,0,0.0,stratified_80_20
11996,0,0,0.0,stratified_80_20
12001,0,0,0.0,stratified_80_20
12003,0,0,0.0,stratified_80_20
12010,0,0,0.0,stratified_80_20
12011,0,0,0.0,stratified_80_20
12015,0,0,0.0,stratified_80_20
12027,0,0,0.0,stratified_80_20
12033,0,0,0.0,stratified_80_20
12043,0,0,0.0,stratified_80_20
12051,0,0,0.0,stratified_80_20
12052,0,0,0.0,stratified_80_20
12053,0,0,0.0,stratified_80_20
12067,0,0,0.0,stratified_80_20
12073,0,0,0.0,stratified_80_20
12074,0,0,0.0,stratified_80_20
12079,0,0,0.0,stratified_80_20
12082,0,0,0.0,stratified_80_20
12099,0,0,0.0,stratified_80_20
12112,0,0,0.0,stratified_80_20
12121,0,0,0.0,stratified_80_20
12124,0,0,0.0,stratified_80_20
12127,0,0,0.0,stratified_80_20
12130,0,0,0.0,stratified_80_20
12132,0,0,0.0,stratified_80_20
12134,0,0,0.0,stratified_80_20
12138,0,0,0.0,stratified_80_20
12157,0,0,0.0,stratified_80_20
12161,0,0,0.0,stratified_80_20
12170,0,0,0.0,stratified_80_20
12173,0,0,0.0,stratified_80_20
12183,0,0,0.0,stratified_80_20
12185,0,0,0.0,stratified_80_20
12187,0,0,0.0,stratified_80_20
12189,0,0,0.0,stratified_80_20
12190,0,0,0.0,stratified_80_20
12192,0,0,0.0,stratified_80_20
12194,0,0,0.0,stratified_80_20
12195,0,0,0.0,stratified_80_20
12197,0,0,0.0,stratified_80_20
12203,0,0,0.0,stratified_80_20
12204,0,0,0.0,stratified_80_20
12209,0,0,0.0,stratified_80_20
12211,0,0,0.0,stratified_80_20
12213,0,0,0.0,stratified_80_20
12217,0,0,0.0,stratified_80_20
12219,0,0,0.0,stratified_80_20
12225,0,0,0.0,stratified_80_20
12231,0,0,0.0,stratified_80_20
12236,0,0,0.0,stratified_80_20
12238,0,0,0.0,stratified_80_20
12249,0,0,0.0,stratified_80_20
12254,0,0,0.0,stratified_80_20
12263,0,0,0.0,stratified_80_20
12265,0,0,0.0,stratified_80_20
12266,0,0,0.0,stratified_80_20
12270,0,0,0.0,stratified_80_20
12277,0,0,0.0,stratified_80_20
12282,0,0,0.0,stratified_80_20
12287,0,0,0.0,stratified_80_20
12290,0,0,0.0,stratified_80_20
12301,0,0,0.0,stratified_80_20
12309,0,0,0.0,stratified_80_20
12310,0,0,0.0,stratified_80_20
12317,0,0,0.0,stratified_80_20
12318,0,0,0.0,stratified_80_20
12329,0,0,0.0,stratified_80_20
12330,0,0,0.0,stratified_80_20
12336,0,0,0.0,stratified_80_20
12342,0,0,0.0,stratified_80_20
12343,0,0,0.0,stratified_80_20
12349,0,0,0.0,stratified_80_20
12355,0,0,0.0,stratified_80_20
12365,0,0,0.0,stratified_80_20
12369,0,0,0.0,stratified_80_20
12373,0,0,0.0,stratified_80_20
12376,0,0,0.0,stratified_80_20
12386,0,0,0.0,stratified_80_20
12392,0,0,0.0,stratified_80_20
12401,0,0,0.0,stratified_80_20
12403,0,0,0.0,stratified_80_20
12404,0,0,0.0,stratified_80_20
12405,0,0,0.0,stratified_80_20
12410,0,0,0.0,stratified_80_20
12417,0,0,0.0,stratified_80_20
12424,0,0,0.0,stratified_80_20
12426,0,0,0.0,stratified_80_20
12437,0,0,0.0,stratified_80_20
12440,0,0,0.0,stratified_80_20
12459,0,0,0.0,stratified_80_20
12461,0,0,0.0,stratified_80_20
12462,0,0,0.0,stratified_80_20
12463,0,0,0.0,stratified_80_20
12465,0,0,0.0,stratified_80_20
12466,0,0,0.0,stratified_80_20
12467,0,0,0.0,stratified_80_20
12471,0,0,0.0,stratified_80_20
12479,0,0,0.0,stratified_80_20
12480,0,0,0.0,stratified_80_20
12483,0,0,0.0,stratified_80_20
12489,0,0,0.0,stratified_80_20
12492,0,0,0.0,stratified_80_20
12498,0,0,0.0,stratified_80_20
12502,0,0,0.0,stratified_80_20
12510,0,0,0.0,stratified_80_20
12517,0,0,0.0,stratified_80_20
12529,0,0,0.0,stratified_80_20
12546,0,0,0.0,stratified_80_20
12550,0,0,0.0,stratified_80_20
12554,0,0,0.0,stratified_80_20
12559,0,0,0.0,stratified_80_20
12574,0,0,0.0,stratified_80_20
12589,0,0,0.0,stratified_80_20
12590,0,0,0.0,stratified_80_20
12593,0,0,0.0,stratified_80_20
12601,0,0,0.0,stratified_80_20
12608,0,0,0.0,stratified_80_20
12614,0,0,0.0,stratified_80_20
12615,0,0,0.0,stratified_80_20
12618,0,0,0.0,stratified_80_20
12628,0,0,0.0,stratified_80_20
12632,1,0,0.0,stratified_80_20
12639,0,0,0.0,stratified_80_20
12646,0,0,0.0,stratified_80_20
12652,0,0,0.0,stratified_80_20
12655,0,0,0.0,stratified_80_20
12660,0,0,0.0,stratified_80_20
12665,0,0,0.0,stratified_80_20
12672,0,0,0.0,stratified_80_20
12677,0,0,0.0,stratified_80_20
12678,0,0,0.0,stratified_80_20
12679,0,0,0.0,stratified_80_20
12680,0,0,0.0,stratified_80_20
12687,0,0,0.0,stratified_80_20
12690,0,0,0.0,stratified_80_20
12691,0,0,0.0,stratified_80_20
12696,0,0,0.0,stratified_80_20
12700,0,0,0.0,stratified_80_20
12702,0,0,0.0,stratified_80_20
12707,0,0,0.0,stratified_80_20
12727,0,0,0.0,stratified_80_20
12730,0,0,0.0,stratified_80_20
12734,0,0,0.0,stratified_80_20
12735,0,0,0.0,stratified_80_20
12736,0,0,0.0,stratified_80_20
12748,0,0,0.0,stratified_80_20
12756,0,0,0.0,stratified_80_20
12757,0,0,0.0,stratified_80_20
12760,0,0,0.0,stratified_80_20
12762,0,0,0.0,stratified_80_20
12769,0,0,0.0,stratified_80_20
12777,0,0,0.0,stratified_80_20
12779,0,0,0.0,stratified_80_20
12793,0,0,0.0,stratified_80_20
12800,0,0,0.0,stratified_80_20
12817,0,0,0.0,stratified_80_20
12822,0,0,0.0,stratified_80_20
12823,0,0,0.0,stratified_80_20
12830,0,0,0.0,stratified_80_20
12831,0,0,0.0,stratified_80_20
12832,0,0,0.0,stratified_80_20
12833,0,0,0.0,stratified_80_20
12834,0,0,0.0,stratified_80_20
12842,0,0,0.0,stratified_80_20
12866,0,0,0.0,stratified_80_20
12867,0,0,0.0,stratified_80_20
12869,0,0,0.0,stratified_80_20
12870,0,0,0.0,stratified_80_20
12871,0,0,0.0,stratified_80_20
12875,0,0,0.0,stratified_80_20
12880,0,0,0.0,stratified_80_20
12881,0,0,0.0,stratified_80_20
12883,0,0,0.0,stratified_80_20
12888,0,0,0.0,stratified_80_20
12889,0,0,0.0,stratified_80_20
12893,0,0,0.0,stratified_80_20
12895,0,0,0.0,stratified_80_20
12898,0,0,0.0,stratified_80_20
12900,0,0,0.0,stratified_80_20
12919,0,0,0.0,stratified_80_20
12924,0,0,0.0,stratified_80_20
12930,0,0,0.0,stratified_80_20
12938,0,0,0.0,stratified_80_20
12940,0,0,0.0,stratified_80_20
12949,0,0,0.0,stratified_80_20
12954,0,0,0.0,stratified_80_20
12956,0,0,0.0,stratified_80_20
12963,0,0,0.0,stratified_80_20
12978,0,0,0.0,stratified_80_20
12992,0,0,0.0,stratified_80_20
12997,0,0,0.0,stratified_80_20
12999,0,0,0.0,stratified_80_20
13002,0,0,0.0,stratified_80_20
13006,0,0,0.0,stratified_80_20
13011,0,0,0.0,stratified_80_20
13012,0,0,0.0,stratified_80_20
13014,0,0,0.0,stratified_80_20
13016,0,0,0.0,stratified_80_20
13021,0,0,0.0,stratified_80_20
13022,0,0,0.0,stratified_80_20
13024,0,0,0.0,stratified_80_20
13031,0,0,0.0,stratified_80_20
13040,0,0,0.0,stratified_80_20
13041,0,0,0.0,stratified_80_20
13044,0,0,0.0,stratified_80_20
13051,0,0,0.0,stratified_80_20
13060,0,0,0.0,stratified_80_20
13061,0,0,0.0,stratified_80_20
13065,0,0,0.0,stratified_80_20
13066,0,0,0.0,stratified_80_20
13072,0,0,0.0,stratified_80_20
13082,0,0,0.0,stratified_80_20
13087,0,0,0.0,stratified_80_20
13089,0,0,0.0,stratified_80_20
13091,0,0,0.0,stratified_80_20
13096,0,0,0.0,stratified_80_20
13102,0,0,0.0,stratified_80_20
13115,0,0,0.0,stratified_80_20
13122,0,0,0.0,stratified_80_20
13124,0,0,0.0,stratified_80_20
13127,0,0,0.0,stratified_80_20
13131,0,0,0.0,stratified_80_20
13132,0,0,0.0,stratified_80_20
13136,0,0,0.0,stratified_80_20
13151,0,0,0.0,stratified_80_20
13155,0,0,0.0,stratified_80_20
13161,0,0,0.0,stratified_80_20
13162,0,0,0.0,stratified_80_20
13171,0,0,0.0,stratified_80_20
13176,0,0,0.0,stratified_80_20
13178,0,0,0.0,stratified_80_20
13186,0,0,0.0,stratified_80_20
13193,0,0,0.0,stratified_80_20
13195,0,0,0.0,stratified_80_20
13201,0,0,0.0,stratified_80_20
13216,0,0,0.0,stratified_80_20
13225,0,0,0.0,stratified_80_20
13231,0,0,0.0,stratified_80_20
13236,0,0,0.0,stratified_80_20
13239,0,0,0.0,stratified_80_20
13245,0,0,0.0,stratified_80_20
13246,0,0,0.0,stratified_80_20
13247,0,0,0.0,stratified_80_20
13248,0,0,0.0,stratified_80_20
13249,0,0,0.0,stratified_80_20
13252,0,0,0.0,stratified_80_20
13260,0,0,0.0,stratified_80_20
13270,0,0,0.0,stratified_80_20
13276,0,0,0.0,stratified_80_20
13280,0,0,0.0,stratified_80_20
13281,0,0,0.0,stratified_80_20
13284,0,0,0.0,stratified_80_20
13290,0,0,0.0,stratified_80_20
13291,0,0,0.0,stratified_80_20
13294,0,0,0.0,stratified_80_20
13295,0,0,0.0,stratified_80_20
13296,0,0,0.0,stratified_80_20
13298,0,0,0.0,stratified_80_20
13299,0,0,0.0,stratified_80_20
13303,0,0,0.0,stratified_80_20
13311,0,0,0.0,stratified_80_20
13318,0,0,0.0,stratified_80_20
13319,0,0,0.0,stratified_80_20
13321,0,0,0.0,stratified_80_20
13333,0,0,0.0,stratified_80_20
13337,0,0,0.0,stratified_80_20
13338,0,0,0.0,stratified_80_20
13339,0,0,0.0,stratified_80_20
13342,0,0,0.0,stratified_80_20
13344,0,0,0.0,stratified_80_20
13346,0,0,0.0,stratified_80_20
13349,0,0,0.0,stratified_80_20
13350,0,0,0.0,stratified_80_20
13365,0,0,0.0,stratified_80_20
13373,0,0,0.0,stratified_80_20
13377,0,0,0.0,stratified_80_20
13394,0,0,0.0,stratified_80_20
13395,0,0,0.0,stratified_80_20
13397,0,0,0.0,stratified_80_20
13401,0,0,0.0,stratified_80_20
13407,0,0,0.0,stratified_80_20
13408,0,0,0.0,stratified_80_20
13410,0,0,0.0,stratified_80_20
13418,0,0,0.0,stratified_80_20
13424,0,0,0.0,stratified_80_20
13432,0,0,0.0,stratified_80_20
13434,0,0,0.0,stratified_80_20
13437,0,0,0.0,stratified_80_20
13443,0,0,0.0,stratified_80_20
13451,0,0,0.0,stratified_80_20
13454,0,0,0.0,stratified_80_20
13455,0,0,0.0,stratified_80_20
13459,0,0,0.0,stratified_80_20
13465,0,0,0.0,stratified_80_20
13471,0,0,0.0,stratified_80_20
13482,0,0,0.0,stratified_80_20
13500,1,1,1.0,stratified_80_20
13509,1,1,1.0,stratified_80_20
13514,1,1,1.0,stratified_80_20
13519,1,1,1.0,stratified_80_20
13523,1,1,1.0,stratified_80_20
13529,1,1,1.0,stratified_80_20
13530,1,1,1.0,stratified_80_20
13534,1,1,1.0,stratified_80_20
13535,1,1,1.0,stratified_80_20
13556,1,1,1.0,stratified_80_20
13564,1,1,1.0,stratified_80_20
13566,1,1,1.0,stratified_80_20
13567,1,1,1.0,stratified_80_20
13584,1,1,1.0,stratified_80_20
13585,1,1,1.0,stratified_80_20
13611,1,1,1.0,stratified_80_20
13627,1,1,1.0,stratified_80_20
13636,0,0,0.0,stratified_80_20
13638,0,0,0.0,stratified_80_20
13639,1,1,1.0,stratified_80_20
13641,1,1,1.0,stratified_80_20
13649,1,1,1.0,stratified_80_20
13652,1,1,1.0,stratified_80_20
13655,1,1,1.0,stratified_80_20
13658,1,1,1.0,stratified_80_20
13662,1,1,1.0,stratified_80_20
13665,1,1,1.0,stratified_80_20
13669,1,1,1.0,stratified_80_20
13671,0,0,0.0,stratified_80_20
13672,1,1,1.0,stratified_80_20
13683,1,1,1.0,stratified_80_20
13700,1,1,1.0,stratified_80_20
13702,1,1,1.0,stratified_80_20
13708,1,1,1.0,stratified_80_20
13712,1,1,1.0,stratified_80_20
13715,1,1,1.0,stratified_80_20
13721,0,0,0.0,stratified_80_20
13725,1,1,1.0,stratified_80_20
13726,1,1,1.0,stratified_80_20
13742,1,1,1.0,stratified_80_20
13744,1,1,1.0,stratified_80_20
13747,1,1,1.0,stratified_80_20
13748,1,1,1.0,stratified_80_20
13749,1,1,1.0,stratified_80_20
13750,1,1,1.0,stratified_80_20
13753,1,1,1.0,stratified_80_20
13760,1,1,1.0,stratified_80_20
13763,1,1,1.0,stratified_80_20
13776,1,1,1.0,stratified_80_20
13780,0,0,0.0,stratified_80_20
13784,1,1,1.0,stratified_80_20
13788,1,1,1.0,stratified_80_20
13792,1,1,1.0,stratified_80_20
13802,1,1,1.0,stratified_80_20
13809,1,1,1.0,stratified_80_20
13817,0,0,0.0,stratified_80_20
13826,1,1,1.0,stratified_80_20
13829,1,1,1.0,stratified_80_20
13830,1,1,1.0,stratified_80_20
13833,1,1,1.0,stratified_80_20
13837,1,1,1.0,stratified_80_20
13842,1,1,1.0,stratified_80_20
13843,1,1,1.0,stratified_80_20
13851,1,1,1.0,stratified_80_20
13853,1,1,1.0,stratified_80_20
13854,1,1,1.0,stratified_80_20
13866,1,1,1.0,stratified_80_20
13868,1,1,1.0,stratified_80_20
13878,0,0,0.0,stratified_80_20
13881,0,0,0.0,stratified_80_20
13884,1,1,1.0,stratified_80_20
13885,1,1,1.0,stratified_80_20
13893,1,1,1.0,stratified_80_20
13895,1,1,1.0,stratified_80_20
13900,1,1,1.0,stratified_80_20
13909,1,1,1.0,stratified_80_20
13928,1,1,1.0,stratified_80_20
13930,1,1,1.0,stratified_80_20
13937,1,1,1.0,stratified_80_20
13941,1,1,1.0,stratified_80_20
13949,1,1,1.0,stratified_80_20
13953,1,1,1.0,stratified_80_20
13955,1,1,1.0,stratified_80_20
13966,1,1,1.0,stratified_80_20
13970,1,1,1.0,stratified_80_20
13998,1,1,1.0,stratified_80_20
14003,0,0,0.0,stratified_80_20
14016,1,1,1.0,stratified_80_20
14023,1,1,1.0,stratified_80_20
14029,1,1,1.0,stratified_80_20
14034,1,1,1.0,stratified_80_20
14038,1,1,1.0,stratified_80_20
14048,0,0,0.0,stratified_80_20
14049,1,1,1.0,stratified_80_20
14057,1,1,1.0,stratified_80_20
14061,1,1,1.0,stratified_80_20
14069,1,1,1.0,stratified_80_20
14072,1,1,1.0,stratified_80_20
14082,1,1,1.0,stratified_80_20
14086,1,1,1.0,stratified_80_20
14090,1,1,1.0,stratified_80_20
14092,1,1,1.0,stratified_80_20
14102,1,1,1.0,stratified_80_20
14108,1,1,1.0,stratified_80_20
14110,1,1,1.0,stratified_80_20
14114,1,1,1.0,stratified_80_20
14117,0,0,0.0,stratified_80_20
14122,1,1,1.0,stratified_80_20
14127,1,1,1.0,stratified_80_20
14136,1,1,1.0,stratified_80_20
14140,1,1,1.0,stratified_80_20
14141,1,1,1.0,stratified_80_20
14142,1,1,1.0,stratified_80_20
14154,1,1,1.0,stratified_80_20
14156,1,1,1.0,stratified_80_20
14160,1,1,1.0,stratified_80_20
14173,1,1,1.0,stratified_80_20
14174,1,1,1.0,stratified_80_20
14181,1,1,1.0,stratified_80_20
14192,1,1,1.0,stratified_80_20
14205,1,1,1.0,stratified_80_20
14206,1,1,1.0,stratified_80_20
14218,1,1,1.0,stratified_80_20
14223,0,0,0.0,stratified_80_20
14225,1,1,1.0,stratified_80_20
14227,1,1,1.0,stratified_80_20
14231,0,0,0.0,stratified_80_20
14232,1,1,1.0,stratified_80_20
14236,0,0,0.0,stratified_80_20
14240,1,1,1.0,stratified_80_20
14243,1,1,1.0,stratified_80_20
14244,1,1,1.0,stratified_80_20
14250,1,1,1.0,stratified_80_20
14254,1,1,1.0,stratified_80_20
14256,0,0,0.0,stratified_80_20
14264,1,1,1.0,stratified_80_20
14267,1,1,1.0,stratified_80_20
14270,1,1,1.0,stratified_80_20
14272,1,1,1.0,stratified_80_20
14273,1,1,1.0,stratified_80_20
14275,1,1,1.0,stratified_80_20
14280,1,1,1.0,stratified_80_20
14285,1,1,1.0,stratified_80_20
14286,1,1,1.0,stratified_80_20
14287,1,1,1.0,stratified_80_20
14297,1,1,1.0,stratified_80_20
14302,1,1,1.0,stratified_80_20
14303,1,1,1.0,stratified_80_20
14304,1,1,1.0,stratified_80_20
14315,1,1,1.0,stratified_80_20
14316,1,1,1.0,stratified_80_20
14318,1,1,1.0,stratified_80_20
14320,1,1,1.0,stratified_80_20
14324,1,1,1.0,stratified_80_20
14330,1,1,1.0,stratified_80_20
14332,1,1,1.0,stratified_80_20
14334,1,1,1.0,stratified_80_20
14351,1,1,1.0,stratified_80_20
14355,1,1,1.0,stratified_80_20
14373,1,1,1.0,stratified_80_20
14384,1,1,1.0,stratified_80_20
14385,1,1,1.0,stratified_80_20
14386,1,1,1.0,stratified_80_20
14394,1,1,1.0,stratified_80_20
14403,1,1,1.0,stratified_80_20
14404,1,1,1.0,stratified_80_20
14408,1,1,1.0,stratified_80_20
14409,1,1,1.0,stratified_80_20
14410,1,1,1.0,stratified_80_20
14414,1,1,1.0,stratified_80_20
14419,0,0,0.0,stratified_80_20
14427,1,1,1.0,stratified_80_20
14428,1,1,1.0,stratified_80_20
14433,1,1,1.0,stratified_80_20
14436,1,1,1.0,stratified_80_20
14440,0,0,0.0,stratified_80_20
14453,0,0,0.0,stratified_80_20
14456,1,1,1.0,stratified_80_20
14457,1,1,1.0,stratified_80_20
14458,1,1,1.0,stratified_80_20
14459,1,1,1.0,stratified_80_20
14464,1,1,1.0,stratified_80_20
14468,1,1,1.0,stratified_80_20
14469,1,1,1.0,stratified_80_20
14473,1,1,1.0,stratified_80_20
14480,1,1,1.0,stratified_80_20
14481,0,0,0.0,stratified_80_20
14485,1,1,1.0,stratified_80_20
14486,1,1,1.0,stratified_80_20
14488,1,1,1.0,stratified_80_20
14489,1,1,1.0,stratified_80_20
14513,1,1,1.0,stratified_80_20
14528,1,1,1.0,stratified_80_20
14542,1,1,1.0,stratified_80_20
14544,1,1,1.0,stratified_80_20
14545,1,1,1.0,stratified_80_20
14549,1,1,1.0,stratified_80_20
14550,1,1,1.0,stratified_80_20
14557,1,1,1.0,stratified_80_20
14568,1,1,1.0,stratified_80_20
14569,1,1,1.0,stratified_80_20
14571,1,1,1.0,stratified_80_20
14573,1,1,1.0,stratified_80_20
14574,1,1,1.0,stratified_80_20
14578,1,1,1.0,stratified_80_20
14585,0,0,0.0,stratified_80_20
14590,1,1,1.0,stratified_80_20
14595,1,1,1.0,stratified_80_20
14600,1,1,1.0,stratified_80_20
14602,1,1,1.0,stratified_80_20
14617,1,1,1.0,stratified_80_20
14619,1,1,1.0,stratified_80_20
14622,1,1,1.0,stratified_80_20
14628,1,1,1.0,stratified_80_20
14634,1,1,1.0,stratified_80_20
14642,1,1,1.0,stratified_80_20
14645,1,1,1.0,stratified_80_20
14653,1,1,1.0,stratified_80_20
14654,1,1,1.0,stratified_80_20
14660,1,1,1.0,stratified_80_20
14661,1,1,1.0,stratified_80_20
14662,1,1,1.0,stratified_80_20
14670,1,1,1.0,stratified_80_20
14673,1,1,1.0,stratified_80_20
14674,1,1,1.0,stratified_80_20
14678,1,1,1.0,stratified_80_20
14685,1,1,1.0,stratified_80_20
14686,1,1,1.0,stratified_80_20
14688,1,1,1.0,stratified_80_20
14689,1,1,1.0,stratified_80_20
14692,1,1,1.0,stratified_80_20
14695,1,1,1.0,stratified_80_20
14697,1,1,1.0,stratified_80_20
14701,1,1,1.0,stratified_80_20
14703,1,1,1.0,stratified_80_20
14708,1,1,1.0,stratified_80_20
14714,1,1,1.0,stratified_80_20
14721,1,1,1.0,stratified_80_20
14731,1,1,1.0,stratified_80_20
14739,1,1,1.0,stratified_80_20
14740,1,1,1.0,stratified_80_20
14745,1,1,1.0,stratified_80_20
14748,1,1,1.0,stratified_80_20
14755,1,1,1.0,stratified_80_20
14756,1,1,1.0,stratified_80_20
14761,1,1,1.0,stratified_80_20
14774,1,1,1.0,stratified_80_20
14781,1,1,1.0,stratified_80_20
14782,1,1,1.0,stratified_80_20
14788,1,1,1.0,stratified_80_20
14797,1,1,1.0,stratified_80_20
14799,0,0,0.0,stratified_80_20
14807,1,1,1.0,stratified_80_20
14809,1,1,1.0,stratified_80_20
14812,1,1,1.0,stratified_80_20
14817,1,1,1.0,stratified_80_20
14818,1,1,1.0,stratified_80_20
14824,1,1,1.0,stratified_80_20
14831,1,1,1.0,stratified_80_20
14836,1,1,1.0,stratified_80_20
14839,1,1,1.0,stratified_80_20
14843,1,1,1.0,stratified_80_20
14845,1,1,1.0,stratified_80_20
14848,1,1,1.0,stratified_80_20
14860,1,1,1.0,stratified_80_20
14862,1,1,1.0,stratified_80_20
14867,1,1,1.0,stratified_80_20
14869,1,1,1.0,stratified_80_20
14873,1,1,1.0,stratified_80_20
14884,1,1,1.0,stratified_80_20
14890,1,1,1.0,stratified_80_20
14897,1,1,1.0,stratified_80_20
14898,1,1,1.0,stratified_80_20
14903,1,1,1.0,stratified_80_20
14909,1,1,1.0,stratified_80_20
14910,1,1,1.0,stratified_80_20
14912,1,1,1.0,stratified_80_20
14913,1,1,1.0,stratified_80_20
14919,1,1,1.0,stratified_80_20
14925,1,1,1.0,stratified_80_20
14928,1,1,1.0,stratified_80_20
14936,1,1,1.0,stratified_80_20
14941,1,1,1.0,stratified_80_20
14945,1,1,1.0,stratified_80_20
14947,0,0,0.0,stratified_80_20
14950,1,1,1.0,stratified_80_20
14953,1,1,1.0,stratified_80_20
14957,1,1,1.0,stratified_80_20
14962,1,1,1.0,stratified_80_20
14965,1,1,1.0,stratified_80_20
14967,1,1,1.0,stratified_80_20
14974,1,1,1.0,stratified_80_20
14977,1,1,1.0,stratified_80_20
14985,1,1,1.0,stratified_80_20
14992,0,0,0.0,stratified_80_20
14996,1,1,1.0,stratified_80_20
14997,1,1,1.0,stratified_80_20
15000,1,1,1.0,stratified_80_20
15003,0,0,0.0,stratified_80_20
15009,1,1,1.0,stratified_80_20
15011,1,1,1.0,stratified_80_20
15017,1,1,1.0,stratified_80_20
15021,1,1,1.0,stratified_80_20
15028,1,1,1.0,stratified_80_20
15036,1,1,1.0,stratified_80_20
15040,1,1,1.0,stratified_80_20
15045,1,1,1.0,stratified_80_20
15047,1,1,1.0,stratified_80_20
15052,1,1,1.0,stratified_80_20
15058,1,1,1.0,stratified_80_20
15064,1,1,1.0,stratified_80_20
15074,1,1,1.0,stratified_80_20
15077,1,1,1.0,stratified_80_20
15081,1,1,1.0,stratified_80_20
15082,1,1,1.0,stratified_80_20
15088,1,1,1.0,stratified_80_20
15097,1,1,1.0,stratified_80_20
15105,1,1,1.0,stratified_80_20
15110,1,1,1.0,stratified_80_20
15119,1,1,1.0,stratified_80_20
15120,1,1,1.0,stratified_80_20
15122,1,1,1.0,stratified_80_20
15128,1,1,1.0,stratified_80_20
15150,1,1,1.0,stratified_80_20
15152,1,1,1.0,stratified_80_20
15153,1,1,1.0,stratified_80_20
15171,0,0,0.0,stratified_80_20
15177,1,1,1.0,stratified_80_20
15183,1,1,1.0,stratified_80_20
15187,1,1,1.0,stratified_80_20
15189,1,1,1.0,stratified_80_20
15197,1,1,1.0,stratified_80_20
15199,1,1,1.0,stratified_80_20
15203,1,1,1.0,stratified_80_20
15213,1,1,1.0,stratified_80_20
15222,1,1,1.0,stratified_80_20
15225,1,1,1.0,stratified_80_20
15226,1,1,1.0,stratified_80_20
15236,1,1,1.0,stratified_80_20
15241,1,1,1.0,stratified_80_20
15248,1,1,1.0,stratified_80_20
15249,1,1,1.0,stratified_80_20
15263,1,1,1.0,stratified_80_20
15268,1,1,1.0,stratified_80_20
15280,1,1,1.0,stratified_80_20
15283,1,1,1.0,stratified_80_20
15301,1,1,1.0,stratified_80_20
15304,1,1,1.0,stratified_80_20
15307,1,1,1.0,stratified_80_20
15308,1,1,1.0,stratified_80_20
15310,1,1,1.0,stratified_80_20
15319,1,1,1.0,stratified_80_20
15324,1,1,1.0,stratified_80_20
15326,1,1,1.0,stratified_80_20
15327,1,1,1.0,stratified_80_20
15336,1,1,1.0,stratified_80_20
15340,1,1,1.0,stratified_80_20
15345,1,1,1.0,stratified_80_20
15351,1,1,1.0,stratified_80_20
15353,1,1,1.0,stratified_80_20
15367,1,1,1.0,stratified_80_20
15370,1,1,1.0,stratified_80_20
15371,0,0,0.0,stratified_80_20
15372,1,1,1.0,stratified_80_20
15377,1,1,1.0,stratified_80_20
15386,1,1,1.0,stratified_80_20
15390,1,1,1.0,stratified_80_20
15394,1,1,1.0,stratified_80_20
15397,1,1,1.0,stratified_80_20
15399,1,1,1.0,stratified_80_20
15411,1,1,1.0,stratified_80_20
15412,1,1,1.0,stratified_80_20
15419,1,1,1.0,stratified_80_20
15425,1,1,1.0,stratified_80_20
15426,1,1,1.0,stratified_80_20
15429,1,1,1.0,stratified_80_20
15430,1,1,1.0,stratified_80_20
15432,0,0,0.0,stratified_80_20
15435,1,1,1.0,stratified_80_20
15440,0,0,0.0,stratified_80_20
15446,1,1,1.0,stratified_80_20
15463,1,1,1.0,stratified_80_20
15464,1,1,1.0,stratified_80_20
15465,1,1,1.0,stratified_80_20
15475,1,1,1.0,stratified_80_20
15476,1,1,1.0,stratified_80_20
15480,1,1,1.0,stratified_80_20
15481,1,1,1.0,stratified_80_20
15482,1,1,1.0,stratified_80_20
15489,1,1,1.0,stratified_80_20
15494,1,1,1.0,stratified_80_20
15499,1,1,1.0,stratified_80_20
15506,1,1,1.0,stratified_80_20
15511,1,1,1.0,stratified_80_20
15517,0,0,0.0,stratified_80_20
15519,1,1,1.0,stratified_80_20
15520,0,0,0.0,stratified_80_20
15545,0,0,0.0,stratified_80_20
15550,0,0,0.0,stratified_80_20
15551,1,1,1.0,stratified_80_20
15552,0,0,0.0,stratified_80_20
15560,1,1,1.0,stratified_80_20
15562,1,1,1.0,stratified_80_20
15567,1,1,1.0,stratified_80_20
15569,1,1,1.0,stratified_80_20
15574,0,0,0.0,stratified_80_20
15576,1,1,1.0,stratified_80_20
15577,1,1,1.0,stratified_80_20
15581,1,1,1.0,stratified_80_20
15582,1,1,1.0,stratified_80_20
15583,1,1,1.0,stratified_80_20
15586,1,1,1.0,stratified_80_20
15587,1,1,1.0,stratified_80_20
15591,1,1,1.0,stratified_80_20
15593,1,1,1.0,stratified_80_20
15597,0,0,0.0,stratified_80_20
15609,1,1,1.0,stratified_80_20
15610,1,1,1.0,stratified_80_20
15618,1,1,1.0,stratified_80_20
15646,1,1,1.0,stratified_80_20
15652,1,1,1.0,stratified_80_20
15654,1,1,1.0,stratified_80_20
15655,1,1,1.0,stratified_80_20
15663,1,1,1.0,stratified_80_20
15664,1,1,1.0,stratified_80_20
15667,1,1,1.0,stratified_80_20
15670,1,1,1.0,stratified_80_20
15676,1,1,1.0,stratified_80_20
15677,1,1,1.0,stratified_80_20
15683,1,1,1.0,stratified_80_20
15688,1,1,1.0,stratified_80_20
15690,1,1,1.0,stratified_80_20
15697,1,1,1.0,stratified_80_20
15701,1,1,1.0,stratified_80_20
15702,1,1,1.0,stratified_80_20
15708,1,1,1.0,stratified_80_20
15709,1,1,1.0,stratified_80_20
15712,0,0,0.0,stratified_80_20
15713,1,1,1.0,stratified_80_20
15714,1,1,1.0,stratified_80_20
15719,1,1,1.0,stratified_80_20
15732,1,1,1.0,stratified_80_20
15735,1,1,1.0,stratified_80_20
15741,0,0,0.0,stratified_80_20
15742,1,1,1.0,stratified_80_20
15746,0,0,0.0,stratified_80_20
15747,1,1,1.0,stratified_80_20
15751,1,1,1.0,stratified_80_20
15754,1,1,1.0,stratified_80_20
15755,1,1,1.0,stratified_80_20
15756,1,1,1.0,stratified_80_20
15767,1,1,1.0,stratified_80_20
15772,1,1,1.0,stratified_80_20
15777,1,1,1.0,stratified_80_20
15788,1,1,1.0,stratified_80_20
15789,1,1,1.0,stratified_80_20
15821,1,1,1.0,stratified_80_20
15825,1,1,1.0,stratified_80_20
15826,1,1,1.0,stratified_80_20
15829,1,1,1.0,stratified_80_20
15833,1,1,1.0,stratified_80_20
15842,1,1,1.0,stratified_80_20
15844,1,1,1.0,stratified_80_20
15846,1,1,1.0,stratified_80_20
15861,1,1,1.0,stratified_80_20
15886,1,1,1.0,stratified_80_20
15889,1,1,1.0,stratified_80_20
15892,1,1,1.0,stratified_80_20
15894,1,1,1.0,stratified_80_20
15901,1,1,1.0,stratified_80_20
15902,1,1,1.0,stratified_80_20
15903,1,1,1.0,stratified_80_20
15905,1,1,1.0,stratified_80_20
15907,1,1,1.0,stratified_80_20
15921,1,1,1.0,stratified_80_20
15926,0,0,0.0,stratified_80_20
15931,1,1,1.0,stratified_80_20
15939,1,1,1.0,stratified_80_20
15944,1,1,1.0,stratified_80_20
15945,1,1,1.0,stratified_80_20
15947,0,0,0.0,stratified_80_20
15948,0,0,0.0,stratified_80_20
15952,1,1,1.0,stratified_80_20
15954,1,1,1.0,stratified_80_20
15958,1,1,1.0,stratified_80_20
15959,1,1,1.0,stratified_80_20
15963,1,1,1.0,stratified_80_20
15973,1,1,1.0,stratified_80_20
15977,1,1,1.0,stratified_80_20
15978,1,1,1.0,stratified_80_20
15982,1,1,1.0,stratified_80_20
15992,1,1,1.0,stratified_80_20
15996,1,1,1.0,stratified_80_20
15999,1,1,1.0,stratified_80_20
16000,1,1,1.0,stratified_80_20
16016,1,1,1.0,stratified_80_20
16017,1,1,1.0,stratified_80_20
16023,1,1,1.0,stratified_80_20
16025,1,1,1.0,stratified_80_20
16028,1,1,1.0,stratified_80_20
16053,1,1,1.0,stratified_80_20
16057,1,1,1.0,stratified_80_20
16061,1,1,1.0,stratified_80_20
16062,1,1,1.0,stratified_80_20
16063,0,0,0.0,stratified_80_20
16067,1,1,1.0,stratified_80_20
16069,1,1,1.0,stratified_80_20
16071,1,1,1.0,stratified_80_20
16072,1,1,1.0,stratified_80_20
16082,1,1,1.0,stratified_80_20
16087,0,0,0.0,stratified_80_20
16088,1,1,1.0,stratified_80_20
16089,1,1,1.0,stratified_80_20
16096,1,1,1.0,stratified_80_20
16102,1,1,1.0,stratified_80_20
16107,1,1,1.0,stratified_80_20
16112,1,1,1.0,stratified_80_20
16125,1,1,1.0,stratified_80_20
16128,1,1,1.0,stratified_80_20
16136,1,1,1.0,stratified_80_20
16141,1,1,1.0,stratified_80_20
16142,1,1,1.0,stratified_80_20
16145,1,1,1.0,stratified_80_20
16150,1,1,1.0,stratified_80_20
16154,1,1,1.0,stratified_80_20
16160,1,1,1.0,stratified_80_20
16166,1,1,1.0,stratified_80_20
16176,1,1,1.0,stratified_80_20
16185,0,0,0.0,stratified_80_20
16193,1,1,1.0,stratified_80_20
16194,1,1,1.0,stratified_80_20
16202,1,1,1.0,stratified_80_20
16208,1,1,1.0,stratified_80_20
16209,1,1,1.0,stratified_80_20
16212,1,1,1.0,stratified_80_20
16222,1,1,1.0,stratified_80_20
16230,1,1,1.0,stratified_80_20
16258,1,1,1.0,stratified_80_20
16265,1,1,1.0,stratified_80_20
16275,1,1,1.0,stratified_80_20
16291,1,1,1.0,stratified_80_20
16294,0,0,0.0,stratified_80_20
16296,1,1,1.0,stratified_80_20
16297,1,1,1.0,stratified_80_20
16299,1,1,1.0,stratified_80_20
16300,1,1,1.0,stratified_80_20
16307,1,1,1.0,stratified_80_20
16308,0,0,0.0,stratified_80_20
16318,1,1,1.0,stratified_80_20
16322,1,1,1.0,stratified_80_20
16327,1,1,1.0,stratified_80_20
16331,1,1,1.0,stratified_80_20
16332,0,0,0.0,stratified_80_20
16334,1,1,1.0,stratified_80_20
16341,1,1,1.0,stratified_80_20
16359,1,1,1.0,stratified_80_20
16375,1,1,1.0,stratified_80_20
16377,1,1,1.0,stratified_80_20
16378,1,1,1.0,stratified_80_20
16383,0,0,0.0,stratified_80_20
16390,0,0,0.0,stratified_80_20
16391,1,1,1.0,stratified_80_20
16392,1,1,1.0,stratified_80_20
16405,0,0,0.0,stratified_80_20
16406,1,1,1.0,stratified_80_20
16418,1,1,1.0,stratified_80_20
16419,1,1,1.0,stratified_80_20
16423,1,1,1.0,stratified_80_20
16429,1,1,1.0,stratified_80_20
16430,1,1,1.0,stratified_80_20
16446,1,1,1.0,stratified_80_20
16448,1,1,1.0,stratified_80_20
16450,1,1,1.0,stratified_80_20
16451,1,1,1.0,stratified_80_20
16452,1,1,1.0,stratified_80_20
16453,1,1,1.0,stratified_80_20
16454,1,1,1.0,stratified_80_20
16468,1,1,1.0,stratified_80_20
16476,1,1,1.0,stratified_80_20
16500,0,0,0.0,stratified_80_20
16512,1,1,1.0,stratified_80_20
16515,1,1,1.0,stratified_80_20
16524,1,1,1.0,stratified_80_20
16532,1,1,1.0,stratified_80_20
16539,0,0,0.0,stratified_80_20
16541,1,1,1.0,stratified_80_20
16543,1,1,1.0,stratified_80_20
16545,1,1,1.0,stratified_80_20
16562,1,1,1.0,stratified_80_20
16563,1,1,1.0,stratified_80_20
16577,1,1,1.0,stratified_80_20
16578,1,1,1.0,stratified_80_20
16579,1,1,1.0,stratified_80_20
16600,1,1,1.0,stratified_80_20
16601,1,1,1.0,stratified_80_20
16602,1,1,1.0,stratified_80_20
16608,1,1,1.0,stratified_80_20
16609,1,1,1.0,stratified_80_20
16614,1,1,1.0,stratified_80_20
16625,1,1,1.0,stratified_80_20
16628,1,1,1.0,stratified_80_20
16629,1,1,1.0,stratified_80_20
16630,1,1,1.0,stratified_80_20
16631,1,1,1.0,stratified_80_20
16659,1,1,1.0,stratified_80_20
16660,1,1,1.0,stratified_80_20
16665,1,1,1.0,stratified_80_20
16671,1,1,1.0,stratified_80_20
16672,1,1,1.0,stratified_80_20
16678,1,1,1.0,stratified_80_20
16679,0,0,0.0,stratified_80_20
16682,1,1,1.0,stratified_80_20
16689,0,0,0.0,stratified_80_20
16693,0,0,0.0,stratified_80_20
16694,0,0,0.0,stratified_80_20
16695,1,1,1.0,stratified_80_20
16696,1,1,1.0,stratified_80_20
16697,1,1,1.0,stratified_80_20
16700,1,1,1.0,stratified_80_20
16701,1,1,1.0,stratified_80_20
16709,1,1,1.0,stratified_80_20
16728,1,1,1.0,stratified_80_20
16731,1,1,1.0,stratified_80_20
16737,1,1,1.0,stratified_80_20
16739,1,1,1.0,stratified_80_20
16749,1,1,1.0,stratified_80_20
16750,1,1,1.0,stratified_80_20
16757,1,1,1.0,stratified_80_20
16761,1,1,1.0,stratified_80_20
16767,1,1,1.0,stratified_80_20
16769,1,1,1.0,stratified_80_20
16770,1,1,1.0,stratified_80_20
16781,1,1,1.0,stratified_80_20
16792,1,1,1.0,stratified_80_20
16794,1,1,1.0,stratified_80_20
16795,1,1,1.0,stratified_80_20
16798,1,1,1.0,stratified_80_20
16799,1,1,1.0,stratified_80_20
16805,1,1,1.0,stratified_80_20
16818,1,1,1.0,stratified_80_20
16831,1,1,1.0,stratified_80_20
16838,1,1,1.0,stratified_80_20
16839,1,1,1.0,stratified_80_20
16840,1,1,1.0,stratified_80_20
16846,1,1,1.0,stratified_80_20
16853,1,1,1.0,stratified_80_20
16854,1,1,1.0,stratified_80_20
16855,1,1,1.0,stratified_80_20
16856,1,1,1.0,stratified_80_20
16858,1,1,1.0,stratified_80_20
16863,1,1,1.0,stratified_80_20
16865,1,1,1.0,stratified_80_20
16872,1,1,1.0,stratified_80_20
16874,1,1,1.0,stratified_80_20
16878,0,0,0.0,stratified_80_20
16881,0,0,0.0,stratified_80_20
16890,1,1,1.0,stratified_80_20
16893,0,0,0.0,stratified_80_20
16896,0,0,0.0,stratified_80_20
16898,1,1,1.0,stratified_80_20
16899,1,1,1.0,stratified_80_20
16907,1,1,1.0,stratified_80_20
16911,1,1,1.0,stratified_80_20
16917,1,1,1.0,stratified_80_20
16923,1,1,1.0,stratified_80_20
16925,1,1,1.0,stratified_80_20
16927,1,1,1.0,stratified_80_20
16929,1,1,1.0,stratified_80_20
16934,1,1,1.0,stratified_80_20
16936,1,1,1.0,stratified_80_20
16937,1,1,1.0,stratified_80_20
16943,1,1,1.0,stratified_80_20
16945,1,1,1.0,stratified_80_20
16948,1,1,1.0,stratified_80_20
16949,1,1,1.0,stratified_80_20
16951,1,1,1.0,stratified_80_20
16954,1,1,1.0,stratified_80_20
16958,1,1,1.0,stratified_80_20
16962,1,1,1.0,stratified_80_20
16965,1,1,1.0,stratified_80_20
16972,0,0,0.0,stratified_80_20
16982,0,0,0.0,stratified_80_20
16988,1,1,1.0,stratified_80_20
16993,1,1,1.0,stratified_80_20
16996,1,1,1.0,stratified_80_20
17006,1,1,1.0,stratified_80_20
17012,1,1,1.0,stratified_80_20
17016,1,1,1.0,stratified_80_20
17020,1,1,1.0,stratified_80_20
17024,1,1,1.0,stratified_80_20
17028,1,1,1.0,stratified_80_20
17037,1,1,1.0,stratified_80_20
17044,1,1,1.0,stratified_80_20
17046,1,1,1.0,stratified_80_20
17052,1,1,1.0,stratified_80_20
17062,1,1,1.0,stratified_80_20
17068,1,1,1.0,stratified_80_20
17078,1,1,1.0,stratified_80_20
17085,1,1,1.0,stratified_80_20
17093,1,1,1.0,stratified_80_20
17113,1,1,1.0,stratified_80_20
17115,1,1,1.0,stratified_80_20
17117,1,1,1.0,stratified_80_20
17119,1,1,1.0,stratified_80_20
17127,1,1,1.0,stratified_80_20
17129,1,1,1.0,stratified_80_20
17133,1,1,1.0,stratified_80_20
17144,1,1,1.0,stratified_80_20
17146,1,1,1.0,stratified_80_20
17153,1,1,1.0,stratified_80_20
17159,1,1,1.0,stratified_80_20
17161,1,1,1.0,stratified_80_20
17169,1,1,1.0,stratified_80_20
17170,1,1,1.0,stratified_80_20
17182,1,1,1.0,stratified_80_20
17189,1,1,1.0,stratified_80_20
17195,1,1,1.0,stratified_80_20
17203,1,1,1.0,stratified_80_20
17206,0,0,0.0,stratified_80_20
17207,1,1,1.0,stratified_80_20
17210,1,1,1.0,stratified_80_20
17211,1,1,1.0,stratified_80_20
17226,1,1,1.0,stratified_80_20
17229,1,1,1.0,stratified_80_20
17234,1,1,1.0,stratified_80_20
17250,0,0,0.0,stratified_80_20
17254,1,1,1.0,stratified_80_20
17256,1,1,1.0,stratified_80_20
17261,1,1,1.0,stratified_80_20
17270,1,1,1.0,stratified_80_20
17272,0,0,0.0,stratified_80_20
17274,1,1,1.0,stratified_80_20
17275,1,1,1.0,stratified_80_20
17276,1,1,1.0,stratified_80_20
17280,1,1,1.0,stratified_80_20
17290,1,1,1.0,stratified_80_20
17301,1,1,1.0,stratified_80_20
17302,1,1,1.0,stratified_80_20
17310,1,1,1.0,stratified_80_20
17321,1,1,1.0,stratified_80_20
17326,1,1,1.0,stratified_80_20
17333,1,1,1.0,stratified_80_20
17338,1,1,1.0,stratified_80_20
17346,1,1,1.0,stratified_80_20
17348,1,1,1.0,stratified_80_20
17350,1,1,1.0,stratified_80_20
17352,1,1,1.0,stratified_80_20
17355,1,1,1.0,stratified_80_20
17359,1,1,1.0,stratified_80_20
17364,1,1,1.0,stratified_80_20
17367,0,0,0.0,stratified_80_20
17376,1,1,1.0,stratified_80_20
17379,1,1,1.0,stratified_80_20
17383,1,1,1.0,stratified_80_20
17394,0,0,0.0,stratified_80_20
17395,1,1,1.0,stratified_80_20
17402,1,1,1.0,stratified_80_20
17406,1,1,1.0,stratified_80_20
17413,0,0,0.0,stratified_80_20
17444,1,1,1.0,stratified_80_20
17448,0,0,0.0,stratified_80_20
17454,1,1,1.0,stratified_80_20
17455,1,1,1.0,stratified_80_20
17456,1,1,1.0,stratified_80_20
17463,0,0,0.0,stratified_80_20
17464,1,1,1.0,stratified_80_20
17480,1,1,1.0,stratified_80_20
17486,1,1,1.0,stratified_80_20
17495,1,1,1.0,stratified_80_20
17496,0,0,0.0,stratified_80_20
17510,1,1,1.0,stratified_80_20
17512,1,1,1.0,stratified_80_20
17521,0,0,0.0,stratified_80_20
17525,1,1,1.0,stratified_80_20
17532,1,1,1.0,stratified_80_20
17533,1,1,1.0,stratified_80_20
17534,1,1,1.0,stratified_80_20
17543,1,1,1.0,stratified_80_20
17547,1,1,1.0,stratified_80_20
17549,1,1,1.0,stratified_80_20
17555,1,1,1.0,stratified_80_20
17564,1,1,1.0,stratified_80_20
17565,1,1,1.0,stratified_80_20
17568,1,1,1.0,stratified_80_20
17582,1,1,1.0,stratified_80_20
17585,1,1,1.0,stratified_80_20
17586,1,1,1.0,stratified_80_20
17592,1,1,1.0,stratified_80_20
17599,1,1,1.0,stratified_80_20
17610,1,1,1.0,stratified_80_20
17613,0,0,0.0,stratified_80_20
17614,1,1,1.0,stratified_80_20
17615,1,1,1.0,stratified_80_20
17616,1,1,1.0,stratified_80_20
17619,1,1,1.0,stratified_80_20
17633,1,1,1.0,stratified_80_20
17637,0,0,0.0,stratified_80_20
17646,1,1,1.0,stratified_80_20
17648,1,1,1.0,stratified_80_20
17649,1,1,1.0,stratified_80_20
17656,1,1,1.0,stratified_80_20
17659,1,1,1.0,stratified_80_20
17660,1,1,1.0,stratified_80_20
17664,1,1,1.0,stratified_80_20
17669,1,1,1.0,stratified_80_20
17670,1,1,1.0,stratified_80_20
17672,1,1,1.0,stratified_80_20
17677,1,1,1.0,stratified_80_20
17681,1,1,1.0,stratified_80_20
17689,1,1,1.0,stratified_80_20
17691,1,1,1.0,stratified_80_20
17692,0,0,0.0,stratified_80_20
17693,1,1,1.0,stratified_80_20
17706,1,1,1.0,stratified_80_20
17707,1,1,1.0,stratified_80_20
17712,1,1,1.0,stratified_80_20
17722,1,1,1.0,stratified_80_20
17725,1,1,1.0,stratified_80_20
17728,1,1,1.0,stratified_80_20
17729,1,1,1.0,stratified_80_20
17730,1,1,1.0,stratified_80_20
17734,1,1,1.0,stratified_80_20
17735,1,1,1.0,stratified_80_20
17737,0,0,0.0,stratified_80_20
17738,1,1,1.0,stratified_80_20
17741,1,1,1.0,stratified_80_20
17742,1,1,1.0,stratified_80_20
17745,1,1,1.0,stratified_80_20
17746,1,1,1.0,stratified_80_20
17747,1,1,1.0,stratified_80_20
17748,1,1,1.0,stratified_80_20
17750,1,1,1.0,stratified_80_20
17752,1,1,1.0,stratified_80_20
17753,1,1,1.0,stratified_80_20
17754,1,1,1.0,stratified_80_20
17773,1,1,1.0,stratified_80_20
17797,1,1,1.0,stratified_80_20
17800,1,1,1.0,stratified_80_20
17806,1,1,1.0,stratified_80_20
17807,1,1,1.0,stratified_80_20
17809,1,1,1.0,stratified_80_20
17816,1,1,1.0,stratified_80_20
17821,1,1,1.0,stratified_80_20
17825,1,1,1.0,stratified_80_20
17826,0,0,0.0,stratified_80_20
17842,0,0,0.0,stratified_80_20
17845,1,1,1.0,stratified_80_20
17848,1,1,1.0,stratified_80_20
17859,1,1,1.0,stratified_80_20
17862,1,1,1.0,stratified_80_20
17866,1,1,1.0,stratified_80_20
17867,1,1,1.0,stratified_80_20
17870,1,1,1.0,stratified_80_20
17875,0,0,0.0,stratified_80_20
17881,1,1,1.0,stratified_80_20
17883,1,1,1.0,stratified_80_20
17890,1,1,1.0,stratified_80_20
17897,1,1,1.0,stratified_80_20
17899,1,1,1.0,stratified_80_20
17902,1,1,1.0,stratified_80_20
17904,1,1,1.0,stratified_80_20
17906,0,0,0.0,stratified_80_20
17914,1,1,1.0,stratified_80_20
17915,1,1,1.0,stratified_80_20
17918,1,1,1.0,stratified_80_20
17923,1,1,1.0,stratified_80_20
17924,1,1,1.0,stratified_80_20
17925,1,1,1.0,stratified_80_20
17926,0,0,0.0,stratified_80_20
17932,1,1,1.0,stratified_80_20
17933,1,1,1.0,stratified_80_20
17937,1,1,1.0,stratified_80_20
17940,1,1,1.0,stratified_80_20
17941,1,1,1.0,stratified_80_20
17944,1,1,1.0,stratified_80_20
17955,1,1,1.0,stratified_80_20
17968,1,1,1.0,stratified_80_20
17969,1,1,1.0,stratified_80_20
17972,1,1,1.0,stratified_80_20
17974,1,1,1.0,stratified_80_20
17989,1,1,1.0,stratified_80_20
17991,1,1,1.0,stratified_80_20
17992,1,1,1.0,stratified_80_20
17996,0,0,0.0,stratified_80_20
18018,0,0,0.0,stratified_80_20
18022,1,1,1.0,stratified_80_20
18027,1,1,1.0,stratified_80_20
18029,1,1,1.0,stratified_80_20
18033,1,1,1.0,stratified_80_20
18040,1,1,1.0,stratified_80_20
18042,1,1,1.0,stratified_80_20
18043,1,1,1.0,stratified_80_20
18048,1,1,1.0,stratified_80_20
18064,1,1,1.0,stratified_80_20
18068,1,1,1.0,stratified_80_20
18072,1,1,1.0,stratified_80_20
18073,1,1,1.0,stratified_80_20
18075,1,1,1.0,stratified_80_20
18077,1,1,1.0,stratified_80_20
18078,1,1,1.0,stratified_80_20
18082,1,1,1.0,stratified_80_20
18092,1,1,1.0,stratified_80_20
18096,1,1,1.0,stratified_80_20
18100,1,1,1.0,stratified_80_20
18112,1,1,1.0,stratified_80_20
18121,1,1,1.0,stratified_80_20
18123,1,1,1.0,stratified_80_20
18127,1,1,1.0,stratified_80_20
18130,1,1,1.0,stratified_80_20
18132,1,1,1.0,stratified_80_20
18143,1,1,1.0,stratified_80_20
18149,1,1,1.0,stratified_80_20
18152,1,1,1.0,stratified_80_20
18154,1,1,1.0,stratified_80_20
18156,1,1,1.0,stratified_80_20
18167,1,1,1.0,stratified_80_20
18173,1,1,1.0,stratified_80_20
18174,1,1,1.0,stratified_80_20
18181,1,1,1.0,stratified_80_20
18185,1,1,1.0,stratified_80_20
18192,1,1,1.0,stratified_80_20
18193,0,0,0.0,stratified_80_20
18194,0,0,0.0,stratified_80_20
18197,0,0,0.0,stratified_80_20
18198,1,1,1.0,stratified_80_20
18200,1,1,1.0,stratified_80_20
18202,0,0,0.0,stratified_80_20
18205,0,0,0.0,stratified_80_20
18208,1,1,1.0,stratified_80_20
18213,1,1,1.0,stratified_80_20
18220,1,1,1.0,stratified_80_20
18225,1,1,1.0,stratified_80_20
18228,1,1,1.0,stratified_80_20
18230,1,1,1.0,stratified_80_20
18235,1,1,1.0,stratified_80_20
18237,1,1,1.0,stratified_80_20
18238,1,1,1.0,stratified_80_20
18248,1,1,1.0,stratified_80_20
18251,1,1,1.0,stratified_80_20
18253,1,1,1.0,stratified_80_20
18255,1,1,1.0,stratified_80_20
18258,1,1,1.0,stratified_80_20
18259,0,0,0.0,stratified_80_20
18263,1,1,1.0,stratified_80_20
18268,0,0,0.0,stratified_80_20
18270,1,1,1.0,stratified_80_20
18275,1,1,1.0,stratified_80_20
18278,1,1,1.0,stratified_80_20
18279,1,1,1.0,stratified_80_20
18284,1,1,1.0,stratified_80_20
18290,1,1,1.0,stratified_80_20
18295,1,1,1.0,stratified_80_20
18307,1,1,1.0,stratified_80_20
18308,1,1,1.0,stratified_80_20
18310,1,1,1.0,stratified_80_20
18315,1,1,1.0,stratified_80_20
18320,1,1,1.0,stratified_80_20
18323,1,1,1.0,stratified_80_20
18326,1,1,1.0,stratified_80_20
18335,1,1,1.0,stratified_80_20
18340,0,0,0.0,stratified_80_20
18342,1,1,1.0,stratified_80_20
18345,1,1,1.0,stratified_80_20
18351,0,0,0.0,stratified_80_20
18361,1,1,1.0,stratified_80_20
18362,1,1,1.0,stratified_80_20
18371,1,1,1.0,stratified_80_20
18375,1,1,1.0,stratified_80_20
18379,1,1,1.0,stratified_80_20
18383,0,0,0.0,stratified_80_20
18385,0,0,0.0,stratified_80_20
18386,1,1,1.0,stratified_80_20
18389,1,1,1.0,stratified_80_20
18411,0,0,0.0,stratified_80_20
18412,0,0,0.0,stratified_80_20
18417,1,1,1.0,stratified_80_20
18423,1,1,1.0,stratified_80_20
18426,1,1,1.0,stratified_80_20
18429,1,1,1.0,stratified_80_20
18430,1,1,1.0,stratified_80_20
18431,1,1,1.0,stratified_80_20
18432,0,0,0.0,stratified_80_20
18439,1,1,1.0,stratified_80_20
18446,1,1,1.0,stratified_80_20
18449,1,1,1.0,stratified_80_20
18451,1,1,1.0,stratified_80_20
18452,1,1,1.0,stratified_80_20
18453,1,1,1.0,stratified_80_20
18465,1,1,1.0,stratified_80_20
18472,1,1,1.0,stratified_80_20
18480,1,1,1.0,stratified_80_20
18482,1,1,1.0,stratified_80_20
18485,1,1,1.0,stratified_80_20
18486,1,1,1.0,stratified_80_20
18488,1,1,1.0,stratified_80_20
18490,1,1,1.0,stratified_80_20
18495,1,1,1.0,stratified_80_20
18506,1,1,1.0,stratified_80_20
18515,1,1,1.0,stratified_80_20
18519,1,1,1.0,stratified_80_20
18524,1,1,1.0,stratified_80_20
18527,1,1,1.0,stratified_80_20
18531,1,1,1.0,stratified_80_20
18538,1,1,1.0,stratified_80_20
18540,1,1,1.0,stratified_80_20
18547,1,1,1.0,stratified_80_20
18557,1,1,1.0,stratified_80_20
18563,1,1,1.0,stratified_80_20
18566,1,1,1.0,stratified_80_20
18568,1,1,1.0,stratified_80_20
18569,1,1,1.0,stratified_80_20
18571,1,1,1.0,stratified_80_20
18575,1,1,1.0,stratified_80_20
18580,1,1,1.0,stratified_80_20
18581,1,1,1.0,stratified_80_20
18594,1,1,1.0,stratified_80_20
18603,1,1,1.0,stratified_80_20
18605,1,1,1.0,stratified_80_20
18607,1,1,1.0,stratified_80_20
18609,1,1,1.0,stratified_80_20
18612,1,1,1.0,stratified_80_20
18613,1,1,1.0,stratified_80_20
18614,1,1,1.0,stratified_80_20
18626,1,1,1.0,stratified_80_20
18627,1,1,1.0,stratified_80_20
18634,1,1,1.0,stratified_80_20
18639,1,1,1.0,stratified_80_20
18641,1,1,1.0,stratified_80_20
18665,1,1,1.0,stratified_80_20
18671,1,1,1.0,stratified_80_20
18673,1,1,1.0,stratified_80_20
18676,1,1,1.0,stratified_80_20
18681,1,1,1.0,stratified_80_20
18686,1,1,1.0,stratified_80_20
18689,1,1,1.0,stratified_80_20
18695,1,1,1.0,stratified_80_20
18707,0,0,0.0,stratified_80_20
18708,1,1,1.0,stratified_80_20
18718,1,1,1.0,stratified_80_20
18719,1,1,1.0,stratified_80_20
18725,1,1,1.0,stratified_80_20
18727,1,1,1.0,stratified_80_20
18728,1,1,1.0,stratified_80_20
18731,1,1,1.0,stratified_80_20
18735,1,1,1.0,stratified_80_20
18739,1,1,1.0,stratified_80_20
18740,1,1,1.0,stratified_80_20
18742,1,1,1.0,stratified_80_20
18745,1,1,1.0,stratified_80_20
18749,1,1,1.0,stratified_80_20
18751,1,1,1.0,stratified_80_20
18760,1,1,1.0,stratified_80_20
18766,0,0,0.0,stratified_80_20
18778,1,1,1.0,stratified_80_20
18779,0,0,0.0,stratified_80_20
18787,1,1,1.0,stratified_80_20
18788,1,1,1.0,stratified_80_20
18794,1,1,1.0,stratified_80_20
18811,1,1,1.0,stratified_80_20
18813,1,1,1.0,stratified_80_20
18814,1,1,1.0,stratified_80_20
18820,1,1,1.0,stratified_80_20
18821,1,1,1.0,stratified_80_20
18823,1,1,1.0,stratified_80_20
18824,1,1,1.0,stratified_80_20
18831,1,1,1.0,stratified_80_20
18832,1,1,1.0,stratified_80_20
18838,1,1,1.0,stratified_80_20
18843,1,1,1.0,stratified_80_20
18851,1,1,1.0,stratified_80_20
18853,1,1,1.0,stratified_80_20
18854,1,1,1.0,stratified_80_20
18856,1,1,1.0,stratified_80_20
18858,1,1,1.0,stratified_80_20
18860,1,1,1.0,stratified_80_20
18869,1,1,1.0,stratified_80_20
18870,1,1,1.0,stratified_80_20
18871,1,1,1.0,stratified_80_20
18875,1,1,1.0,stratified_80_20
18879,0,0,0.0,stratified_80_20
18880,1,1,1.0,stratified_80_20
18882,1,1,1.0,stratified_80_20
18886,1,1,1.0,stratified_80_20
18887,1,1,1.0,stratified_80_20
18892,1,1,1.0,stratified_80_20
18896,1,1,1.0,stratified_80_20
18902,1,1,1.0,stratified_80_20
18903,1,1,1.0,stratified_80_20
18906,1,1,1.0,stratified_80_20
18910,1,1,1.0,stratified_80_20
18913,1,1,1.0,stratified_80_20
18918,0,0,0.0,stratified_80_20
18925,1,1,1.0,stratified_80_20
18936,1,1,1.0,stratified_80_20
18937,1,1,1.0,stratified_80_20
18938,1,1,1.0,stratified_80_20
18947,1,1,1.0,stratified_80_20
18950,1,1,1.0,stratified_80_20
18952,1,1,1.0,stratified_80_20
18954,0,0,0.0,stratified_80_20
18958,1,1,1.0,stratified_80_20
18960,1,1,1.0,stratified_80_20
18964,0,0,0.0,stratified_80_20
18968,1,1,1.0,stratified_80_20
18969,1,1,1.0,stratified_80_20
18981,1,1,1.0,stratified_80_20
18988,1,1,1.0,stratified_80_20
18998,1,1,1.0,stratified_80_20
18999,1,1,1.0,stratified_80_20
19000,1,1,1.0,stratified_80_20
19007,1,1,1.0,stratified_80_20
19015,1,1,1.0,stratified_80_20
19019,1,1,1.0,stratified_80_20
19021,1,1,1.0,stratified_80_20
19035,1,1,1.0,stratified_80_20
19044,1,1,1.0,stratified_80_20
19051,1,1,1.0,stratified_80_20
19052,1,1,1.0,stratified_80_20
19058,1,1,1.0,stratified_80_20
19063,1,1,1.0,stratified_80_20
19067,1,1,1.0,stratified_80_20
19068,1,1,1.0,stratified_80_20
19074,1,1,1.0,stratified_80_20
19075,1,1,1.0,stratified_80_20
19079,1,1,1.0,stratified_80_20
19082,1,1,1.0,stratified_80_20
19085,0,0,0.0,stratified_80_20
19088,1,1,1.0,stratified_80_20
19090,1,1,1.0,stratified_80_20
19094,1,1,1.0,stratified_80_20
19096,1,1,1.0,stratified_80_20
19097,1,1,1.0,stratified_80_20
19098,1,1,1.0,stratified_80_20
19114,1,1,1.0,stratified_80_20
19121,1,1,1.0,stratified_80_20
19123,1,1,1.0,stratified_80_20
19130,1,1,1.0,stratified_80_20
19136,1,1,1.0,stratified_80_20
19138,1,1,1.0,stratified_80_20
19153,0,0,0.0,stratified_80_20
19155,0,0,0.0,stratified_80_20
19160,1,1,1.0,stratified_80_20
19163,1,1,1.0,stratified_80_20
19172,1,1,1.0,stratified_80_20
19174,0,0,0.0,stratified_80_20
19177,1,1,1.0,stratified_80_20
19183,1,1,1.0,stratified_80_20
19187,1,1,1.0,stratified_80_20
19190,1,1,1.0,stratified_80_20
19196,1,1,1.0,stratified_80_20
19199,1,1,1.0,stratified_80_20
19210,0,0,0.0,stratified_80_20
19212,1,1,1.0,stratified_80_20
19218,1,1,1.0,stratified_80_20
19219,1,1,1.0,stratified_80_20
19221,1,1,1.0,stratified_80_20
19231,1,1,1.0,stratified_80_20
19236,0,0,0.0,stratified_80_20
19239,1,1,1.0,stratified_80_20
19240,1,1,1.0,stratified_80_20
19244,0,0,0.0,stratified_80_20
19248,1,1,1.0,stratified_80_20
19252,1,1,1.0,stratified_80_20
19254,1,1,1.0,stratified_80_20
19255,1,1,1.0,stratified_80_20
19256,1,1,1.0,stratified_80_20
19258,1,1,1.0,stratified_80_20
19260,1,1,1.0,stratified_80_20
19269,1,1,1.0,stratified_80_20
19270,1,1,1.0,stratified_80_20
19277,1,1,1.0,stratified_80_20
19280,1,1,1.0,stratified_80_20
19282,0,0,0.0,stratified_80_20
19286,1,1,1.0,stratified_80_20
19290,1,1,1.0,stratified_80_20
19299,1,1,1.0,stratified_80_20
19305,1,1,1.0,stratified_80_20
19325,1,1,1.0,stratified_80_20
19335,0,0,0.0,stratified_80_20
19339,1,1,1.0,stratified_80_20
19340,0,0,0.0,stratified_80_20
19352,1,1,1.0,stratified_80_20
19356,1,1,1.0,stratified_80_20
19364,1,1,1.0,stratified_80_20
19366,1,1,1.0,stratified_80_20
19368,1,1,1.0,stratified_80_20
19371,1,1,1.0,stratified_80_20
19372,1,1,1.0,stratified_80_20
19373,1,1,1.0,stratified_80_20
19375,1,1,1.0,stratified_80_20
19377,1,1,1.0,stratified_80_20
19378,0,0,0.0,stratified_80_20
19382,1,1,1.0,stratified_80_20
19385,1,1,1.0,stratified_80_20
19391,0,0,0.0,stratified_80_20
19393,1,1,1.0,stratified_80_20
19395,0,0,0.0,stratified_80_20
19401,1,1,1.0,stratified_80_20
19404,1,1,1.0,stratified_80_20
19405,1,1,1.0,stratified_80_20
19412,1,1,1.0,stratified_80_20
19414,1,1,1.0,stratified_80_20
19416,1,1,1.0,stratified_80_20
19428,1,1,1.0,stratified_80_20
19430,1,1,1.0,stratified_80_20
19432,1,1,1.0,stratified_80_20
19456,1,1,1.0,stratified_80_20
19458,1,1,1.0,stratified_80_20
19459,1,1,1.0,stratified_80_20
19462,1,1,1.0,stratified_80_20
19464,1,1,1.0,stratified_80_20
19465,1,1,1.0,stratified_80_20
19469,1,1,1.0,stratified_80_20
19471,1,1,1.0,stratified_80_20
19478,1,1,1.0,stratified_80_20
19486,1,1,1.0,stratified_80_20
19488,1,1,1.0,stratified_80_20
19492,1,1,1.0,stratified_80_20
19506,1,1,1.0,stratified_80_20
19512,1,1,1.0,stratified_80_20
19530,1,1,1.0,stratified_80_20
19533,0,0,0.0,stratified_80_20
19537,1,1,1.0,stratified_80_20
19539,1,1,1.0,stratified_80_20
19541,1,1,1.0,stratified_80_20
19543,1,1,1.0,stratified_80_20
19560,1,1,1.0,stratified_80_20
19561,1,1,1.0,stratified_80_20
19562,1,1,1.0,stratified_80_20
19564,1,1,1.0,stratified_80_20
19575,1,1,1.0,stratified_80_20
19577,1,1,1.0,stratified_80_20
19578,0,0,0.0,stratified_80_20
19584,1,1,1.0,stratified_80_20
19586,1,1,1.0,stratified_80_20
19588,1,1,1.0,stratified_80_20
19593,1,1,1.0,stratified_80_20
19597,1,1,1.0,stratified_80_20
19617,1,1,1.0,stratified_80_20
19618,1,1,1.0,stratified_80_20
19624,1,1,1.0,stratified_80_20
19628,1,1,1.0,stratified_80_20
19633,1,1,1.0,stratified_80_20
19634,1,1,1.0,stratified_80_20
19636,1,1,1.0,stratified_80_20
19637,1,1,1.0,stratified_80_20
19639,1,1,1.0,stratified_80_20
19642,1,1,1.0,stratified_80_20
19647,1,1,1.0,stratified_80_20
19651,1,1,1.0,stratified_80_20
19652,1,1,1.0,stratified_80_20
19659,1,1,1.0,stratified_80_20
19663,1,1,1.0,stratified_80_20
19667,1,1,1.0,stratified_80_20
19676,1,1,1.0,stratified_80_20
19680,1,1,1.0,stratified_80_20
19693,1,1,1.0,stratified_80_20
19699,1,1,1.0,stratified_80_20
19701,1,1,1.0,stratified_80_20
19707,1,1,1.0,stratified_80_20
19717,1,1,1.0,stratified_80_20
19718,0,0,0.0,stratified_80_20
19721,1,1,1.0,stratified_80_20
19724,1,1,1.0,stratified_80_20
19735,1,1,1.0,stratified_80_20
19737,1,1,1.0,stratified_80_20
19764,1,1,1.0,stratified_80_20
19766,1,1,1.0,stratified_80_20
19767,1,1,1.0,stratified_80_20
19768,1,1,1.0,stratified_80_20
19769,1,1,1.0,stratified_80_20
19770,1,1,1.0,stratified_80_20
19773,1,1,1.0,stratified_80_20
19774,1,1,1.0,stratified_80_20
19779,1,1,1.0,stratified_80_20
19783,1,1,1.0,stratified_80_20
19786,1,1,1.0,stratified_80_20
19802,1,1,1.0,stratified_80_20
19812,1,1,1.0,stratified_80_20
19813,1,1,1.0,stratified_80_20
19815,0,0,0.0,stratified_80_20
19821,1,1,1.0,stratified_80_20
19826,1,1,1.0,stratified_80_20
19831,1,1,1.0,stratified_80_20
19848,1,1,1.0,stratified_80_20
19851,1,1,1.0,stratified_80_20
19852,1,1,1.0,stratified_80_20
19866,1,1,1.0,stratified_80_20
19868,1,1,1.0,stratified_80_20
19869,1,1,1.0,stratified_80_20
19871,1,1,1.0,stratified_80_20
19874,1,1,1.0,stratified_80_20
19876,1,1,1.0,stratified_80_20
19877,1,1,1.0,stratified_80_20
19882,1,1,1.0,stratified_80_20
19884,0,0,0.0,stratified_80_20
19888,0,0,0.0,stratified_80_20
19889,1,1,1.0,stratified_80_20
19890,1,1,1.0,stratified_80_20
19909,1,1,1.0,stratified_80_20
19913,1,1,1.0,stratified_80_20
19914,1,1,1.0,stratified_80_20
19916,1,1,1.0,stratified_80_20
19920,1,1,1.0,stratified_80_20
19931,1,1,1.0,stratified_80_20
19944,1,1,1.0,stratified_80_20
19946,1,1,1.0,stratified_80_20
19955,1,1,1.0,stratified_80_20
19957,1,1,1.0,stratified_80_20
19959,1,1,1.0,stratified_80_20
19965,1,1,1.0,stratified_80_20
19969,1,1,1.0,stratified_80_20
19971,1,1,1.0,stratified_80_20
19975,1,1,1.0,stratified_80_20
19981,1,1,1.0,stratified_80_20
19984,1,1,1.0,stratified_80_20
19988,0,0,0.0,stratified_80_20
19991,1,1,1.0,stratified_80_20
19993,1,1,1.0,stratified_80_20
19995,1,1,1.0,stratified_80_20
19997,1,1,1.0,stratified_80_20
20010,1,1,1.0,stratified_80_20
20012,1,1,1.0,stratified_80_20
20017,1,1,1.0,stratified_80_20
20019,1,1,1.0,stratified_80_20
20020,1,1,1.0,stratified_80_20
20026,1,1,1.0,stratified_80_20
20027,1,1,1.0,stratified_80_20
20029,1,1,1.0,stratified_80_20
20036,1,1,1.0,stratified_80_20
20049,1,1,1.0,stratified_80_20
20054,1,1,1.0,stratified_80_20
20056,1,1,1.0,stratified_80_20
20061,1,1,1.0,stratified_80_20
20063,1,1,1.0,stratified_80_20
20083,1,1,1.0,stratified_80_20
20094,1,1,1.0,stratified_80_20
20098,1,1,1.0,stratified_80_20
20111,1,1,1.0,stratified_80_20
20112,0,0,0.0,stratified_80_20
20116,1,1,1.0,stratified_80_20
20130,1,1,1.0,stratified_80_20
20133,1,1,1.0,stratified_80_20
20137,1,1,1.0,stratified_80_20
20140,1,1,1.0,stratified_80_20
20143,1,1,1.0,stratified_80_20
20146,1,1,1.0,stratified_80_20
20150,1,1,1.0,stratified_80_20
20152,1,1,1.0,stratified_80_20
20154,0,0,0.0,stratified_80_20
20156,1,1,1.0,stratified_80_20
20157,1,1,1.0,stratified_80_20
20164,1,1,1.0,stratified_80_20
20165,1,1,1.0,stratified_80_20
20171,1,1,1.0,stratified_80_20
20175,1,1,1.0,stratified_80_20
20179,1,1,1.0,stratified_80_20
20190,1,1,1.0,stratified_80_20
20192,1,1,1.0,stratified_80_20
20195,1,1,1.0,stratified_80_20
20213,1,1,1.0,stratified_80_20
20222,1,1,1.0,stratified_80_20
20223,0,0,0.0,stratified_80_20
20229,1,1,1.0,stratified_80_20
20244,0,0,0.0,stratified_80_20
20247,1,1,1.0,stratified_80_20
20266,1,1,1.0,stratified_80_20
20268,1,1,1.0,stratified_80_20
20270,1,1,1.0,stratified_80_20
20278,1,1,1.0,stratified_80_20
20279,0,0,0.0,stratified_80_20
20290,1,1,1.0,stratified_80_20
20307,1,1,1.0,stratified_80_20
20310,1,1,1.0,stratified_80_20
20311,1,1,1.0,stratified_80_20
20323,1,1,1.0,stratified_80_20
20326,1,1,1.0,stratified_80_20
20329,0,0,0.0,stratified_80_20
20331,1,1,1.0,stratified_80_20
20339,1,1,1.0,stratified_80_20
20343,1,1,1.0,stratified_80_20
20350,1,1,1.0,stratified_80_20
20357,1,1,1.0,stratified_80_20
20363,1,1,1.0,stratified_80_20
20373,1,1,1.0,stratified_80_20
20375,1,1,1.0,stratified_80_20
20378,1,1,1.0,stratified_80_20
20387,1,1,1.0,stratified_80_20
20390,1,1,1.0,stratified_80_20
20395,1,1,1.0,stratified_80_20
20403,1,1,1.0,stratified_80_20
20408,0,0,0.0,stratified_80_20
20412,1,1,1.0,stratified_80_20
20414,1,1,1.0,stratified_80_20
20417,1,1,1.0,stratified_80_20
20424,1,1,1.0,stratified_80_20
20426,1,1,1.0,stratified_80_20
20432,1,1,1.0,stratified_80_20
20435,0,0,0.0,stratified_80_20
20442,1,1,1.0,stratified_80_20
20443,1,1,1.0,stratified_80_20
20447,1,1,1.0,stratified_80_20
20449,0,0,0.0,stratified_80_20
20450,1,1,1.0,stratified_80_20
20459,1,1,1.0,stratified_80_20
20460,1,1,1.0,stratified_80_20
20465,1,1,1.0,stratified_80_20
20467,0,0,0.0,stratified_80_20
20469,0,0,0.0,stratified_80_20
20470,1,1,1.0,stratified_80_20
20478,1,1,1.0,stratified_80_20
20479,1,1,1.0,stratified_80_20
20484,1,1,1.0,stratified_80_20
20498,1,1,1.0,stratified_80_20
20501,1,1,1.0,stratified_80_20
20514,1,1,1.0,stratified_80_20
20525,1,1,1.0,stratified_80_20
20527,1,1,1.0,stratified_80_20
20528,1,1,1.0,stratified_80_20
20532,1,1,1.0,stratified_80_20
20536,1,1,1.0,stratified_80_20
20544,1,1,1.0,stratified_80_20
20550,1,1,1.0,stratified_80_20
20565,1,1,1.0,stratified_80_20
20587,1,1,1.0,stratified_80_20
20593,1,1,1.0,stratified_80_20
20601,1,1,1.0,stratified_80_20
20606,1,1,1.0,stratified_80_20
20612,1,1,1.0,stratified_80_20
20616,1,1,1.0,stratified_80_20
20626,1,1,1.0,stratified_80_20
20634,1,1,1.0,stratified_80_20
20641,1,1,1.0,stratified_80_20
20649,1,1,1.0,stratified_80_20
20652,0,0,0.0,stratified_80_20
20653,1,1,1.0,stratified_80_20
20660,0,0,0.0,stratified_80_20
20661,1,1,1.0,stratified_80_20
20665,1,1,1.0,stratified_80_20
20666,1,1,1.0,stratified_80_20
20669,1,1,1.0,stratified_80_20
20670,1,1,1.0,stratified_80_20
20671,1,1,1.0,stratified_80_20
20681,1,1,1.0,stratified_80_20
20687,1,1,1.0,stratified_80_20
20691,1,1,1.0,stratified_80_20
20697,1,1,1.0,stratified_80_20
20708,0,0,0.0,stratified_80_20
20711,1,1,1.0,stratified_80_20
20712,1,1,1.0,stratified_80_20
20713,1,1,1.0,stratified_80_20
20714,1,1,1.0,stratified_80_20
20716,1,1,1.0,stratified_80_20
20720,1,1,1.0,stratified_80_20
20721,1,1,1.0,stratified_80_20
20729,1,1,1.0,stratified_80_20
20735,1,1,1.0,stratified_80_20
20736,1,1,1.0,stratified_80_20
20745,1,1,1.0,stratified_80_20
20754,1,1,1.0,stratified_80_20
20758,1,1,1.0,stratified_80_20
20760,1,1,1.0,stratified_80_20
20765,1,1,1.0,stratified_80_20
20770,1,1,1.0,stratified_80_20
20775,1,1,1.0,stratified_80_20
20777,1,1,1.0,stratified_80_20
20780,1,1,1.0,stratified_80_20
20781,1,1,1.0,stratified_80_20
20784,1,1,1.0,stratified_80_20
20797,1,1,1.0,stratified_80_20
20798,1,1,1.0,stratified_80_20
20799,1,1,1.0,stratified_80_20
20803,1,1,1.0,stratified_80_20
20813,1,1,1.0,stratified_80_20
20818,1,1,1.0,stratified_80_20
20826,1,1,1.0,stratified_80_20
20835,1,1,1.0,stratified_80_20
20845,0,0,0.0,stratified_80_20
20846,1,1,1.0,stratified_80_20
20853,1,1,1.0,stratified_80_20
20857,1,1,1.0,stratified_80_20
20858,1,1,1.0,stratified_80_20
20864,0,0,0.0,stratified_80_20
20867,1,1,1.0,stratified_80_20
20870,1,1,1.0,stratified_80_20
20884,1,1,1.0,stratified_80_20
20889,1,1,1.0,stratified_80_20
20894,1,1,1.0,stratified_80_20
20895,1,1,1.0,stratified_80_20
20900,1,1,1.0,stratified_80_20
20902,1,1,1.0,stratified_80_20
20905,1,1,1.0,stratified_80_20
20913,1,1,1.0,stratified_80_20
20914,1,1,1.0,stratified_80_20
20916,1,1,1.0,stratified_80_20
20919,1,1,1.0,stratified_80_20
20920,1,1,1.0,stratified_80_20
20927,1,1,1.0,stratified_80_20
20928,1,1,1.0,stratified_80_20
20934,1,1,1.0,stratified_80_20
20941,1,1,1.0,stratified_80_20
20953,1,1,1.0,stratified_80_20
20961,1,1,1.0,stratified_80_20
20968,1,1,1.0,stratified_80_20
20971,1,1,1.0,stratified_80_20
20975,1,1,1.0,stratified_80_20
20983,1,1,1.0,stratified_80_20
20987,1,1,1.0,stratified_80_20
20992,1,1,1.0,stratified_80_20
20994,1,1,1.0,stratified_80_20
21003,1,1,1.0,stratified_80_20
21004,1,1,1.0,stratified_80_20
21009,1,1,1.0,stratified_80_20
21013,1,1,1.0,stratified_80_20
21026,1,1,1.0,stratified_80_20
21030,1,1,1.0,stratified_80_20
21046,0,0,0.0,stratified_80_20
21052,1,1,1.0,stratified_80_20
21053,1,1,1.0,stratified_80_20
21054,1,1,1.0,stratified_80_20
21057,1,1,1.0,stratified_80_20
21076,1,1,1.0,stratified_80_20
21080,1,1,1.0,stratified_80_20
21086,1,1,1.0,stratified_80_20
21087,1,1,1.0,stratified_80_20
21090,1,1,1.0,stratified_80_20
21092,1,1,1.0,stratified_80_20
21095,1,1,1.0,stratified_80_20
21099,1,1,1.0,stratified_80_20
21104,1,1,1.0,stratified_80_20
21105,1,1,1.0,stratified_80_20
21118,1,1,1.0,stratified_80_20
21121,1,1,1.0,stratified_80_20
21136,1,1,1.0,stratified_80_20
21145,1,1,1.0,stratified_80_20
21146,1,1,1.0,stratified_80_20
21147,1,1,1.0,stratified_80_20
21148,1,1,1.0,stratified_80_20
21151,0,0,0.0,stratified_80_20
21153,0,0,0.0,stratified_80_20
21154,1,1,1.0,stratified_80_20
21155,1,1,1.0,stratified_80_20
21157,1,1,1.0,stratified_80_20
21158,1,1,1.0,stratified_80_20
21161,1,1,1.0,stratified_80_20
21170,1,1,1.0,stratified_80_20
21173,1,1,1.0,stratified_80_20
21175,1,1,1.0,stratified_80_20
21181,1,1,1.0,stratified_80_20
21186,1,1,1.0,stratified_80_20
21189,1,1,1.0,stratified_80_20
21197,1,1,1.0,stratified_80_20
21205,0,0,0.0,stratified_80_20
21209,0,0,0.0,stratified_80_20
21213,1,1,1.0,stratified_80_20
21221,1,1,1.0,stratified_80_20
21223,1,1,1.0,stratified_80_20
21227,1,1,1.0,stratified_80_20
21231,0,0,0.0,stratified_80_20
21233,1,1,1.0,stratified_80_20
21235,0,0,0.0,stratified_80_20
21236,0,0,0.0,stratified_80_20
21248,1,1,1.0,stratified_80_20
21255,1,1,1.0,stratified_80_20
21262,1,1,1.0,stratified_80_20
21263,1,1,1.0,stratified_80_20
21274,1,1,1.0,stratified_80_20
21287,0,0,0.0,stratified_80_20
21294,1,1,1.0,stratified_80_20
21295,1,1,1.0,stratified_80_20
21296,1,1,1.0,stratified_80_20
21303,1,1,1.0,stratified_80_20
21304,1,1,1.0,stratified_80_20
21307,1,1,1.0,stratified_80_20
21309,1,1,1.0,stratified_80_20
21317,1,1,1.0,stratified_80_20
21318,1,1,1.0,stratified_80_20
21326,1,1,1.0,stratified_80_20
21333,1,1,1.0,stratified_80_20
21354,1,1,1.0,stratified_80_20
21364,1,1,1.0,stratified_80_20
21367,1,1,1.0,stratified_80_20
21368,1,1,1.0,stratified_80_20
21376,1,1,1.0,stratified_80_20
21385,1,1,1.0,stratified_80_20
21397,1,1,1.0,stratified_80_20
21406,1,1,1.0,stratified_80_20
21408,1,1,1.0,stratified_80_20
21409,0,0,0.0,stratified_80_20
21415,1,1,1.0,stratified_80_20
21429,0,0,0.0,stratified_80_20
21435,1,1,1.0,stratified_80_20
21436,1,1,1.0,stratified_80_20
21437,1,1,1.0,stratified_80_20
21443,1,1,1.0,stratified_80_20
21450,0,0,0.0,stratified_80_20
21451,1,1,1.0,stratified_80_20
21456,1,1,1.0,stratified_80_20
21457,1,1,1.0,stratified_80_20
21461,1,1,1.0,stratified_80_20
21465,1,1,1.0,stratified_80_20
21491,1,1,1.0,stratified_80_20
21493,1,1,1.0,stratified_80_20
21498,1,1,1.0,stratified_80_20
21502,1,1,1.0,stratified_80_20
21503,1,1,1.0,stratified_80_20
21505,1,1,1.0,stratified_80_20
21515,1,1,1.0,stratified_80_20
21523,1,1,1.0,stratified_80_20
21525,1,1,1.0,stratified_80_20
21552,1,1,1.0,stratified_80_20
21553,1,1,1.0,stratified_80_20
21564,1,1,1.0,stratified_80_20
21570,1,1,1.0,stratified_80_20
21574,1,1,1.0,stratified_80_20
21582,1,1,1.0,stratified_80_20
21586,1,1,1.0,stratified_80_20
21589,1,1,1.0,stratified_80_20
21606,1,1,1.0,stratified_80_20
21608,1,1,1.0,stratified_80_20
21611,1,1,1.0,stratified_80_20
21619,1,1,1.0,stratified_80_20
21626,1,1,1.0,stratified_80_20
21627,1,1,1.0,stratified_80_20
21628,1,1,1.0,stratified_80_20
21630,0,0,0.0,stratified_80_20
21638,1,1,1.0,stratified_80_20
21651,1,1,1.0,stratified_80_20
21653,1,1,1.0,stratified_80_20
21659,1,1,1.0,stratified_80_20
21674,1,1,1.0,stratified_80_20
21677,0,0,0.0,stratified_80_20
21678,1,1,1.0,stratified_80_20
21686,1,1,1.0,stratified_80_20
21694,1,1,1.0,stratified_80_20
21705,1,1,1.0,stratified_80_20
21706,0,0,0.0,stratified_80_20
21707,1,1,1.0,stratified_80_20
21709,1,1,1.0,stratified_80_20
21711,1,1,1.0,stratified_80_20
21720,1,1,1.0,stratified_80_20
21726,1,1,1.0,stratified_80_20
21729,1,1,1.0,stratified_80_20
21732,1,1,1.0,stratified_80_20
21739,0,0,0.0,stratified_80_20
21752,1,1,1.0,stratified_80_20
21756,1,1,1.0,stratified_80_20
21757,1,1,1.0,stratified_80_20
21759,1,1,1.0,stratified_80_20
21760,1,1,1.0,stratified_80_20
21765,1,1,1.0,stratified_80_20
21769,0,0,0.0,stratified_80_20
21770,1,1,1.0,stratified_80_20
21786,0,0,0.0,stratified_80_20
21789,1,1,1.0,stratified_80_20
21811,1,1,1.0,stratified_80_20
21821,1,1,1.0,stratified_80_20
21824,0,0,0.0,stratified_80_20
21825,1,1,1.0,stratified_80_20
21826,1,1,1.0,stratified_80_20
21834,0,0,0.0,stratified_80_20
21835,1,1,1.0,stratified_80_20
21836,1,1,1.0,stratified_80_20
21841,1,1,1.0,stratified_80_20
21842,1,1,1.0,stratified_80_20
21846,1,1,1.0,stratified_80_20
21849,1,1,1.0,stratified_80_20
21851,1,1,1.0,stratified_80_20
21853,1,1,1.0,stratified_80_20
21854,1,1,1.0,stratified_80_20
21873,1,1,1.0,stratified_80_20
21880,1,1,1.0,stratified_80_20
21881,1,1,1.0,stratified_80_20
21883,0,0,0.0,stratified_80_20
21895,1,1,1.0,stratified_80_20
21900,1,1,1.0,stratified_80_20
21903,1,1,1.0,stratified_80_20
21905,1,1,1.0,stratified_80_20
21914,1,1,1.0,stratified_80_20
21917,1,1,1.0,stratified_80_20
21922,1,1,1.0,stratified_80_20
21924,1,1,1.0,stratified_80_20
21927,1,1,1.0,stratified_80_20
21928,1,1,1.0,stratified_80_20
21932,1,1,1.0,stratified_80_20
21935,1,1,1.0,stratified_80_20
21936,1,1,1.0,stratified_80_20
21941,1,1,1.0,stratified_80_20
21942,1,1,1.0,stratified_80_20
21949,1,1,1.0,stratified_80_20
21958,1,1,1.0,stratified_80_20
21959,1,1,1.0,stratified_80_20
21962,1,1,1.0,stratified_80_20
21963,1,1,1.0,stratified_80_20
21972,0,0,0.0,stratified_80_20
21992,1,1,1.0,stratified_80_20
21994,1,1,1.0,stratified_80_20
22005,1,1,1.0,stratified_80_20
22022,1,1,1.0,stratified_80_20
22028,1,1,1.0,stratified_80_20
22029,1,1,1.0,stratified_80_20
22030,0,0,0.0,stratified_80_20
22035,1,1,1.0,stratified_80_20
22042,1,1,1.0,stratified_80_20
22043,1,1,1.0,stratified_80_20
22045,0,0,0.0,stratified_80_20
22046,0,0,0.0,stratified_80_20
22052,1,1,1.0,stratified_80_20
22059,1,1,1.0,stratified_80_20
22072,1,1,1.0,stratified_80_20
22078,1,1,1.0,stratified_80_20
22079,1,1,1.0,stratified_80_20
22083,1,1,1.0,stratified_80_20
22094,1,1,1.0,stratified_80_20
22099,0,0,0.0,stratified_80_20
22104,1,1,1.0,stratified_80_20
22106,1,1,1.0,stratified_80_20
22109,1,1,1.0,stratified_80_20
22113,1,1,1.0,stratified_80_20
22114,1,1,1.0,stratified_80_20
22117,1,1,1.0,stratified_80_20
22121,1,1,1.0,stratified_80_20
22137,1,1,1.0,stratified_80_20
22138,1,1,1.0,stratified_80_20
22139,0,0,0.0,stratified_80_20
22143,1,1,1.0,stratified_80_20
22156,0,0,0.0,stratified_80_20
22172,1,1,1.0,stratified_80_20
22173,1,1,1.0,stratified_80_20
22177,1,1,1.0,stratified_80_20
22188,1,1,1.0,stratified_80_20
22190,1,1,1.0,stratified_80_20
22195,1,1,1.0,stratified_80_20
22201,1,1,1.0,stratified_80_20
22208,1,1,1.0,stratified_80_20
22209,1,1,1.0,stratified_80_20
22213,1,1,1.0,stratified_80_20
22217,1,1,1.0,stratified_80_20
22218,1,1,1.0,stratified_80_20
22223,1,1,1.0,stratified_80_20
22224,1,1,1.0,stratified_80_20
22235,1,1,1.0,stratified_80_20
22239,1,1,1.0,stratified_80_20
22255,1,1,1.0,stratified_80_20
22257,1,1,1.0,stratified_80_20
22262,1,1,1.0,stratified_80_20
22264,1,1,1.0,stratified_80_20
22271,1,1,1.0,stratified_80_20
22274,1,1,1.0,stratified_80_20
22275,1,1,1.0,stratified_80_20
22284,1,1,1.0,stratified_80_20
22285,1,1,1.0,stratified_80_20
22288,0,0,0.0,stratified_80_20
22289,1,1,1.0,stratified_80_20
22313,1,1,1.0,stratified_80_20
22323,1,1,1.0,stratified_80_20
22325,1,1,1.0,stratified_80_20
22326,1,1,1.0,stratified_80_20
22346,1,1,1.0,stratified_80_20
22355,1,1,1.0,stratified_80_20
22359,0,0,0.0,stratified_80_20
22368,1,1,1.0,stratified_80_20
22373,1,1,1.0,stratified_80_20
22375,1,1,1.0,stratified_80_20
22377,1,1,1.0,stratified_80_20
22380,1,1,1.0,stratified_80_20
22383,1,1,1.0,stratified_80_20
22386,1,1,1.0,stratified_80_20
22393,1,1,1.0,stratified_80_20
22398,1,1,1.0,stratified_80_20
22404,1,1,1.0,stratified_80_20
22410,1,1,1.0,stratified_80_20
22414,1,1,1.0,stratified_80_20
22420,1,1,1.0,stratified_80_20
22424,1,1,1.0,stratified_80_20
22430,1,1,1.0,stratified_80_20
22437,1,1,1.0,stratified_80_20
22445,1,1,1.0,stratified_80_20
22448,1,1,1.0,stratified_80_20
22466,1,1,1.0,stratified_80_20
22467,1,1,1.0,stratified_80_20
22468,1,1,1.0,stratified_80_20
22471,1,1,1.0,stratified_80_20
22474,1,1,1.0,stratified_80_20
22477,1,1,1.0,stratified_80_20
22487,1,1,1.0,stratified_80_20
22495,1,1,1.0,stratified_80_20
22502,1,1,1.0,stratified_80_20
22519,1,1,1.0,stratified_80_20
22520,0,0,0.0,stratified_80_20
22530,1,1,1.0,stratified_80_20
22532,1,1,1.0,stratified_80_20
22534,1,1,1.0,stratified_80_20
22536,0,0,0.0,stratified_80_20
22540,1,1,1.0,stratified_80_20
22547,1,1,1.0,stratified_80_20
22550,1,1,1.0,stratified_80_20
22556,1,1,1.0,stratified_80_20
22559,1,1,1.0,stratified_80_20
22560,1,1,1.0,stratified_80_20
22561,1,1,1.0,stratified_80_20
22570,1,1,1.0,stratified_80_20
22571,1,1,1.0,stratified_80_20
22577,1,1,1.0,stratified_80_20
22586,1,1,1.0,stratified_80_20
22588,1,1,1.0,stratified_80_20
22599,1,1,1.0,stratified_80_20
22602,1,1,1.0,stratified_80_20
22608,1,1,1.0,stratified_80_20
22613,1,1,1.0,stratified_80_20
22614,0,0,0.0,stratified_80_20
22617,1,1,1.0,stratified_80_20
22620,1,1,1.0,stratified_80_20
22623,1,1,1.0,stratified_80_20
22626,1,1,1.0,stratified_80_20
22634,1,1,1.0,stratified_80_20
22639,1,1,1.0,stratified_80_20
22648,1,1,1.0,stratified_80_20
22651,1,1,1.0,stratified_80_20
22652,1,1,1.0,stratified_80_20
22653,0,0,0.0,stratified_80_20
22664,1,1,1.0,stratified_80_20
22665,1,1,1.0,stratified_80_20
22669,1,1,1.0,stratified_80_20
22673,1,1,1.0,stratified_80_20
22674,1,1,1.0,stratified_80_20
22680,1,1,1.0,stratified_80_20
22687,1,1,1.0,stratified_80_20
22695,1,1,1.0,stratified_80_20
22699,0,0,0.0,stratified_80_20
22700,1,1,1.0,stratified_80_20
22702,1,1,1.0,stratified_80_20
22705,0,0,0.0,stratified_80_20
22706,1,1,1.0,stratified_80_20
22707,1,1,1.0,stratified_80_20
22716,1,1,1.0,stratified_80_20
22719,1,1,1.0,stratified_80_20
22741,1,1,1.0,stratified_80_20
22749,0,0,0.0,stratified_80_20
22755,1,1,1.0,stratified_80_20
22761,1,1,1.0,stratified_80_20
22766,1,1,1.0,stratified_80_20
22769,1,1,1.0,stratified_80_20
22770,1,1,1.0,stratified_80_20
22772,1,1,1.0,stratified_80_20
22776,1,1,1.0,stratified_80_20
22779,1,1,1.0,stratified_80_20
22792,1,1,1.0,stratified_80_20
22801,1,1,1.0,stratified_80_20
22804,1,1,1.0,stratified_80_20
22806,1,1,1.0,stratified_80_20
22808,1,1,1.0,stratified_80_20
22811,1,1,1.0,stratified_80_20
22812,1,1,1.0,stratified_80_20
22813,1,1,1.0,stratified_80_20
22823,1,1,1.0,stratified_80_20
22832,1,1,1.0,stratified_80_20
22834,1,1,1.0,stratified_80_20
22836,1,1,1.0,stratified_80_20
22837,1,1,1.0,stratified_80_20
22839,1,1,1.0,stratified_80_20
22844,1,1,1.0,stratified_80_20
22848,1,1,1.0,stratified_80_20
22849,1,1,1.0,stratified_80_20
22854,1,1,1.0,stratified_80_20
22855,1,1,1.0,stratified_80_20
22866,1,1,1.0,stratified_80_20
22874,1,1,1.0,stratified_80_20
22882,0,0,0.0,stratified_80_20
22887,1,1,1.0,stratified_80_20
22891,1,1,1.0,stratified_80_20
22894,1,1,1.0,stratified_80_20
22897,1,1,1.0,stratified_80_20
22898,1,1,1.0,stratified_80_20
22899,1,1,1.0,stratified_80_20
22930,1,1,1.0,stratified_80_20
22934,1,1,1.0,stratified_80_20
22940,1,1,1.0,stratified_80_20
22941,1,1,1.0,stratified_80_20
22948,1,1,1.0,stratified_80_20
22951,1,1,1.0,stratified_80_20
22959,1,1,1.0,stratified_80_20
22963,1,1,1.0,stratified_80_20
22968,1,1,1.0,stratified_80_20
22969,1,1,1.0,stratified_80_20
22972,1,1,1.0,stratified_80_20
22975,1,1,1.0,stratified_80_20
22979,1,1,1.0,stratified_80_20
22981,1,1,1.0,stratified_80_20
22983,1,1,1.0,stratified_80_20
22986,1,1,1.0,stratified_80_20
22987,1,1,1.0,stratified_80_20
22988,1,1,1.0,stratified_80_20
22991,1,1,1.0,stratified_80_20
23011,1,1,1.0,stratified_80_20
23015,1,1,1.0,stratified_80_20
23020,1,1,1.0,stratified_80_20
23024,1,1,1.0,stratified_80_20
23029,1,1,1.0,stratified_80_20
23035,1,1,1.0,stratified_80_20
23036,1,1,1.0,stratified_80_20
23037,1,1,1.0,stratified_80_20
23038,1,1,1.0,stratified_80_20
23044,0,0,0.0,stratified_80_20
23047,1,1,1.0,stratified_80_20
23060,1,1,1.0,stratified_80_20
23063,1,1,1.0,stratified_80_20
23065,1,1,1.0,stratified_80_20
23067,0,0,0.0,stratified_80_20
23069,0,0,0.0,stratified_80_20
23074,1,1,1.0,stratified_80_20
23075,1,1,1.0,stratified_80_20
23080,1,1,1.0,stratified_80_20
23082,1,1,1.0,stratified_80_20
23088,0,0,0.0,stratified_80_20
23100,1,1,1.0,stratified_80_20
23101,0,0,0.0,stratified_80_20
23106,1,1,1.0,stratified_80_20
23108,1,1,1.0,stratified_80_20
23110,1,1,1.0,stratified_80_20
23111,1,1,1.0,stratified_80_20
23114,1,1,1.0,stratified_80_20
23124,1,1,1.0,stratified_80_20
23128,1,1,1.0,stratified_80_20
23137,1,1,1.0,stratified_80_20
23139,1,1,1.0,stratified_80_20
23141,1,1,1.0,stratified_80_20
23143,1,1,1.0,stratified_80_20
23149,1,1,1.0,stratified_80_20
23151,1,1,1.0,stratified_80_20
23152,0,0,0.0,stratified_80_20
23166,1,1,1.0,stratified_80_20
23182,1,1,1.0,stratified_80_20
23184,1,1,1.0,stratified_80_20
23187,1,1,1.0,stratified_80_20
23192,0,0,0.0,stratified_80_20
23204,1,1,1.0,stratified_80_20
23211,1,1,1.0,stratified_80_20
23215,1,1,1.0,stratified_80_20
23216,1,1,1.0,stratified_80_20
23217,1,1,1.0,stratified_80_20
23221,0,0,0.0,stratified_80_20
23224,1,1,1.0,stratified_80_20
23228,1,1,1.0,stratified_80_20
23234,1,1,1.0,stratified_80_20
23240,0,0,0.0,stratified_80_20
23248,0,0,0.0,stratified_80_20
23251,0,0,0.0,stratified_80_20
23255,1,1,1.0,stratified_80_20
23260,0,0,0.0,stratified_80_20
23265,1,1,1.0,stratified_80_20
23277,0,0,0.0,stratified_80_20
23279,1,1,1.0,stratified_80_20
23280,1,1,1.0,stratified_80_20
23283,1,1,1.0,stratified_80_20
23284,1,1,1.0,stratified_80_20
23287,1,1,1.0,stratified_80_20
23295,1,1,1.0,stratified_80_20
23299,1,1,1.0,stratified_80_20
23301,1,1,1.0,stratified_80_20
23302,1,1,1.0,stratified_80_20
23306,1,1,1.0,stratified_80_20
23329,1,1,1.0,stratified_80_20
23332,1,1,1.0,stratified_80_20
23335,1,1,1.0,stratified_80_20
23349,1,1,1.0,stratified_80_20
23351,1,1,1.0,stratified_80_20
23358,1,1,1.0,stratified_80_20
23360,1,1,1.0,stratified_80_20
23363,1,1,1.0,stratified_80_20
23364,1,1,1.0,stratified_80_20
23365,1,1,1.0,stratified_80_20
23373,1,1,1.0,stratified_80_20
23374,1,1,1.0,stratified_80_20
23376,1,1,1.0,stratified_80_20
23377,1,1,1.0,stratified_80_20
23378,1,1,1.0,stratified_80_20
23383,1,1,1.0,stratified_80_20
23392,1,1,1.0,stratified_80_20
23406,1,1,1.0,stratified_80_20
23407,1,1,1.0,stratified_80_20
23412,1,1,1.0,stratified_80_20
23415,1,1,1.0,stratified_80_20
23421,1,1,1.0,stratified_80_20
23422,1,1,1.0,stratified_80_20
23426,1,1,1.0,stratified_80_20
23438,0,0,0.0,stratified_80_20
23439,1,1,1.0,stratified_80_20
23440,1,1,1.0,stratified_80_20
23441,0,0,0.0,stratified_80_20
23452,1,1,1.0,stratified_80_20
23456,1,1,1.0,stratified_80_20
23462,1,1,1.0,stratified_80_20
23463,0,0,0.0,stratified_80_20
23465,1,1,1.0,stratified_80_20
23469,1,1,1.0,stratified_80_20
23471,1,1,1.0,stratified_80_20
23478,1,1,1.0,stratified_80_20
23484,1,1,1.0,stratified_80_20
23491,1,1,1.0,stratified_80_20
23493,1,1,1.0,stratified_80_20
23498,1,1,1.0,stratified_80_20
23513,1,1,1.0,stratified_80_20
23515,1,1,1.0,stratified_80_20
23525,1,1,1.0,stratified_80_20
23542,1,1,1.0,stratified_80_20
23544,1,1,1.0,stratified_80_20
23545,1,1,1.0,stratified_80_20
23547,1,1,1.0,stratified_80_20
23549,1,1,1.0,stratified_80_20
23550,1,1,1.0,stratified_80_20
23551,1,1,1.0,stratified_80_20
23556,1,1,1.0,stratified_80_20
23560,1,1,1.0,stratified_80_20
23572,1,1,1.0,stratified_80_20
23575,1,1,1.0,stratified_80_20
23576,1,1,1.0,stratified_80_20
23584,0,0,0.0,stratified_80_20
23588,1,1,1.0,stratified_80_20
23596,1,1,1.0,stratified_80_20
23598,1,1,1.0,stratified_80_20
23604,1,1,1.0,stratified_80_20
23622,1,1,1.0,stratified_80_20
23630,1,1,1.0,stratified_80_20
23645,1,1,1.0,stratified_80_20
23646,0,0,0.0,stratified_80_20
23649,1,1,1.0,stratified_80_20
23666,1,1,1.0,stratified_80_20
23670,1,1,1.0,stratified_80_20
23675,1,1,1.0,stratified_80_20
23676,1,1,1.0,stratified_80_20
23683,0,0,0.0,stratified_80_20
23688,0,0,0.0,stratified_80_20
23692,1,1,1.0,stratified_80_20
23698,1,1,1.0,stratified_80_20
23700,1,1,1.0,stratified_80_20
23709,1,1,1.0,stratified_80_20
23722,1,1,1.0,stratified_80_20
23723,1,1,1.0,stratified_80_20
23731,1,1,1.0,stratified_80_20
23746,1,1,1.0,stratified_80_20
23747,1,1,1.0,stratified_80_20
23748,1,1,1.0,stratified_80_20
23750,1,1,1.0,stratified_80_20
23758,1,1,1.0,stratified_80_20
23760,1,1,1.0,stratified_80_20
23763,1,1,1.0,stratified_80_20
23766,1,1,1.0,stratified_80_20
23770,1,1,1.0,stratified_80_20
23772,1,1,1.0,stratified_80_20
23773,1,1,1.0,stratified_80_20
23775,1,1,1.0,stratified_80_20
23779,1,1,1.0,stratified_80_20
23792,1,1,1.0,stratified_80_20
23800,1,1,1.0,stratified_80_20
23806,1,1,1.0,stratified_80_20
23809,1,1,1.0,stratified_80_20
23810,1,1,1.0,stratified_80_20
23815,0,0,0.0,stratified_80_20
23820,1,1,1.0,stratified_80_20
23827,1,1,1.0,stratified_80_20
23829,1,1,1.0,stratified_80_20
23832,1,1,1.0,stratified_80_20
23837,1,1,1.0,stratified_80_20
23840,1,1,1.0,stratified_80_20
23844,1,1,1.0,stratified_80_20
23848,1,1,1.0,stratified_80_20
23849,1,1,1.0,stratified_80_20
23854,1,1,1.0,stratified_80_20
23867,1,1,1.0,stratified_80_20
23869,1,1,1.0,stratified_80_20
23886,1,1,1.0,stratified_80_20
23891,1,1,1.0,stratified_80_20
23894,1,1,1.0,stratified_80_20
23912,1,1,1.0,stratified_80_20
23919,1,1,1.0,stratified_80_20
23923,1,1,1.0,stratified_80_20
23926,1,1,1.0,stratified_80_20
23935,1,1,1.0,stratified_80_20
23949,1,1,1.0,stratified_80_20
23954,1,1,1.0,stratified_80_20
23955,1,1,1.0,stratified_80_20
23957,1,1,1.0,stratified_80_20
23959,1,1,1.0,stratified_80_20
23979,1,1,1.0,stratified_80_20
23985,1,1,1.0,stratified_80_20
23999,0,0,0.0,stratified_80_20
24006,1,1,1.0,stratified_80_20
24012,1,1,1.0,stratified_80_20
24016,1,1,1.0,stratified_80_20
24023,1,1,1.0,stratified_80_20
24024,1,1,1.0,stratified_80_20
24031,1,1,1.0,stratified_80_20
24037,1,1,1.0,stratified_80_20
24038,1,1,1.0,stratified_80_20
24041,1,1,1.0,stratified_80_20
24043,1,1,1.0,stratified_80_20
24044,1,1,1.0,stratified_80_20
24046,1,1,1.0,stratified_80_20
24050,1,1,1.0,stratified_80_20
24052,1,1,1.0,stratified_80_20
24056,1,1,1.0,stratified_80_20
24062,1,1,1.0,stratified_80_20
24080,1,1,1.0,stratified_80_20
24090,1,1,1.0,stratified_80_20
24093,1,1,1.0,stratified_80_20
24100,1,1,1.0,stratified_80_20
24103,1,1,1.0,stratified_80_20
24104,1,1,1.0,stratified_80_20
24105,1,1,1.0,stratified_80_20
24115,1,1,1.0,stratified_80_20
24117,1,1,1.0,stratified_80_20
24118,1,1,1.0,stratified_80_20
24119,1,1,1.0,stratified_80_20
24125,1,1,1.0,stratified_80_20
24132,0,0,0.0,stratified_80_20
24134,1,1,1.0,stratified_80_20
24141,1,1,1.0,stratified_80_20
24144,1,1,1.0,stratified_80_20
24145,1,1,1.0,stratified_80_20
24149,1,1,1.0,stratified_80_20
24151,1,1,1.0,stratified_80_20
24153,1,1,1.0,stratified_80_20
24161,1,1,1.0,stratified_80_20
24167,1,1,1.0,stratified_80_20
24168,1,1,1.0,stratified_80_20
24171,1,1,1.0,stratified_80_20
24183,1,1,1.0,stratified_80_20
24191,1,1,1.0,stratified_80_20
24192,1,1,1.0,stratified_80_20
24200,0,0,0.0,stratified_80_20
24202,1,1,1.0,stratified_80_20
24205,0,0,0.0,stratified_80_20
24206,0,0,0.0,stratified_80_20
24211,1,1,1.0,stratified_80_20
24222,1,1,1.0,stratified_80_20
24225,1,1,1.0,stratified_80_20
24226,1,1,1.0,stratified_80_20
24227,1,1,1.0,stratified_80_20
24230,1,1,1.0,stratified_80_20
24232,1,1,1.0,stratified_80_20
24234,1,1,1.0,stratified_80_20
24253,1,1,1.0,stratified_80_20
24254,1,1,1.0,stratified_80_20
24255,1,1,1.0,stratified_80_20
24256,1,1,1.0,stratified_80_20
24266,0,0,0.0,stratified_80_20
24269,1,1,1.0,stratified_80_20
24276,1,1,1.0,stratified_80_20
24283,1,1,1.0,stratified_80_20
24285,1,1,1.0,stratified_80_20
24288,1,1,1.0,stratified_80_20
24292,1,1,1.0,stratified_80_20
24294,1,1,1.0,stratified_80_20
24298,1,1,1.0,stratified_80_20
24300,1,1,1.0,stratified_80_20
24301,1,1,1.0,stratified_80_20
24305,1,1,1.0,stratified_80_20
24315,1,1,1.0,stratified_80_20
24322,1,1,1.0,stratified_80_20
24328,1,1,1.0,stratified_80_20
24335,1,1,1.0,stratified_80_20
24338,1,1,1.0,stratified_80_20
24339,1,1,1.0,stratified_80_20
24341,1,1,1.0,stratified_80_20
24345,1,1,1.0,stratified_80_20
24346,1,1,1.0,stratified_80_20
24349,1,1,1.0,stratified_80_20
24351,1,1,1.0,stratified_80_20
24354,1,1,1.0,stratified_80_20
24356,1,1,1.0,stratified_80_20
24357,1,1,1.0,stratified_80_20
24371,1,1,1.0,stratified_80_20
24372,1,1,1.0,stratified_80_20
24375,0,0,0.0,stratified_80_20
24387,1,1,1.0,stratified_80_20
24395,0,0,0.0,stratified_80_20
24407,1,1,1.0,stratified_80_20
24413,1,1,1.0,stratified_80_20
24416,1,1,1.0,stratified_80_20
24417,0,0,0.0,stratified_80_20
24419,1,1,1.0,stratified_80_20
24431,1,1,1.0,stratified_80_20
24436,1,1,1.0,stratified_80_20
24438,1,1,1.0,stratified_80_20
24441,1,1,1.0,stratified_80_20
24442,1,1,1.0,stratified_80_20
24446,1,1,1.0,stratified_80_20
24447,1,1,1.0,stratified_80_20
24450,1,1,1.0,stratified_80_20
24455,1,1,1.0,stratified_80_20
24458,1,1,1.0,stratified_80_20
24466,1,1,1.0,stratified_80_20
24471,1,1,1.0,stratified_80_20
24472,1,1,1.0,stratified_80_20
24476,1,1,1.0,stratified_80_20
24493,1,1,1.0,stratified_80_20
24499,1,1,1.0,stratified_80_20
24516,1,1,1.0,stratified_80_20
24521,1,1,1.0,stratified_80_20
24526,1,1,1.0,stratified_80_20
24562,1,1,1.0,stratified_80_20
24576,1,1,1.0,stratified_80_20
24579,0,0,0.0,stratified_80_20
24586,0,0,0.0,stratified_80_20
24589,1,1,1.0,stratified_80_20
24606,1,1,1.0,stratified_80_20
24610,1,1,1.0,stratified_80_20
24613,0,0,0.0,stratified_80_20
24615,1,1,1.0,stratified_80_20
24624,1,1,1.0,stratified_80_20
24625,1,1,1.0,stratified_80_20
24628,1,1,1.0,stratified_80_20
24640,1,1,1.0,stratified_80_20
24654,1,1,1.0,stratified_80_20
24676,1,1,1.0,stratified_80_20
24685,1,1,1.0,stratified_80_20
24688,1,1,1.0,stratified_80_20
24698,0,0,0.0,stratified_80_20
24701,1,1,1.0,stratified_80_20
24709,1,1,1.0,stratified_80_20
24712,1,1,1.0,stratified_80_20
24719,1,1,1.0,stratified_80_20
24721,1,1,1.0,stratified_80_20
24724,0,0,0.0,stratified_80_20
24731,1,1,1.0,stratified_80_20
24736,1,1,1.0,stratified_80_20
24737,1,1,1.0,stratified_80_20
24743,0,0,0.0,stratified_80_20
24747,1,1,1.0,stratified_80_20
24753,1,1,1.0,stratified_80_20
24764,1,1,1.0,stratified_80_20
24767,1,1,1.0,stratified_80_20
24768,1,1,1.0,stratified_80_20
24769,1,1,1.0,stratified_80_20
24774,1,1,1.0,stratified_80_20
24777,0,0,0.0,stratified_80_20
24802,1,1,1.0,stratified_80_20
24804,1,1,1.0,stratified_80_20
24817,1,1,1.0,stratified_80_20
24832,1,1,1.0,stratified_80_20
24834,1,1,1.0,stratified_80_20
24840,1,1,1.0,stratified_80_20
24845,1,1,1.0,stratified_80_20
24849,1,1,1.0,stratified_80_20
24853,0,0,0.0,stratified_80_20
24854,1,1,1.0,stratified_80_20
24864,1,1,1.0,stratified_80_20
24874,1,1,1.0,stratified_80_20
24875,1,1,1.0,stratified_80_20
24877,1,1,1.0,stratified_80_20
24880,1,1,1.0,stratified_80_20
24886,1,1,1.0,stratified_80_20
24888,1,1,1.0,stratified_80_20
24891,1,1,1.0,stratified_80_20
24901,1,1,1.0,stratified_80_20
24902,1,1,1.0,stratified_80_20
24904,1,1,1.0,stratified_80_20
24905,1,1,1.0,stratified_80_20
24906,1,1,1.0,stratified_80_20
24909,1,1,1.0,stratified_80_20
24925,1,1,1.0,stratified_80_20
24931,1,1,1.0,stratified_80_20
24939,1,1,1.0,stratified_80_20
24946,1,1,1.0,stratified_80_20
24955,1,1,1.0,stratified_80_20
24959,1,1,1.0,stratified_80_20
24960,0,0,0.0,stratified_80_20
24961,1,1,1.0,stratified_80_20
24965,0,0,0.0,stratified_80_20
24967,0,0,0.0,stratified_80_20
24975,1,1,1.0,stratified_80_20
24977,1,1,1.0,stratified_80_20
24979,1,1,1.0,stratified_80_20
24981,1,1,1.0,stratified_80_20
24984,1,1,1.0,stratified_80_20
24985,1,1,1.0,stratified_80_20
24987,0,0,0.0,stratified_80_20
24988,1,1,1.0,stratified_80_20
24999,1,1,1.0,stratified_80_20
25004,1,1,1.0,stratified_80_20
25005,0,0,0.0,stratified_80_20
25009,1,1,1.0,stratified_80_20
25012,1,1,1.0,stratified_80_20
25013,1,1,1.0,stratified_80_20
25025,1,1,1.0,stratified_80_20
25026,1,1,1.0,stratified_80_20
25029,1,1,1.0,stratified_80_20
25031,1,1,1.0,stratified_80_20
25036,1,1,1.0,stratified_80_20
25037,1,1,1.0,stratified_80_20
25039,1,1,1.0,stratified_80_20
25040,1,1,1.0,stratified_80_20
25044,1,1,1.0,stratified_80_20
25047,1,1,1.0,stratified_80_20
25050,1,1,1.0,stratified_80_20
25056,1,1,1.0,stratified_80_20
25067,1,1,1.0,stratified_80_20
25069,1,1,1.0,stratified_80_20
25070,1,1,1.0,stratified_80_20
25076,1,1,1.0,stratified_80_20
25082,0,0,0.0,stratified_80_20
25092,1,1,1.0,stratified_80_20
25094,1,1,1.0,stratified_80_20
25095,1,1,1.0,stratified_80_20
25097,1,1,1.0,stratified_80_20
25099,1,1,1.0,stratified_80_20
25100,1,1,1.0,stratified_80_20
25105,1,1,1.0,stratified_80_20
25106,1,1,1.0,stratified_80_20
25113,1,1,1.0,stratified_80_20
25122,1,1,1.0,stratified_80_20
25125,1,1,1.0,stratified_80_20
25129,1,1,1.0,stratified_80_20
25136,1,1,1.0,stratified_80_20
25137,1,1,1.0,stratified_80_20
25143,1,1,1.0,stratified_80_20
25145,1,1,1.0,stratified_80_20
25150,1,1,1.0,stratified_80_20
25154,1,1,1.0,stratified_80_20
25160,1,1,1.0,stratified_80_20
25190,1,1,1.0,stratified_80_20
25197,1,1,1.0,stratified_80_20
25208,1,1,1.0,stratified_80_20
25215,1,1,1.0,stratified_80_20
25219,1,1,1.0,stratified_80_20
25222,1,1,1.0,stratified_80_20
25223,1,1,1.0,stratified_80_20
25228,0,0,0.0,stratified_80_20
25230,1,1,1.0,stratified_80_20
25240,1,1,1.0,stratified_80_20
25241,1,1,1.0,stratified_80_20
25249,1,1,1.0,stratified_80_20
25253,1,1,1.0,stratified_80_20
25263,1,1,1.0,stratified_80_20
25264,1,1,1.0,stratified_80_20
25265,1,1,1.0,stratified_80_20
25267,1,1,1.0,stratified_80_20
25269,1,1,1.0,stratified_80_20
25271,1,1,1.0,stratified_80_20
25273,1,1,1.0,stratified_80_20
25275,1,1,1.0,stratified_80_20
25278,1,1,1.0,stratified_80_20
25280,1,1,1.0,stratified_80_20
25281,1,1,1.0,stratified_80_20
25288,1,1,1.0,stratified_80_20
25291,1,1,1.0,stratified_80_20
25294,1,1,1.0,stratified_80_20
25299,1,1,1.0,stratified_80_20
25300,1,1,1.0,stratified_80_20
25301,1,1,1.0,stratified_80_20
25304,0,0,0.0,stratified_80_20
25306,1,1,1.0,stratified_80_20
25312,1,1,1.0,stratified_80_20
25315,1,1,1.0,stratified_80_20
25319,1,1,1.0,stratified_80_20
25320,1,1,1.0,stratified_80_20
25324,1,1,1.0,stratified_80_20
25330,1,1,1.0,stratified_80_20
25331,1,1,1.0,stratified_80_20
25342,1,1,1.0,stratified_80_20
25343,0,0,0.0,stratified_80_20
25348,0,0,0.0,stratified_80_20
25354,1,1,1.0,stratified_80_20
25360,1,1,1.0,stratified_80_20
25371,1,1,1.0,stratified_80_20
25377,1,1,1.0,stratified_80_20
25379,1,1,1.0,stratified_80_20
25390,1,1,1.0,stratified_80_20
25391,1,1,1.0,stratified_80_20
25402,1,1,1.0,stratified_80_20
25407,1,1,1.0,stratified_80_20
25408,1,1,1.0,stratified_80_20
25410,1,1,1.0,stratified_80_20
25414,1,1,1.0,stratified_80_20
25416,1,1,1.0,stratified_80_20
25425,1,1,1.0,stratified_80_20
25435,1,1,1.0,stratified_80_20
25437,1,1,1.0,stratified_80_20
25438,1,1,1.0,stratified_80_20
25441,1,1,1.0,stratified_80_20
25450,1,1,1.0,stratified_80_20
25452,0,0,0.0,stratified_80_20
25453,1,1,1.0,stratified_80_20
25479,1,1,1.0,stratified_80_20
25485,1,1,1.0,stratified_80_20
25486,1,1,1.0,stratified_80_20
25488,1,1,1.0,stratified_80_20
25490,1,1,1.0,stratified_80_20
25496,1,1,1.0,stratified_80_20
25502,1,1,1.0,stratified_80_20
25510,1,1,1.0,stratified_80_20
25514,1,1,1.0,stratified_80_20
25518,1,1,1.0,stratified_80_20
25521,1,1,1.0,stratified_80_20
25524,1,1,1.0,stratified_80_20
25533,1,1,1.0,stratified_80_20
25539,1,1,1.0,stratified_80_20
25547,1,1,1.0,stratified_80_20
25551,1,1,1.0,stratified_80_20
25553,0,0,0.0,stratified_80_20
25563,1,1,1.0,stratified_80_20
25564,1,1,1.0,stratified_80_20
25566,1,1,1.0,stratified_80_20
25578,1,1,1.0,stratified_80_20
25586,1,1,1.0,stratified_80_20
25588,1,1,1.0,stratified_80_20
25593,1,1,1.0,stratified_80_20
25594,1,1,1.0,stratified_80_20
25602,0,0,0.0,stratified_80_20
25604,1,1,1.0,stratified_80_20
25605,1,1,1.0,stratified_80_20
25606,0,0,0.0,stratified_80_20
25611,1,1,1.0,stratified_80_20
25619,1,1,1.0,stratified_80_20
25628,1,1,1.0,stratified_80_20
25629,1,1,1.0,stratified_80_20
25635,1,1,1.0,stratified_80_20
25636,1,1,1.0,stratified_80_20
25645,1,1,1.0,stratified_80_20
25647,1,1,1.0,stratified_80_20
25649,1,1,1.0,stratified_80_20
25653,1,1,1.0,stratified_80_20
25655,1,1,1.0,stratified_80_20
25660,1,1,1.0,stratified_80_20
25661,1,1,1.0,stratified_80_20
25666,1,1,1.0,stratified_80_20
25673,1,1,1.0,stratified_80_20
25675,1,1,1.0,stratified_80_20
25680,1,1,1.0,stratified_80_20
25683,1,1,1.0,stratified_80_20
25686,1,1,1.0,stratified_80_20
25690,1,1,1.0,stratified_80_20
25693,1,1,1.0,stratified_80_20
25698,1,1,1.0,stratified_80_20
25700,1,1,1.0,stratified_80_20
25709,1,1,1.0,stratified_80_20
25712,1,1,1.0,stratified_80_20
25715,0,0,0.0,stratified_80_20
25722,0,0,0.0,stratified_80_20
25726,1,1,1.0,stratified_80_20
25728,1,1,1.0,stratified_80_20
25744,1,1,1.0,stratified_80_20
25746,1,1,1.0,stratified_80_20
25750,1,1,1.0,stratified_80_20
25755,1,1,1.0,stratified_80_20
25760,1,1,1.0,stratified_80_20
25771,1,1,1.0,stratified_80_20
25775,1,1,1.0,stratified_80_20
25783,1,1,1.0,stratified_80_20
25784,1,1,1.0,stratified_80_20
25786,1,1,1.0,stratified_80_20
25787,1,1,1.0,stratified_80_20
25790,1,1,1.0,stratified_80_20
25799,1,1,1.0,stratified_80_20
25802,0,0,0.0,stratified_80_20
25823,1,1,1.0,stratified_80_20
25825,1,1,1.0,stratified_80_20
25835,1,1,1.0,stratified_80_20
25837,1,1,1.0,stratified_80_20
25838,1,1,1.0,stratified_80_20
25842,1,1,1.0,stratified_80_20
25851,1,1,1.0,stratified_80_20
25855,1,1,1.0,stratified_80_20
25857,1,1,1.0,stratified_80_20
25860,1,1,1.0,stratified_80_20
25861,1,1,1.0,stratified_80_20
25862,1,1,1.0,stratified_80_20
25863,1,1,1.0,stratified_80_20
25864,1,1,1.0,stratified_80_20
25866,1,1,1.0,stratified_80_20
25868,1,1,1.0,stratified_80_20
25870,1,1,1.0,stratified_80_20
25873,1,1,1.0,stratified_80_20
25884,1,1,1.0,stratified_80_20
25893,1,1,1.0,stratified_80_20
25895,1,1,1.0,stratified_80_20
25899,1,1,1.0,stratified_80_20
25900,0,0,0.0,stratified_80_20
25907,0,0,0.0,stratified_80_20
25909,1,1,1.0,stratified_80_20
25912,1,1,1.0,stratified_80_20
25920,1,1,1.0,stratified_80_20
25923,0,0,0.0,stratified_80_20
25937,1,1,1.0,stratified_80_20
25950,1,1,1.0,stratified_80_20
25951,1,1,1.0,stratified_80_20
25963,1,1,1.0,stratified_80_20
25965,1,1,1.0,stratified_80_20
25969,1,1,1.0,stratified_80_20
26007,1,1,1.0,stratified_80_20
26008,1,1,1.0,stratified_80_20
26011,1,1,1.0,stratified_80_20
26012,1,1,1.0,stratified_80_20
26014,1,1,1.0,stratified_80_20
26024,1,1,1.0,stratified_80_20
26027,1,1,1.0,stratified_80_20
26031,1,1,1.0,stratified_80_20
26033,1,1,1.0,stratified_80_20
26034,1,1,1.0,stratified_80_20
26036,1,1,1.0,stratified_80_20
26037,1,1,1.0,stratified_80_20
26041,1,1,1.0,stratified_80_20
26052,1,1,1.0,stratified_80_20
26053,1,1,1.0,stratified_80_20
26056,1,1,1.0,stratified_80_20
26060,1,1,1.0,stratified_80_20
26063,1,1,1.0,stratified_80_20
26073,1,1,1.0,stratified_80_20
26079,0,0,0.0,stratified_80_20
26080,1,1,1.0,stratified_80_20
26083,1,1,1.0,stratified_80_20
26089,0,0,0.0,stratified_80_20
26090,1,1,1.0,stratified_80_20
26096,1,1,1.0,stratified_80_20
26102,1,1,1.0,stratified_80_20
26104,0,0,0.0,stratified_80_20
26105,0,0,0.0,stratified_80_20
26106,1,1,1.0,stratified_80_20
26107,1,1,1.0,stratified_80_20
26109,1,1,1.0,stratified_80_20
26112,1,1,1.0,stratified_80_20
26121,1,1,1.0,stratified_80_20
26128,1,1,1.0,stratified_80_20
26129,1,1,1.0,stratified_80_20
26141,1,1,1.0,stratified_80_20
26149,1,1,1.0,stratified_80_20
26152,1,1,1.0,stratified_80_20
26156,1,1,1.0,stratified_80_20
26170,1,1,1.0,stratified_80_20
26184,1,1,1.0,stratified_80_20
26186,1,1,1.0,stratified_80_20
26195,1,1,1.0,stratified_80_20
26197,1,1,1.0,stratified_80_20
26199,1,1,1.0,stratified_80_20
26200,1,1,1.0,stratified_80_20
26209,1,1,1.0,stratified_80_20
26221,1,1,1.0,stratified_80_20
26222,1,1,1.0,stratified_80_20
26234,1,1,1.0,stratified_80_20
26236,0,0,0.0,stratified_80_20
26238,1,1,1.0,stratified_80_20
26250,1,1,1.0,stratified_80_20
26254,1,1,1.0,stratified_80_20
26256,1,1,1.0,stratified_80_20
26259,1,1,1.0,stratified_80_20
26265,1,1,1.0,stratified_80_20
26274,1,1,1.0,stratified_80_20
26281,0,0,0.0,stratified_80_20
26286,1,1,1.0,stratified_80_20
26303,1,1,1.0,stratified_80_20
26311,1,1,1.0,stratified_80_20
26317,1,1,1.0,stratified_80_20
26320,1,1,1.0,stratified_80_20
26321,1,1,1.0,stratified_80_20
26322,1,1,1.0,stratified_80_20
26323,1,1,1.0,stratified_80_20
26335,1,1,1.0,stratified_80_20
26343,1,1,1.0,stratified_80_20
26345,1,1,1.0,stratified_80_20
26352,1,1,1.0,stratified_80_20
26380,1,1,1.0,stratified_80_20
26381,1,1,1.0,stratified_80_20
26400,1,1,1.0,stratified_80_20
26402,1,1,1.0,stratified_80_20
26415,1,1,1.0,stratified_80_20
26421,1,1,1.0,stratified_80_20
26431,1,1,1.0,stratified_80_20
26432,1,1,1.0,stratified_80_20
26433,1,1,1.0,stratified_80_20
26439,0,0,0.0,stratified_80_20
26445,0,0,0.0,stratified_80_20
26447,1,1,1.0,stratified_80_20
26449,1,1,1.0,stratified_80_20
26456,1,1,1.0,stratified_80_20
26458,1,1,1.0,stratified_80_20
26459,0,0,0.0,stratified_80_20
26461,1,1,1.0,stratified_80_20
26471,1,1,1.0,stratified_80_20
26474,1,1,1.0,stratified_80_20
26481,1,1,1.0,stratified_80_20
26483,1,1,1.0,stratified_80_20
26488,1,1,1.0,stratified_80_20
26496,1,1,1.0,stratified_80_20
26499,1,1,1.0,stratified_80_20
26501,1,1,1.0,stratified_80_20
26505,1,1,1.0,stratified_80_20
26511,1,1,1.0,stratified_80_20
26513,1,1,1.0,stratified_80_20
26514,1,1,1.0,stratified_80_20
26516,1,1,1.0,stratified_80_20
26517,1,1,1.0,stratified_80_20
26519,1,1,1.0,stratified_80_20
26526,1,1,1.0,stratified_80_20
26528,1,1,1.0,stratified_80_20
26534,1,1,1.0,stratified_80_20
26539,1,1,1.0,stratified_80_20
26540,1,1,1.0,stratified_80_20
26544,1,1,1.0,stratified_80_20
26555,1,1,1.0,stratified_80_20
26557,1,1,1.0,stratified_80_20
26558,1,1,1.0,stratified_80_20
26560,0,0,0.0,stratified_80_20
26564,1,1,1.0,stratified_80_20
26575,1,1,1.0,stratified_80_20
26577,1,1,1.0,stratified_80_20
26580,1,1,1.0,stratified_80_20
26582,1,1,1.0,stratified_80_20
26583,1,1,1.0,stratified_80_20
26585,1,1,1.0,stratified_80_20
26596,1,1,1.0,stratified_80_20
26603,1,1,1.0,stratified_80_20
26615,1,1,1.0,stratified_80_20
26618,1,1,1.0,stratified_80_20
26619,1,1,1.0,stratified_80_20
26620,1,1,1.0,stratified_80_20
26625,1,1,1.0,stratified_80_20
26629,1,1,1.0,stratified_80_20
26631,1,1,1.0,stratified_80_20
26637,1,1,1.0,stratified_80_20
26651,1,1,1.0,stratified_80_20
26659,1,1,1.0,stratified_80_20
26663,1,1,1.0,stratified_80_20
26666,1,1,1.0,stratified_80_20
26672,0,0,0.0,stratified_80_20
26673,0,0,0.0,stratified_80_20
26675,1,1,1.0,stratified_80_20
26678,1,1,1.0,stratified_80_20
26684,1,1,1.0,stratified_80_20
26688,1,1,1.0,stratified_80_20
26692,1,1,1.0,stratified_80_20
26700,1,1,1.0,stratified_80_20
26702,1,1,1.0,stratified_80_20
26706,1,1,1.0,stratified_80_20
26711,1,1,1.0,stratified_80_20
26715,1,1,1.0,stratified_80_20
26717,1,1,1.0,stratified_80_20
26724,1,1,1.0,stratified_80_20
26725,1,1,1.0,stratified_80_20
26728,1,1,1.0,stratified_80_20
26731,1,1,1.0,stratified_80_20
26737,1,1,1.0,stratified_80_20
26740,1,1,1.0,stratified_80_20
26742,0,0,0.0,stratified_80_20
26748,1,1,1.0,stratified_80_20
26749,0,0,0.0,stratified_80_20
26753,1,1,1.0,stratified_80_20
26755,1,1,1.0,stratified_80_20
26762,1,1,1.0,stratified_80_20
26767,1,1,1.0,stratified_80_20
26770,1,1,1.0,stratified_80_20
26772,1,1,1.0,stratified_80_20
26774,1,1,1.0,stratified_80_20
26776,1,1,1.0,stratified_80_20
26781,1,1,1.0,stratified_80_20
26782,1,1,1.0,stratified_80_20
26800,1,1,1.0,stratified_80_20
26805,1,1,1.0,stratified_80_20
26808,1,1,1.0,stratified_80_20
26810,1,1,1.0,stratified_80_20
26813,1,1,1.0,stratified_80_20
26822,1,1,1.0,stratified_80_20
26830,1,1,1.0,stratified_80_20
26831,1,1,1.0,stratified_80_20
26833,0,0,0.0,stratified_80_20
26837,1,1,1.0,stratified_80_20
26839,1,1,1.0,stratified_80_20
26853,1,1,1.0,stratified_80_20
26857,1,1,1.0,stratified_80_20
26862,1,1,1.0,stratified_80_20
26867,1,1,1.0,stratified_80_20
26868,1,1,1.0,stratified_80_20
26869,1,1,1.0,stratified_80_20
26874,1,1,1.0,stratified_80_20
26877,1,1,1.0,stratified_80_20
26879,1,1,1.0,stratified_80_20
26882,1,1,1.0,stratified_80_20
26884,1,1,1.0,stratified_80_20
26885,1,1,1.0,stratified_80_20
26886,1,1,1.0,stratified_80_20
26892,1,1,1.0,stratified_80_20
26909,1,1,1.0,stratified_80_20
26921,1,1,1.0,stratified_80_20
26922,1,1,1.0,stratified_80_20
26929,1,1,1.0,stratified_80_20
26930,1,1,1.0,stratified_80_20
26932,1,1,1.0,stratified_80_20
26933,1,1,1.0,stratified_80_20
26941,1,1,1.0,stratified_80_20
26944,1,1,1.0,stratified_80_20
26945,1,1,1.0,stratified_80_20
26963,1,1,1.0,stratified_80_20
26968,1,1,1.0,stratified_80_20
26969,1,1,1.0,stratified_80_20
26972,0,0,0.0,stratified_80_20
26976,1,1,1.0,stratified_80_20
26978,1,1,1.0,stratified_80_20
26980,1,1,1.0,stratified_80_20
26986,1,1,1.0,stratified_80_20
26988,1,1,1.0,stratified_80_20
26989,1,1,1.0,stratified_80_20
26998,1,1,1.0,stratified_80_20
27001,0,0,0.0,stratified_80_20
27007,0,0,0.0,stratified_80_20
27008,1,1,1.0,stratified_80_20
27018,1,1,1.0,stratified_80_20
27030,1,1,1.0,stratified_80_20
27034,1,1,1.0,stratified_80_20
27043,1,1,1.0,stratified_80_20
27046,1,1,1.0,stratified_80_20
27055,0,0,0.0,stratified_80_20
27056,1,1,1.0,stratified_80_20
27061,1,1,1.0,stratified_80_20
27063,1,1,1.0,stratified_80_20
27066,1,1,1.0,stratified_80_20
27067,1,1,1.0,stratified_80_20
27070,1,1,1.0,stratified_80_20
27072,1,1,1.0,stratified_80_20
27074,1,1,1.0,stratified_80_20
27078,1,1,1.0,stratified_80_20
27083,1,1,1.0,stratified_80_20
27084,1,1,1.0,stratified_80_20
27098,1,1,1.0,stratified_80_20
27104,1,1,1.0,stratified_80_20
27106,1,1,1.0,stratified_80_20
27113,1,1,1.0,stratified_80_20
27117,1,1,1.0,stratified_80_20
27130,1,1,1.0,stratified_80_20
27132,1,1,1.0,stratified_80_20
27138,1,1,1.0,stratified_80_20
27143,1,1,1.0,stratified_80_20
27144,1,1,1.0,stratified_80_20
27152,1,1,1.0,stratified_80_20
27153,1,1,1.0,stratified_80_20
27154,1,1,1.0,stratified_80_20
27169,1,1,1.0,stratified_80_20
27173,1,1,1.0,stratified_80_20
27174,1,1,1.0,stratified_80_20
27175,1,1,1.0,stratified_80_20
27182,1,1,1.0,stratified_80_20
27184,1,1,1.0,stratified_80_20
27185,1,1,1.0,stratified_80_20
27187,1,1,1.0,stratified_80_20
27194,1,1,1.0,stratified_80_20
27195,1,1,1.0,stratified_80_20
27200,1,1,1.0,stratified_80_20
27205,1,1,1.0,stratified_80_20
27208,1,1,1.0,stratified_80_20
27218,0,0,0.0,stratified_80_20
27221,1,1,1.0,stratified_80_20
27224,1,1,1.0,stratified_80_20
27225,1,1,1.0,stratified_80_20
27231,1,1,1.0,stratified_80_20
27238,1,1,1.0,stratified_80_20
27239,1,1,1.0,stratified_80_20
27242,1,1,1.0,stratified_80_20
27248,1,1,1.0,stratified_80_20
27249,1,1,1.0,stratified_80_20
27255,1,1,1.0,stratified_80_20
27258,1,1,1.0,stratified_80_20
27261,1,1,1.0,stratified_80_20
27265,1,1,1.0,stratified_80_20
27269,1,1,1.0,stratified_80_20
27271,1,1,1.0,stratified_80_20
27274,1,1,1.0,stratified_80_20
27275,1,1,1.0,stratified_80_20
27277,1,1,1.0,stratified_80_20
27278,1,1,1.0,stratified_80_20
27285,0,0,0.0,stratified_80_20
27287,1,1,1.0,stratified_80_20
27291,1,1,1.0,stratified_80_20
27297,1,1,1.0,stratified_80_20
27302,1,1,1.0,stratified_80_20
27303,1,1,1.0,stratified_80_20
27314,1,1,1.0,stratified_80_20
27323,1,1,1.0,stratified_80_20
27324,1,1,1.0,stratified_80_20
27330,0,0,0.0,stratified_80_20
27332,1,1,1.0,stratified_80_20
27335,1,1,1.0,stratified_80_20
27341,1,1,1.0,stratified_80_20
27347,1,1,1.0,stratified_80_20
27348,1,1,1.0,stratified_80_20
27352,1,1,1.0,stratified_80_20
27360,1,1,1.0,stratified_80_20
27369,1,1,1.0,stratified_80_20
27373,1,1,1.0,stratified_80_20
27376,1,1,1.0,stratified_80_20
27377,1,1,1.0,stratified_80_20
27378,1,1,1.0,stratified_80_20
27379,1,1,1.0,stratified_80_20
27381,1,1,1.0,stratified_80_20
27396,1,1,1.0,stratified_80_20
27402,1,1,1.0,stratified_80_20
27408,1,1,1.0,stratified_80_20
27418,1,1,1.0,stratified_80_20
27419,1,1,1.0,stratified_80_20
27420,1,1,1.0,stratified_80_20
27422,1,1,1.0,stratified_80_20
27429,1,1,1.0,stratified_80_20
27439,1,1,1.0,stratified_80_20
27441,1,1,1.0,stratified_80_20
27452,1,1,1.0,stratified_80_20
27462,1,1,1.0,stratified_80_20
27463,1,1,1.0,stratified_80_20
27469,1,1,1.0,stratified_80_20
27471,1,1,1.0,stratified_80_20
27476,1,1,1.0,stratified_80_20
27489,1,1,1.0,stratified_80_20
27498,1,1,1.0,stratified_80_20
27507,0,0,0.0,stratified_80_20
27519,1,1,1.0,stratified_80_20
27520,1,1,1.0,stratified_80_20
27540,1,1,1.0,stratified_80_20
27547,1,1,1.0,stratified_80_20
27549,1,1,1.0,stratified_80_20
27550,1,1,1.0,stratified_80_20
27552,1,1,1.0,stratified_80_20
27557,1,1,1.0,stratified_80_20
27558,1,1,1.0,stratified_80_20
27559,1,1,1.0,stratified_80_20
27567,1,1,1.0,stratified_80_20
27570,1,1,1.0,stratified_80_20
27578,1,1,1.0,stratified_80_20
27593,1,1,1.0,stratified_80_20
27599,1,1,1.0,stratified_80_20
27603,1,1,1.0,stratified_80_20
27607,1,1,1.0,stratified_80_20
27620,1,1,1.0,stratified_80_20
27630,1,1,1.0,stratified_80_20
27639,1,1,1.0,stratified_80_20
27651,1,1,1.0,stratified_80_20
27653,1,1,1.0,stratified_80_20
27655,1,1,1.0,stratified_80_20
27656,1,1,1.0,stratified_80_20
27657,1,1,1.0,stratified_80_20
27658,1,1,1.0,stratified_80_20
27668,1,1,1.0,stratified_80_20
27670,1,1,1.0,stratified_80_20
27680,1,1,1.0,stratified_80_20
27682,1,1,1.0,stratified_80_20
27689,0,0,0.0,stratified_80_20
27696,1,1,1.0,stratified_80_20
27698,1,1,1.0,stratified_80_20
27699,1,1,1.0,stratified_80_20
27703,0,0,0.0,stratified_80_20
27712,1,1,1.0,stratified_80_20
27718,1,1,1.0,stratified_80_20
27721,1,1,1.0,stratified_80_20
27722,1,1,1.0,stratified_80_20
27725,1,1,1.0,stratified_80_20
27727,1,1,1.0,stratified_80_20
27735,1,1,1.0,stratified_80_20
27740,0,0,0.0,stratified_80_20
27745,1,1,1.0,stratified_80_20
27746,1,1,1.0,stratified_80_20
27758,1,1,1.0,stratified_80_20
27759,0,0,0.0,stratified_80_20
27760,1,1,1.0,stratified_80_20
27766,1,1,1.0,stratified_80_20
27785,1,1,1.0,stratified_80_20
27788,1,1,1.0,stratified_80_20
27791,1,1,1.0,stratified_80_20
27797,1,1,1.0,stratified_80_20
27806,1,1,1.0,stratified_80_20
27813,1,1,1.0,stratified_80_20
27815,1,1,1.0,stratified_80_20
27816,1,1,1.0,stratified_80_20
27828,1,1,1.0,stratified_80_20
27837,1,1,1.0,stratified_80_20
27840,1,1,1.0,stratified_80_20
27841,1,1,1.0,stratified_80_20
27842,1,1,1.0,stratified_80_20
27844,1,1,1.0,stratified_80_20
27845,1,1,1.0,stratified_80_20
27847,1,1,1.0,stratified_80_20
27852,1,1,1.0,stratified_80_20
27860,1,1,1.0,stratified_80_20
27866,1,1,1.0,stratified_80_20
27879,1,1,1.0,stratified_80_20
27882,1,1,1.0,stratified_80_20
27887,1,1,1.0,stratified_80_20
27890,1,1,1.0,stratified_80_20
27898,1,1,1.0,stratified_80_20
27900,1,1,1.0,stratified_80_20
27903,1,1,1.0,stratified_80_20
27904,1,1,1.0,stratified_80_20
27907,0,0,0.0,stratified_80_20
27916,1,1,1.0,stratified_80_20
27920,1,1,1.0,stratified_80_20
27923,1,1,1.0,stratified_80_20
27927,1,1,1.0,stratified_80_20
27931,1,1,1.0,stratified_80_20
27935,1,1,1.0,stratified_80_20
27952,1,1,1.0,stratified_80_20
27953,1,1,1.0,stratified_80_20
27957,1,1,1.0,stratified_80_20
27958,0,0,0.0,stratified_80_20
27971,1,1,1.0,stratified_80_20
27976,1,1,1.0,stratified_80_20
27980,1,1,1.0,stratified_80_20
27983,1,1,1.0,stratified_80_20
27990,0,0,0.0,stratified_80_20
27996,1,1,1.0,stratified_80_20
27998,1,1,1.0,stratified_80_20
28007,1,1,1.0,stratified_80_20
28010,1,1,1.0,stratified_80_20
28028,1,1,1.0,stratified_80_20
28033,0,0,0.0,stratified_80_20
28040,1,1,1.0,stratified_80_20
28041,1,1,1.0,stratified_80_20
28046,1,1,1.0,stratified_80_20
28059,0,0,0.0,stratified_80_20
28060,1,1,1.0,stratified_80_20
28075,1,1,1.0,stratified_80_20
28082,1,1,1.0,stratified_80_20
28084,1,1,1.0,stratified_80_20
28090,1,1,1.0,stratified_80_20
28100,1,1,1.0,stratified_80_20
28104,1,1,1.0,stratified_80_20
28105,0,0,0.0,stratified_80_20
28110,1,1,1.0,stratified_80_20
28111,1,1,1.0,stratified_80_20
28125,1,1,1.0,stratified_80_20
28145,1,1,1.0,stratified_80_20
28159,1,1,1.0,stratified_80_20
28162,1,1,1.0,stratified_80_20
28163,1,1,1.0,stratified_80_20
28166,1,1,1.0,stratified_80_20
28174,0,0,0.0,stratified_80_20
28175,1,1,1.0,stratified_80_20
28176,1,1,1.0,stratified_80_20
28182,1,1,1.0,stratified_80_20
28188,1,1,1.0,stratified_80_20
28189,1,1,1.0,stratified_80_20
28202,1,1,1.0,stratified_80_20
28203,1,1,1.0,stratified_80_20
28205,1,1,1.0,stratified_80_20
28206,1,1,1.0,stratified_80_20
28219,1,1,1.0,stratified_80_20
28224,1,1,1.0,stratified_80_20
28225,1,1,1.0,stratified_80_20
28226,1,1,1.0,stratified_80_20
28227,1,1,1.0,stratified_80_20
28228,1,1,1.0,stratified_80_20
28231,1,1,1.0,stratified_80_20
28246,1,1,1.0,stratified_80_20
28249,1,1,1.0,stratified_80_20
28261,1,1,1.0,stratified_80_20
28262,1,1,1.0,stratified_80_20
28276,1,1,1.0,stratified_80_20
28279,1,1,1.0,stratified_80_20
28284,1,1,1.0,stratified_80_20
28294,0,0,0.0,stratified_80_20
28311,1,1,1.0,stratified_80_20
28319,1,1,1.0,stratified_80_20
28325,1,1,1.0,stratified_80_20
28329,1,1,1.0,stratified_80_20
28333,1,1,1.0,stratified_80_20
28336,1,1,1.0,stratified_80_20
28339,1,1,1.0,stratified_80_20
28341,1,1,1.0,stratified_80_20
28348,1,1,1.0,stratified_80_20
28350,1,1,1.0,stratified_80_20
28352,1,1,1.0,stratified_80_20
28359,1,1,1.0,stratified_80_20
28362,1,1,1.0,stratified_80_20
28366,1,1,1.0,stratified_80_20
28369,1,1,1.0,stratified_80_20
28384,1,1,1.0,stratified_80_20
28386,1,1,1.0,stratified_80_20
28392,1,1,1.0,stratified_80_20
28395,1,1,1.0,stratified_80_20
28400,1,1,1.0,stratified_80_20
28406,1,1,1.0,stratified_80_20
28409,1,1,1.0,stratified_80_20
28414,1,1,1.0,stratified_80_20
28417,1,1,1.0,stratified_80_20
28418,1,1,1.0,stratified_80_20
28420,1,1,1.0,stratified_80_20
28424,1,1,1.0,stratified_80_20
28428,1,1,1.0,stratified_80_20
28438,1,1,1.0,stratified_80_20
28441,1,1,1.0,stratified_80_20
28444,1,1,1.0,stratified_80_20
28445,1,1,1.0,stratified_80_20
28447,1,1,1.0,stratified_80_20
28448,1,1,1.0,stratified_80_20
28451,0,0,0.0,stratified_80_20
28464,1,1,1.0,stratified_80_20
28476,1,1,1.0,stratified_80_20
28477,1,1,1.0,stratified_80_20
28482,1,1,1.0,stratified_80_20
28484,1,1,1.0,stratified_80_20
28487,1,1,1.0,stratified_80_20
28493,1,1,1.0,stratified_80_20
28495,1,1,1.0,stratified_80_20
28496,1,1,1.0,stratified_80_20
28502,1,1,1.0,stratified_80_20
28514,1,1,1.0,stratified_80_20
28520,1,1,1.0,stratified_80_20
28522,1,1,1.0,stratified_80_20
28526,1,1,1.0,stratified_80_20
28529,1,1,1.0,stratified_80_20
28530,0,0,0.0,stratified_80_20
28532,1,1,1.0,stratified_80_20
28534,0,0,0.0,stratified_80_20
28538,1,1,1.0,stratified_80_20
28549,0,0,0.0,stratified_80_20
28552,1,1,1.0,stratified_80_20
28555,1,1,1.0,stratified_80_20
28556,1,1,1.0,stratified_80_20
28569,1,1,1.0,stratified_80_20
28571,1,1,1.0,stratified_80_20
28575,1,1,1.0,stratified_80_20
28581,1,1,1.0,stratified_80_20
28603,1,1,1.0,stratified_80_20
28608,1,1,1.0,stratified_80_20
28613,1,1,1.0,stratified_80_20
28618,1,1,1.0,stratified_80_20
28632,1,1,1.0,stratified_80_20
28637,1,1,1.0,stratified_80_20
28641,1,1,1.0,stratified_80_20
28642,1,1,1.0,stratified_80_20
28645,0,0,0.0,stratified_80_20
28648,1,1,1.0,stratified_80_20
28649,1,1,1.0,stratified_80_20
28657,1,1,1.0,stratified_80_20
28659,1,1,1.0,stratified_80_20
28667,1,1,1.0,stratified_80_20
28691,1,1,1.0,stratified_80_20
28702,1,1,1.0,stratified_80_20
28706,1,1,1.0,stratified_80_20
28716,1,1,1.0,stratified_80_20
28719,0,0,0.0,stratified_80_20
28735,1,1,1.0,stratified_80_20
28738,1,1,1.0,stratified_80_20
28756,1,1,1.0,stratified_80_20
28777,1,1,1.0,stratified_80_20
28779,1,1,1.0,stratified_80_20
28780,1,1,1.0,stratified_80_20
28787,1,1,1.0,stratified_80_20
28790,1,1,1.0,stratified_80_20
28793,1,1,1.0,stratified_80_20
28797,1,1,1.0,stratified_80_20
28801,1,1,1.0,stratified_80_20
28804,1,1,1.0,stratified_80_20
28807,1,1,1.0,stratified_80_20
28809,1,1,1.0,stratified_80_20
28810,1,1,1.0,stratified_80_20
28811,1,1,1.0,stratified_80_20
28812,1,1,1.0,stratified_80_20
28813,1,1,1.0,stratified_80_20
28816,1,1,1.0,stratified_80_20
28821,0,0,0.0,stratified_80_20
28824,1,1,1.0,stratified_80_20
28827,1,1,1.0,stratified_80_20
28830,1,1,1.0,stratified_80_20
28831,1,1,1.0,stratified_80_20
28839,1,1,1.0,stratified_80_20
28842,1,1,1.0,stratified_80_20
28844,1,1,1.0,stratified_80_20
28851,1,1,1.0,stratified_80_20
28855,1,1,1.0,stratified_80_20
28857,1,1,1.0,stratified_80_20
28860,1,1,1.0,stratified_80_20
28867,1,1,1.0,stratified_80_20
28870,1,1,1.0,stratified_80_20
28875,1,1,1.0,stratified_80_20
28877,1,1,1.0,stratified_80_20
28899,1,1,1.0,stratified_80_20
28902,1,1,1.0,stratified_80_20
28905,1,1,1.0,stratified_80_20
28910,1,1,1.0,stratified_80_20
28911,1,1,1.0,stratified_80_20
28912,1,1,1.0,stratified_80_20
28931,1,1,1.0,stratified_80_20
28932,1,1,1.0,stratified_80_20
28938,0,0,0.0,stratified_80_20
28939,1,1,1.0,stratified_80_20
28948,1,1,1.0,stratified_80_20
28951,1,1,1.0,stratified_80_20
28954,1,1,1.0,stratified_80_20
28955,1,1,1.0,stratified_80_20
28956,1,1,1.0,stratified_80_20
28957,1,1,1.0,stratified_80_20
28958,1,1,1.0,stratified_80_20
28959,1,1,1.0,stratified_80_20
28965,1,1,1.0,stratified_80_20
28969,1,1,1.0,stratified_80_20
28970,1,1,1.0,stratified_80_20
28975,1,1,1.0,stratified_80_20
28976,1,1,1.0,stratified_80_20
28980,1,1,1.0,stratified_80_20
28992,1,1,1.0,stratified_80_20
28993,1,1,1.0,stratified_80_20
29005,1,1,1.0,stratified_80_20
29014,1,1,1.0,stratified_80_20
29018,1,1,1.0,stratified_80_20
29021,1,1,1.0,stratified_80_20
29027,1,1,1.0,stratified_80_20
29029,1,1,1.0,stratified_80_20
29031,1,1,1.0,stratified_80_20
29039,1,1,1.0,stratified_80_20
29040,1,1,1.0,stratified_80_20
29043,1,1,1.0,stratified_80_20
29047,1,1,1.0,stratified_80_20
29051,1,1,1.0,stratified_80_20
29064,1,1,1.0,stratified_80_20
29066,1,1,1.0,stratified_80_20
29079,1,1,1.0,stratified_80_20
29083,1,1,1.0,stratified_80_20
29092,1,1,1.0,stratified_80_20
29093,0,0,0.0,stratified_80_20
29094,1,1,1.0,stratified_80_20
29102,1,1,1.0,stratified_80_20
29106,0,0,0.0,stratified_80_20
29112,1,1,1.0,stratified_80_20
29114,1,1,1.0,stratified_80_20
29117,1,1,1.0,stratified_80_20
29119,1,1,1.0,stratified_80_20
29121,1,1,1.0,stratified_80_20
29131,1,1,1.0,stratified_80_20
29140,1,1,1.0,stratified_80_20
29146,1,1,1.0,stratified_80_20
29147,1,1,1.0,stratified_80_20
29149,1,1,1.0,stratified_80_20
29158,1,1,1.0,stratified_80_20
29160,1,1,1.0,stratified_80_20
29167,1,1,1.0,stratified_80_20
29175,1,1,1.0,stratified_80_20
29188,0,0,0.0,stratified_80_20
29191,1,1,1.0,stratified_80_20
29198,1,1,1.0,stratified_80_20
29210,1,1,1.0,stratified_80_20
29214,1,1,1.0,stratified_80_20
29219,1,1,1.0,stratified_80_20
29222,1,1,1.0,stratified_80_20
29225,1,1,1.0,stratified_80_20
29226,1,1,1.0,stratified_80_20
29234,1,1,1.0,stratified_80_20
29241,1,1,1.0,stratified_80_20
29245,1,1,1.0,stratified_80_20
29246,1,1,1.0,stratified_80_20
29252,1,1,1.0,stratified_80_20
29259,1,1,1.0,stratified_80_20
29273,1,1,1.0,stratified_80_20
29276,1,1,1.0,stratified_80_20
29278,1,1,1.0,stratified_80_20
29281,1,1,1.0,stratified_80_20
29284,0,0,0.0,stratified_80_20
29288,1,1,1.0,stratified_80_20
29289,1,1,1.0,stratified_80_20
29294,1,1,1.0,stratified_80_20
29302,1,1,1.0,stratified_80_20
29309,1,1,1.0,stratified_80_20
29314,1,1,1.0,stratified_80_20
29326,1,1,1.0,stratified_80_20
29329,1,1,1.0,stratified_80_20
29332,1,1,1.0,stratified_80_20
29335,1,1,1.0,stratified_80_20
29338,1,1,1.0,stratified_80_20
29346,1,1,1.0,stratified_80_20
29362,1,1,1.0,stratified_80_20
29366,1,1,1.0,stratified_80_20
29368,1,1,1.0,stratified_80_20
29373,1,1,1.0,stratified_80_20
29376,1,1,1.0,stratified_80_20
29381,1,1,1.0,stratified_80_20
29389,1,1,1.0,stratified_80_20
29391,1,1,1.0,stratified_80_20
29393,1,1,1.0,stratified_80_20
29409,1,1,1.0,stratified_80_20
29412,1,1,1.0,stratified_80_20
29415,1,1,1.0,stratified_80_20
29426,1,1,1.0,stratified_80_20
29440,1,1,1.0,stratified_80_20
29441,1,1,1.0,stratified_80_20
29454,1,1,1.0,stratified_80_20
29464,1,1,1.0,stratified_80_20
29471,1,1,1.0,stratified_80_20
29478,1,1,1.0,stratified_80_20
29479,1,1,1.0,stratified_80_20
29480,1,1,1.0,stratified_80_20
29485,1,1,1.0,stratified_80_20
29493,1,1,1.0,stratified_80_20
29495,1,1,1.0,stratified_80_20
29496,1,1,1.0,stratified_80_20
29497,1,1,1.0,stratified_80_20
29498,1,1,1.0,stratified_80_20
29502,1,1,1.0,stratified_80_20
29507,1,1,1.0,stratified_80_20
29512,1,1,1.0,stratified_80_20
29516,1,1,1.0,stratified_80_20
29522,1,1,1.0,stratified_80_20
29523,1,1,1.0,stratified_80_20
29526,1,1,1.0,stratified_80_20
29528,1,1,1.0,stratified_80_20
29531,1,1,1.0,stratified_80_20
29536,1,1,1.0,stratified_80_20
29548,1,1,1.0,stratified_80_20
29552,1,1,1.0,stratified_80_20
29554,1,1,1.0,stratified_80_20
29559,1,1,1.0,stratified_80_20
29560,1,1,1.0,stratified_80_20
29565,1,1,1.0,stratified_80_20
29572,1,1,1.0,stratified_80_20
29574,1,1,1.0,stratified_80_20
29578,1,1,1.0,stratified_80_20
29579,1,1,1.0,stratified_80_20
29580,1,1,1.0,stratified_80_20
29582,1,1,1.0,stratified_80_20
29584,1,1,1.0,stratified_80_20
29590,1,1,1.0,stratified_80_20
29593,1,1,1.0,stratified_80_20
29595,1,1,1.0,stratified_80_20
29597,1,1,1.0,stratified_80_20
29600,1,1,1.0,stratified_80_20
29605,1,1,1.0,stratified_80_20
29614,1,1,1.0,stratified_80_20
29620,1,1,1.0,stratified_80_20
29622,1,1,1.0,stratified_80_20
29636,1,1,1.0,stratified_80_20
29638,1,1,1.0,stratified_80_20
29641,1,1,1.0,stratified_80_20
29646,1,1,1.0,stratified_80_20
29649,1,1,1.0,stratified_80_20
29651,0,0,0.0,stratified_80_20
29657,1,1,1.0,stratified_80_20
29665,0,0,0.0,stratified_80_20
29666,0,0,0.0,stratified_80_20
29667,1,1,1.0,stratified_80_20
29670,1,1,1.0,stratified_80_20
29673,1,1,1.0,stratified_80_20
29674,1,1,1.0,stratified_80_20
29679,1,1,1.0,stratified_80_20
29687,1,1,1.0,stratified_80_20
29689,1,1,1.0,stratified_80_20
29696,1,1,1.0,stratified_80_20
29697,1,1,1.0,stratified_80_20
29708,1,1,1.0,stratified_80_20
29716,1,1,1.0,stratified_80_20
29720,1,1,1.0,stratified_80_20
29721,1,1,1.0,stratified_80_20
29723,1,1,1.0,stratified_80_20
29733,1,1,1.0,stratified_80_20
29752,1,1,1.0,stratified_80_20
29756,1,1,1.0,stratified_80_20
29761,1,1,1.0,stratified_80_20
29766,1,1,1.0,stratified_80_20
29767,1,1,1.0,stratified_80_20
29778,1,1,1.0,stratified_80_20
29797,1,1,1.0,stratified_80_20
29803,1,1,1.0,stratified_80_20
29817,1,1,1.0,stratified_80_20
29822,1,1,1.0,stratified_80_20
29833,1,1,1.0,stratified_80_20
29838,1,1,1.0,stratified_80_20
29842,1,1,1.0,stratified_80_20
29854,1,1,1.0,stratified_80_20
29855,1,1,1.0,stratified_80_20
29857,1,1,1.0,stratified_80_20
29869,1,1,1.0,stratified_80_20
29870,1,1,1.0,stratified_80_20
29871,1,1,1.0,stratified_80_20
29877,1,1,1.0,stratified_80_20
29879,1,1,1.0,stratified_80_20
29882,1,1,1.0,stratified_80_20
29885,1,1,1.0,stratified_80_20
29887,1,1,1.0,stratified_80_20
29889,1,1,1.0,stratified_80_20
29894,1,1,1.0,stratified_80_20
29896,1,1,1.0,stratified_80_20
29900,1,1,1.0,stratified_80_20
29901,1,1,1.0,stratified_80_20
29902,1,1,1.0,stratified_80_20
29913,1,1,1.0,stratified_80_20
29916,1,1,1.0,stratified_80_20
29921,1,1,1.0,stratified_80_20
29923,1,1,1.0,stratified_80_20
29926,1,1,1.0,stratified_80_20
29927,1,1,1.0,stratified_80_20
29931,1,1,1.0,stratified_80_20
29946,1,1,1.0,stratified_80_20
29949,1,1,1.0,stratified_80_20
29954,1,1,1.0,stratified_80_20
29955,1,1,1.0,stratified_80_20
29978,1,1,1.0,stratified_80_20
29983,1,1,1.0,stratified_80_20
29986,1,1,1.0,stratified_80_20
29987,1,1,1.0,stratified_80_20
29989,1,1,1.0,stratified_80_20
29991,1,1,1.0,stratified_80_20
29992,1,1,1.0,stratified_80_20
30011,1,1,1.0,stratified_80_20
30023,1,1,1.0,stratified_80_20
30028,1,1,1.0,stratified_80_20
30031,1,1,1.0,stratified_80_20
30039,1,1,1.0,stratified_80_20
30044,1,1,1.0,stratified_80_20
30047,1,1,1.0,stratified_80_20
30055,1,1,1.0,stratified_80_20
30056,1,1,1.0,stratified_80_20
30068,1,1,1.0,stratified_80_20
30070,1,1,1.0,stratified_80_20
30083,1,1,1.0,stratified_80_20
30086,1,1,1.0,stratified_80_20
30090,1,1,1.0,stratified_80_20
30092,1,1,1.0,stratified_80_20
30102,1,1,1.0,stratified_80_20
30126,1,1,1.0,stratified_80_20
30129,1,1,1.0,stratified_80_20
30136,1,1,1.0,stratified_80_20
30148,1,1,1.0,stratified_80_20
30165,1,1,1.0,stratified_80_20
30166,1,1,1.0,stratified_80_20
30168,1,1,1.0,stratified_80_20
30175,1,1,1.0,stratified_80_20
30176,1,1,1.0,stratified_80_20
30180,1,1,1.0,stratified_80_20
30186,1,1,1.0,stratified_80_20
30191,1,1,1.0,stratified_80_20
30192,1,1,1.0,stratified_80_20
30193,1,1,1.0,stratified_80_20
30194,1,1,1.0,stratified_80_20
30199,1,1,1.0,stratified_80_20
30200,0,0,0.0,stratified_80_20
30204,1,1,1.0,stratified_80_20
30206,1,1,1.0,stratified_80_20
30208,1,1,1.0,stratified_80_20
30220,1,1,1.0,stratified_80_20
30233,1,1,1.0,stratified_80_20
30235,1,1,1.0,stratified_80_20
30236,1,1,1.0,stratified_80_20
30243,1,1,1.0,stratified_80_20
30244,1,1,1.0,stratified_80_20
30247,1,1,1.0,stratified_80_20
30248,1,1,1.0,stratified_80_20
30251,1,1,1.0,stratified_80_20
30256,1,1,1.0,stratified_80_20
30261,1,1,1.0,stratified_80_20
30281,1,1,1.0,stratified_80_20
30288,1,1,1.0,stratified_80_20
30295,1,1,1.0,stratified_80_20
30296,1,1,1.0,stratified_80_20
30297,1,1,1.0,stratified_80_20
30300,1,1,1.0,stratified_80_20
30308,1,1,1.0,stratified_80_20
30312,1,1,1.0,stratified_80_20
30316,1,1,1.0,stratified_80_20
30317,1,1,1.0,stratified_80_20
30321,1,1,1.0,stratified_80_20
30326,1,1,1.0,stratified_80_20
30335,1,1,1.0,stratified_80_20
30340,1,1,1.0,stratified_80_20
30349,1,1,1.0,stratified_80_20
30350,0,0,0.0,stratified_80_20
30355,1,1,1.0,stratified_80_20
30359,1,1,1.0,stratified_80_20
30366,0,0,0.0,stratified_80_20
30369,0,0,0.0,stratified_80_20
30379,1,1,1.0,stratified_80_20
30385,1,1,1.0,stratified_80_20
30393,1,1,1.0,stratified_80_20
30395,0,0,0.0,stratified_80_20
30403,1,1,1.0,stratified_80_20
30404,1,1,1.0,stratified_80_20
30406,1,1,1.0,stratified_80_20
30415,1,1,1.0,stratified_80_20
30418,1,1,1.0,stratified_80_20
30420,1,1,1.0,stratified_80_20
30421,1,1,1.0,stratified_80_20
30427,1,1,1.0,stratified_80_20
30428,1,1,1.0,stratified_80_20
30451,1,1,1.0,stratified_80_20
30460,1,1,1.0,stratified_80_20
30461,1,1,1.0,stratified_80_20
30465,0,0,0.0,stratified_80_20
30466,0,0,0.0,stratified_80_20
30468,1,1,1.0,stratified_80_20
30469,1,1,1.0,stratified_80_20
30470,1,1,1.0,stratified_80_20
30471,1,1,1.0,stratified_80_20
30472,1,1,1.0,stratified_80_20
30480,1,1,1.0,stratified_80_20
30486,1,1,1.0,stratified_80_20
30492,1,1,1.0,stratified_80_20
30500,1,1,1.0,stratified_80_20
30510,1,1,1.0,stratified_80_20
30511,1,1,1.0,stratified_80_20
30514,1,1,1.0,stratified_80_20
30528,1,1,1.0,stratified_80_20
30529,1,1,1.0,stratified_80_20
30532,1,1,1.0,stratified_80_20
30538,1,1,1.0,stratified_80_20
30548,1,1,1.0,stratified_80_20
30549,0,0,0.0,stratified_80_20
30550,0,0,0.0,stratified_80_20
30552,1,1,1.0,stratified_80_20
30564,1,1,1.0,stratified_80_20
30567,1,1,1.0,stratified_80_20
30570,1,1,1.0,stratified_80_20
30575,1,1,1.0,stratified_80_20
30578,1,1,1.0,stratified_80_20
30586,1,1,1.0,stratified_80_20
30587,1,1,1.0,stratified_80_20
30600,1,1,1.0,stratified_80_20
30627,1,1,1.0,stratified_80_20
30632,1,1,1.0,stratified_80_20
30633,1,1,1.0,stratified_80_20
30635,1,1,1.0,stratified_80_20
30638,1,1,1.0,stratified_80_20
30652,1,1,1.0,stratified_80_20
30655,1,1,1.0,stratified_80_20
30669,1,1,1.0,stratified_80_20
30671,1,1,1.0,stratified_80_20
30679,1,1,1.0,stratified_80_20
30696,1,1,1.0,stratified_80_20
30698,1,1,1.0,stratified_80_20
30701,0,0,0.0,stratified_80_20
30706,1,1,1.0,stratified_80_20
30718,1,1,1.0,stratified_80_20
30720,1,1,1.0,stratified_80_20
30723,0,0,0.0,stratified_80_20
30727,1,1,1.0,stratified_80_20
30732,1,1,1.0,stratified_80_20
30735,1,1,1.0,stratified_80_20
30736,1,1,1.0,stratified_80_20
30758,1,1,1.0,stratified_80_20
30761,1,1,1.0,stratified_80_20
30764,1,1,1.0,stratified_80_20
30766,1,1,1.0,stratified_80_20
30768,1,1,1.0,stratified_80_20
30772,1,1,1.0,stratified_80_20
30773,1,1,1.0,stratified_80_20
30774,1,1,1.0,stratified_80_20
30777,1,1,1.0,stratified_80_20
30788,1,1,1.0,stratified_80_20
30796,1,1,1.0,stratified_80_20
30801,1,1,1.0,stratified_80_20
30817,1,1,1.0,stratified_80_20
30820,1,1,1.0,stratified_80_20
30834,1,1,1.0,stratified_80_20
30849,1,1,1.0,stratified_80_20
30855,1,1,1.0,stratified_80_20
30860,1,1,1.0,stratified_80_20
30861,1,1,1.0,stratified_80_20
30865,1,1,1.0,stratified_80_20
30873,1,1,1.0,stratified_80_20
30878,1,1,1.0,stratified_80_20
30882,1,1,1.0,stratified_80_20
30909,1,1,1.0,stratified_80_20
30923,1,1,1.0,stratified_80_20
30925,1,1,1.0,stratified_80_20
30928,1,1,1.0,stratified_80_20
30934,1,1,1.0,stratified_80_20
30935,1,1,1.0,stratified_80_20
30936,1,1,1.0,stratified_80_20
30937,1,1,1.0,stratified_80_20
30940,1,1,1.0,stratified_80_20
30942,1,1,1.0,stratified_80_20
30944,1,1,1.0,stratified_80_20
30946,1,1,1.0,stratified_80_20
30948,1,1,1.0,stratified_80_20
30953,1,1,1.0,stratified_80_20
30955,1,1,1.0,stratified_80_20
30958,1,1,1.0,stratified_80_20
30961,1,1,1.0,stratified_80_20
30964,1,1,1.0,stratified_80_20
30974,1,1,1.0,stratified_80_20
30979,1,1,1.0,stratified_80_20
30985,1,1,1.0,stratified_80_20
30987,1,1,1.0,stratified_80_20
30996,1,1,1.0,stratified_80_20
31007,1,1,1.0,stratified_80_20
31014,1,1,1.0,stratified_80_20
31015,1,1,1.0,stratified_80_20
31021,1,1,1.0,stratified_80_20
31023,1,1,1.0,stratified_80_20
31025,1,1,1.0,stratified_80_20
31026,1,1,1.0,stratified_80_20
31029,1,1,1.0,stratified_80_20
31033,1,1,1.0,stratified_80_20
31037,1,1,1.0,stratified_80_20
31040,1,1,1.0,stratified_80_20
31047,1,1,1.0,stratified_80_20
31048,1,1,1.0,stratified_80_20
31049,1,1,1.0,stratified_80_20
31055,1,1,1.0,stratified_80_20
31059,1,1,1.0,stratified_80_20
31060,1,1,1.0,stratified_80_20
31065,1,1,1.0,stratified_80_20
31066,1,1,1.0,stratified_80_20
31070,1,1,1.0,stratified_80_20
31079,1,1,1.0,stratified_80_20
31080,1,1,1.0,stratified_80_20
31088,1,1,1.0,stratified_80_20
31091,1,1,1.0,stratified_80_20
31096,1,1,1.0,stratified_80_20
31103,1,1,1.0,stratified_80_20
31105,1,1,1.0,stratified_80_20
31106,1,1,1.0,stratified_80_20
31108,0,0,0.0,stratified_80_20
31114,1,1,1.0,stratified_80_20
31123,1,1,1.0,stratified_80_20
31127,1,1,1.0,stratified_80_20
31133,1,1,1.0,stratified_80_20
31134,1,1,1.0,stratified_80_20
31135,1,1,1.0,stratified_80_20
31137,1,1,1.0,stratified_80_20
31145,1,1,1.0,stratified_80_20
31147,1,1,1.0,stratified_80_20
31156,1,1,1.0,stratified_80_20
31158,1,1,1.0,stratified_80_20
31161,1,1,1.0,stratified_80_20
31163,1,1,1.0,stratified_80_20
31167,1,1,1.0,stratified_80_20
31168,1,1,1.0,stratified_80_20
31172,1,1,1.0,stratified_80_20
31181,1,1,1.0,stratified_80_20
31184,1,1,1.0,stratified_80_20
31200,1,1,1.0,stratified_80_20
31207,1,1,1.0,stratified_80_20
31223,1,1,1.0,stratified_80_20
31224,1,1,1.0,stratified_80_20
31242,1,1,1.0,stratified_80_20
31248,1,1,1.0,stratified_80_20
31256,1,1,1.0,stratified_80_20
31258,1,1,1.0,stratified_80_20
31261,1,1,1.0,stratified_80_20
31268,0,0,0.0,stratified_80_20
31274,1,1,1.0,stratified_80_20
31277,0,0,0.0,stratified_80_20
31280,1,1,1.0,stratified_80_20
31285,1,1,1.0,stratified_80_20
31296,1,1,1.0,stratified_80_20
31298,1,1,1.0,stratified_80_20
31305,1,1,1.0,stratified_80_20
31306,1,1,1.0,stratified_80_20
31309,1,1,1.0,stratified_80_20
31311,1,1,1.0,stratified_80_20
31327,1,1,1.0,stratified_80_20
31329,1,1,1.0,stratified_80_20
31333,1,1,1.0,stratified_80_20
31336,1,1,1.0,stratified_80_20
31342,1,1,1.0,stratified_80_20
31345,1,1,1.0,stratified_80_20
31358,1,1,1.0,stratified_80_20
31366,1,1,1.0,stratified_80_20
31368,1,1,1.0,stratified_80_20
31369,1,1,1.0,stratified_80_20
31377,0,0,0.0,stratified_80_20
31387,0,0,0.0,stratified_80_20
31388,1,1,1.0,stratified_80_20
31398,1,1,1.0,stratified_80_20
31400,1,1,1.0,stratified_80_20
31421,1,1,1.0,stratified_80_20
31424,1,1,1.0,stratified_80_20
31426,1,1,1.0,stratified_80_20
31430,1,1,1.0,stratified_80_20
31436,1,1,1.0,stratified_80_20
31439,1,1,1.0,stratified_80_20
31444,1,1,1.0,stratified_80_20
31448,1,1,1.0,stratified_80_20
31450,1,1,1.0,stratified_80_20
31451,0,0,0.0,stratified_80_20
31453,0,0,0.0,stratified_80_20
31457,1,1,1.0,stratified_80_20
31466,1,1,1.0,stratified_80_20
31470,1,1,1.0,stratified_80_20
31479,1,1,1.0,stratified_80_20
31483,1,1,1.0,stratified_80_20
31484,1,1,1.0,stratified_80_20
31485,1,1,1.0,stratified_80_20
31494,1,1,1.0,stratified_80_20
31497,1,1,1.0,stratified_80_20
31501,1,1,1.0,stratified_80_20
31512,1,1,1.0,stratified_80_20
31532,1,1,1.0,stratified_80_20
31533,1,1,1.0,stratified_80_20
31542,1,1,1.0,stratified_80_20
31549,1,1,1.0,stratified_80_20
31554,1,1,1.0,stratified_80_20
31558,1,1,1.0,stratified_80_20
31560,1,1,1.0,stratified_80_20
31561,1,1,1.0,stratified_80_20
31562,1,1,1.0,stratified_80_20
31564,1,1,1.0,stratified_80_20
31567,1,1,1.0,stratified_80_20
31568,1,1,1.0,stratified_80_20
31573,1,1,1.0,stratified_80_20
31575,1,1,1.0,stratified_80_20
31579,1,1,1.0,stratified_80_20
31591,1,1,1.0,stratified_80_20
31592,1,1,1.0,stratified_80_20
31596,1,1,1.0,stratified_80_20
31610,1,1,1.0,stratified_80_20
31629,1,1,1.0,stratified_80_20
31632,0,0,0.0,stratified_80_20
31638,1,1,1.0,stratified_80_20
31642,1,1,1.0,stratified_80_20
31645,1,1,1.0,stratified_80_20
31650,1,1,1.0,stratified_80_20
31652,1,1,1.0,stratified_80_20
31665,1,1,1.0,stratified_80_20
31669,1,1,1.0,stratified_80_20
31671,1,1,1.0,stratified_80_20
31685,1,1,1.0,stratified_80_20
31690,1,1,1.0,stratified_80_20
31692,0,0,0.0,stratified_80_20
31693,1,1,1.0,stratified_80_20
31696,1,1,1.0,stratified_80_20
31703,1,1,1.0,stratified_80_20
31707,1,1,1.0,stratified_80_20
31712,1,1,1.0,stratified_80_20
31716,1,1,1.0,stratified_80_20
31724,1,1,1.0,stratified_80_20
31735,1,1,1.0,stratified_80_20
31736,1,1,1.0,stratified_80_20
31740,1,1,1.0,stratified_80_20
31753,1,1,1.0,stratified_80_20
31761,1,1,1.0,stratified_80_20
31764,1,1,1.0,stratified_80_20
31768,1,1,1.0,stratified_80_20
31769,1,1,1.0,stratified_80_20
31780,1,1,1.0,stratified_80_20
31781,1,1,1.0,stratified_80_20
31785,1,1,1.0,stratified_80_20
31789,1,1,1.0,stratified_80_20
31793,1,1,1.0,stratified_80_20
31798,1,1,1.0,stratified_80_20
31802,1,1,1.0,stratified_80_20
31803,1,1,1.0,stratified_80_20
31804,1,1,1.0,stratified_80_20
31806,1,1,1.0,stratified_80_20
31811,1,1,1.0,stratified_80_20
31814,0,0,0.0,stratified_80_20
31830,1,1,1.0,stratified_80_20
31831,1,1,1.0,stratified_80_20
31832,1,1,1.0,stratified_80_20
31833,1,1,1.0,stratified_80_20
31839,1,1,1.0,stratified_80_20
31840,0,0,0.0,stratified_80_20
31842,1,1,1.0,stratified_80_20
31850,1,1,1.0,stratified_80_20
31852,1,1,1.0,stratified_80_20
31858,1,1,1.0,stratified_80_20
31859,1,1,1.0,stratified_80_20
31862,1,1,1.0,stratified_80_20
31865,1,1,1.0,stratified_80_20
31866,1,1,1.0,stratified_80_20
31874,1,1,1.0,stratified_80_20
31877,1,1,1.0,stratified_80_20
31880,1,1,1.0,stratified_80_20
31889,1,1,1.0,stratified_80_20
31890,1,1,1.0,stratified_80_20
31891,1,1,1.0,stratified_80_20
31892,1,1,1.0,stratified_80_20
31895,1,1,1.0,stratified_80_20
31905,1,1,1.0,stratified_80_20
31909,1,1,1.0,stratified_80_20
31910,1,1,1.0,stratified_80_20
31912,1,1,1.0,stratified_80_20
31917,1,1,1.0,stratified_80_20
31918,1,1,1.0,stratified_80_20
31920,1,1,1.0,stratified_80_20
31922,1,1,1.0,stratified_80_20
31923,1,1,1.0,stratified_80_20
31924,1,1,1.0,stratified_80_20
31925,1,1,1.0,stratified_80_20
31926,1,1,1.0,stratified_80_20
31939,1,1,1.0,stratified_80_20
31947,1,1,1.0,stratified_80_20
31957,1,1,1.0,stratified_80_20
31961,1,1,1.0,stratified_80_20
31964,1,1,1.0,stratified_80_20
31965,1,1,1.0,stratified_80_20
31967,1,1,1.0,stratified_80_20
31976,1,1,1.0,stratified_80_20
31980,1,1,1.0,stratified_80_20
31983,1,1,1.0,stratified_80_20
31985,1,1,1.0,stratified_80_20
31995,0,0,0.0,stratified_80_20
32000,0,0,0.0,stratified_80_20
32009,1,1,1.0,stratified_80_20
32014,1,1,1.0,stratified_80_20
32033,1,1,1.0,stratified_80_20
32043,1,1,1.0,stratified_80_20
32051,1,1,1.0,stratified_80_20
32061,1,1,1.0,stratified_80_20
32064,1,1,1.0,stratified_80_20
32071,1,1,1.0,stratified_80_20
32075,1,1,1.0,stratified_80_20
32076,1,1,1.0,stratified_80_20
32081,1,1,1.0,stratified_80_20
32085,1,1,1.0,stratified_80_20
32086,1,1,1.0,stratified_80_20
32087,1,1,1.0,stratified_80_20
32095,1,1,1.0,stratified_80_20
32099,1,1,1.0,stratified_80_20
32106,1,1,1.0,stratified_80_20
32120,1,1,1.0,stratified_80_20
32126,1,1,1.0,stratified_80_20
32131,1,1,1.0,stratified_80_20
32134,1,1,1.0,stratified_80_20
32156,1,1,1.0,stratified_80_20
32163,1,1,1.0,stratified_80_20
32164,1,1,1.0,stratified_80_20
32169,1,1,1.0,stratified_80_20
32173,1,1,1.0,stratified_80_20
32175,0,0,0.0,stratified_80_20
32185,0,0,0.0,stratified_80_20
32188,1,1,1.0,stratified_80_20
32189,1,1,1.0,stratified_80_20
32193,1,1,1.0,stratified_80_20
32196,1,1,1.0,stratified_80_20
32198,1,1,1.0,stratified_80_20
32204,1,1,1.0,stratified_80_20
32206,1,1,1.0,stratified_80_20
32208,1,1,1.0,stratified_80_20
32210,1,1,1.0,stratified_80_20
32215,1,1,1.0,stratified_80_20
32227,1,1,1.0,stratified_80_20
32252,1,1,1.0,stratified_80_20
32255,1,1,1.0,stratified_80_20
32257,1,1,1.0,stratified_80_20
32258,1,1,1.0,stratified_80_20
32263,1,1,1.0,stratified_80_20
32264,1,1,1.0,stratified_80_20
32292,1,1,1.0,stratified_80_20
32293,1,1,1.0,stratified_80_20
32294,1,1,1.0,stratified_80_20
32299,1,1,1.0,stratified_80_20
32310,1,1,1.0,stratified_80_20
32312,1,1,1.0,stratified_80_20
32314,1,1,1.0,stratified_80_20
32315,1,1,1.0,stratified_80_20
32320,1,1,1.0,stratified_80_20
32321,1,1,1.0,stratified_80_20
32325,1,1,1.0,stratified_80_20
32336,1,1,1.0,stratified_80_20
32342,1,1,1.0,stratified_80_20
32346,1,1,1.0,stratified_80_20
32362,1,1,1.0,stratified_80_20
32367,0,0,0.0,stratified_80_20
32372,1,1,1.0,stratified_80_20
32386,1,1,1.0,stratified_80_20
32393,1,1,1.0,stratified_80_20
32399,1,1,1.0,stratified_80_20
32400,1,1,1.0,stratified_80_20
32403,1,1,1.0,stratified_80_20
32405,1,1,1.0,stratified_80_20
32406,1,1,1.0,stratified_80_20
32412,1,1,1.0,stratified_80_20
32418,1,1,1.0,stratified_80_20
32433,1,1,1.0,stratified_80_20
32439,1,1,1.0,stratified_80_20
32448,1,1,1.0,stratified_80_20
32455,1,1,1.0,stratified_80_20
32463,1,1,1.0,stratified_80_20
32464,1,1,1.0,stratified_80_20
32466,1,1,1.0,stratified_80_20
32469,1,1,1.0,stratified_80_20
32480,1,1,1.0,stratified_80_20
32482,1,1,1.0,stratified_80_20
32484,1,1,1.0,stratified_80_20
32487,1,1,1.0,stratified_80_20
32492,1,1,1.0,stratified_80_20
32494,1,1,1.0,stratified_80_20
32497,1,1,1.0,stratified_80_20
32500,1,1,1.0,stratified_80_20
32504,1,1,1.0,stratified_80_20
32506,1,1,1.0,stratified_80_20
32511,1,1,1.0,stratified_80_20
32517,1,1,1.0,stratified_80_20
32536,1,1,1.0,stratified_80_20
32543,1,1,1.0,stratified_80_20
32550,0,0,0.0,stratified_80_20
32552,1,1,1.0,stratified_80_20
32553,1,1,1.0,stratified_80_20
32555,1,1,1.0,stratified_80_20
32561,1,1,1.0,stratified_80_20
32564,1,1,1.0,stratified_80_20
32567,0,0,0.0,stratified_80_20
32568,0,0,0.0,stratified_80_20
32573,1,1,1.0,stratified_80_20
32575,1,1,1.0,stratified_80_20
32576,1,1,1.0,stratified_80_20
32577,1,1,1.0,stratified_80_20
32582,1,1,1.0,stratified_80_20
32585,1,1,1.0,stratified_80_20
32586,1,1,1.0,stratified_80_20
32594,1,1,1.0,stratified_80_20
32599,1,1,1.0,stratified_80_20
32605,1,1,1.0,stratified_80_20
32608,1,1,1.0,stratified_80_20
32611,1,1,1.0,stratified_80_20
32615,1,1,1.0,stratified_80_20
32617,1,1,1.0,stratified_80_20
32618,1,1,1.0,stratified_80_20
32620,1,1,1.0,stratified_80_20
32626,1,1,1.0,stratified_80_20
32634,1,1,1.0,stratified_80_20
32638,1,1,1.0,stratified_80_20
32646,1,1,1.0,stratified_80_20
32659,1,1,1.0,stratified_80_20
32660,1,1,1.0,stratified_80_20
32661,1,1,1.0,stratified_80_20
32665,0,0,0.0,stratified_80_20
32671,1,1,1.0,stratified_80_20
32672,1,1,1.0,stratified_80_20
32686,1,1,1.0,stratified_80_20
32688,1,1,1.0,stratified_80_20
32692,1,1,1.0,stratified_80_20
32700,1,1,1.0,stratified_80_20
32706,1,1,1.0,stratified_80_20
32708,1,1,1.0,stratified_80_20
32715,1,1,1.0,stratified_80_20
32734,0,0,0.0,stratified_80_20
32737,1,1,1.0,stratified_80_20
32747,1,1,1.0,stratified_80_20
32756,1,1,1.0,stratified_80_20
32758,1,1,1.0,stratified_80_20
32765,1,1,1.0,stratified_80_20
32774,1,1,1.0,stratified_80_20
32779,1,1,1.0,stratified_80_20
32781,1,1,1.0,stratified_80_20
32794,1,1,1.0,stratified_80_20
32799,1,1,1.0,stratified_80_20
32802,1,1,1.0,stratified_80_20
32803,1,1,1.0,stratified_80_20
32804,1,1,1.0,stratified_80_20
32820,1,1,1.0,stratified_80_20
32822,1,1,1.0,stratified_80_20
32839,1,1,1.0,stratified_80_20
32841,1,1,1.0,stratified_80_20
32848,1,1,1.0,stratified_80_20
32849,1,1,1.0,stratified_80_20
32850,1,1,1.0,stratified_80_20
32853,1,1,1.0,stratified_80_20
32856,1,1,1.0,stratified_80_20
32860,1,1,1.0,stratified_80_20
32861,1,1,1.0,stratified_80_20
32867,1,1,1.0,stratified_80_20
32884,1,1,1.0,stratified_80_20
32889,1,1,1.0,stratified_80_20
32891,1,1,1.0,stratified_80_20
32893,1,1,1.0,stratified_80_20
32894,1,1,1.0,stratified_80_20
32896,1,1,1.0,stratified_80_20
32899,1,1,1.0,stratified_80_20
32900,1,1,1.0,stratified_80_20
32902,1,1,1.0,stratified_80_20
32908,1,1,1.0,stratified_80_20
32912,0,0,0.0,stratified_80_20
32913,0,0,0.0,stratified_80_20
32919,1,1,1.0,stratified_80_20
32920,1,1,1.0,stratified_80_20
32926,1,1,1.0,stratified_80_20
32927,1,1,1.0,stratified_80_20
32931,1,1,1.0,stratified_80_20
32933,1,1,1.0,stratified_80_20
32937,1,1,1.0,stratified_80_20
32940,1,1,1.0,stratified_80_20
32941,1,1,1.0,stratified_80_20
32947,1,1,1.0,stratified_80_20
32950,1,1,1.0,stratified_80_20
32981,1,1,1.0,stratified_80_20
32987,1,1,1.0,stratified_80_20
32991,1,1,1.0,stratified_80_20
32996,1,1,1.0,stratified_80_20
33000,1,1,1.0,stratified_80_20
33001,1,1,1.0,stratified_80_20
33008,1,1,1.0,stratified_80_20
33010,1,1,1.0,stratified_80_20
33014,1,1,1.0,stratified_80_20
33015,1,1,1.0,stratified_80_20
33026,1,1,1.0,stratified_80_20
33033,1,1,1.0,stratified_80_20
33034,1,1,1.0,stratified_80_20
33041,1,1,1.0,stratified_80_20
33050,1,1,1.0,stratified_80_20
33051,1,1,1.0,stratified_80_20
33052,1,1,1.0,stratified_80_20
33056,1,1,1.0,stratified_80_20
33060,1,1,1.0,stratified_80_20
33064,1,1,1.0,stratified_80_20
33070,1,1,1.0,stratified_80_20
33081,1,1,1.0,stratified_80_20
33087,1,1,1.0,stratified_80_20
33089,0,0,0.0,stratified_80_20
33099,1,1,1.0,stratified_80_20
33106,1,1,1.0,stratified_80_20
33109,1,1,1.0,stratified_80_20
33112,1,1,1.0,stratified_80_20
33115,1,1,1.0,stratified_80_20
33117,1,1,1.0,stratified_80_20
33119,1,1,1.0,stratified_80_20
33121,1,1,1.0,stratified_80_20
33129,1,1,1.0,stratified_80_20
33140,1,1,1.0,stratified_80_20
33143,1,1,1.0,stratified_80_20
33147,1,1,1.0,stratified_80_20
33155,1,1,1.0,stratified_80_20
33166,1,1,1.0,stratified_80_20
33168,1,1,1.0,stratified_80_20
33191,1,1,1.0,stratified_80_20
33192,1,1,1.0,stratified_80_20
33209,1,1,1.0,stratified_80_20
33210,1,1,1.0,stratified_80_20
33215,1,1,1.0,stratified_80_20
33222,1,1,1.0,stratified_80_20
33226,1,1,1.0,stratified_80_20
33230,1,1,1.0,stratified_80_20
33239,1,1,1.0,stratified_80_20
33253,1,1,1.0,stratified_80_20
33262,1,1,1.0,stratified_80_20
33270,0,0,0.0,stratified_80_20
33271,1,1,1.0,stratified_80_20
33272,0,0,0.0,stratified_80_20
33278,0,0,0.0,stratified_80_20
33286,1,1,1.0,stratified_80_20
33299,1,1,1.0,stratified_80_20
33302,1,1,1.0,stratified_80_20
33316,1,1,1.0,stratified_80_20
33320,1,1,1.0,stratified_80_20
33321,1,1,1.0,stratified_80_20
33324,1,1,1.0,stratified_80_20
33325,1,1,1.0,stratified_80_20
33327,1,1,1.0,stratified_80_20
33328,1,1,1.0,stratified_80_20
33333,1,1,1.0,stratified_80_20
33336,1,1,1.0,stratified_80_20
33342,1,1,1.0,stratified_80_20
33347,1,1,1.0,stratified_80_20
33352,1,1,1.0,stratified_80_20
33355,1,1,1.0,stratified_80_20
33360,1,1,1.0,stratified_80_20
33370,1,1,1.0,stratified_80_20
33374,1,1,1.0,stratified_80_20
33378,1,1,1.0,stratified_80_20
33383,1,1,1.0,stratified_80_20
33385,1,1,1.0,stratified_80_20
33386,1,1,1.0,stratified_80_20
33392,1,1,1.0,stratified_80_20
33393,1,1,1.0,stratified_80_20
33394,1,1,1.0,stratified_80_20
33403,1,1,1.0,stratified_80_20
33411,1,1,1.0,stratified_80_20
33414,1,1,1.0,stratified_80_20
33435,1,1,1.0,stratified_80_20
33436,1,1,1.0,stratified_80_20
33444,1,1,1.0,stratified_80_20
33445,1,1,1.0,stratified_80_20
33447,1,1,1.0,stratified_80_20
33455,0,0,0.0,stratified_80_20
33457,0,0,0.0,stratified_80_20
33478,1,1,1.0,stratified_80_20
33479,1,1,1.0,stratified_80_20
33482,1,1,1.0,stratified_80_20
33484,1,1,1.0,stratified_80_20
33487,1,1,1.0,stratified_80_20
33491,1,1,1.0,stratified_80_20
33493,1,1,1.0,stratified_80_20
33497,1,1,1.0,stratified_80_20
33507,1,1,1.0,stratified_80_20
33509,1,1,1.0,stratified_80_20
33518,1,1,1.0,stratified_80_20
33522,1,1,1.0,stratified_80_20
33525,1,1,1.0,stratified_80_20
33526,1,1,1.0,stratified_80_20
33532,0,0,0.0,stratified_80_20
33542,1,1,1.0,stratified_80_20
33557,1,1,1.0,stratified_80_20
33558,1,1,1.0,stratified_80_20
33561,1,1,1.0,stratified_80_20
33572,1,1,1.0,stratified_80_20
33575,1,1,1.0,stratified_80_20
33579,1,1,1.0,stratified_80_20
33581,1,1,1.0,stratified_80_20
33589,1,1,1.0,stratified_80_20
33600,1,1,1.0,stratified_80_20
33607,1,1,1.0,stratified_80_20
33617,1,1,1.0,stratified_80_20
33628,1,1,1.0,stratified_80_20
33631,1,1,1.0,stratified_80_20
33634,0,0,0.0,stratified_80_20
33638,1,1,1.0,stratified_80_20
33642,0,0,0.0,stratified_80_20
33643,1,1,1.0,stratified_80_20
33647,1,1,1.0,stratified_80_20
33648,1,1,1.0,stratified_80_20
33651,1,1,1.0,stratified_80_20
33654,1,1,1.0,stratified_80_20
33655,1,1,1.0,stratified_80_20
33660,1,1,1.0,stratified_80_20
33671,1,1,1.0,stratified_80_20
33672,1,1,1.0,stratified_80_20
33688,1,1,1.0,stratified_80_20
33690,1,1,1.0,stratified_80_20
33710,1,1,1.0,stratified_80_20
33713,1,1,1.0,stratified_80_20
33723,1,1,1.0,stratified_80_20
33724,1,1,1.0,stratified_80_20
33732,1,1,1.0,stratified_80_20
33734,1,1,1.0,stratified_80_20
33737,1,1,1.0,stratified_80_20
33744,1,1,1.0,stratified_80_20
33757,1,1,1.0,stratified_80_20
33770,1,1,1.0,stratified_80_20
33775,1,1,1.0,stratified_80_20
33787,1,1,1.0,stratified_80_20
33793,1,1,1.0,stratified_80_20
33804,1,1,1.0,stratified_80_20
33806,1,1,1.0,stratified_80_20
33811,1,1,1.0,stratified_80_20
33812,1,1,1.0,stratified_80_20
33815,1,1,1.0,stratified_80_20
33816,0,0,0.0,stratified_80_20
33820,1,1,1.0,stratified_80_20
33823,1,1,1.0,stratified_80_20
33827,1,1,1.0,stratified_80_20
33830,1,1,1.0,stratified_80_20
33832,1,1,1.0,stratified_80_20
33848,1,1,1.0,stratified_80_20
33852,1,1,1.0,stratified_80_20
33853,1,1,1.0,stratified_80_20
33888,1,1,1.0,stratified_80_20
33890,1,1,1.0,stratified_80_20
33893,1,1,1.0,stratified_80_20
33897,1,1,1.0,stratified_80_20
33903,1,1,1.0,stratified_80_20
33904,1,1,1.0,stratified_80_20
33905,1,1,1.0,stratified_80_20
33908,1,1,1.0,stratified_80_20
33910,0,0,0.0,stratified_80_20
33913,1,1,1.0,stratified_80_20
33915,1,1,1.0,stratified_80_20
33916,1,1,1.0,stratified_80_20
33918,1,1,1.0,stratified_80_20
33923,1,1,1.0,stratified_80_20
33926,1,1,1.0,stratified_80_20
33928,1,1,1.0,stratified_80_20
33931,1,1,1.0,stratified_80_20
33932,1,1,1.0,stratified_80_20
33933,1,1,1.0,stratified_80_20
33952,1,1,1.0,stratified_80_20
33954,1,1,1.0,stratified_80_20
33957,1,1,1.0,stratified_80_20
33958,1,1,1.0,stratified_80_20
33962,1,1,1.0,stratified_80_20
33963,1,1,1.0,stratified_80_20
33964,1,1,1.0,stratified_80_20
33967,1,1,1.0,stratified_80_20
33969,1,1,1.0,stratified_80_20
33970,1,1,1.0,stratified_80_20
33975,1,1,1.0,stratified_80_20
33978,1,1,1.0,stratified_80_20
33984,1,1,1.0,stratified_80_20
33986,1,1,1.0,stratified_80_20
33987,1,1,1.0,stratified_80_20
33988,1,1,1.0,stratified_80_20
33995,1,1,1.0,stratified_80_20
34002,1,1,1.0,stratified_80_20
34003,0,0,0.0,stratified_80_20
34007,1,1,1.0,stratified_80_20
34010,0,0,0.0,stratified_80_20
34011,1,1,1.0,stratified_80_20
34014,1,1,1.0,stratified_80_20
34022,1,1,1.0,stratified_80_20
34030,1,1,1.0,stratified_80_20
34034,1,1,1.0,stratified_80_20
34042,1,1,1.0,stratified_80_20
34051,1,1,1.0,stratified_80_20
34053,1,1,1.0,stratified_80_20
34054,1,1,1.0,stratified_80_20
34063,1,1,1.0,stratified_80_20
34068,1,1,1.0,stratified_80_20
34074,1,1,1.0,stratified_80_20
34079,1,1,1.0,stratified_80_20
34081,1,1,1.0,stratified_80_20
34086,1,1,1.0,stratified_80_20
34092,1,1,1.0,stratified_80_20
34094,1,1,1.0,stratified_80_20
34097,1,1,1.0,stratified_80_20
34105,0,0,0.0,stratified_80_20
34112,1,1,1.0,stratified_80_20
34126,1,1,1.0,stratified_80_20
34138,1,1,1.0,stratified_80_20
34143,1,1,1.0,stratified_80_20
34144,1,1,1.0,stratified_80_20
34145,1,1,1.0,stratified_80_20
34147,1,1,1.0,stratified_80_20
34148,1,1,1.0,stratified_80_20
34154,1,1,1.0,stratified_80_20
34161,1,1,1.0,stratified_80_20
34164,1,1,1.0,stratified_80_20
34172,1,1,1.0,stratified_80_20
34174,1,1,1.0,stratified_80_20
34176,1,1,1.0,stratified_80_20
34178,0,0,0.0,stratified_80_20
34186,0,0,0.0,stratified_80_20
34192,1,1,1.0,stratified_80_20
34197,1,1,1.0,stratified_80_20
34200,1,1,1.0,stratified_80_20
34203,0,0,0.0,stratified_80_20
34205,0,0,0.0,stratified_80_20
34208,1,1,1.0,stratified_80_20
34216,1,1,1.0,stratified_80_20
34222,1,1,1.0,stratified_80_20
34225,1,1,1.0,stratified_80_20
34227,1,1,1.0,stratified_80_20
34228,1,1,1.0,stratified_80_20
34240,1,1,1.0,stratified_80_20
34245,1,1,1.0,stratified_80_20
34252,1,1,1.0,stratified_80_20
34255,1,1,1.0,stratified_80_20
34257,1,1,1.0,stratified_80_20
34274,1,1,1.0,stratified_80_20
34278,1,1,1.0,stratified_80_20
34279,1,1,1.0,stratified_80_20
34280,1,1,1.0,stratified_80_20
34281,1,1,1.0,stratified_80_20
34285,1,1,1.0,stratified_80_20
34288,1,1,1.0,stratified_80_20
34292,1,1,1.0,stratified_80_20
34305,1,1,1.0,stratified_80_20
34308,1,1,1.0,stratified_80_20
34313,1,1,1.0,stratified_80_20
34317,1,1,1.0,stratified_80_20
34322,1,1,1.0,stratified_80_20
34327,1,1,1.0,stratified_80_20
34329,1,1,1.0,stratified_80_20
34332,1,1,1.0,stratified_80_20
34333,1,1,1.0,stratified_80_20
34342,1,1,1.0,stratified_80_20
34351,1,1,1.0,stratified_80_20
34356,1,1,1.0,stratified_80_20
34359,1,1,1.0,stratified_80_20
34361,1,1,1.0,stratified_80_20
34366,0,0,0.0,stratified_80_20
34375,1,1,1.0,stratified_80_20
34379,1,1,1.0,stratified_80_20
34388,1,1,1.0,stratified_80_20
34390,1,1,1.0,stratified_80_20
34394,1,1,1.0,stratified_80_20
34399,1,1,1.0,stratified_80_20
34411,1,1,1.0,stratified_80_20
34412,1,1,1.0,stratified_80_20
34416,1,1,1.0,stratified_80_20
34417,1,1,1.0,stratified_80_20
34420,1,1,1.0,stratified_80_20
34422,1,1,1.0,stratified_80_20
34434,1,1,1.0,stratified_80_20
34435,1,1,1.0,stratified_80_20
34436,1,1,1.0,stratified_80_20
34440,1,1,1.0,stratified_80_20
34444,1,1,1.0,stratified_80_20
34446,1,1,1.0,stratified_80_20
34447,1,1,1.0,stratified_80_20
34453,1,1,1.0,stratified_80_20
34465,1,1,1.0,stratified_80_20
34466,1,1,1.0,stratified_80_20
34474,1,1,1.0,stratified_80_20
34479,1,1,1.0,stratified_80_20
34482,1,1,1.0,stratified_80_20
34497,1,1,1.0,stratified_80_20
34501,1,1,1.0,stratified_80_20
34504,1,1,1.0,stratified_80_20
34509,1,1,1.0,stratified_80_20
34513,1,1,1.0,stratified_80_20
34515,1,1,1.0,stratified_80_20
34516,1,1,1.0,stratified_80_20
34523,1,1,1.0,stratified_80_20
34526,1,1,1.0,stratified_80_20
34528,1,1,1.0,stratified_80_20
34532,1,1,1.0,stratified_80_20
34543,0,0,0.0,stratified_80_20
34548,0,0,0.0,stratified_80_20
34551,1,1,1.0,stratified_80_20
34555,1,1,1.0,stratified_80_20
34557,1,1,1.0,stratified_80_20
34572,1,1,1.0,stratified_80_20
34575,1,1,1.0,stratified_80_20
34577,1,1,1.0,stratified_80_20
34581,1,1,1.0,stratified_80_20
34587,1,1,1.0,stratified_80_20
34588,1,1,1.0,stratified_80_20
34589,1,1,1.0,stratified_80_20
34592,1,1,1.0,stratified_80_20
34597,1,1,1.0,stratified_80_20
34601,1,1,1.0,stratified_80_20
34607,1,1,1.0,stratified_80_20
34612,1,1,1.0,stratified_80_20
34615,1,1,1.0,stratified_80_20
34616,1,1,1.0,stratified_80_20
34619,1,1,1.0,stratified_80_20
34620,1,1,1.0,stratified_80_20
34626,1,1,1.0,stratified_80_20
34631,1,1,1.0,stratified_80_20
34632,1,1,1.0,stratified_80_20
34640,1,1,1.0,stratified_80_20
34641,1,1,1.0,stratified_80_20
34649,1,1,1.0,stratified_80_20
34653,1,1,1.0,stratified_80_20
34654,1,1,1.0,stratified_80_20
34662,0,0,0.0,stratified_80_20
34664,1,1,1.0,stratified_80_20
34666,1,1,1.0,stratified_80_20
34669,1,1,1.0,stratified_80_20
34671,1,1,1.0,stratified_80_20
34676,1,1,1.0,stratified_80_20
34677,1,1,1.0,stratified_80_20
34682,1,1,1.0,stratified_80_20
34684,1,1,1.0,stratified_80_20
34692,1,1,1.0,stratified_80_20
34695,1,1,1.0,stratified_80_20
34697,1,1,1.0,stratified_80_20
34701,1,1,1.0,stratified_80_20
34712,1,1,1.0,stratified_80_20
34714,1,1,1.0,stratified_80_20
34715,1,1,1.0,stratified_80_20
34732,1,1,1.0,stratified_80_20
34735,1,1,1.0,stratified_80_20
34746,0,0,0.0,stratified_80_20
34747,1,1,1.0,stratified_80_20
34749,1,1,1.0,stratified_80_20
34759,1,1,1.0,stratified_80_20
34761,1,1,1.0,stratified_80_20
34763,1,1,1.0,stratified_80_20
34766,1,1,1.0,stratified_80_20
34772,1,1,1.0,stratified_80_20
34774,1,1,1.0,stratified_80_20
34775,1,1,1.0,stratified_80_20
34781,1,1,1.0,stratified_80_20
34784,1,1,1.0,stratified_80_20
34797,1,1,1.0,stratified_80_20
34800,1,1,1.0,stratified_80_20
34814,1,1,1.0,stratified_80_20
34823,1,1,1.0,stratified_80_20
34831,1,1,1.0,stratified_80_20
34846,1,1,1.0,stratified_80_20
34848,1,1,1.0,stratified_80_20
34851,1,1,1.0,stratified_80_20
34856,1,1,1.0,stratified_80_20
34863,1,1,1.0,stratified_80_20
34865,1,1,1.0,stratified_80_20
34867,1,1,1.0,stratified_80_20
34870,1,1,1.0,stratified_80_20
34875,1,1,1.0,stratified_80_20
34876,1,1,1.0,stratified_80_20
34878,1,1,1.0,stratified_80_20
34879,1,1,1.0,stratified_80_20
34881,1,1,1.0,stratified_80_20
34894,1,1,1.0,stratified_80_20
34895,1,1,1.0,stratified_80_20
34906,1,1,1.0,stratified_80_20
34913,1,1,1.0,stratified_80_20
34922,1,1,1.0,stratified_80_20
34924,1,1,1.0,stratified_80_20
34935,1,1,1.0,stratified_80_20
34937,1,1,1.0,stratified_80_20
34943,0,0,0.0,stratified_80_20
34950,1,1,1.0,stratified_80_20
34955,1,1,1.0,stratified_80_20
34967,1,1,1.0,stratified_80_20
34978,1,1,1.0,stratified_80_20
34987,1,1,1.0,stratified_80_20
34991,1,1,1.0,stratified_80_20
34992,1,1,1.0,stratified_80_20
34995,1,1,1.0,stratified_80_20
34996,1,1,1.0,stratified_80_20
35001,1,1,1.0,stratified_80_20
35015,1,1,1.0,stratified_80_20
35017,1,1,1.0,stratified_80_20
35019,1,1,1.0,stratified_80_20
35021,1,1,1.0,stratified_80_20
35022,1,1,1.0,stratified_80_20
35030,1,1,1.0,stratified_80_20
35031,1,1,1.0,stratified_80_20
35037,1,1,1.0,stratified_80_20
35045,1,1,1.0,stratified_80_20
35057,1,1,1.0,stratified_80_20
35060,1,1,1.0,stratified_80_20
35061,1,1,1.0,stratified_80_20
35064,1,1,1.0,stratified_80_20
35065,1,1,1.0,stratified_80_20
35072,1,1,1.0,stratified_80_20
35073,1,1,1.0,stratified_80_20
35075,1,1,1.0,stratified_80_20
35077,1,1,1.0,stratified_80_20
35082,1,1,1.0,stratified_80_20
35083,0,0,0.0,stratified_80_20
35084,1,1,1.0,stratified_80_20
35087,1,1,1.0,stratified_80_20
35088,1,1,1.0,stratified_80_20
35092,1,1,1.0,stratified_80_20
35095,1,1,1.0,stratified_80_20
35102,1,1,1.0,stratified_80_20
35110,0,0,0.0,stratified_80_20
35114,1,1,1.0,stratified_80_20
35115,1,1,1.0,stratified_80_20
35117,1,1,1.0,stratified_80_20
35124,1,1,1.0,stratified_80_20
35137,1,1,1.0,stratified_80_20
35138,1,1,1.0,stratified_80_20
35150,1,1,1.0,stratified_80_20
35154,1,1,1.0,stratified_80_20
35159,1,1,1.0,stratified_80_20
35167,1,1,1.0,stratified_80_20
35168,1,1,1.0,stratified_80_20
35171,1,1,1.0,stratified_80_20
35177,1,1,1.0,stratified_80_20
35200,1,1,1.0,stratified_80_20
35212,1,1,1.0,stratified_80_20
35216,1,1,1.0,stratified_80_20
35218,1,1,1.0,stratified_80_20
35225,1,1,1.0,stratified_80_20
35229,1,1,1.0,stratified_80_20
35231,1,1,1.0,stratified_80_20
35235,1,1,1.0,stratified_80_20
35236,1,1,1.0,stratified_80_20
35238,1,1,1.0,stratified_80_20
35242,1,1,1.0,stratified_80_20
35243,1,1,1.0,stratified_80_20
35248,1,1,1.0,stratified_80_20
35253,1,1,1.0,stratified_80_20
35254,1,1,1.0,stratified_80_20
35267,1,1,1.0,stratified_80_20
35268,0,0,0.0,stratified_80_20
35279,1,1,1.0,stratified_80_20
35284,1,1,1.0,stratified_80_20
35289,1,1,1.0,stratified_80_20
35292,1,1,1.0,stratified_80_20
35295,1,1,1.0,stratified_80_20
35315,1,1,1.0,stratified_80_20
35317,1,1,1.0,stratified_80_20
35322,1,1,1.0,stratified_80_20
35335,1,1,1.0,stratified_80_20
35345,1,1,1.0,stratified_80_20
35346,1,1,1.0,stratified_80_20
35350,1,1,1.0,stratified_80_20
35356,1,1,1.0,stratified_80_20
35373,1,1,1.0,stratified_80_20
35384,1,1,1.0,stratified_80_20
35387,1,1,1.0,stratified_80_20
35388,1,1,1.0,stratified_80_20
35394,1,1,1.0,stratified_80_20
35411,1,1,1.0,stratified_80_20
35412,1,1,1.0,stratified_80_20
35414,1,1,1.0,stratified_80_20
35427,1,1,1.0,stratified_80_20
35436,1,1,1.0,stratified_80_20
35439,1,1,1.0,stratified_80_20
35440,1,1,1.0,stratified_80_20
35442,1,1,1.0,stratified_80_20
35451,1,1,1.0,stratified_80_20
35470,1,1,1.0,stratified_80_20
35488,1,1,1.0,stratified_80_20
35489,1,1,1.0,stratified_80_20
35498,1,1,1.0,stratified_80_20
35502,1,1,1.0,stratified_80_20
35511,1,1,1.0,stratified_80_20
35525,1,1,1.0,stratified_80_20
35529,1,1,1.0,stratified_80_20
35530,1,1,1.0,stratified_80_20
35533,1,1,1.0,stratified_80_20
35541,1,1,1.0,stratified_80_20
35544,1,1,1.0,stratified_80_20
35550,1,1,1.0,stratified_80_20
35553,1,1,1.0,stratified_80_20
35560,1,1,1.0,stratified_80_20
35567,1,1,1.0,stratified_80_20
35570,1,1,1.0,stratified_80_20
35575,1,1,1.0,stratified_80_20
35578,1,1,1.0,stratified_80_20
35579,1,1,1.0,stratified_80_20
35590,1,1,1.0,stratified_80_20
35591,1,1,1.0,stratified_80_20
35612,1,1,1.0,stratified_80_20
35615,1,1,1.0,stratified_80_20
35617,1,1,1.0,stratified_80_20
35618,1,1,1.0,stratified_80_20
35623,1,1,1.0,stratified_80_20
35624,1,1,1.0,stratified_80_20
35626,1,1,1.0,stratified_80_20
35628,1,1,1.0,stratified_80_20
35636,0,0,0.0,stratified_80_20
35647,1,1,1.0,stratified_80_20
35649,1,1,1.0,stratified_80_20
35650,1,1,1.0,stratified_80_20
35653,1,1,1.0,stratified_80_20
35667,1,1,1.0,stratified_80_20
35669,1,1,1.0,stratified_80_20
35673,1,1,1.0,stratified_80_20
35676,1,1,1.0,stratified_80_20
35678,1,1,1.0,stratified_80_20
35683,1,1,1.0,stratified_80_20
35684,1,1,1.0,stratified_80_20
35689,1,1,1.0,stratified_80_20
35695,1,1,1.0,stratified_80_20
35702,1,1,1.0,stratified_80_20
35703,1,1,1.0,stratified_80_20
35704,1,1,1.0,stratified_80_20
35710,1,1,1.0,stratified_80_20
35713,1,1,1.0,stratified_80_20
35714,1,1,1.0,stratified_80_20
35715,1,1,1.0,stratified_80_20
35716,1,1,1.0,stratified_80_20
35723,1,1,1.0,stratified_80_20
35726,1,1,1.0,stratified_80_20
35727,1,1,1.0,stratified_80_20
35728,1,1,1.0,stratified_80_20
35729,1,1,1.0,stratified_80_20
35731,0,0,0.0,stratified_80_20
35732,1,1,1.0,stratified_80_20
35742,1,1,1.0,stratified_80_20
35746,1,1,1.0,stratified_80_20
35748,1,1,1.0,stratified_80_20
35751,1,1,1.0,stratified_80_20
35758,1,1,1.0,stratified_80_20
35765,1,1,1.0,stratified_80_20
35769,1,1,1.0,stratified_80_20
35773,1,1,1.0,stratified_80_20
35774,1,1,1.0,stratified_80_20
35782,1,1,1.0,stratified_80_20
35788,1,1,1.0,stratified_80_20
35790,1,1,1.0,stratified_80_20
35793,1,1,1.0,stratified_80_20
35796,1,1,1.0,stratified_80_20
35802,1,1,1.0,stratified_80_20
35806,1,1,1.0,stratified_80_20
35808,1,1,1.0,stratified_80_20
35814,0,0,0.0,stratified_80_20
35823,1,1,1.0,stratified_80_20
35827,1,1,1.0,stratified_80_20
35832,0,0,0.0,stratified_80_20
35834,1,1,1.0,stratified_80_20
35843,1,1,1.0,stratified_80_20
35846,1,1,1.0,stratified_80_20
35847,1,1,1.0,stratified_80_20
35854,1,1,1.0,stratified_80_20
35855,1,1,1.0,stratified_80_20
35857,1,1,1.0,stratified_80_20
35864,1,1,1.0,stratified_80_20
35868,1,1,1.0,stratified_80_20
35870,1,1,1.0,stratified_80_20
35881,1,1,1.0,stratified_80_20
35883,1,1,1.0,stratified_80_20
35884,1,1,1.0,stratified_80_20
35892,1,1,1.0,stratified_80_20
35896,1,1,1.0,stratified_80_20
35897,1,1,1.0,stratified_80_20
35900,1,1,1.0,stratified_80_20
35902,1,1,1.0,stratified_80_20
35909,1,1,1.0,stratified_80_20
35916,1,1,1.0,stratified_80_20
35921,1,1,1.0,stratified_80_20
35923,0,0,0.0,stratified_80_20
35932,1,1,1.0,stratified_80_20
35941,1,1,1.0,stratified_80_20
35944,1,1,1.0,stratified_80_20
35948,1,1,1.0,stratified_80_20
35949,1,1,1.0,stratified_80_20
35957,1,1,1.0,stratified_80_20
35959,1,1,1.0,stratified_80_20
35960,1,1,1.0,stratified_80_20
35965,1,1,1.0,stratified_80_20
35969,1,1,1.0,stratified_80_20
35976,1,1,1.0,stratified_80_20
35977,1,1,1.0,stratified_80_20
35983,1,1,1.0,stratified_80_20
35984,1,1,1.0,stratified_80_20
35986,1,1,1.0,stratified_80_20
35989,1,1,1.0,stratified_80_20
35995,1,1,1.0,stratified_80_20
35997,0,0,0.0,stratified_80_20
36006,0,0,0.0,stratified_80_20
36007,1,1,1.0,stratified_80_20
36019,1,1,1.0,stratified_80_20
36022,0,0,0.0,stratified_80_20
36023,0,0,0.0,stratified_80_20
36029,1,1,1.0,stratified_80_20
36031,1,1,1.0,stratified_80_20
36033,1,1,1.0,stratified_80_20
36035,1,1,1.0,stratified_80_20
36036,1,1,1.0,stratified_80_20
36042,1,1,1.0,stratified_80_20
36046,1,1,1.0,stratified_80_20
36064,1,1,1.0,stratified_80_20
36065,1,1,1.0,stratified_80_20
36067,1,1,1.0,stratified_80_20
36075,1,1,1.0,stratified_80_20
36082,1,1,1.0,stratified_80_20
36085,1,1,1.0,stratified_80_20
36091,1,1,1.0,stratified_80_20
36098,1,1,1.0,stratified_80_20
36101,1,1,1.0,stratified_80_20
36108,1,1,1.0,stratified_80_20
36111,1,1,1.0,stratified_80_20
36113,1,1,1.0,stratified_80_20
36114,1,1,1.0,stratified_80_20
36121,1,1,1.0,stratified_80_20
36125,1,1,1.0,stratified_80_20
36134,1,1,1.0,stratified_80_20
36138,1,1,1.0,stratified_80_20
36143,1,1,1.0,stratified_80_20
36146,1,1,1.0,stratified_80_20
36150,1,1,1.0,stratified_80_20
36153,1,1,1.0,stratified_80_20
36156,1,1,1.0,stratified_80_20
36157,1,1,1.0,stratified_80_20
36158,1,1,1.0,stratified_80_20
36165,1,1,1.0,stratified_80_20
36169,1,1,1.0,stratified_80_20
36170,1,1,1.0,stratified_80_20
36180,1,1,1.0,stratified_80_20
36181,1,1,1.0,stratified_80_20
36182,0,0,0.0,stratified_80_20
36183,1,1,1.0,stratified_80_20
36193,1,1,1.0,stratified_80_20
36196,1,1,1.0,stratified_80_20
36207,1,1,1.0,stratified_80_20
36210,1,1,1.0,stratified_80_20
36211,1,1,1.0,stratified_80_20
36213,1,1,1.0,stratified_80_20
36216,1,1,1.0,stratified_80_20
36225,1,1,1.0,stratified_80_20
36226,1,1,1.0,stratified_80_20
36233,1,1,1.0,stratified_80_20
36246,1,1,1.0,stratified_80_20
36248,1,1,1.0,stratified_80_20
36249,1,1,1.0,stratified_80_20
36254,1,1,1.0,stratified_80_20
36256,1,1,1.0,stratified_80_20
36264,0,0,0.0,stratified_80_20
36275,1,1,1.0,stratified_80_20
36280,1,1,1.0,stratified_80_20
36282,1,1,1.0,stratified_80_20
36284,1,1,1.0,stratified_80_20
36285,1,1,1.0,stratified_80_20
36287,0,0,0.0,stratified_80_20
36304,1,1,1.0,stratified_80_20
36311,1,1,1.0,stratified_80_20
36315,1,1,1.0,stratified_80_20
36318,1,1,1.0,stratified_80_20
36321,1,1,1.0,stratified_80_20
36331,1,1,1.0,stratified_80_20
36332,1,1,1.0,stratified_80_20
36339,1,1,1.0,stratified_80_20
36346,1,1,1.0,stratified_80_20
36352,1,1,1.0,stratified_80_20
36353,1,1,1.0,stratified_80_20
36355,1,1,1.0,stratified_80_20
36357,1,1,1.0,stratified_80_20
36362,1,1,1.0,stratified_80_20
36365,0,0,0.0,stratified_80_20
36367,1,1,1.0,stratified_80_20
36370,1,1,1.0,stratified_80_20
36371,1,1,1.0,stratified_80_20
36374,1,1,1.0,stratified_80_20
36381,1,1,1.0,stratified_80_20
36389,1,1,1.0,stratified_80_20
36390,1,1,1.0,stratified_80_20
36403,1,1,1.0,stratified_80_20
36408,1,1,1.0,stratified_80_20
36409,1,1,1.0,stratified_80_20
36413,1,1,1.0,stratified_80_20
36428,1,1,1.0,stratified_80_20
36448,1,1,1.0,stratified_80_20
36449,1,1,1.0,stratified_80_20
36450,1,1,1.0,stratified_80_20
36456,1,1,1.0,stratified_80_20
36460,1,1,1.0,stratified_80_20
36465,0,0,0.0,stratified_80_20
36485,1,1,1.0,stratified_80_20
36494,1,1,1.0,stratified_80_20
36501,1,1,1.0,stratified_80_20
36510,1,1,1.0,stratified_80_20
36516,1,1,1.0,stratified_80_20
36519,1,1,1.0,stratified_80_20
36521,1,1,1.0,stratified_80_20
36528,1,1,1.0,stratified_80_20
36533,1,1,1.0,stratified_80_20
36547,0,0,0.0,stratified_80_20
36558,1,1,1.0,stratified_80_20
36561,1,1,1.0,stratified_80_20
36563,1,1,1.0,stratified_80_20
36564,1,1,1.0,stratified_80_20
36572,1,1,1.0,stratified_80_20
36573,1,1,1.0,stratified_80_20
36576,1,1,1.0,stratified_80_20
36583,1,1,1.0,stratified_80_20
36589,1,1,1.0,stratified_80_20
36593,1,1,1.0,stratified_80_20
36595,1,1,1.0,stratified_80_20
36598,1,1,1.0,stratified_80_20
36599,1,1,1.0,stratified_80_20
36603,1,1,1.0,stratified_80_20
36606,1,1,1.0,stratified_80_20
36609,1,1,1.0,stratified_80_20
36616,1,1,1.0,stratified_80_20
36621,1,1,1.0,stratified_80_20
36625,1,1,1.0,stratified_80_20
36631,1,1,1.0,stratified_80_20
36632,1,1,1.0,stratified_80_20
36636,1,1,1.0,stratified_80_20
36644,0,0,0.0,stratified_80_20
36651,1,1,1.0,stratified_80_20
36656,1,1,1.0,stratified_80_20
36660,1,1,1.0,stratified_80_20
36662,1,1,1.0,stratified_80_20
36665,1,1,1.0,stratified_80_20
36668,1,1,1.0,stratified_80_20
36673,1,1,1.0,stratified_80_20
36676,1,1,1.0,stratified_80_20
36685,1,1,1.0,stratified_80_20
36686,1,1,1.0,stratified_80_20
36687,1,1,1.0,stratified_80_20
36689,1,1,1.0,stratified_80_20
36698,1,1,1.0,stratified_80_20
36703,1,1,1.0,stratified_80_20
36717,0,0,0.0,stratified_80_20
36719,1,1,1.0,stratified_80_20
36723,1,1,1.0,stratified_80_20
36726,0,0,0.0,stratified_80_20
36747,1,1,1.0,stratified_80_20
36752,1,1,1.0,stratified_80_20
36753,1,1,1.0,stratified_80_20
36755,1,1,1.0,stratified_80_20
36756,1,1,1.0,stratified_80_20
36759,1,1,1.0,stratified_80_20
36762,0,0,0.0,stratified_80_20
36774,1,1,1.0,stratified_80_20
36775,1,1,1.0,stratified_80_20
36776,1,1,1.0,stratified_80_20
36779,1,1,1.0,stratified_80_20
36782,1,1,1.0,stratified_80_20
36787,1,1,1.0,stratified_80_20
36793,1,1,1.0,stratified_80_20
36795,1,1,1.0,stratified_80_20
36806,1,1,1.0,stratified_80_20
36812,1,1,1.0,stratified_80_20
36818,1,1,1.0,stratified_80_20
36819,1,1,1.0,stratified_80_20
36826,1,1,1.0,stratified_80_20
36828,1,1,1.0,stratified_80_20
36830,0,0,0.0,stratified_80_20
36834,1,1,1.0,stratified_80_20
36836,1,1,1.0,stratified_80_20
36842,1,1,1.0,stratified_80_20
36852,1,1,1.0,stratified_80_20
36855,1,1,1.0,stratified_80_20
36858,1,1,1.0,stratified_80_20
36865,1,1,1.0,stratified_80_20
36881,1,1,1.0,stratified_80_20
36882,1,1,1.0,stratified_80_20
36885,1,1,1.0,stratified_80_20
36892,1,1,1.0,stratified_80_20
36893,1,1,1.0,stratified_80_20
36896,1,1,1.0,stratified_80_20
36899,1,1,1.0,stratified_80_20
36908,0,0,0.0,stratified_80_20
36911,0,0,0.0,stratified_80_20
36913,0,0,0.0,stratified_80_20
36916,0,0,0.0,stratified_80_20
36924,1,1,1.0,stratified_80_20
36927,1,1,1.0,stratified_80_20
36931,1,1,1.0,stratified_80_20
36936,1,1,1.0,stratified_80_20
36949,1,1,1.0,stratified_80_20
36953,1,1,1.0,stratified_80_20
36962,1,1,1.0,stratified_80_20
36963,1,1,1.0,stratified_80_20
36971,1,1,1.0,stratified_80_20
36978,1,1,1.0,stratified_80_20
36982,1,1,1.0,stratified_80_20
37004,1,1,1.0,stratified_80_20
37009,1,1,1.0,stratified_80_20
37018,1,1,1.0,stratified_80_20
37023,1,1,1.0,stratified_80_20
37031,1,1,1.0,stratified_80_20
37032,1,1,1.0,stratified_80_20
37035,1,1,1.0,stratified_80_20
37036,1,1,1.0,stratified_80_20
37038,1,1,1.0,stratified_80_20
37045,1,1,1.0,stratified_80_20
37051,1,1,1.0,stratified_80_20
37059,1,1,1.0,stratified_80_20
37072,1,1,1.0,stratified_80_20
37090,0,0,0.0,stratified_80_20
37093,1,1,1.0,stratified_80_20
37109,1,1,1.0,stratified_80_20
37114,1,1,1.0,stratified_80_20
37116,0,0,0.0,stratified_80_20
37121,1,1,1.0,stratified_80_20
37122,1,1,1.0,stratified_80_20
37125,1,1,1.0,stratified_80_20
37126,1,1,1.0,stratified_80_20
37136,1,1,1.0,stratified_80_20
37140,1,1,1.0,stratified_80_20
37150,1,1,1.0,stratified_80_20
37156,1,1,1.0,stratified_80_20
37164,1,1,1.0,stratified_80_20
37179,0,0,0.0,stratified_80_20
37189,1,1,1.0,stratified_80_20
37190,1,1,1.0,stratified_80_20
37191,1,1,1.0,stratified_80_20
37198,1,1,1.0,stratified_80_20
37212,1,1,1.0,stratified_80_20
37213,1,1,1.0,stratified_80_20
37219,1,1,1.0,stratified_80_20
37222,1,1,1.0,stratified_80_20
37229,1,1,1.0,stratified_80_20
37232,1,1,1.0,stratified_80_20
37233,1,1,1.0,stratified_80_20
37235,1,1,1.0,stratified_80_20
37247,1,1,1.0,stratified_80_20
37250,1,1,1.0,stratified_80_20
37252,1,1,1.0,stratified_80_20
37259,1,1,1.0,stratified_80_20
37263,1,1,1.0,stratified_80_20
37266,1,1,1.0,stratified_80_20
37268,1,1,1.0,stratified_80_20
37269,1,1,1.0,stratified_80_20
37281,1,1,1.0,stratified_80_20
37287,1,1,1.0,stratified_80_20
37290,1,1,1.0,stratified_80_20
37309,1,1,1.0,stratified_80_20
37314,1,1,1.0,stratified_80_20
37318,1,1,1.0,stratified_80_20
37319,1,1,1.0,stratified_80_20
37320,1,1,1.0,stratified_80_20
37326,1,1,1.0,stratified_80_20
37336,1,1,1.0,stratified_80_20
37338,1,1,1.0,stratified_80_20
37339,1,1,1.0,stratified_80_20
37342,1,1,1.0,stratified_80_20
37343,1,1,1.0,stratified_80_20
37344,1,1,1.0,stratified_80_20
37345,1,1,1.0,stratified_80_20
37347,1,1,1.0,stratified_80_20
37348,1,1,1.0,stratified_80_20
37351,1,1,1.0,stratified_80_20
37360,1,1,1.0,stratified_80_20
37365,1,1,1.0,stratified_80_20
37368,1,1,1.0,stratified_80_20
37372,1,1,1.0,stratified_80_20
37379,1,1,1.0,stratified_80_20
37384,1,1,1.0,stratified_80_20
37389,1,1,1.0,stratified_80_20
37390,1,1,1.0,stratified_80_20
37392,1,1,1.0,stratified_80_20
37396,1,1,1.0,stratified_80_20
37404,1,1,1.0,stratified_80_20
37409,1,1,1.0,stratified_80_20
37411,1,1,1.0,stratified_80_20
37418,1,1,1.0,stratified_80_20
37427,1,1,1.0,stratified_80_20
37432,1,1,1.0,stratified_80_20
37434,1,1,1.0,stratified_80_20
37437,1,1,1.0,stratified_80_20
37438,1,1,1.0,stratified_80_20
37440,1,1,1.0,stratified_80_20
37456,0,0,0.0,stratified_80_20
37463,1,1,1.0,stratified_80_20
37465,1,1,1.0,stratified_80_20
37468,1,1,1.0,stratified_80_20
37475,1,1,1.0,stratified_80_20
37477,0,0,0.0,stratified_80_20
37494,1,1,1.0,stratified_80_20
37502,1,1,1.0,stratified_80_20
37509,1,1,1.0,stratified_80_20
37511,1,1,1.0,stratified_80_20
37515,1,1,1.0,stratified_80_20
37524,1,1,1.0,stratified_80_20
37529,1,1,1.0,stratified_80_20
37536,1,1,1.0,stratified_80_20
37543,1,1,1.0,stratified_80_20
37546,1,1,1.0,stratified_80_20
37553,1,1,1.0,stratified_80_20
37554,1,1,1.0,stratified_80_20
37557,1,1,1.0,stratified_80_20
37560,1,1,1.0,stratified_80_20
37562,1,1,1.0,stratified_80_20
37570,1,1,1.0,stratified_80_20
37571,1,1,1.0,stratified_80_20
37572,1,1,1.0,stratified_80_20
37587,1,1,1.0,stratified_80_20
37591,1,1,1.0,stratified_80_20
37605,1,1,1.0,stratified_80_20
37606,1,1,1.0,stratified_80_20
37607,1,1,1.0,stratified_80_20
37612,1,1,1.0,stratified_80_20
37613,1,1,1.0,stratified_80_20
37619,1,1,1.0,stratified_80_20
37622,1,1,1.0,stratified_80_20
37628,1,1,1.0,stratified_80_20
37630,1,1,1.0,stratified_80_20
37637,0,0,0.0,stratified_80_20
37640,0,0,0.0,stratified_80_20
37645,1,1,1.0,stratified_80_20
37651,1,1,1.0,stratified_80_20
37653,1,1,1.0,stratified_80_20
37669,1,1,1.0,stratified_80_20
37670,1,1,1.0,stratified_80_20
37676,1,1,1.0,stratified_80_20
37677,1,1,1.0,stratified_80_20
37680,1,1,1.0,stratified_80_20
37693,1,1,1.0,stratified_80_20
37702,1,1,1.0,stratified_80_20
37704,1,1,1.0,stratified_80_20
37706,1,1,1.0,stratified_80_20
37707,1,1,1.0,stratified_80_20
37708,1,1,1.0,stratified_80_20
37713,1,1,1.0,stratified_80_20
37715,1,1,1.0,stratified_80_20
37719,1,1,1.0,stratified_80_20
37728,1,1,1.0,stratified_80_20
37729,1,1,1.0,stratified_80_20
37751,1,1,1.0,stratified_80_20
37760,1,1,1.0,stratified_80_20
37761,1,1,1.0,stratified_80_20
37764,1,1,1.0,stratified_80_20
37776,1,1,1.0,stratified_80_20
37778,1,1,1.0,stratified_80_20
37782,1,1,1.0,stratified_80_20
37786,1,1,1.0,stratified_80_20
37792,1,1,1.0,stratified_80_20
37793,1,1,1.0,stratified_80_20
37798,1,1,1.0,stratified_80_20
37804,1,1,1.0,stratified_80_20
37817,0,0,0.0,stratified_80_20
37823,1,1,1.0,stratified_80_20
37827,1,1,1.0,stratified_80_20
37829,1,1,1.0,stratified_80_20
37833,1,1,1.0,stratified_80_20
37839,1,1,1.0,stratified_80_20
37841,0,0,0.0,stratified_80_20
37847,1,1,1.0,stratified_80_20
37851,1,1,1.0,stratified_80_20
37857,1,1,1.0,stratified_80_20
37868,1,1,1.0,stratified_80_20
37880,1,1,1.0,stratified_80_20
37887,1,1,1.0,stratified_80_20
37892,1,1,1.0,stratified_80_20
37898,1,1,1.0,stratified_80_20
37908,1,1,1.0,stratified_80_20
37909,1,1,1.0,stratified_80_20
37910,1,1,1.0,stratified_80_20
37915,1,1,1.0,stratified_80_20
37921,1,1,1.0,stratified_80_20
37922,1,1,1.0,stratified_80_20
37925,1,1,1.0,stratified_80_20
37928,1,1,1.0,stratified_80_20
37937,1,1,1.0,stratified_80_20
37942,0,0,0.0,stratified_80_20
37946,1,1,1.0,stratified_80_20
37970,1,1,1.0,stratified_80_20
37971,1,1,1.0,stratified_80_20
37973,1,1,1.0,stratified_80_20
37974,1,1,1.0,stratified_80_20
37982,1,1,1.0,stratified_80_20
37986,1,1,1.0,stratified_80_20
37993,1,1,1.0,stratified_80_20
38004,1,1,1.0,stratified_80_20
38008,1,1,1.0,stratified_80_20
38009,1,1,1.0,stratified_80_20
38015,1,1,1.0,stratified_80_20
38016,1,1,1.0,stratified_80_20
38024,1,1,1.0,stratified_80_20
38026,0,0,0.0,stratified_80_20
38027,1,1,1.0,stratified_80_20
38031,1,1,1.0,stratified_80_20
38035,1,1,1.0,stratified_80_20
38052,1,1,1.0,stratified_80_20
38059,1,1,1.0,stratified_80_20
38068,1,1,1.0,stratified_80_20
38074,1,1,1.0,stratified_80_20
38081,1,1,1.0,stratified_80_20
38091,1,1,1.0,stratified_80_20
38096,1,1,1.0,stratified_80_20
38101,1,1,1.0,stratified_80_20
38109,1,1,1.0,stratified_80_20
38110,1,1,1.0,stratified_80_20
38115,1,1,1.0,stratified_80_20
38117,1,1,1.0,stratified_80_20
38120,1,1,1.0,stratified_80_20
38123,1,1,1.0,stratified_80_20
38126,1,1,1.0,stratified_80_20
38132,1,1,1.0,stratified_80_20
38135,1,1,1.0,stratified_80_20
38136,1,1,1.0,stratified_80_20
38138,1,1,1.0,stratified_80_20
38141,1,1,1.0,stratified_80_20
38142,1,1,1.0,stratified_80_20
38147,1,1,1.0,stratified_80_20
38154,1,1,1.0,stratified_80_20
38156,1,1,1.0,stratified_80_20
38158,1,1,1.0,stratified_80_20
38170,1,1,1.0,stratified_80_20
38174,1,1,1.0,stratified_80_20
38175,1,1,1.0,stratified_80_20
38178,1,1,1.0,stratified_80_20
38180,1,1,1.0,stratified_80_20
38184,0,0,0.0,stratified_80_20
38198,1,1,1.0,stratified_80_20
38199,1,1,1.0,stratified_80_20
38214,1,1,1.0,stratified_80_20
38217,1,1,1.0,stratified_80_20
38223,1,1,1.0,stratified_80_20
38224,1,1,1.0,stratified_80_20
38240,1,1,1.0,stratified_80_20
38241,1,1,1.0,stratified_80_20
38242,1,1,1.0,stratified_80_20
38247,1,1,1.0,stratified_80_20
38251,1,1,1.0,stratified_80_20
38256,1,1,1.0,stratified_80_20
38263,1,1,1.0,stratified_80_20
38265,1,1,1.0,stratified_80_20
38273,1,1,1.0,stratified_80_20
38275,1,1,1.0,stratified_80_20
38277,1,1,1.0,stratified_80_20
38284,1,1,1.0,stratified_80_20
38285,1,1,1.0,stratified_80_20
38286,1,1,1.0,stratified_80_20
38287,1,1,1.0,stratified_80_20
38289,1,1,1.0,stratified_80_20
38290,1,1,1.0,stratified_80_20
38299,1,1,1.0,stratified_80_20
38301,1,1,1.0,stratified_80_20
38302,1,1,1.0,stratified_80_20
38309,1,1,1.0,stratified_80_20
38310,1,1,1.0,stratified_80_20
38316,1,1,1.0,stratified_80_20
38325,1,1,1.0,stratified_80_20
38336,1,1,1.0,stratified_80_20
38341,1,1,1.0,stratified_80_20
38345,1,1,1.0,stratified_80_20
38346,1,1,1.0,stratified_80_20
38348,1,1,1.0,stratified_80_20
38350,1,1,1.0,stratified_80_20
38351,1,1,1.0,stratified_80_20
38352,1,1,1.0,stratified_80_20
38353,1,1,1.0,stratified_80_20
38354,1,1,1.0,stratified_80_20
38356,1,1,1.0,stratified_80_20
38358,1,1,1.0,stratified_80_20
38372,0,0,0.0,stratified_80_20
38373,1,1,1.0,stratified_80_20
38377,1,1,1.0,stratified_80_20
38378,1,1,1.0,stratified_80_20
38380,1,1,1.0,stratified_80_20
38389,1,1,1.0,stratified_80_20
38391,1,1,1.0,stratified_80_20
38393,0,0,0.0,stratified_80_20
38395,1,1,1.0,stratified_80_20
38396,1,1,1.0,stratified_80_20
38401,1,1,1.0,stratified_80_20
38403,1,1,1.0,stratified_80_20
38404,1,1,1.0,stratified_80_20
38423,1,1,1.0,stratified_80_20
38424,1,1,1.0,stratified_80_20
38426,1,1,1.0,stratified_80_20
38433,1,1,1.0,stratified_80_20
38437,1,1,1.0,stratified_80_20
38441,1,1,1.0,stratified_80_20
38447,1,1,1.0,stratified_80_20
38452,1,1,1.0,stratified_80_20
38454,1,1,1.0,stratified_80_20
38458,1,1,1.0,stratified_80_20
38463,1,1,1.0,stratified_80_20
38476,1,1,1.0,stratified_80_20
38495,1,1,1.0,stratified_80_20
38503,1,1,1.0,stratified_80_20
38509,1,1,1.0,stratified_80_20
38518,1,1,1.0,stratified_80_20
38521,1,1,1.0,stratified_80_20
38538,1,1,1.0,stratified_80_20
38557,1,1,1.0,stratified_80_20
38568,1,1,1.0,stratified_80_20
38571,1,1,1.0,stratified_80_20
38572,1,1,1.0,stratified_80_20
38576,1,1,1.0,stratified_80_20
38578,1,1,1.0,stratified_80_20
38585,1,1,1.0,stratified_80_20
38587,1,1,1.0,stratified_80_20
38592,1,1,1.0,stratified_80_20
38595,1,1,1.0,stratified_80_20
38602,1,1,1.0,stratified_80_20
38609,1,1,1.0,stratified_80_20
38612,1,1,1.0,stratified_80_20
38613,1,1,1.0,stratified_80_20
38615,1,1,1.0,stratified_80_20
38623,1,1,1.0,stratified_80_20
38641,1,1,1.0,stratified_80_20
38647,1,1,1.0,stratified_80_20
38657,1,1,1.0,stratified_80_20
38660,1,1,1.0,stratified_80_20
38673,1,1,1.0,stratified_80_20
38675,1,1,1.0,stratified_80_20
38681,1,1,1.0,stratified_80_20
38685,1,1,1.0,stratified_80_20
38688,1,1,1.0,stratified_80_20
38689,1,1,1.0,stratified_80_20
38690,1,1,1.0,stratified_80_20
38693,1,1,1.0,stratified_80_20
38699,1,1,1.0,stratified_80_20
38712,1,1,1.0,stratified_80_20
38714,1,1,1.0,stratified_80_20
38717,1,1,1.0,stratified_80_20
38720,1,1,1.0,stratified_80_20
38725,1,1,1.0,stratified_80_20
38733,1,1,1.0,stratified_80_20
38739,1,1,1.0,stratified_80_20
38747,1,1,1.0,stratified_80_20
38753,1,1,1.0,stratified_80_20
38760,1,1,1.0,stratified_80_20
38764,1,1,1.0,stratified_80_20
38769,1,1,1.0,stratified_80_20
38777,1,1,1.0,stratified_80_20
38779,1,1,1.0,stratified_80_20
38783,1,1,1.0,stratified_80_20
38796,1,1,1.0,stratified_80_20
38806,1,1,1.0,stratified_80_20
38809,1,1,1.0,stratified_80_20
38819,1,1,1.0,stratified_80_20
38824,1,1,1.0,stratified_80_20
38827,1,1,1.0,stratified_80_20
38829,1,1,1.0,stratified_80_20
38832,1,1,1.0,stratified_80_20
38836,1,1,1.0,stratified_80_20
38842,1,1,1.0,stratified_80_20
38846,1,1,1.0,stratified_80_20
38847,1,1,1.0,stratified_80_20
38850,1,1,1.0,stratified_80_20
38855,1,1,1.0,stratified_80_20
38856,1,1,1.0,stratified_80_20
38857,1,1,1.0,stratified_80_20
38870,1,1,1.0,stratified_80_20
38872,1,1,1.0,stratified_80_20
38876,1,1,1.0,stratified_80_20
38879,1,1,1.0,stratified_80_20
38880,1,1,1.0,stratified_80_20
38886,1,1,1.0,stratified_80_20
38891,1,1,1.0,stratified_80_20
38898,1,1,1.0,stratified_80_20
38905,1,1,1.0,stratified_80_20
38906,0,0,0.0,stratified_80_20
38913,1,1,1.0,stratified_80_20
38915,0,0,0.0,stratified_80_20
38923,1,1,1.0,stratified_80_20
38927,1,1,1.0,stratified_80_20
38951,1,1,1.0,stratified_80_20
38952,1,1,1.0,stratified_80_20
38956,1,1,1.0,stratified_80_20
38967,1,1,1.0,stratified_80_20
38969,1,1,1.0,stratified_80_20
38975,1,1,1.0,stratified_80_20
38977,1,1,1.0,stratified_80_20
38985,1,1,1.0,stratified_80_20
38988,1,1,1.0,stratified_80_20
38989,1,1,1.0,stratified_80_20
38995,1,1,1.0,stratified_80_20
38997,1,1,1.0,stratified_80_20
39000,1,1,1.0,stratified_80_20
39005,0,0,0.0,stratified_80_20
39007,1,1,1.0,stratified_80_20
39011,1,1,1.0,stratified_80_20
39012,1,1,1.0,stratified_80_20
39015,1,1,1.0,stratified_80_20
39016,1,1,1.0,stratified_80_20
39019,1,1,1.0,stratified_80_20
39032,1,1,1.0,stratified_80_20
39037,1,1,1.0,stratified_80_20
39044,1,1,1.0,stratified_80_20
39048,1,1,1.0,stratified_80_20
39054,1,1,1.0,stratified_80_20
39058,1,1,1.0,stratified_80_20
39059,1,1,1.0,stratified_80_20
39060,1,1,1.0,stratified_80_20
39065,1,1,1.0,stratified_80_20
39068,1,1,1.0,stratified_80_20
39072,1,1,1.0,stratified_80_20
39073,1,1,1.0,stratified_80_20
39082,1,1,1.0,stratified_80_20
39084,1,1,1.0,stratified_80_20
39094,1,1,1.0,stratified_80_20
39097,0,0,0.0,stratified_80_20
39106,1,1,1.0,stratified_80_20
39113,1,1,1.0,stratified_80_20
39121,1,1,1.0,stratified_80_20
39124,1,1,1.0,stratified_80_20
39129,1,1,1.0,stratified_80_20
39135,1,1,1.0,stratified_80_20
39137,1,1,1.0,stratified_80_20
39139,1,1,1.0,stratified_80_20
39140,1,1,1.0,stratified_80_20
39142,1,1,1.0,stratified_80_20
39144,1,1,1.0,stratified_80_20
39146,1,1,1.0,stratified_80_20
39148,1,1,1.0,stratified_80_20
39155,1,1,1.0,stratified_80_20
39157,1,1,1.0,stratified_80_20
39158,1,1,1.0,stratified_80_20
39164,1,1,1.0,stratified_80_20
39169,1,1,1.0,stratified_80_20
39171,1,1,1.0,stratified_80_20
39181,1,1,1.0,stratified_80_20
39186,1,1,1.0,stratified_80_20
39189,1,1,1.0,stratified_80_20
39190,1,1,1.0,stratified_80_20
39193,1,1,1.0,stratified_80_20
39194,1,1,1.0,stratified_80_20
39201,1,1,1.0,stratified_80_20
39203,1,1,1.0,stratified_80_20
39209,1,1,1.0,stratified_80_20
39211,1,1,1.0,stratified_80_20
39213,1,1,1.0,stratified_80_20
39233,1,1,1.0,stratified_80_20
39234,1,1,1.0,stratified_80_20
39243,1,1,1.0,stratified_80_20
39248,1,1,1.0,stratified_80_20
39249,1,1,1.0,stratified_80_20
39259,1,1,1.0,stratified_80_20
39265,1,1,1.0,stratified_80_20
39270,1,1,1.0,stratified_80_20
39279,0,0,0.0,stratified_80_20
39280,1,1,1.0,stratified_80_20
39283,1,1,1.0,stratified_80_20
39284,1,1,1.0,stratified_80_20
39288,1,1,1.0,stratified_80_20
39290,1,1,1.0,stratified_80_20
39294,1,1,1.0,stratified_80_20
39304,1,1,1.0,stratified_80_20
39307,1,1,1.0,stratified_80_20
39308,1,1,1.0,stratified_80_20
39316,1,1,1.0,stratified_80_20
39322,1,1,1.0,stratified_80_20
39325,1,1,1.0,stratified_80_20
39327,1,1,1.0,stratified_80_20
39330,1,1,1.0,stratified_80_20
39333,1,1,1.0,stratified_80_20
39342,1,1,1.0,stratified_80_20
39344,1,1,1.0,stratified_80_20
39346,1,1,1.0,stratified_80_20
39348,1,1,1.0,stratified_80_20
39352,1,1,1.0,stratified_80_20
39357,1,1,1.0,stratified_80_20
39360,1,1,1.0,stratified_80_20
39378,1,1,1.0,stratified_80_20
39384,1,1,1.0,stratified_80_20
39386,1,1,1.0,stratified_80_20
39389,1,1,1.0,stratified_80_20
39393,1,1,1.0,stratified_80_20
39399,1,1,1.0,stratified_80_20
39405,1,1,1.0,stratified_80_20
39407,1,1,1.0,stratified_80_20
39410,1,1,1.0,stratified_80_20
39413,1,1,1.0,stratified_80_20
39414,1,1,1.0,stratified_80_20
39416,1,1,1.0,stratified_80_20
39418,1,1,1.0,stratified_80_20
39422,1,1,1.0,stratified_80_20
39428,1,1,1.0,stratified_80_20
39438,1,1,1.0,stratified_80_20
39439,1,1,1.0,stratified_80_20
39441,1,1,1.0,stratified_80_20
39449,1,1,1.0,stratified_80_20
39457,1,1,1.0,stratified_80_20
39463,1,1,1.0,stratified_80_20
39484,1,1,1.0,stratified_80_20
39488,0,0,0.0,stratified_80_20
39507,1,1,1.0,stratified_80_20
39509,1,1,1.0,stratified_80_20
39510,1,1,1.0,stratified_80_20
39521,1,1,1.0,stratified_80_20
39524,1,1,1.0,stratified_80_20
39526,1,1,1.0,stratified_80_20
39537,1,1,1.0,stratified_80_20
39538,1,1,1.0,stratified_80_20
39539,1,1,1.0,stratified_80_20
39540,1,1,1.0,stratified_80_20
39547,1,1,1.0,stratified_80_20
39549,1,1,1.0,stratified_80_20
39552,1,1,1.0,stratified_80_20
39554,1,1,1.0,stratified_80_20
39555,1,1,1.0,stratified_80_20
39556,1,1,1.0,stratified_80_20
39557,1,1,1.0,stratified_80_20
39558,1,1,1.0,stratified_80_20
39561,1,1,1.0,stratified_80_20
39570,1,1,1.0,stratified_80_20
39571,1,1,1.0,stratified_80_20
39575,1,1,1.0,stratified_80_20
39585,1,1,1.0,stratified_80_20
39593,1,1,1.0,stratified_80_20
39595,1,1,1.0,stratified_80_20
39597,1,1,1.0,stratified_80_20
39608,1,1,1.0,stratified_80_20
39612,1,1,1.0,stratified_80_20
39618,1,1,1.0,stratified_80_20
39627,1,1,1.0,stratified_80_20
39629,1,1,1.0,stratified_80_20
39630,1,1,1.0,stratified_80_20
39640,1,1,1.0,stratified_80_20
39643,0,0,0.0,stratified_80_20
39650,1,1,1.0,stratified_80_20
39660,0,0,0.0,stratified_80_20
39673,1,1,1.0,stratified_80_20
39679,1,1,1.0,stratified_80_20
39683,1,1,1.0,stratified_80_20
39684,1,1,1.0,stratified_80_20
39691,1,1,1.0,stratified_80_20
39700,1,1,1.0,stratified_80_20
39706,1,1,1.0,stratified_80_20
39715,1,1,1.0,stratified_80_20
39719,1,1,1.0,stratified_80_20
39721,1,1,1.0,stratified_80_20
39723,1,1,1.0,stratified_80_20
39729,1,1,1.0,stratified_80_20
39730,1,1,1.0,stratified_80_20
39731,1,1,1.0,stratified_80_20
39737,1,1,1.0,stratified_80_20
39738,1,1,1.0,stratified_80_20
39744,1,1,1.0,stratified_80_20
39749,1,1,1.0,stratified_80_20
39751,1,1,1.0,stratified_80_20
39762,1,1,1.0,stratified_80_20
39764,1,1,1.0,stratified_80_20
39765,1,1,1.0,stratified_80_20
39767,1,1,1.0,stratified_80_20
39768,1,1,1.0,stratified_80_20
39769,1,1,1.0,stratified_80_20
39770,1,1,1.0,stratified_80_20
39783,1,1,1.0,stratified_80_20
39785,1,1,1.0,stratified_80_20
39789,1,1,1.0,stratified_80_20
39802,1,1,1.0,stratified_80_20
39803,1,1,1.0,stratified_80_20
39804,1,1,1.0,stratified_80_20
39805,1,1,1.0,stratified_80_20
39807,1,1,1.0,stratified_80_20
39808,1,1,1.0,stratified_80_20
39809,1,1,1.0,stratified_80_20
39810,1,1,1.0,stratified_80_20
39813,1,1,1.0,stratified_80_20
39815,0,0,0.0,stratified_80_20
39819,1,1,1.0,stratified_80_20
39826,1,1,1.0,stratified_80_20
39831,1,1,1.0,stratified_80_20
39835,1,1,1.0,stratified_80_20
39843,1,1,1.0,stratified_80_20
39848,1,1,1.0,stratified_80_20
39857,1,1,1.0,stratified_80_20
39877,1,1,1.0,stratified_80_20
39884,1,1,1.0,stratified_80_20
39894,1,1,1.0,stratified_80_20
39902,1,1,1.0,stratified_80_20
39907,1,1,1.0,stratified_80_20
39915,1,1,1.0,stratified_80_20
39917,1,1,1.0,stratified_80_20
39918,1,1,1.0,stratified_80_20
39922,1,1,1.0,stratified_80_20
39924,0,0,0.0,stratified_80_20
39925,1,1,1.0,stratified_80_20
39929,1,1,1.0,stratified_80_20
39932,1,1,1.0,stratified_80_20
39936,1,1,1.0,stratified_80_20
39937,1,1,1.0,stratified_80_20
39938,1,1,1.0,stratified_80_20
39940,1,1,1.0,stratified_80_20
39945,1,1,1.0,stratified_80_20
39946,1,1,1.0,stratified_80_20
39947,0,0,0.0,stratified_80_20
39955,1,1,1.0,stratified_80_20
39958,1,1,1.0,stratified_80_20
39959,1,1,1.0,stratified_80_20
39960,1,1,1.0,stratified_80_20
39963,1,1,1.0,stratified_80_20
39964,1,1,1.0,stratified_80_20
39965,0,0,0.0,stratified_80_20
39970,1,1,1.0,stratified_80_20
39975,1,1,1.0,stratified_80_20
39979,1,1,1.0,stratified_80_20
39989,1,1,1.0,stratified_80_20
39997,1,1,1.0,stratified_80_20
40009,1,1,1.0,stratified_80_20
40010,1,1,1.0,stratified_80_20
40013,1,1,1.0,stratified_80_20
40015,1,1,1.0,stratified_80_20
40017,1,1,1.0,stratified_80_20
40021,1,1,1.0,stratified_80_20
40034,1,1,1.0,stratified_80_20
40035,1,1,1.0,stratified_80_20
40036,1,1,1.0,stratified_80_20
40040,1,1,1.0,stratified_80_20
40041,1,1,1.0,stratified_80_20
40042,1,1,1.0,stratified_80_20
40043,1,1,1.0,stratified_80_20
40060,1,1,1.0,stratified_80_20
40065,1,1,1.0,stratified_80_20
40068,1,1,1.0,stratified_80_20
40071,1,1,1.0,stratified_80_20
40072,1,1,1.0,stratified_80_20
40081,1,1,1.0,stratified_80_20
40082,1,1,1.0,stratified_80_20
40086,1,1,1.0,stratified_80_20
40090,1,1,1.0,stratified_80_20
40091,1,1,1.0,stratified_80_20
40092,1,1,1.0,stratified_80_20
40095,1,1,1.0,stratified_80_20
40099,1,1,1.0,stratified_80_20
40100,1,1,1.0,stratified_80_20
40107,1,1,1.0,stratified_80_20
40108,1,1,1.0,stratified_80_20
40110,1,1,1.0,stratified_80_20
40112,1,1,1.0,stratified_80_20
40114,1,1,1.0,stratified_80_20
40120,1,1,1.0,stratified_80_20
40153,1,1,1.0,stratified_80_20
40165,1,1,1.0,stratified_80_20
40168,1,1,1.0,stratified_80_20
40170,1,1,1.0,stratified_80_20
40171,1,1,1.0,stratified_80_20
40172,1,1,1.0,stratified_80_20
40179,0,0,0.0,stratified_80_20
40185,1,1,1.0,stratified_80_20
40189,1,1,1.0,stratified_80_20
40198,1,1,1.0,stratified_80_20
40203,1,1,1.0,stratified_80_20
40205,0,0,0.0,stratified_80_20
40223,1,1,1.0,stratified_80_20
40226,1,1,1.0,stratified_80_20
40228,1,1,1.0,stratified_80_20
40229,1,1,1.0,stratified_80_20
40257,1,1,1.0,stratified_80_20
40259,1,1,1.0,stratified_80_20
40261,1,1,1.0,stratified_80_20
40264,1,1,1.0,stratified_80_20
40270,1,1,1.0,stratified_80_20
40275,1,1,1.0,stratified_80_20
40277,1,1,1.0,stratified_80_20
40280,1,1,1.0,stratified_80_20
40282,1,1,1.0,stratified_80_20
40288,1,1,1.0,stratified_80_20
40299,1,1,1.0,stratified_80_20
40300,1,1,1.0,stratified_80_20
40302,1,1,1.0,stratified_80_20
40314,1,1,1.0,stratified_80_20
40317,1,1,1.0,stratified_80_20
40319,1,1,1.0,stratified_80_20
40324,1,1,1.0,stratified_80_20
40333,1,1,1.0,stratified_80_20
40334,1,1,1.0,stratified_80_20
40336,1,1,1.0,stratified_80_20
40345,1,1,1.0,stratified_80_20
40356,1,1,1.0,stratified_80_20
40357,1,1,1.0,stratified_80_20
40359,1,1,1.0,stratified_80_20
40365,0,0,0.0,stratified_80_20
40366,1,1,1.0,stratified_80_20
40367,1,1,1.0,stratified_80_20
40370,1,1,1.0,stratified_80_20
40375,1,1,1.0,stratified_80_20
40378,1,1,1.0,stratified_80_20
40380,1,1,1.0,stratified_80_20
40387,1,1,1.0,stratified_80_20
40390,1,1,1.0,stratified_80_20
40399,0,0,0.0,stratified_80_20
40409,1,1,1.0,stratified_80_20
40410,1,1,1.0,stratified_80_20
40413,1,1,1.0,stratified_80_20
40423,1,1,1.0,stratified_80_20
40425,1,1,1.0,stratified_80_20
40430,1,1,1.0,stratified_80_20
40431,1,1,1.0,stratified_80_20
40438,1,1,1.0,stratified_80_20
40450,1,1,1.0,stratified_80_20
40453,1,1,1.0,stratified_80_20
40456,1,1,1.0,stratified_80_20
40463,1,1,1.0,stratified_80_20
40473,1,1,1.0,stratified_80_20
40476,1,1,1.0,stratified_80_20
40477,1,1,1.0,stratified_80_20
40479,1,1,1.0,stratified_80_20
40486,1,1,1.0,stratified_80_20
40487,1,1,1.0,stratified_80_20
40490,1,1,1.0,stratified_80_20
40491,1,1,1.0,stratified_80_20
40492,1,1,1.0,stratified_80_20
40494,1,1,1.0,stratified_80_20
40495,1,1,1.0,stratified_80_20
40504,1,1,1.0,stratified_80_20
40517,1,1,1.0,stratified_80_20
40520,1,1,1.0,stratified_80_20
40527,1,1,1.0,stratified_80_20
40530,1,1,1.0,stratified_80_20
40532,1,1,1.0,stratified_80_20
40533,1,1,1.0,stratified_80_20
40535,1,1,1.0,stratified_80_20
40539,1,1,1.0,stratified_80_20
40543,1,1,1.0,stratified_80_20
40571,1,1,1.0,stratified_80_20
40572,1,1,1.0,stratified_80_20
40575,1,1,1.0,stratified_80_20
40580,1,1,1.0,stratified_80_20
40581,1,1,1.0,stratified_80_20
40584,1,1,1.0,stratified_80_20
40588,1,1,1.0,stratified_80_20
40612,1,1,1.0,stratified_80_20
40616,1,1,1.0,stratified_80_20
40619,1,1,1.0,stratified_80_20
40628,1,1,1.0,stratified_80_20
40634,1,1,1.0,stratified_80_20
40639,1,1,1.0,stratified_80_20
40649,1,1,1.0,stratified_80_20
40654,1,1,1.0,stratified_80_20
40662,1,1,1.0,stratified_80_20
40664,1,1,1.0,stratified_80_20
40665,1,1,1.0,stratified_80_20
40667,1,1,1.0,stratified_80_20
40673,1,1,1.0,stratified_80_20
40678,1,1,1.0,stratified_80_20
40680,1,1,1.0,stratified_80_20
40684,1,1,1.0,stratified_80_20
40700,1,1,1.0,stratified_80_20
40724,0,0,0.0,stratified_80_20
40731,0,0,0.0,stratified_80_20
40737,1,1,1.0,stratified_80_20
40746,1,1,1.0,stratified_80_20
40747,1,1,1.0,stratified_80_20
40761,1,1,1.0,stratified_80_20
40767,1,1,1.0,stratified_80_20
40769,1,1,1.0,stratified_80_20
40771,1,1,1.0,stratified_80_20
40772,1,1,1.0,stratified_80_20
40773,1,1,1.0,stratified_80_20
40775,1,1,1.0,stratified_80_20
40776,1,1,1.0,stratified_80_20
40778,1,1,1.0,stratified_80_20
40783,1,1,1.0,stratified_80_20
40786,1,1,1.0,stratified_80_20
40791,1,1,1.0,stratified_80_20
40796,1,1,1.0,stratified_80_20
40799,1,1,1.0,stratified_80_20
40806,1,1,1.0,stratified_80_20
40807,1,1,1.0,stratified_80_20
40808,1,1,1.0,stratified_80_20
40810,1,1,1.0,stratified_80_20
40813,1,1,1.0,stratified_80_20
40830,1,1,1.0,stratified_80_20
40840,1,1,1.0,stratified_80_20
40842,1,1,1.0,stratified_80_20
40862,0,0,0.0,stratified_80_20
40863,1,1,1.0,stratified_80_20
40864,1,1,1.0,stratified_80_20
40877,1,1,1.0,stratified_80_20
40882,1,1,1.0,stratified_80_20
40886,1,1,1.0,stratified_80_20
40888,1,1,1.0,stratified_80_20
40889,1,1,1.0,stratified_80_20
40891,1,1,1.0,stratified_80_20
40901,1,1,1.0,stratified_80_20
40910,0,0,0.0,stratified_80_20
40911,1,1,1.0,stratified_80_20
40918,1,1,1.0,stratified_80_20
40920,1,1,1.0,stratified_80_20
40923,1,1,1.0,stratified_80_20
40931,0,0,0.0,stratified_80_20
40933,1,1,1.0,stratified_80_20
40936,1,1,1.0,stratified_80_20
40946,1,1,1.0,stratified_80_20
40955,1,1,1.0,stratified_80_20
40959,1,1,1.0,stratified_80_20
40961,1,1,1.0,stratified_80_20
40965,1,1,1.0,stratified_80_20
40969,1,1,1.0,stratified_80_20
40976,1,1,1.0,stratified_80_20
40977,1,1,1.0,stratified_80_20
40984,1,1,1.0,stratified_80_20
40986,1,1,1.0,stratified_80_20
40989,1,1,1.0,stratified_80_20
40991,1,1,1.0,stratified_80_20
41003,1,1,1.0,stratified_80_20
41010,1,1,1.0,stratified_80_20
41029,1,1,1.0,stratified_80_20
41032,1,1,1.0,stratified_80_20
41036,1,1,1.0,stratified_80_20
41039,1,1,1.0,stratified_80_20
41041,1,1,1.0,stratified_80_20
41053,1,1,1.0,stratified_80_20
41054,1,1,1.0,stratified_80_20
41061,1,1,1.0,stratified_80_20
41063,1,1,1.0,stratified_80_20
41065,1,1,1.0,stratified_80_20
41066,1,1,1.0,stratified_80_20
41067,1,1,1.0,stratified_80_20
41068,1,1,1.0,stratified_80_20
41073,1,1,1.0,stratified_80_20
41075,1,1,1.0,stratified_80_20
41080,1,1,1.0,stratified_80_20
41081,1,1,1.0,stratified_80_20
41082,1,1,1.0,stratified_80_20
41083,1,1,1.0,stratified_80_20
41086,1,1,1.0,stratified_80_20
41091,0,0,0.0,stratified_80_20
41093,1,1,1.0,stratified_80_20
41097,1,1,1.0,stratified_80_20
41107,1,1,1.0,stratified_80_20
41121,1,1,1.0,stratified_80_20
41123,1,1,1.0,stratified_80_20
41132,1,1,1.0,stratified_80_20
41134,1,1,1.0,stratified_80_20
41140,1,1,1.0,stratified_80_20
41142,1,1,1.0,stratified_80_20
41145,1,1,1.0,stratified_80_20
41152,1,1,1.0,stratified_80_20
41158,1,1,1.0,stratified_80_20
41168,1,1,1.0,stratified_80_20
41169,1,1,1.0,stratified_80_20
41184,1,1,1.0,stratified_80_20
41186,1,1,1.0,stratified_80_20
41187,1,1,1.0,stratified_80_20
41189,1,1,1.0,stratified_80_20
41192,1,1,1.0,stratified_80_20
41194,1,1,1.0,stratified_80_20
41195,1,1,1.0,stratified_80_20
41197,1,1,1.0,stratified_80_20
41198,1,1,1.0,stratified_80_20
41199,1,1,1.0,stratified_80_20
41203,1,1,1.0,stratified_80_20
41214,1,1,1.0,stratified_80_20
41217,1,1,1.0,stratified_80_20
41220,1,1,1.0,stratified_80_20
41221,1,1,1.0,stratified_80_20
41225,1,1,1.0,stratified_80_20
41232,1,1,1.0,stratified_80_20
41237,1,1,1.0,stratified_80_20
41246,1,1,1.0,stratified_80_20
41248,1,1,1.0,stratified_80_20
41267,0,0,0.0,stratified_80_20
41275,0,0,0.0,stratified_80_20
41281,1,1,1.0,stratified_80_20
41282,1,1,1.0,stratified_80_20
41291,1,1,1.0,stratified_80_20
41293,1,1,1.0,stratified_80_20
41296,1,1,1.0,stratified_80_20
41304,1,1,1.0,stratified_80_20
41313,1,1,1.0,stratified_80_20
41322,1,1,1.0,stratified_80_20
41328,1,1,1.0,stratified_80_20
41330,1,1,1.0,stratified_80_20
41334,1,1,1.0,stratified_80_20
41342,1,1,1.0,stratified_80_20
41349,1,1,1.0,stratified_80_20
41357,1,1,1.0,stratified_80_20
41364,1,1,1.0,stratified_80_20
41366,1,1,1.0,stratified_80_20
41368,1,1,1.0,stratified_80_20
41382,1,1,1.0,stratified_80_20
41389,1,1,1.0,stratified_80_20
41393,1,1,1.0,stratified_80_20
41397,1,1,1.0,stratified_80_20
41398,1,1,1.0,stratified_80_20
41399,1,1,1.0,stratified_80_20
41403,1,1,1.0,stratified_80_20
41407,1,1,1.0,stratified_80_20
41409,1,1,1.0,stratified_80_20
41414,1,1,1.0,stratified_80_20
41429,1,1,1.0,stratified_80_20
41431,1,1,1.0,stratified_80_20
41434,1,1,1.0,stratified_80_20
41444,1,1,1.0,stratified_80_20
41445,1,1,1.0,stratified_80_20
41455,0,0,0.0,stratified_80_20
41461,1,1,1.0,stratified_80_20
41465,1,1,1.0,stratified_80_20
41471,1,1,1.0,stratified_80_20
41478,1,1,1.0,stratified_80_20
41481,1,1,1.0,stratified_80_20
41484,1,1,1.0,stratified_80_20
41486,1,1,1.0,stratified_80_20
41495,1,1,1.0,stratified_80_20
41496,1,1,1.0,stratified_80_20
41513,1,1,1.0,stratified_80_20
41525,1,1,1.0,stratified_80_20
41528,1,1,1.0,stratified_80_20
41530,1,1,1.0,stratified_80_20
41531,1,1,1.0,stratified_80_20
41536,1,1,1.0,stratified_80_20
41541,1,1,1.0,stratified_80_20
41545,1,1,1.0,stratified_80_20
41546,1,1,1.0,stratified_80_20
41549,1,1,1.0,stratified_80_20
41551,1,1,1.0,stratified_80_20
41559,1,1,1.0,stratified_80_20
41566,1,1,1.0,stratified_80_20
41567,1,1,1.0,stratified_80_20
41584,1,1,1.0,stratified_80_20
41590,1,1,1.0,stratified_80_20
41595,1,1,1.0,stratified_80_20
41599,1,1,1.0,stratified_80_20
41602,1,1,1.0,stratified_80_20
41603,1,1,1.0,stratified_80_20
41605,1,1,1.0,stratified_80_20
41609,1,1,1.0,stratified_80_20
41610,1,1,1.0,stratified_80_20
41618,1,1,1.0,stratified_80_20
41619,1,1,1.0,stratified_80_20
41621,1,1,1.0,stratified_80_20
41624,1,1,1.0,stratified_80_20
41632,1,1,1.0,stratified_80_20
41635,0,0,0.0,stratified_80_20
41639,1,1,1.0,stratified_80_20
41640,1,1,1.0,stratified_80_20
41646,1,1,1.0,stratified_80_20
41647,1,1,1.0,stratified_80_20
41654,1,1,1.0,stratified_80_20
41658,1,1,1.0,stratified_80_20
41670,1,1,1.0,stratified_80_20
41673,1,1,1.0,stratified_80_20
41678,1,1,1.0,stratified_80_20
41682,1,1,1.0,stratified_80_20
41683,1,1,1.0,stratified_80_20
41685,1,1,1.0,stratified_80_20
41695,1,1,1.0,stratified_80_20
41703,1,1,1.0,stratified_80_20
41705,1,1,1.0,stratified_80_20
41706,1,1,1.0,stratified_80_20
41709,1,1,1.0,stratified_80_20
41721,1,1,1.0,stratified_80_20
41731,1,1,1.0,stratified_80_20
41738,1,1,1.0,stratified_80_20
41742,1,1,1.0,stratified_80_20
41743,1,1,1.0,stratified_80_20
41746,1,1,1.0,stratified_80_20
41751,1,1,1.0,stratified_80_20
41752,1,1,1.0,stratified_80_20
41758,1,1,1.0,stratified_80_20
41761,1,1,1.0,stratified_80_20
41768,1,1,1.0,stratified_80_20
41787,1,1,1.0,stratified_80_20
41791,1,1,1.0,stratified_80_20
41801,1,1,1.0,stratified_80_20
41808,0,0,0.0,stratified_80_20
41811,1,1,1.0,stratified_80_20
41816,0,0,0.0,stratified_80_20
41820,1,1,1.0,stratified_80_20
41821,1,1,1.0,stratified_80_20
41822,1,1,1.0,stratified_80_20
41857,1,1,1.0,stratified_80_20
41868,1,1,1.0,stratified_80_20
41874,1,1,1.0,stratified_80_20
41879,1,1,1.0,stratified_80_20
41883,1,1,1.0,stratified_80_20
41896,1,1,1.0,stratified_80_20
41903,1,1,1.0,stratified_80_20
41905,1,1,1.0,stratified_80_20
41908,1,1,1.0,stratified_80_20
41910,1,1,1.0,stratified_80_20
41913,1,1,1.0,stratified_80_20
41938,1,1,1.0,stratified_80_20
41941,1,1,1.0,stratified_80_20
41945,1,1,1.0,stratified_80_20
41961,1,1,1.0,stratified_80_20
41966,1,1,1.0,stratified_80_20
41970,1,1,1.0,stratified_80_20
41973,1,1,1.0,stratified_80_20
41980,1,1,1.0,stratified_80_20
41983,1,1,1.0,stratified_80_20
41988,0,0,0.0,stratified_80_20
41989,1,1,1.0,stratified_80_20
41993,0,0,0.0,stratified_80_20
41994,0,0,0.0,stratified_80_20
41996,1,1,1.0,stratified_80_20
42001,1,1,1.0,stratified_80_20
42002,1,1,1.0,stratified_80_20
42006,1,1,1.0,stratified_80_20
42007,1,1,1.0,stratified_80_20
42020,1,1,1.0,stratified_80_20
42028,1,1,1.0,stratified_80_20
42029,1,1,1.0,stratified_80_20
42031,1,1,1.0,stratified_80_20
42032,1,1,1.0,stratified_80_20
42038,1,1,1.0,stratified_80_20
42041,1,1,1.0,stratified_80_20
42050,1,1,1.0,stratified_80_20
42060,1,1,1.0,stratified_80_20
42063,1,1,1.0,stratified_80_20
42064,1,1,1.0,stratified_80_20
42068,1,1,1.0,stratified_80_20
42085,1,1,1.0,stratified_80_20
42090,1,1,1.0,stratified_80_20
42093,1,1,1.0,stratified_80_20
42108,1,1,1.0,stratified_80_20
42115,1,1,1.0,stratified_80_20
42122,1,1,1.0,stratified_80_20
42140,1,1,1.0,stratified_80_20
42144,1,1,1.0,stratified_80_20
42150,1,1,1.0,stratified_80_20
42151,1,1,1.0,stratified_80_20
42163,1,1,1.0,stratified_80_20
42167,1,1,1.0,stratified_80_20
42168,0,0,0.0,stratified_80_20
42172,1,1,1.0,stratified_80_20
42178,1,1,1.0,stratified_80_20
42179,1,1,1.0,stratified_80_20
42193,1,1,1.0,stratified_80_20
42197,1,1,1.0,stratified_80_20
42198,1,1,1.0,stratified_80_20
42201,1,1,1.0,stratified_80_20
42205,1,1,1.0,stratified_80_20
42206,0,0,0.0,stratified_80_20
42215,1,1,1.0,stratified_80_20
42217,1,1,1.0,stratified_80_20
42218,1,1,1.0,stratified_80_20
42221,1,1,1.0,stratified_80_20
42233,1,1,1.0,stratified_80_20
42236,1,1,1.0,stratified_80_20
42241,1,1,1.0,stratified_80_20
42246,1,1,1.0,stratified_80_20
42250,1,1,1.0,stratified_80_20
42252,1,1,1.0,stratified_80_20
42257,1,1,1.0,stratified_80_20
42268,1,1,1.0,stratified_80_20
42271,1,1,1.0,stratified_80_20
42272,1,1,1.0,stratified_80_20
42280,1,1,1.0,stratified_80_20
42284,1,1,1.0,stratified_80_20
42286,1,1,1.0,stratified_80_20
42293,1,1,1.0,stratified_80_20
42295,1,1,1.0,stratified_80_20
42299,1,1,1.0,stratified_80_20
42306,1,1,1.0,stratified_80_20
42307,1,1,1.0,stratified_80_20
42312,1,1,1.0,stratified_80_20
42315,1,1,1.0,stratified_80_20
42319,1,1,1.0,stratified_80_20
42320,1,1,1.0,stratified_80_20
42329,1,1,1.0,stratified_80_20
42335,1,1,1.0,stratified_80_20
42336,1,1,1.0,stratified_80_20
42344,1,1,1.0,stratified_80_20
42351,0,0,0.0,stratified_80_20
42354,1,1,1.0,stratified_80_20
42357,0,0,0.0,stratified_80_20
42362,1,1,1.0,stratified_80_20
42364,1,1,1.0,stratified_80_20
42369,1,1,1.0,stratified_80_20
42372,0,0,0.0,stratified_80_20
42378,1,1,1.0,stratified_80_20
42380,1,1,1.0,stratified_80_20
42384,1,1,1.0,stratified_80_20
42389,1,1,1.0,stratified_80_20
42393,1,1,1.0,stratified_80_20
42396,1,1,1.0,stratified_80_20
42408,1,1,1.0,stratified_80_20
42410,1,1,1.0,stratified_80_20
42417,1,1,1.0,stratified_80_20
42423,1,1,1.0,stratified_80_20
42425,1,1,1.0,stratified_80_20
42433,1,1,1.0,stratified_80_20
42448,1,1,1.0,stratified_80_20
42451,1,1,1.0,stratified_80_20
42460,1,1,1.0,stratified_80_20
42476,1,1,1.0,stratified_80_20
42480,1,1,1.0,stratified_80_20
42490,1,1,1.0,stratified_80_20
42503,1,1,1.0,stratified_80_20
42513,1,1,1.0,stratified_80_20
42514,1,1,1.0,stratified_80_20
42520,1,1,1.0,stratified_80_20
42524,1,1,1.0,stratified_80_20
42526,1,1,1.0,stratified_80_20
42531,1,1,1.0,stratified_80_20
42536,1,1,1.0,stratified_80_20
42541,1,1,1.0,stratified_80_20
42548,1,1,1.0,stratified_80_20
42561,1,1,1.0,stratified_80_20
42564,1,1,1.0,stratified_80_20
42565,1,1,1.0,stratified_80_20
42585,1,1,1.0,stratified_80_20
42587,0,0,0.0,stratified_80_20
42591,1,1,1.0,stratified_80_20
42597,1,1,1.0,stratified_80_20
42601,1,1,1.0,stratified_80_20
42604,1,1,1.0,stratified_80_20
42609,1,1,1.0,stratified_80_20
42610,1,1,1.0,stratified_80_20
42611,1,1,1.0,stratified_80_20
42612,1,1,1.0,stratified_80_20
42615,1,1,1.0,stratified_80_20
42619,1,1,1.0,stratified_80_20
42624,1,1,1.0,stratified_80_20
42629,1,1,1.0,stratified_80_20
42631,1,1,1.0,stratified_80_20
42635,1,1,1.0,stratified_80_20
42640,1,1,1.0,stratified_80_20
42641,1,1,1.0,stratified_80_20
42646,1,1,1.0,stratified_80_20
42647,1,1,1.0,stratified_80_20
42649,1,1,1.0,stratified_80_20
42650,1,1,1.0,stratified_80_20
42651,1,1,1.0,stratified_80_20
42653,1,1,1.0,stratified_80_20
42654,1,1,1.0,stratified_80_20
42656,1,1,1.0,stratified_80_20
42660,1,1,1.0,stratified_80_20
42665,1,1,1.0,stratified_80_20
42667,1,1,1.0,stratified_80_20
42672,1,1,1.0,stratified_80_20
42679,1,1,1.0,stratified_80_20
42687,1,1,1.0,stratified_80_20
42688,1,1,1.0,stratified_80_20
42696,1,1,1.0,stratified_80_20
42698,1,1,1.0,stratified_80_20
42703,1,1,1.0,stratified_80_20
42708,1,1,1.0,stratified_80_20
42709,0,0,0.0,stratified_80_20
42710,1,1,1.0,stratified_80_20
42716,1,1,1.0,stratified_80_20
42730,1,1,1.0,stratified_80_20
42745,1,1,1.0,stratified_80_20
42759,1,1,1.0,stratified_80_20
42762,1,1,1.0,stratified_80_20
42772,1,1,1.0,stratified_80_20
42778,1,1,1.0,stratified_80_20
42779,1,1,1.0,stratified_80_20
42787,1,1,1.0,stratified_80_20
42788,1,1,1.0,stratified_80_20
42791,1,1,1.0,stratified_80_20
42792,1,1,1.0,stratified_80_20
42795,1,1,1.0,stratified_80_20
42801,1,1,1.0,stratified_80_20
42802,1,1,1.0,stratified_80_20
42803,1,1,1.0,stratified_80_20
42805,1,1,1.0,stratified_80_20
42806,1,1,1.0,stratified_80_20
42808,1,1,1.0,stratified_80_20
42810,1,1,1.0,stratified_80_20
42813,1,1,1.0,stratified_80_20
42819,1,1,1.0,stratified_80_20
42820,1,1,1.0,stratified_80_20
42824,1,1,1.0,stratified_80_20
42831,1,1,1.0,stratified_80_20
42844,1,1,1.0,stratified_80_20
42845,1,1,1.0,stratified_80_20
42848,1,1,1.0,stratified_80_20
42849,1,1,1.0,stratified_80_20
42851,1,1,1.0,stratified_80_20
42854,1,1,1.0,stratified_80_20
42860,1,1,1.0,stratified_80_20
42869,1,1,1.0,stratified_80_20
42870,1,1,1.0,stratified_80_20
42875,1,1,1.0,stratified_80_20
42876,1,1,1.0,stratified_80_20
42884,1,1,1.0,stratified_80_20
42885,1,1,1.0,stratified_80_20
42887,1,1,1.0,stratified_80_20
42892,1,1,1.0,stratified_80_20
42900,1,1,1.0,stratified_80_20
42922,1,1,1.0,stratified_80_20
42925,1,1,1.0,stratified_80_20
42927,1,1,1.0,stratified_80_20
42936,1,1,1.0,stratified_80_20
42937,1,1,1.0,stratified_80_20
42942,1,1,1.0,stratified_80_20
42949,1,1,1.0,stratified_80_20
42951,1,1,1.0,stratified_80_20
42953,1,1,1.0,stratified_80_20
42954,1,1,1.0,stratified_80_20
42959,1,1,1.0,stratified_80_20
42965,1,1,1.0,stratified_80_20
42979,1,1,1.0,stratified_80_20
42995,1,1,1.0,stratified_80_20
42996,1,1,1.0,stratified_80_20
43015,1,1,1.0,stratified_80_20
43019,1,1,1.0,stratified_80_20
43024,1,1,1.0,stratified_80_20
43028,1,1,1.0,stratified_80_20
43073,1,1,1.0,stratified_80_20
43075,1,1,1.0,stratified_80_20
43076,0,0,0.0,stratified_80_20
43077,1,1,1.0,stratified_80_20
43078,1,1,1.0,stratified_80_20
43079,1,1,1.0,stratified_80_20
43081,1,1,1.0,stratified_80_20
43087,1,1,1.0,stratified_80_20
43095,1,1,1.0,stratified_80_20
43097,1,1,1.0,stratified_80_20
43099,1,1,1.0,stratified_80_20
43100,1,1,1.0,stratified_80_20
43108,1,1,1.0,stratified_80_20
43115,1,1,1.0,stratified_80_20
43117,1,1,1.0,stratified_80_20
43123,1,1,1.0,stratified_80_20
43125,1,1,1.0,stratified_80_20
43128,1,1,1.0,stratified_80_20
43137,1,1,1.0,stratified_80_20
43147,1,1,1.0,stratified_80_20
43148,1,1,1.0,stratified_80_20
43151,1,1,1.0,stratified_80_20
43160,1,1,1.0,stratified_80_20
43169,1,1,1.0,stratified_80_20
43175,1,1,1.0,stratified_80_20
43179,1,1,1.0,stratified_80_20
43192,1,1,1.0,stratified_80_20
43193,1,1,1.0,stratified_80_20
43199,1,1,1.0,stratified_80_20
43213,1,1,1.0,stratified_80_20
43217,1,1,1.0,stratified_80_20
43222,1,1,1.0,stratified_80_20
43223,1,1,1.0,stratified_80_20
43229,1,1,1.0,stratified_80_20
43232,1,1,1.0,stratified_80_20
43234,1,1,1.0,stratified_80_20
43250,0,0,0.0,stratified_80_20
43252,0,0,0.0,stratified_80_20
43253,1,1,1.0,stratified_80_20
43256,1,1,1.0,stratified_80_20
43261,1,1,1.0,stratified_80_20
43263,1,1,1.0,stratified_80_20
43269,1,1,1.0,stratified_80_20
43278,1,1,1.0,stratified_80_20
43280,1,1,1.0,stratified_80_20
43286,1,1,1.0,stratified_80_20
43292,1,1,1.0,stratified_80_20
43301,1,1,1.0,stratified_80_20
43302,1,1,1.0,stratified_80_20
43306,1,1,1.0,stratified_80_20
43307,1,1,1.0,stratified_80_20
43309,1,1,1.0,stratified_80_20
43311,1,1,1.0,stratified_80_20
43312,1,1,1.0,stratified_80_20
43313,1,1,1.0,stratified_80_20
43314,1,1,1.0,stratified_80_20
43318,1,1,1.0,stratified_80_20
43322,1,1,1.0,stratified_80_20
43323,1,1,1.0,stratified_80_20
43336,1,1,1.0,stratified_80_20
43344,1,1,1.0,stratified_80_20
43349,1,1,1.0,stratified_80_20
43359,1,1,1.0,stratified_80_20
43360,1,1,1.0,stratified_80_20
43365,1,1,1.0,stratified_80_20
43368,1,1,1.0,stratified_80_20
43385,1,1,1.0,stratified_80_20
43388,1,1,1.0,stratified_80_20
43390,1,1,1.0,stratified_80_20
43406,1,1,1.0,stratified_80_20
43407,1,1,1.0,stratified_80_20
43410,1,1,1.0,stratified_80_20
43415,0,0,0.0,stratified_80_20
43419,1,1,1.0,stratified_80_20
43422,1,1,1.0,stratified_80_20
43426,1,1,1.0,stratified_80_20
43438,0,0,0.0,stratified_80_20
43440,1,1,1.0,stratified_80_20
43442,1,1,1.0,stratified_80_20
43445,1,1,1.0,stratified_80_20
43449,1,1,1.0,stratified_80_20
43454,1,1,1.0,stratified_80_20
43456,0,0,0.0,stratified_80_20
43479,1,1,1.0,stratified_80_20
43482,1,1,1.0,stratified_80_20
43487,1,1,1.0,stratified_80_20
43495,1,1,1.0,stratified_80_20
43503,1,1,1.0,stratified_80_20
43516,1,1,1.0,stratified_80_20
43523,1,1,1.0,stratified_80_20
43524,1,1,1.0,stratified_80_20
43533,1,1,1.0,stratified_80_20
43534,1,1,1.0,stratified_80_20
43536,1,1,1.0,stratified_80_20
43538,1,1,1.0,stratified_80_20
43546,1,1,1.0,stratified_80_20
43554,1,1,1.0,stratified_80_20
43566,1,1,1.0,stratified_80_20
43568,1,1,1.0,stratified_80_20
43573,1,1,1.0,stratified_80_20
43574,1,1,1.0,stratified_80_20
43606,0,0,0.0,stratified_80_20
43608,1,1,1.0,stratified_80_20
43610,1,1,1.0,stratified_80_20
43611,0,0,0.0,stratified_80_20
43620,1,1,1.0,stratified_80_20
43621,1,1,1.0,stratified_80_20
43622,1,1,1.0,stratified_80_20
43635,1,1,1.0,stratified_80_20
43636,1,1,1.0,stratified_80_20
43641,1,1,1.0,stratified_80_20
43653,1,1,1.0,stratified_80_20
43654,1,1,1.0,stratified_80_20
43655,1,1,1.0,stratified_80_20
43659,1,1,1.0,stratified_80_20
43660,1,1,1.0,stratified_80_20
43661,1,1,1.0,stratified_80_20
43666,1,1,1.0,stratified_80_20
43668,1,1,1.0,stratified_80_20
43675,1,1,1.0,stratified_80_20
43677,1,1,1.0,stratified_80_20
43683,1,1,1.0,stratified_80_20
43689,1,1,1.0,stratified_80_20
43690,1,1,1.0,stratified_80_20
43698,1,1,1.0,stratified_80_20
43708,1,1,1.0,stratified_80_20
43713,1,1,1.0,stratified_80_20
43715,1,1,1.0,stratified_80_20
43717,0,0,0.0,stratified_80_20
43720,1,1,1.0,stratified_80_20
43723,1,1,1.0,stratified_80_20
43732,1,1,1.0,stratified_80_20
43733,1,1,1.0,stratified_80_20
43736,1,1,1.0,stratified_80_20
43740,1,1,1.0,stratified_80_20
43742,1,1,1.0,stratified_80_20
43743,1,1,1.0,stratified_80_20
43748,1,1,1.0,stratified_80_20
43753,1,1,1.0,stratified_80_20
43778,1,1,1.0,stratified_80_20
43787,1,1,1.0,stratified_80_20
43799,0,0,0.0,stratified_80_20
43801,0,0,0.0,stratified_80_20
43803,1,1,1.0,stratified_80_20
43805,1,1,1.0,stratified_80_20
43808,1,1,1.0,stratified_80_20
43815,1,1,1.0,stratified_80_20
43819,1,1,1.0,stratified_80_20
43833,1,1,1.0,stratified_80_20
43843,1,1,1.0,stratified_80_20
43848,1,1,1.0,stratified_80_20
43849,1,1,1.0,stratified_80_20
43850,1,1,1.0,stratified_80_20
43865,1,1,1.0,stratified_80_20
43886,1,1,1.0,stratified_80_20
43888,1,1,1.0,stratified_80_20
43894,1,1,1.0,stratified_80_20
43898,1,1,1.0,stratified_80_20
43917,1,1,1.0,stratified_80_20
43924,1,1,1.0,stratified_80_20
43925,1,1,1.0,stratified_80_20
43928,1,1,1.0,stratified_80_20
43931,1,1,1.0,stratified_80_20
43936,1,1,1.0,stratified_80_20
43942,1,1,1.0,stratified_80_20
43944,1,1,1.0,stratified_80_20
43945,1,1,1.0,stratified_80_20
43951,1,1,1.0,stratified_80_20
43953,1,1,1.0,stratified_80_20
43958,1,1,1.0,stratified_80_20
43969,1,1,1.0,stratified_80_20
43970,1,1,1.0,stratified_80_20
43977,0,0,0.0,stratified_80_20
43979,1,1,1.0,stratified_80_20
43993,1,1,1.0,stratified_80_20
43994,1,1,1.0,stratified_80_20
43997,0,0,0.0,stratified_80_20
43999,1,1,1.0,stratified_80_20
44003,1,1,1.0,stratified_80_20
44012,1,1,1.0,stratified_80_20
44014,1,1,1.0,stratified_80_20
44015,1,1,1.0,stratified_80_20
44016,1,1,1.0,stratified_80_20
44029,1,1,1.0,stratified_80_20
44034,1,1,1.0,stratified_80_20
44040,1,1,1.0,stratified_80_20
44042,1,1,1.0,stratified_80_20
44044,0,0,0.0,stratified_80_20
44055,1,1,1.0,stratified_80_20
44058,1,1,1.0,stratified_80_20
44059,1,1,1.0,stratified_80_20
44062,1,1,1.0,stratified_80_20
44067,0,0,0.0,stratified_80_20
44078,1,1,1.0,stratified_80_20
44082,0,0,0.0,stratified_80_20
44092,1,1,1.0,stratified_80_20
44108,1,1,1.0,stratified_80_20
44109,1,1,1.0,stratified_80_20
44112,1,1,1.0,stratified_80_20
44118,1,1,1.0,stratified_80_20
44125,1,1,1.0,stratified_80_20
44139,1,1,1.0,stratified_80_20
44160,1,1,1.0,stratified_80_20
44171,1,1,1.0,stratified_80_20
44185,1,1,1.0,stratified_80_20
44186,1,1,1.0,stratified_80_20
44196,1,1,1.0,stratified_80_20
44199,1,1,1.0,stratified_80_20
44200,1,1,1.0,stratified_80_20
44202,1,1,1.0,stratified_80_20
44204,1,1,1.0,stratified_80_20
44205,1,1,1.0,stratified_80_20
44206,1,1,1.0,stratified_80_20
44208,1,1,1.0,stratified_80_20
44227,1,1,1.0,stratified_80_20
44228,1,1,1.0,stratified_80_20
44236,1,1,1.0,stratified_80_20
44241,1,1,1.0,stratified_80_20
44243,1,1,1.0,stratified_80_20
44246,1,1,1.0,stratified_80_20
44248,1,1,1.0,stratified_80_20
44249,1,1,1.0,stratified_80_20
44250,1,1,1.0,stratified_80_20
44260,1,1,1.0,stratified_80_20
44263,1,1,1.0,stratified_80_20
44268,1,1,1.0,stratified_80_20
44269,1,1,1.0,stratified_80_20
44274,1,1,1.0,stratified_80_20
44275,1,1,1.0,stratified_80_20
44280,1,1,1.0,stratified_80_20
44282,1,1,1.0,stratified_80_20
44284,1,1,1.0,stratified_80_20
44289,1,1,1.0,stratified_80_20
44295,1,1,1.0,stratified_80_20
44306,1,1,1.0,stratified_80_20
44307,1,1,1.0,stratified_80_20
44312,1,1,1.0,stratified_80_20
44313,1,1,1.0,stratified_80_20
44320,1,1,1.0,stratified_80_20
44336,1,1,1.0,stratified_80_20
44338,1,1,1.0,stratified_80_20
44342,1,1,1.0,stratified_80_20
44343,1,1,1.0,stratified_80_20
44346,1,1,1.0,stratified_80_20
44353,1,1,1.0,stratified_80_20
44354,1,1,1.0,stratified_80_20
44359,1,1,1.0,stratified_80_20
44367,1,1,1.0,stratified_80_20
44368,1,1,1.0,stratified_80_20
44369,1,1,1.0,stratified_80_20
44373,1,1,1.0,stratified_80_20
44379,1,1,1.0,stratified_80_20
44380,1,1,1.0,stratified_80_20
44381,1,1,1.0,stratified_80_20
44393,1,1,1.0,stratified_80_20
44396,1,1,1.0,stratified_80_20
44408,1,1,1.0,stratified_80_20
44412,1,1,1.0,stratified_80_20
44424,1,1,1.0,stratified_80_20
44433,1,1,1.0,stratified_80_20
44434,1,1,1.0,stratified_80_20
44440,1,1,1.0,stratified_80_20
44442,1,1,1.0,stratified_80_20
44445,1,1,1.0,stratified_80_20
44454,1,1,1.0,stratified_80_20
44455,1,1,1.0,stratified_80_20
44460,1,1,1.0,stratified_80_20
44465,1,1,1.0,stratified_80_20
44469,1,1,1.0,stratified_80_20
44476,1,1,1.0,stratified_80_20
44479,1,1,1.0,stratified_80_20
44485,1,1,1.0,stratified_80_20
44504,1,1,1.0,stratified_80_20
44505,1,1,1.0,stratified_80_20
44516,0,0,0.0,stratified_80_20
44524,1,1,1.0,stratified_80_20
44527,1,1,1.0,stratified_80_20
44528,1,1,1.0,stratified_80_20
44529,1,1,1.0,stratified_80_20
44532,1,1,1.0,stratified_80_20
44534,1,1,1.0,stratified_80_20
44545,1,1,1.0,stratified_80_20
44549,1,1,1.0,stratified_80_20
44551,1,1,1.0,stratified_80_20
44552,0,0,0.0,stratified_80_20
44556,1,1,1.0,stratified_80_20
44560,1,1,1.0,stratified_80_20
44566,1,1,1.0,stratified_80_20
44575,1,1,1.0,stratified_80_20
44582,1,1,1.0,stratified_80_20
44585,1,1,1.0,stratified_80_20
44586,1,1,1.0,stratified_80_20
44593,1,1,1.0,stratified_80_20
44594,1,1,1.0,stratified_80_20
44597,1,1,1.0,stratified_80_20
44603,1,1,1.0,stratified_80_20
44613,1,1,1.0,stratified_80_20
44615,1,1,1.0,stratified_80_20
44618,0,0,0.0,stratified_80_20
44622,1,1,1.0,stratified_80_20
44632,1,1,1.0,stratified_80_20
44638,1,1,1.0,stratified_80_20
44640,1,1,1.0,stratified_80_20
44642,1,1,1.0,stratified_80_20
44647,1,1,1.0,stratified_80_20
44650,1,1,1.0,stratified_80_20
44652,1,1,1.0,stratified_80_20
44663,1,1,1.0,stratified_80_20
44674,1,1,1.0,stratified_80_20
44679,1,1,1.0,stratified_80_20
44696,0,0,0.0,stratified_80_20
44708,1,1,1.0,stratified_80_20
44721,1,1,1.0,stratified_80_20
44726,1,1,1.0,stratified_80_20
44735,1,1,1.0,stratified_80_20
44736,1,1,1.0,stratified_80_20
44739,1,1,1.0,stratified_80_20
44745,1,1,1.0,stratified_80_20
44752,1,1,1.0,stratified_80_20
44753,1,1,1.0,stratified_80_20
44754,1,1,1.0,stratified_80_20
44757,1,1,1.0,stratified_80_20
44771,1,1,1.0,stratified_80_20
44774,1,1,1.0,stratified_80_20
44781,1,1,1.0,stratified_80_20
44784,1,1,1.0,stratified_80_20
44786,1,1,1.0,stratified_80_20
44788,1,1,1.0,stratified_80_20
44789,1,1,1.0,stratified_80_20
44794,1,1,1.0,stratified_80_20
44800,1,1,1.0,stratified_80_20
44802,1,1,1.0,stratified_80_20
44806,1,1,1.0,stratified_80_20
44807,1,1,1.0,stratified_80_20
44810,1,1,1.0,stratified_80_20
44813,1,1,1.0,stratified_80_20
44821,1,1,1.0,stratified_80_20
44826,1,1,1.0,stratified_80_20
44829,1,1,1.0,stratified_80_20
44830,1,1,1.0,stratified_80_20
44838,1,1,1.0,stratified_80_20
44840,1,1,1.0,stratified_80_20
44841,1,1,1.0,stratified_80_20
44843,1,1,1.0,stratified_80_20
44845,1,1,1.0,stratified_80_20
44854,1,1,1.0,stratified_80_20
44861,1,1,1.0,stratified_80_20
44871,1,1,1.0,stratified_80_20
44880,1,1,1.0,stratified_80_20
44882,0,0,0.0,stratified_80_20
44883,1,1,1.0,stratified_80_20
44894,1,1,1.0,stratified_80_20
44908,1,1,1.0,stratified_80_20
44913,1,1,1.0,stratified_80_20
44921,1,1,1.0,stratified_80_20
44924,1,1,1.0,stratified_80_20
44927,1,1,1.0,stratified_80_20
44928,1,1,1.0,stratified_80_20
44950,1,1,1.0,stratified_80_20
44951,1,1,1.0,stratified_80_20
44954,1,1,1.0,stratified_80_20
44959,1,1,1.0,stratified_80_20
44973,1,1,1.0,stratified_80_20
44976,1,1,1.0,stratified_80_20
44981,1,1,1.0,stratified_80_20
44982,1,1,1.0,stratified_80_20
44984,1,1,1.0,stratified_80_20
44985,1,1,1.0,stratified_80_20
44987,1,1,1.0,stratified_80_20
44989,1,1,1.0,stratified_80_20
44991,1,1,1.0,stratified_80_20
44993,1,1,1.0,stratified_80_20
44999,1,1,1.0,stratified_80_20
45005,1,1,1.0,stratified_80_20
45007,0,0,0.0,stratified_80_20
45009,1,1,1.0,stratified_80_20
45011,1,1,1.0,stratified_80_20
45016,1,1,1.0,stratified_80_20
45030,1,1,1.0,stratified_80_20
45039,1,1,1.0,stratified_80_20
45041,1,1,1.0,stratified_80_20
45043,1,1,1.0,stratified_80_20
45045,1,1,1.0,stratified_80_20
45048,1,1,1.0,stratified_80_20
45052,1,1,1.0,stratified_80_20
45054,1,1,1.0,stratified_80_20
45056,1,1,1.0,stratified_80_20
45067,1,1,1.0,stratified_80_20
45072,1,1,1.0,stratified_80_20
45075,1,1,1.0,stratified_80_20
45089,1,1,1.0,stratified_80_20
45091,1,1,1.0,stratified_80_20
45092,1,1,1.0,stratified_80_20
45099,1,1,1.0,stratified_80_20
45101,1,1,1.0,stratified_80_20
45103,1,1,1.0,stratified_80_20
45105,1,1,1.0,stratified_80_20
45111,1,1,1.0,stratified_80_20
45112,1,1,1.0,stratified_80_20
45115,1,1,1.0,stratified_80_20
45117,1,1,1.0,stratified_80_20
45118,1,1,1.0,stratified_80_20
45119,1,1,1.0,stratified_80_20
45121,1,1,1.0,stratified_80_20
45124,1,1,1.0,stratified_80_20
45133,1,1,1.0,stratified_80_20
45134,1,1,1.0,stratified_80_20
45139,1,1,1.0,stratified_80_20
45151,1,1,1.0,stratified_80_20
45153,1,1,1.0,stratified_80_20
45160,1,1,1.0,stratified_80_20
45166,1,1,1.0,stratified_80_20
45171,1,1,1.0,stratified_80_20
45175,1,1,1.0,stratified_80_20
45177,1,1,1.0,stratified_80_20
45181,1,1,1.0,stratified_80_20
45183,1,1,1.0,stratified_80_20
45186,1,1,1.0,stratified_80_20
45187,1,1,1.0,stratified_80_20
45188,1,1,1.0,stratified_80_20
45189,1,1,1.0,stratified_80_20
45192,1,1,1.0,stratified_80_20
45201,1,1,1.0,stratified_80_20
45204,1,1,1.0,stratified_80_20
45211,1,1,1.0,stratified_80_20
45214,1,1,1.0,stratified_80_20
45225,1,1,1.0,stratified_80_20
45226,1,1,1.0,stratified_80_20
45232,1,1,1.0,stratified_80_20
45233,1,1,1.0,stratified_80_20
45234,1,1,1.0,stratified_80_20
45235,1,1,1.0,stratified_80_20
45237,1,1,1.0,stratified_80_20
45238,0,0,0.0,stratified_80_20
45241,0,0,0.0,stratified_80_20
45243,0,0,0.0,stratified_80_20
45246,1,1,1.0,stratified_80_20
45250,1,1,1.0,stratified_80_20
45254,1,1,1.0,stratified_80_20
45255,1,1,1.0,stratified_80_20
45256,1,1,1.0,stratified_80_20
45260,1,1,1.0,stratified_80_20
45263,0,0,0.0,stratified_80_20
45267,1,1,1.0,stratified_80_20
45277,1,1,1.0,stratified_80_20
45286,1,1,1.0,stratified_80_20
45291,1,1,1.0,stratified_80_20
45306,1,1,1.0,stratified_80_20
45309,1,1,1.0,stratified_80_20
45314,1,1,1.0,stratified_80_20
45315,1,1,1.0,stratified_80_20
45331,1,1,1.0,stratified_80_20
45337,1,1,1.0,stratified_80_20
45338,1,1,1.0,stratified_80_20
45340,1,1,1.0,stratified_80_20
45343,1,1,1.0,stratified_80_20
45345,1,1,1.0,stratified_80_20
45348,1,1,1.0,stratified_80_20
45351,1,1,1.0,stratified_80_20
45360,1,1,1.0,stratified_80_20
45362,1,1,1.0,stratified_80_20
45367,1,1,1.0,stratified_80_20
45369,1,1,1.0,stratified_80_20
45371,1,1,1.0,stratified_80_20
45372,1,1,1.0,stratified_80_20
45378,1,1,1.0,stratified_80_20
45379,1,1,1.0,stratified_80_20
45381,1,1,1.0,stratified_80_20
45384,1,1,1.0,stratified_80_20
45390,1,1,1.0,stratified_80_20
45391,1,1,1.0,stratified_80_20
45394,1,1,1.0,stratified_80_20
45395,1,1,1.0,stratified_80_20
45397,1,1,1.0,stratified_80_20
45398,1,1,1.0,stratified_80_20
45402,1,1,1.0,stratified_80_20
45404,1,1,1.0,stratified_80_20
45407,1,1,1.0,stratified_80_20
45414,1,1,1.0,stratified_80_20
45415,1,1,1.0,stratified_80_20
45418,0,0,0.0,stratified_80_20
45422,1,1,1.0,stratified_80_20
45426,1,1,1.0,stratified_80_20
45430,1,1,1.0,stratified_80_20
45447,0,0,0.0,stratified_80_20
45450,1,1,1.0,stratified_80_20
45458,1,1,1.0,stratified_80_20
45466,1,1,1.0,stratified_80_20
45467,1,1,1.0,stratified_80_20
45476,1,1,1.0,stratified_80_20
45480,1,1,1.0,stratified_80_20
45483,1,1,1.0,stratified_80_20
45484,1,1,1.0,stratified_80_20
45485,1,1,1.0,stratified_80_20
45486,1,1,1.0,stratified_80_20
45495,1,1,1.0,stratified_80_20
45504,1,1,1.0,stratified_80_20
45507,1,1,1.0,stratified_80_20
45511,1,1,1.0,stratified_80_20
45512,1,1,1.0,stratified_80_20
45515,1,1,1.0,stratified_80_20
45516,1,1,1.0,stratified_80_20
45520,1,1,1.0,stratified_80_20
45521,1,1,1.0,stratified_80_20
45522,1,1,1.0,stratified_80_20
45523,1,1,1.0,stratified_80_20
45528,1,1,1.0,stratified_80_20
45532,1,1,1.0,stratified_80_20
45536,1,1,1.0,stratified_80_20
45539,1,1,1.0,stratified_80_20
45542,1,1,1.0,stratified_80_20
45544,1,1,1.0,stratified_80_20
45546,1,1,1.0,stratified_80_20
45549,1,1,1.0,stratified_80_20
45556,1,1,1.0,stratified_80_20
45571,1,1,1.0,stratified_80_20
45574,1,1,1.0,stratified_80_20
45580,1,1,1.0,stratified_80_20
45587,1,1,1.0,stratified_80_20
45589,1,1,1.0,stratified_80_20
45592,1,1,1.0,stratified_80_20
45598,1,1,1.0,stratified_80_20
45600,1,1,1.0,stratified_80_20
45602,1,1,1.0,stratified_80_20
45603,0,0,0.0,stratified_80_20
45606,1,1,1.0,stratified_80_20
45608,1,1,1.0,stratified_80_20
45609,0,0,0.0,stratified_80_20
45618,1,1,1.0,stratified_80_20
45619,1,1,1.0,stratified_80_20
45627,1,1,1.0,stratified_80_20
45634,1,1,1.0,stratified_80_20
45636,1,1,1.0,stratified_80_20
45647,1,1,1.0,stratified_80_20
45649,1,1,1.0,stratified_80_20
45653,1,1,1.0,stratified_80_20
45654,1,1,1.0,stratified_80_20
45658,1,1,1.0,stratified_80_20
45665,1,1,1.0,stratified_80_20
45666,1,1,1.0,stratified_80_20
45678,1,1,1.0,stratified_80_20
45681,1,1,1.0,stratified_80_20
45693,1,1,1.0,stratified_80_20
45697,1,1,1.0,stratified_80_20
45701,1,1,1.0,stratified_80_20
45702,1,1,1.0,stratified_80_20
45719,1,1,1.0,stratified_80_20
45721,1,1,1.0,stratified_80_20
45729,1,1,1.0,stratified_80_20
45745,1,1,1.0,stratified_80_20
45753,1,1,1.0,stratified_80_20
45762,1,1,1.0,stratified_80_20
45769,1,1,1.0,stratified_80_20
45774,1,1,1.0,stratified_80_20
45798,1,1,1.0,stratified_80_20
45809,1,1,1.0,stratified_80_20
45817,1,1,1.0,stratified_80_20
45818,1,1,1.0,stratified_80_20
45819,1,1,1.0,stratified_80_20
45830,1,1,1.0,stratified_80_20
45832,1,1,1.0,stratified_80_20
45833,1,1,1.0,stratified_80_20
45835,1,1,1.0,stratified_80_20
45840,1,1,1.0,stratified_80_20
45852,1,1,1.0,stratified_80_20
45856,1,1,1.0,stratified_80_20
45860,1,1,1.0,stratified_80_20
45863,1,1,1.0,stratified_80_20
45866,1,1,1.0,stratified_80_20
45868,0,0,0.0,stratified_80_20
45873,1,1,1.0,stratified_80_20
45875,1,1,1.0,stratified_80_20
45879,1,1,1.0,stratified_80_20
45880,1,1,1.0,stratified_80_20
45881,1,1,1.0,stratified_80_20
45882,1,1,1.0,stratified_80_20
45887,1,1,1.0,stratified_80_20
45888,1,1,1.0,stratified_80_20
45893,1,1,1.0,stratified_80_20
45898,1,1,1.0,stratified_80_20
45905,1,1,1.0,stratified_80_20
45914,1,1,1.0,stratified_80_20
45915,1,1,1.0,stratified_80_20
45937,1,1,1.0,stratified_80_20
45939,1,1,1.0,stratified_80_20
45948,1,1,1.0,stratified_80_20
45965,1,1,1.0,stratified_80_20
45966,0,0,0.0,stratified_80_20
45968,1,1,1.0,stratified_80_20
45969,1,1,1.0,stratified_80_20
45983,1,1,1.0,stratified_80_20
45984,1,1,1.0,stratified_80_20
45985,1,1,1.0,stratified_80_20
45995,1,1,1.0,stratified_80_20
46005,1,1,1.0,stratified_80_20
46006,1,1,1.0,stratified_80_20
46011,1,1,1.0,stratified_80_20
46018,1,1,1.0,stratified_80_20
46020,1,1,1.0,stratified_80_20
46024,1,1,1.0,stratified_80_20
46031,1,1,1.0,stratified_80_20
46041,1,1,1.0,stratified_80_20
46048,1,1,1.0,stratified_80_20
46049,1,1,1.0,stratified_80_20
46050,1,1,1.0,stratified_80_20
46056,1,1,1.0,stratified_80_20
46059,1,1,1.0,stratified_80_20
46069,1,1,1.0,stratified_80_20
46080,1,1,1.0,stratified_80_20
46086,1,1,1.0,stratified_80_20
46087,1,1,1.0,stratified_80_20
46095,1,1,1.0,stratified_80_20
46114,1,1,1.0,stratified_80_20
46126,1,1,1.0,stratified_80_20
46133,1,1,1.0,stratified_80_20
46139,0,0,0.0,stratified_80_20
46146,1,1,1.0,stratified_80_20
46148,1,1,1.0,stratified_80_20
46167,1,1,1.0,stratified_80_20
46172,1,1,1.0,stratified_80_20
46173,1,1,1.0,stratified_80_20
46186,1,1,1.0,stratified_80_20
46205,1,1,1.0,stratified_80_20
46209,1,1,1.0,stratified_80_20
46211,1,1,1.0,stratified_80_20
46215,1,1,1.0,stratified_80_20
46222,1,1,1.0,stratified_80_20
46225,1,1,1.0,stratified_80_20
46229,1,1,1.0,stratified_80_20
46250,1,1,1.0,stratified_80_20
46251,1,1,1.0,stratified_80_20
46255,1,1,1.0,stratified_80_20
46263,1,1,1.0,stratified_80_20
46264,1,1,1.0,stratified_80_20
46265,1,1,1.0,stratified_80_20
46270,1,1,1.0,stratified_80_20
46271,1,1,1.0,stratified_80_20
46277,1,1,1.0,stratified_80_20
46281,1,1,1.0,stratified_80_20
46286,1,1,1.0,stratified_80_20
46288,1,1,1.0,stratified_80_20
46289,1,1,1.0,stratified_80_20
46290,1,1,1.0,stratified_80_20
46294,1,1,1.0,stratified_80_20
46298,1,1,1.0,stratified_80_20
46300,1,1,1.0,stratified_80_20
46308,1,1,1.0,stratified_80_20
46315,1,1,1.0,stratified_80_20
46316,1,1,1.0,stratified_80_20
46324,1,1,1.0,stratified_80_20
46325,0,0,0.0,stratified_80_20
46326,1,1,1.0,stratified_80_20
46327,0,0,0.0,stratified_80_20
46336,1,1,1.0,stratified_80_20
46337,1,1,1.0,stratified_80_20
46340,1,1,1.0,stratified_80_20
46345,0,0,0.0,stratified_80_20
46347,1,1,1.0,stratified_80_20
46352,1,1,1.0,stratified_80_20
46356,1,1,1.0,stratified_80_20
46365,1,1,1.0,stratified_80_20
46366,1,1,1.0,stratified_80_20
46378,1,1,1.0,stratified_80_20
46385,1,1,1.0,stratified_80_20
46386,1,1,1.0,stratified_80_20
46390,1,1,1.0,stratified_80_20
46391,1,1,1.0,stratified_80_20
46393,1,1,1.0,stratified_80_20
46397,1,1,1.0,stratified_80_20
46398,1,1,1.0,stratified_80_20
46402,1,1,1.0,stratified_80_20
46406,1,1,1.0,stratified_80_20
46410,1,1,1.0,stratified_80_20
46418,1,1,1.0,stratified_80_20
46422,1,1,1.0,stratified_80_20
46426,1,1,1.0,stratified_80_20
46434,1,1,1.0,stratified_80_20
46436,1,1,1.0,stratified_80_20
46439,1,1,1.0,stratified_80_20
46442,1,1,1.0,stratified_80_20
46463,1,1,1.0,stratified_80_20
46469,1,1,1.0,stratified_80_20
46471,1,1,1.0,stratified_80_20
46473,1,1,1.0,stratified_80_20
46475,1,1,1.0,stratified_80_20
46476,1,1,1.0,stratified_80_20
46480,1,1,1.0,stratified_80_20
46485,1,1,1.0,stratified_80_20
46489,1,1,1.0,stratified_80_20
46497,1,1,1.0,stratified_80_20
46498,1,1,1.0,stratified_80_20
46503,1,1,1.0,stratified_80_20
46505,1,1,1.0,stratified_80_20
46511,1,1,1.0,stratified_80_20
46517,1,1,1.0,stratified_80_20
46523,0,0,0.0,stratified_80_20
46534,1,1,1.0,stratified_80_20
46540,1,1,1.0,stratified_80_20
46541,1,1,1.0,stratified_80_20
46544,1,1,1.0,stratified_80_20
46550,1,1,1.0,stratified_80_20
46553,1,1,1.0,stratified_80_20
46563,1,1,1.0,stratified_80_20
46574,1,1,1.0,stratified_80_20
46576,1,1,1.0,stratified_80_20
46577,1,1,1.0,stratified_80_20
46587,1,1,1.0,stratified_80_20
46593,1,1,1.0,stratified_80_20
46605,1,1,1.0,stratified_80_20
46611,1,1,1.0,stratified_80_20
46617,1,1,1.0,stratified_80_20
46625,1,1,1.0,stratified_80_20
46630,1,1,1.0,stratified_80_20
46633,1,1,1.0,stratified_80_20
46635,1,1,1.0,stratified_80_20
46638,1,1,1.0,stratified_80_20
46639,1,1,1.0,stratified_80_20
46642,1,1,1.0,stratified_80_20
46646,1,1,1.0,stratified_80_20
46650,1,1,1.0,stratified_80_20
46661,1,1,1.0,stratified_80_20
46681,1,1,1.0,stratified_80_20
46685,0,0,0.0,stratified_80_20
46696,1,1,1.0,stratified_80_20
46706,0,0,0.0,stratified_80_20
46711,1,1,1.0,stratified_80_20
46719,1,1,1.0,stratified_80_20
46720,1,1,1.0,stratified_80_20
46721,1,1,1.0,stratified_80_20
46730,1,1,1.0,stratified_80_20
46742,1,1,1.0,stratified_80_20
46743,1,1,1.0,stratified_80_20
46752,1,1,1.0,stratified_80_20
46754,1,1,1.0,stratified_80_20
46757,1,1,1.0,stratified_80_20
46759,1,1,1.0,stratified_80_20
46761,1,1,1.0,stratified_80_20
46769,1,1,1.0,stratified_80_20
46771,1,1,1.0,stratified_80_20
46777,1,1,1.0,stratified_80_20
46780,0,0,0.0,stratified_80_20
46792,1,1,1.0,stratified_80_20
46798,1,1,1.0,stratified_80_20
46813,1,1,1.0,stratified_80_20
46816,1,1,1.0,stratified_80_20
46822,1,1,1.0,stratified_80_20
46828,1,1,1.0,stratified_80_20
46837,1,1,1.0,stratified_80_20
46841,1,1,1.0,stratified_80_20
46847,1,1,1.0,stratified_80_20
46850,1,1,1.0,stratified_80_20
46852,1,1,1.0,stratified_80_20
46861,1,1,1.0,stratified_80_20
46866,1,1,1.0,stratified_80_20
46869,0,0,0.0,stratified_80_20
46890,1,1,1.0,stratified_80_20
46892,1,1,1.0,stratified_80_20
46896,1,1,1.0,stratified_80_20
46898,1,1,1.0,stratified_80_20
46899,1,1,1.0,stratified_80_20
46903,1,1,1.0,stratified_80_20
46908,1,1,1.0,stratified_80_20
46910,1,1,1.0,stratified_80_20
46911,1,1,1.0,stratified_80_20
46915,1,1,1.0,stratified_80_20
46919,1,1,1.0,stratified_80_20
46934,1,1,1.0,stratified_80_20
46936,1,1,1.0,stratified_80_20
46937,1,1,1.0,stratified_80_20
46943,1,1,1.0,stratified_80_20
46955,1,1,1.0,stratified_80_20
46956,1,1,1.0,stratified_80_20
46957,1,1,1.0,stratified_80_20
46963,1,1,1.0,stratified_80_20
46964,1,1,1.0,stratified_80_20
46965,1,1,1.0,stratified_80_20
46972,1,1,1.0,stratified_80_20
46977,1,1,1.0,stratified_80_20
46980,1,1,1.0,stratified_80_20
46986,1,1,1.0,stratified_80_20
46989,1,1,1.0,stratified_80_20
46992,1,1,1.0,stratified_80_20
46994,1,1,1.0,stratified_80_20
46997,1,1,1.0,stratified_80_20
47010,1,1,1.0,stratified_80_20
47011,1,1,1.0,stratified_80_20
47015,1,1,1.0,stratified_80_20
47017,1,1,1.0,stratified_80_20
47022,1,1,1.0,stratified_80_20
47025,1,1,1.0,stratified_80_20
47035,1,1,1.0,stratified_80_20
47039,1,1,1.0,stratified_80_20
47041,1,1,1.0,stratified_80_20
47043,0,0,0.0,stratified_80_20
47045,0,0,0.0,stratified_80_20
47046,1,1,1.0,stratified_80_20
47048,1,1,1.0,stratified_80_20
47063,1,1,1.0,stratified_80_20
47065,0,0,0.0,stratified_80_20
47068,1,1,1.0,stratified_80_20
47070,1,1,1.0,stratified_80_20
47071,1,1,1.0,stratified_80_20
47076,1,1,1.0,stratified_80_20
47078,1,1,1.0,stratified_80_20
47081,1,1,1.0,stratified_80_20
47086,1,1,1.0,stratified_80_20
47089,1,1,1.0,stratified_80_20
47091,1,1,1.0,stratified_80_20
47096,1,1,1.0,stratified_80_20
47112,1,1,1.0,stratified_80_20
47113,1,1,1.0,stratified_80_20
47114,1,1,1.0,stratified_80_20
47120,1,1,1.0,stratified_80_20
47121,1,1,1.0,stratified_80_20
47137,1,1,1.0,stratified_80_20
47150,1,1,1.0,stratified_80_20
47151,1,1,1.0,stratified_80_20
47156,1,1,1.0,stratified_80_20
47159,0,0,0.0,stratified_80_20
47168,1,1,1.0,stratified_80_20
47177,1,1,1.0,stratified_80_20
47184,1,1,1.0,stratified_80_20
47187,1,1,1.0,stratified_80_20
47190,1,1,1.0,stratified_80_20
47202,1,1,1.0,stratified_80_20
47209,1,1,1.0,stratified_80_20
47215,1,1,1.0,stratified_80_20
47219,1,1,1.0,stratified_80_20
47225,0,0,0.0,stratified_80_20
47226,1,1,1.0,stratified_80_20
47228,0,0,0.0,stratified_80_20
47233,1,1,1.0,stratified_80_20
47235,1,1,1.0,stratified_80_20
47236,0,0,0.0,stratified_80_20
47237,1,1,1.0,stratified_80_20
47239,1,1,1.0,stratified_80_20
47240,1,1,1.0,stratified_80_20
47242,1,1,1.0,stratified_80_20
47243,1,1,1.0,stratified_80_20
47244,1,1,1.0,stratified_80_20
47251,1,1,1.0,stratified_80_20
47252,1,1,1.0,stratified_80_20
47255,1,1,1.0,stratified_80_20
47261,0,0,0.0,stratified_80_20
47273,1,1,1.0,stratified_80_20
47274,1,1,1.0,stratified_80_20
47279,1,1,1.0,stratified_80_20
47292,1,1,1.0,stratified_80_20
47299,1,1,1.0,stratified_80_20
47312,1,1,1.0,stratified_80_20
47314,1,1,1.0,stratified_80_20
47315,1,1,1.0,stratified_80_20
47320,1,1,1.0,stratified_80_20
47322,1,1,1.0,stratified_80_20
47325,1,1,1.0,stratified_80_20
47326,1,1,1.0,stratified_80_20
47327,1,1,1.0,stratified_80_20
47332,1,1,1.0,stratified_80_20
47335,1,1,1.0,stratified_80_20
47341,1,1,1.0,stratified_80_20
47342,1,1,1.0,stratified_80_20
47344,1,1,1.0,stratified_80_20
47347,1,1,1.0,stratified_80_20
47355,1,1,1.0,stratified_80_20
47358,1,1,1.0,stratified_80_20
47362,1,1,1.0,stratified_80_20
47371,1,1,1.0,stratified_80_20
47375,1,1,1.0,stratified_80_20
47378,1,1,1.0,stratified_80_20
47379,1,1,1.0,stratified_80_20
47385,1,1,1.0,stratified_80_20
47386,1,1,1.0,stratified_80_20
47389,1,1,1.0,stratified_80_20
47390,1,1,1.0,stratified_80_20
47399,1,1,1.0,stratified_80_20
47401,0,0,0.0,stratified_80_20
47403,0,0,0.0,stratified_80_20
47408,0,0,0.0,stratified_80_20
47410,1,1,1.0,stratified_80_20
47413,1,1,1.0,stratified_80_20
47421,1,1,1.0,stratified_80_20
47424,1,1,1.0,stratified_80_20
47428,1,1,1.0,stratified_80_20
47433,1,1,1.0,stratified_80_20
47445,1,1,1.0,stratified_80_20
47446,1,1,1.0,stratified_80_20
47450,1,1,1.0,stratified_80_20
47451,1,1,1.0,stratified_80_20
47452,1,1,1.0,stratified_80_20
47457,1,1,1.0,stratified_80_20
47464,1,1,1.0,stratified_80_20
47468,1,1,1.0,stratified_80_20
47478,1,1,1.0,stratified_80_20
47482,1,1,1.0,stratified_80_20
47493,1,1,1.0,stratified_80_20
47501,1,1,1.0,stratified_80_20
47505,1,1,1.0,stratified_80_20
47510,1,1,1.0,stratified_80_20
47511,1,1,1.0,stratified_80_20
47519,1,1,1.0,stratified_80_20
47523,1,1,1.0,stratified_80_20
47524,1,1,1.0,stratified_80_20
47532,1,1,1.0,stratified_80_20
47533,1,1,1.0,stratified_80_20
47535,1,1,1.0,stratified_80_20
47538,1,1,1.0,stratified_80_20
47540,1,1,1.0,stratified_80_20
47541,1,1,1.0,stratified_80_20
47558,1,1,1.0,stratified_80_20
47562,1,1,1.0,stratified_80_20
47563,1,1,1.0,stratified_80_20
47566,1,1,1.0,stratified_80_20
47573,1,1,1.0,stratified_80_20
47579,0,0,0.0,stratified_80_20
47580,1,1,1.0,stratified_80_20
47582,0,0,0.0,stratified_80_20
47592,1,1,1.0,stratified_80_20
47602,1,1,1.0,stratified_80_20
47608,1,1,1.0,stratified_80_20
47611,1,1,1.0,stratified_80_20
47613,1,1,1.0,stratified_80_20
47615,1,1,1.0,stratified_80_20
47618,1,1,1.0,stratified_80_20
47625,1,1,1.0,stratified_80_20
47626,1,1,1.0,stratified_80_20
47627,1,1,1.0,stratified_80_20
47635,1,1,1.0,stratified_80_20
47638,1,1,1.0,stratified_80_20
47646,1,1,1.0,stratified_80_20
47649,1,1,1.0,stratified_80_20
47653,1,1,1.0,stratified_80_20
47654,1,1,1.0,stratified_80_20
47658,1,1,1.0,stratified_80_20
47659,1,1,1.0,stratified_80_20
47664,1,1,1.0,stratified_80_20
47670,1,1,1.0,stratified_80_20
47683,1,1,1.0,stratified_80_20
47690,0,0,0.0,stratified_80_20
47693,1,1,1.0,stratified_80_20
47699,1,1,1.0,stratified_80_20
47705,1,1,1.0,stratified_80_20
47706,1,1,1.0,stratified_80_20
47712,1,1,1.0,stratified_80_20
47718,1,1,1.0,stratified_80_20
47719,1,1,1.0,stratified_80_20
47722,1,1,1.0,stratified_80_20
47728,1,1,1.0,stratified_80_20
47732,1,1,1.0,stratified_80_20
47737,1,1,1.0,stratified_80_20
47741,1,1,1.0,stratified_80_20
47743,1,1,1.0,stratified_80_20
47748,1,1,1.0,stratified_80_20
47751,1,1,1.0,stratified_80_20
47752,1,1,1.0,stratified_80_20
47762,0,0,0.0,stratified_80_20
47770,1,1,1.0,stratified_80_20
47772,1,1,1.0,stratified_80_20
47776,1,1,1.0,stratified_80_20
47777,1,1,1.0,stratified_80_20
47778,1,1,1.0,stratified_80_20
47780,1,1,1.0,stratified_80_20
47789,1,1,1.0,stratified_80_20
47792,1,1,1.0,stratified_80_20
47794,1,1,1.0,stratified_80_20
47800,1,1,1.0,stratified_80_20
47806,1,1,1.0,stratified_80_20
47808,1,1,1.0,stratified_80_20
47814,1,1,1.0,stratified_80_20
47825,1,1,1.0,stratified_80_20
47827,1,1,1.0,stratified_80_20
47834,1,1,1.0,stratified_80_20
47836,1,1,1.0,stratified_80_20
47837,1,1,1.0,stratified_80_20
47841,1,1,1.0,stratified_80_20
47843,1,1,1.0,stratified_80_20
47850,1,1,1.0,stratified_80_20
47851,1,1,1.0,stratified_80_20
47853,1,1,1.0,stratified_80_20
47854,1,1,1.0,stratified_80_20
47856,1,1,1.0,stratified_80_20
47857,1,1,1.0,stratified_80_20
47859,1,1,1.0,stratified_80_20
47867,1,1,1.0,stratified_80_20
47870,1,1,1.0,stratified_80_20
47871,1,1,1.0,stratified_80_20
47877,1,1,1.0,stratified_80_20
47881,1,1,1.0,stratified_80_20
47885,1,1,1.0,stratified_80_20
47889,1,1,1.0,stratified_80_20
47899,1,1,1.0,stratified_80_20
47900,1,1,1.0,stratified_80_20
47917,1,1,1.0,stratified_80_20
47922,1,1,1.0,stratified_80_20
47923,1,1,1.0,stratified_80_20
47924,1,1,1.0,stratified_80_20
47930,1,1,1.0,stratified_80_20
47931,1,1,1.0,stratified_80_20
47938,1,1,1.0,stratified_80_20
47940,1,1,1.0,stratified_80_20
47948,1,1,1.0,stratified_80_20
47949,0,0,0.0,stratified_80_20
47950,0,0,0.0,stratified_80_20
47952,1,1,1.0,stratified_80_20
47956,1,1,1.0,stratified_80_20
47957,1,1,1.0,stratified_80_20
47970,1,1,1.0,stratified_80_20
47982,1,1,1.0,stratified_80_20
47984,1,1,1.0,stratified_80_20
47989,1,1,1.0,stratified_80_20
47992,1,1,1.0,stratified_80_20
47994,1,1,1.0,stratified_80_20
47995,1,1,1.0,stratified_80_20
48001,1,1,1.0,stratified_80_20
48005,1,1,1.0,stratified_80_20
48008,1,1,1.0,stratified_80_20
48022,1,1,1.0,stratified_80_20
48024,1,1,1.0,stratified_80_20
48026,1,1,1.0,stratified_80_20
48035,1,1,1.0,stratified_80_20
48036,1,1,1.0,stratified_80_20
48037,1,1,1.0,stratified_80_20
48038,1,1,1.0,stratified_80_20
48040,1,1,1.0,stratified_80_20
48051,1,1,1.0,stratified_80_20
48055,1,1,1.0,stratified_80_20
48072,1,1,1.0,stratified_80_20
48076,1,1,1.0,stratified_80_20
48080,1,1,1.0,stratified_80_20
48086,1,1,1.0,stratified_80_20
48087,1,1,1.0,stratified_80_20
48088,1,1,1.0,stratified_80_20
48106,1,1,1.0,stratified_80_20
48108,1,1,1.0,stratified_80_20
48109,1,1,1.0,stratified_80_20
48111,1,1,1.0,stratified_80_20
48125,0,0,0.0,stratified_80_20
48128,0,0,0.0,stratified_80_20
48138,1,1,1.0,stratified_80_20
48162,1,1,1.0,stratified_80_20
48163,1,1,1.0,stratified_80_20
48168,1,1,1.0,stratified_80_20
48169,1,1,1.0,stratified_80_20
48196,1,1,1.0,stratified_80_20
48206,1,1,1.0,stratified_80_20
48209,1,1,1.0,stratified_80_20
48212,1,1,1.0,stratified_80_20
48215,1,1,1.0,stratified_80_20
48218,1,1,1.0,stratified_80_20
48219,1,1,1.0,stratified_80_20
48223,1,1,1.0,stratified_80_20
48231,1,1,1.0,stratified_80_20
48237,1,1,1.0,stratified_80_20
48242,1,1,1.0,stratified_80_20
48247,1,1,1.0,stratified_80_20
48249,1,1,1.0,stratified_80_20
48252,1,1,1.0,stratified_80_20
48255,1,1,1.0,stratified_80_20
48261,1,1,1.0,stratified_80_20
48280,1,1,1.0,stratified_80_20
48290,1,1,1.0,stratified_80_20
48299,1,1,1.0,stratified_80_20
48308,1,1,1.0,stratified_80_20
48314,1,1,1.0,stratified_80_20
48316,1,1,1.0,stratified_80_20
48321,1,1,1.0,stratified_80_20
48325,1,1,1.0,stratified_80_20
48329,1,1,1.0,stratified_80_20
48330,1,1,1.0,stratified_80_20
48332,1,1,1.0,stratified_80_20
48337,1,1,1.0,stratified_80_20
48339,1,1,1.0,stratified_80_20
48341,1,1,1.0,stratified_80_20
48346,1,1,1.0,stratified_80_20
48349,1,1,1.0,stratified_80_20
48354,1,1,1.0,stratified_80_20
48357,1,1,1.0,stratified_80_20
48361,1,1,1.0,stratified_80_20
48368,1,1,1.0,stratified_80_20
48369,1,1,1.0,stratified_80_20
48381,1,1,1.0,stratified_80_20
48386,1,1,1.0,stratified_80_20
48387,1,1,1.0,stratified_80_20
48403,1,1,1.0,stratified_80_20
48406,1,1,1.0,stratified_80_20
48409,1,1,1.0,stratified_80_20
48414,1,1,1.0,stratified_80_20
48416,1,1,1.0,stratified_80_20
48421,1,1,1.0,stratified_80_20
48423,1,1,1.0,stratified_80_20
48429,1,1,1.0,stratified_80_20
48434,1,1,1.0,stratified_80_20
48444,1,1,1.0,stratified_80_20
48447,1,1,1.0,stratified_80_20
48454,1,1,1.0,stratified_80_20
48458,1,1,1.0,stratified_80_20
48461,1,1,1.0,stratified_80_20
48468,1,1,1.0,stratified_80_20
48469,1,1,1.0,stratified_80_20
48476,1,1,1.0,stratified_80_20
48482,0,0,0.0,stratified_80_20
48501,1,1,1.0,stratified_80_20
48502,1,1,1.0,stratified_80_20
48507,0,0,0.0,stratified_80_20
48511,1,1,1.0,stratified_80_20
48514,1,1,1.0,stratified_80_20
48522,1,1,1.0,stratified_80_20
48532,1,1,1.0,stratified_80_20
48534,1,1,1.0,stratified_80_20
48542,1,1,1.0,stratified_80_20
48548,1,1,1.0,stratified_80_20
48553,1,1,1.0,stratified_80_20
48554,1,1,1.0,stratified_80_20
48563,1,1,1.0,stratified_80_20
48566,1,1,1.0,stratified_80_20
48579,1,1,1.0,stratified_80_20
48592,1,1,1.0,stratified_80_20
48594,1,1,1.0,stratified_80_20
48599,1,1,1.0,stratified_80_20
48605,1,1,1.0,stratified_80_20
48609,1,1,1.0,stratified_80_20
48623,0,0,0.0,stratified_80_20
48628,1,1,1.0,stratified_80_20
48632,1,1,1.0,stratified_80_20
48638,1,1,1.0,stratified_80_20
48641,1,1,1.0,stratified_80_20
48644,1,1,1.0,stratified_80_20
48646,1,1,1.0,stratified_80_20
48648,1,1,1.0,stratified_80_20
48652,1,1,1.0,stratified_80_20
48660,0,0,0.0,stratified_80_20
48662,1,1,1.0,stratified_80_20
48668,1,1,1.0,stratified_80_20
48673,1,1,1.0,stratified_80_20
48678,1,1,1.0,stratified_80_20
48681,1,1,1.0,stratified_80_20
48682,1,1,1.0,stratified_80_20
48688,0,0,0.0,stratified_80_20
48694,1,1,1.0,stratified_80_20
48699,1,1,1.0,stratified_80_20
48700,1,1,1.0,stratified_80_20
48701,1,1,1.0,stratified_80_20
48705,1,1,1.0,stratified_80_20
48720,1,1,1.0,stratified_80_20
48723,1,1,1.0,stratified_80_20
48726,1,1,1.0,stratified_80_20
48727,1,1,1.0,stratified_80_20
48733,1,1,1.0,stratified_80_20
48735,1,1,1.0,stratified_80_20
48736,1,1,1.0,stratified_80_20
48737,1,1,1.0,stratified_80_20
48745,1,1,1.0,stratified_80_20
48749,1,1,1.0,stratified_80_20
48751,1,1,1.0,stratified_80_20
48752,1,1,1.0,stratified_80_20
48774,1,1,1.0,stratified_80_20
48775,1,1,1.0,stratified_80_20
48783,1,1,1.0,stratified_80_20
48785,1,1,1.0,stratified_80_20
48792,1,1,1.0,stratified_80_20
48795,1,1,1.0,stratified_80_20
48798,1,1,1.0,stratified_80_20
48816,1,1,1.0,stratified_80_20
48818,1,1,1.0,stratified_80_20
48821,1,1,1.0,stratified_80_20
48829,1,1,1.0,stratified_80_20
48832,1,1,1.0,stratified_80_20
48837,1,1,1.0,stratified_80_20
48839,1,1,1.0,stratified_80_20
48847,0,0,0.0,stratified_80_20
48855,1,1,1.0,stratified_80_20
48861,1,1,1.0,stratified_80_20
48863,1,1,1.0,stratified_80_20
48866,1,1,1.0,stratified_80_20
48867,1,1,1.0,stratified_80_20
48885,1,1,1.0,stratified_80_20
48886,1,1,1.0,stratified_80_20
48890,1,1,1.0,stratified_80_20
48899,0,0,0.0,stratified_80_20
48923,1,1,1.0,stratified_80_20
48924,1,1,1.0,stratified_80_20
48929,1,1,1.0,stratified_80_20
48935,1,1,1.0,stratified_80_20
48938,1,1,1.0,stratified_80_20
48939,1,1,1.0,stratified_80_20
48944,1,1,1.0,stratified_80_20
48946,1,1,1.0,stratified_80_20
48959,1,1,1.0,stratified_80_20
48963,1,1,1.0,stratified_80_20
48977,1,1,1.0,stratified_80_20
48983,1,1,1.0,stratified_80_20
48990,1,1,1.0,stratified_80_20
49006,1,1,1.0,stratified_80_20
49007,1,1,1.0,stratified_80_20
49013,1,1,1.0,stratified_80_20
49017,1,1,1.0,stratified_80_20
49024,1,1,1.0,stratified_80_20
49032,1,1,1.0,stratified_80_20
49035,1,1,1.0,stratified_80_20
49039,1,1,1.0,stratified_80_20
49041,1,1,1.0,stratified_80_20
49042,1,1,1.0,stratified_80_20
49044,1,1,1.0,stratified_80_20
49045,1,1,1.0,stratified_80_20
49060,1,1,1.0,stratified_80_20
49066,1,1,1.0,stratified_80_20
49068,1,1,1.0,stratified_80_20
49075,1,1,1.0,stratified_80_20
49085,1,1,1.0,stratified_80_20
49088,0,0,0.0,stratified_80_20
49112,1,1,1.0,stratified_80_20
49114,1,1,1.0,stratified_80_20
49123,1,1,1.0,stratified_80_20
49130,1,1,1.0,stratified_80_20
49134,1,1,1.0,stratified_80_20
49135,1,1,1.0,stratified_80_20
49144,1,1,1.0,stratified_80_20
49148,1,1,1.0,stratified_80_20
49152,1,1,1.0,stratified_80_20
49155,1,1,1.0,stratified_80_20
49158,1,1,1.0,stratified_80_20
49160,1,1,1.0,stratified_80_20
49161,1,1,1.0,stratified_80_20
49163,1,1,1.0,stratified_80_20
49165,1,1,1.0,stratified_80_20
49171,1,1,1.0,stratified_80_20
49175,1,1,1.0,stratified_80_20
49179,1,1,1.0,stratified_80_20
49193,1,1,1.0,stratified_80_20
49197,1,1,1.0,stratified_80_20
49199,1,1,1.0,stratified_80_20
49215,0,0,0.0,stratified_80_20
49217,0,0,0.0,stratified_80_20
49219,1,1,1.0,stratified_80_20
49222,1,1,1.0,stratified_80_20
49228,1,1,1.0,stratified_80_20
49231,1,1,1.0,stratified_80_20
49235,0,0,0.0,stratified_80_20
49236,0,0,0.0,stratified_80_20
49238,1,1,1.0,stratified_80_20
49241,1,1,1.0,stratified_80_20
49243,1,1,1.0,stratified_80_20
49246,1,1,1.0,stratified_80_20
49247,1,1,1.0,stratified_80_20
49254,1,1,1.0,stratified_80_20
49258,1,1,1.0,stratified_80_20
49261,1,1,1.0,stratified_80_20
49279,1,1,1.0,stratified_80_20
49280,1,1,1.0,stratified_80_20
49288,1,1,1.0,stratified_80_20
49296,1,1,1.0,stratified_80_20
49304,1,1,1.0,stratified_80_20
49307,1,1,1.0,stratified_80_20
49312,1,1,1.0,stratified_80_20
49314,1,1,1.0,stratified_80_20
49316,1,1,1.0,stratified_80_20
49319,1,1,1.0,stratified_80_20
49321,1,1,1.0,stratified_80_20
49322,1,1,1.0,stratified_80_20
49327,1,1,1.0,stratified_80_20
49328,1,1,1.0,stratified_80_20
49335,1,1,1.0,stratified_80_20
49336,1,1,1.0,stratified_80_20
49351,1,1,1.0,stratified_80_20
49355,1,1,1.0,stratified_80_20
49359,1,1,1.0,stratified_80_20
49368,1,1,1.0,stratified_80_20
49371,1,1,1.0,stratified_80_20
49373,1,1,1.0,stratified_80_20
49376,1,1,1.0,stratified_80_20
49380,1,1,1.0,stratified_80_20
49382,1,1,1.0,stratified_80_20
49383,1,1,1.0,stratified_80_20
49390,1,1,1.0,stratified_80_20
49394,0,0,0.0,stratified_80_20
49396,1,1,1.0,stratified_80_20
49397,1,1,1.0,stratified_80_20
49400,1,1,1.0,stratified_80_20
49404,1,1,1.0,stratified_80_20
49409,1,1,1.0,stratified_80_20
49423,1,1,1.0,stratified_80_20
49427,1,1,1.0,stratified_80_20
49429,1,1,1.0,stratified_80_20
49431,1,1,1.0,stratified_80_20
49437,1,1,1.0,stratified_80_20
49454,1,1,1.0,stratified_80_20
49457,1,1,1.0,stratified_80_20
49464,1,1,1.0,stratified_80_20
49465,1,1,1.0,stratified_80_20
49467,1,1,1.0,stratified_80_20
49468,1,1,1.0,stratified_80_20
49471,1,1,1.0,stratified_80_20
49474,1,1,1.0,stratified_80_20
49476,1,1,1.0,stratified_80_20
49489,1,1,1.0,stratified_80_20
49490,1,1,1.0,stratified_80_20
49491,1,1,1.0,stratified_80_20
49502,1,1,1.0,stratified_80_20
49507,1,1,1.0,stratified_80_20
49514,1,1,1.0,stratified_80_20
49515,1,1,1.0,stratified_80_20
49516,0,0,0.0,stratified_80_20
49518,1,1,1.0,stratified_80_20
49523,1,1,1.0,stratified_80_20
49527,1,1,1.0,stratified_80_20
49542,1,1,1.0,stratified_80_20
49545,1,1,1.0,stratified_80_20
49546,1,1,1.0,stratified_80_20
49548,1,1,1.0,stratified_80_20
49556,1,1,1.0,stratified_80_20
49563,1,1,1.0,stratified_80_20
49575,1,1,1.0,stratified_80_20
49579,1,1,1.0,stratified_80_20
49583,1,1,1.0,stratified_80_20
49592,1,1,1.0,stratified_80_20
49593,1,1,1.0,stratified_80_20
49595,0,0,0.0,stratified_80_20
49597,1,1,1.0,stratified_80_20
49603,1,1,1.0,stratified_80_20
49608,1,1,1.0,stratified_80_20
49612,1,1,1.0,stratified_80_20
49622,1,1,1.0,stratified_80_20
49626,1,1,1.0,stratified_80_20
49627,1,1,1.0,stratified_80_20
49634,1,1,1.0,stratified_80_20
49639,1,1,1.0,stratified_80_20
49640,1,1,1.0,stratified_80_20
49648,1,1,1.0,stratified_80_20
49653,1,1,1.0,stratified_80_20
49656,1,1,1.0,stratified_80_20
49668,1,1,1.0,stratified_80_20
49671,1,1,1.0,stratified_80_20
49674,1,1,1.0,stratified_80_20
49679,1,1,1.0,stratified_80_20
49682,1,1,1.0,stratified_80_20
49685,1,1,1.0,stratified_80_20
49689,1,1,1.0,stratified_80_20
49693,1,1,1.0,stratified_80_20
49702,1,1,1.0,stratified_80_20
49706,1,1,1.0,stratified_80_20
49710,1,1,1.0,stratified_80_20
49711,1,1,1.0,stratified_80_20
49713,1,1,1.0,stratified_80_20
49714,1,1,1.0,stratified_80_20
49717,1,1,1.0,stratified_80_20
49719,1,1,1.0,stratified_80_20
49720,1,1,1.0,stratified_80_20
49722,1,1,1.0,stratified_80_20
49726,1,1,1.0,stratified_80_20
49727,1,1,1.0,stratified_80_20
49729,1,1,1.0,stratified_80_20
49731,1,1,1.0,stratified_80_20
49735,1,1,1.0,stratified_80_20
49742,1,1,1.0,stratified_80_20
49745,1,1,1.0,stratified_80_20
49748,0,0,0.0,stratified_80_20
49751,1,1,1.0,stratified_80_20
49753,0,0,0.0,stratified_80_20
49758,1,1,1.0,stratified_80_20
49759,1,1,1.0,stratified_80_20
49763,1,1,1.0,stratified_80_20
49764,1,1,1.0,stratified_80_20
49772,0,0,0.0,stratified_80_20
49779,1,1,1.0,stratified_80_20
49783,1,1,1.0,stratified_80_20
49784,1,1,1.0,stratified_80_20
49785,0,0,0.0,stratified_80_20
49786,1,1,1.0,stratified_80_20
49799,1,1,1.0,stratified_80_20
49818,1,1,1.0,stratified_80_20
49819,1,1,1.0,stratified_80_20
49820,1,1,1.0,stratified_80_20
49821,1,1,1.0,stratified_80_20
49822,1,1,1.0,stratified_80_20
49827,1,1,1.0,stratified_80_20
49831,1,1,1.0,stratified_80_20
49836,1,1,1.0,stratified_80_20
49838,1,1,1.0,stratified_80_20
49840,1,1,1.0,stratified_80_20
49842,1,1,1.0,stratified_80_20
49851,1,1,1.0,stratified_80_20
49853,1,1,1.0,stratified_80_20
49856,1,1,1.0,stratified_80_20
49859,1,1,1.0,stratified_80_20
49861,1,1,1.0,stratified_80_20
49863,1,1,1.0,stratified_80_20
49866,1,1,1.0,stratified_80_20
49883,1,1,1.0,stratified_80_20
49884,1,1,1.0,stratified_80_20
49887,1,1,1.0,stratified_80_20
49894,1,1,1.0,stratified_80_20
49899,1,1,1.0,stratified_80_20
49901,1,1,1.0,stratified_80_20
49907,1,1,1.0,stratified_80_20
49909,1,1,1.0,stratified_80_20
49918,1,1,1.0,stratified_80_20
49936,0,0,0.0,stratified_80_20
49943,1,1,1.0,stratified_80_20
49945,1,1,1.0,stratified_80_20
49946,1,1,1.0,stratified_80_20
49962,1,1,1.0,stratified_80_20
49966,1,1,1.0,stratified_80_20
49970,1,1,1.0,stratified_80_20
49973,1,1,1.0,stratified_80_20
49975,0,0,0.0,stratified_80_20
49978,1,1,1.0,stratified_80_20
49988,1,1,1.0,stratified_80_20
49989,1,1,1.0,stratified_80_20
49990,1,1,1.0,stratified_80_20
49992,1,1,1.0,stratified_80_20
50000,0,0,0.0,stratified_80_20
50005,0,0,0.0,stratified_80_20
50010,1,1,1.0,stratified_80_20
50012,1,1,1.0,stratified_80_20
50013,1,1,1.0,stratified_80_20
50018,1,1,1.0,stratified_80_20
50024,1,1,1.0,stratified_80_20
50028,1,1,1.0,stratified_80_20
50032,1,1,1.0,stratified_80_20
50038,1,1,1.0,stratified_80_20
50040,1,1,1.0,stratified_80_20
50051,1,1,1.0,stratified_80_20
50060,1,1,1.0,stratified_80_20
50061,1,1,1.0,stratified_80_20
50067,1,1,1.0,stratified_80_20
50068,1,1,1.0,stratified_80_20
50073,1,1,1.0,stratified_80_20
50077,1,1,1.0,stratified_80_20
50078,1,1,1.0,stratified_80_20
50080,1,1,1.0,stratified_80_20
50083,1,1,1.0,stratified_80_20
50084,1,1,1.0,stratified_80_20
50090,1,1,1.0,stratified_80_20
50092,1,1,1.0,stratified_80_20
50093,1,1,1.0,stratified_80_20
50094,1,1,1.0,stratified_80_20
50098,1,1,1.0,stratified_80_20
50099,1,1,1.0,stratified_80_20
50103,1,1,1.0,stratified_80_20
50112,1,1,1.0,stratified_80_20
50124,1,1,1.0,stratified_80_20
50126,1,1,1.0,stratified_80_20
50128,1,1,1.0,stratified_80_20
50133,1,1,1.0,stratified_80_20
50142,1,1,1.0,stratified_80_20
50161,1,1,1.0,stratified_80_20
50167,1,1,1.0,stratified_80_20
50194,1,1,1.0,stratified_80_20
50204,1,1,1.0,stratified_80_20
50205,1,1,1.0,stratified_80_20
50206,1,1,1.0,stratified_80_20
50207,1,1,1.0,stratified_80_20
50212,1,1,1.0,stratified_80_20
50216,1,1,1.0,stratified_80_20
50220,1,1,1.0,stratified_80_20
50229,1,1,1.0,stratified_80_20
50230,1,1,1.0,stratified_80_20
50236,1,1,1.0,stratified_80_20
50239,1,1,1.0,stratified_80_20
50245,1,1,1.0,stratified_80_20
50251,1,1,1.0,stratified_80_20
50253,1,1,1.0,stratified_80_20
50255,1,1,1.0,stratified_80_20
50259,1,1,1.0,stratified_80_20
50264,1,1,1.0,stratified_80_20
50272,1,1,1.0,stratified_80_20
50273,1,1,1.0,stratified_80_20
50289,0,0,0.0,stratified_80_20
50291,0,0,0.0,stratified_80_20
50308,1,1,1.0,stratified_80_20
50315,1,1,1.0,stratified_80_20
50316,1,1,1.0,stratified_80_20
50324,1,1,1.0,stratified_80_20
50325,1,1,1.0,stratified_80_20
50335,1,1,1.0,stratified_80_20
50344,1,1,1.0,stratified_80_20
50345,1,1,1.0,stratified_80_20
50346,1,1,1.0,stratified_80_20
50352,1,1,1.0,stratified_80_20
50358,1,1,1.0,stratified_80_20
50359,1,1,1.0,stratified_80_20
50365,1,1,1.0,stratified_80_20
50375,1,1,1.0,stratified_80_20
50380,1,1,1.0,stratified_80_20
50381,1,1,1.0,stratified_80_20
50385,1,1,1.0,stratified_80_20
50386,1,1,1.0,stratified_80_20
50392,1,1,1.0,stratified_80_20
50409,1,1,1.0,stratified_80_20
50411,1,1,1.0,stratified_80_20
50415,1,1,1.0,stratified_80_20
50417,1,1,1.0,stratified_80_20
50418,1,1,1.0,stratified_80_20
50430,1,1,1.0,stratified_80_20
50431,1,1,1.0,stratified_80_20
50435,1,1,1.0,stratified_80_20
50436,1,1,1.0,stratified_80_20
50445,1,1,1.0,stratified_80_20
50446,1,1,1.0,stratified_80_20
50447,1,1,1.0,stratified_80_20
50449,1,1,1.0,stratified_80_20
50450,1,1,1.0,stratified_80_20
50451,0,0,0.0,stratified_80_20
50455,1,1,1.0,stratified_80_20
50458,1,1,1.0,stratified_80_20
50460,1,1,1.0,stratified_80_20
50463,1,1,1.0,stratified_80_20
50465,1,1,1.0,stratified_80_20
50469,1,1,1.0,stratified_80_20
50483,1,1,1.0,stratified_80_20
50493,1,1,1.0,stratified_80_20
50503,1,1,1.0,stratified_80_20
50508,1,1,1.0,stratified_80_20
50509,1,1,1.0,stratified_80_20
50520,1,1,1.0,stratified_80_20
50544,1,1,1.0,stratified_80_20
50547,1,1,1.0,stratified_80_20
50553,1,1,1.0,stratified_80_20
50572,1,1,1.0,stratified_80_20
50579,1,1,1.0,stratified_80_20
50583,1,1,1.0,stratified_80_20
50585,1,1,1.0,stratified_80_20
50588,1,1,1.0,stratified_80_20
50593,1,1,1.0,stratified_80_20
50601,1,1,1.0,stratified_80_20
50602,1,1,1.0,stratified_80_20
50604,1,1,1.0,stratified_80_20
50606,1,1,1.0,stratified_80_20
50607,1,1,1.0,stratified_80_20
50617,1,1,1.0,stratified_80_20
50618,1,1,1.0,stratified_80_20
50620,1,1,1.0,stratified_80_20
50621,1,1,1.0,stratified_80_20
50627,1,1,1.0,stratified_80_20
50633,1,1,1.0,stratified_80_20
50635,1,1,1.0,stratified_80_20
50637,1,1,1.0,stratified_80_20
50641,1,1,1.0,stratified_80_20
50643,1,1,1.0,stratified_80_20
50649,0,0,0.0,stratified_80_20
50650,1,1,1.0,stratified_80_20
50660,1,1,1.0,stratified_80_20
50661,1,1,1.0,stratified_80_20
50667,1,1,1.0,stratified_80_20
50685,1,1,1.0,stratified_80_20
50687,1,1,1.0,stratified_80_20
50688,1,1,1.0,stratified_80_20
50695,1,1,1.0,stratified_80_20
50700,1,1,1.0,stratified_80_20
50710,1,1,1.0,stratified_80_20
50712,1,1,1.0,stratified_80_20
50721,1,1,1.0,stratified_80_20
50724,1,1,1.0,stratified_80_20
50725,1,1,1.0,stratified_80_20
50726,1,1,1.0,stratified_80_20
50732,1,1,1.0,stratified_80_20
50738,1,1,1.0,stratified_80_20
50745,1,1,1.0,stratified_80_20
50748,1,1,1.0,stratified_80_20
50751,1,1,1.0,stratified_80_20
50752,1,1,1.0,stratified_80_20
50753,1,1,1.0,stratified_80_20
50757,1,1,1.0,stratified_80_20
50759,1,1,1.0,stratified_80_20
50760,1,1,1.0,stratified_80_20
50761,1,1,1.0,stratified_80_20
50767,1,1,1.0,stratified_80_20
50770,1,1,1.0,stratified_80_20
50772,1,1,1.0,stratified_80_20
50775,1,1,1.0,stratified_80_20
50781,1,1,1.0,stratified_80_20
50784,1,1,1.0,stratified_80_20
50786,1,1,1.0,stratified_80_20
50787,1,1,1.0,stratified_80_20
50790,1,1,1.0,stratified_80_20
50791,1,1,1.0,stratified_80_20
50794,1,1,1.0,stratified_80_20
50795,1,1,1.0,stratified_80_20
50798,1,1,1.0,stratified_80_20
50800,1,1,1.0,stratified_80_20
50809,1,1,1.0,stratified_80_20
50811,1,1,1.0,stratified_80_20
50812,1,1,1.0,stratified_80_20
50813,1,1,1.0,stratified_80_20
50816,1,1,1.0,stratified_80_20
50823,1,1,1.0,stratified_80_20
50828,1,1,1.0,stratified_80_20
50842,1,1,1.0,stratified_80_20
50854,1,1,1.0,stratified_80_20
50856,1,1,1.0,stratified_80_20
50858,0,0,0.0,stratified_80_20
50868,1,1,1.0,stratified_80_20
50888,1,1,1.0,stratified_80_20
50890,1,1,1.0,stratified_80_20
50894,1,1,1.0,stratified_80_20
50903,1,1,1.0,stratified_80_20
50909,1,1,1.0,stratified_80_20
50918,1,1,1.0,stratified_80_20
50929,1,1,1.0,stratified_80_20
50931,1,1,1.0,stratified_80_20
50934,1,1,1.0,stratified_80_20
50938,1,1,1.0,stratified_80_20
50946,1,1,1.0,stratified_80_20
50948,1,1,1.0,stratified_80_20
50949,1,1,1.0,stratified_80_20
50976,1,1,1.0,stratified_80_20
50986,1,1,1.0,stratified_80_20
50989,1,1,1.0,stratified_80_20
50993,1,1,1.0,stratified_80_20
50994,1,1,1.0,stratified_80_20
50996,1,1,1.0,stratified_80_20
51000,1,1,1.0,stratified_80_20
51001,1,1,1.0,stratified_80_20
51005,1,1,1.0,stratified_80_20
51008,1,1,1.0,stratified_80_20
51010,1,1,1.0,stratified_80_20
51014,0,0,0.0,stratified_80_20
51022,1,1,1.0,stratified_80_20
51025,1,1,1.0,stratified_80_20
51026,1,1,1.0,stratified_80_20
51028,1,1,1.0,stratified_80_20
51035,1,1,1.0,stratified_80_20
51038,0,0,0.0,stratified_80_20
51039,1,1,1.0,stratified_80_20
51043,1,1,1.0,stratified_80_20
51051,1,1,1.0,stratified_80_20
51052,1,1,1.0,stratified_80_20
51055,1,1,1.0,stratified_80_20
51057,1,1,1.0,stratified_80_20
51075,1,1,1.0,stratified_80_20
51091,1,1,1.0,stratified_80_20
51096,1,1,1.0,stratified_80_20
51104,1,1,1.0,stratified_80_20
51106,1,1,1.0,stratified_80_20
51108,1,1,1.0,stratified_80_20
51114,1,1,1.0,stratified_80_20
51116,1,1,1.0,stratified_80_20
51118,1,1,1.0,stratified_80_20
51119,1,1,1.0,stratified_80_20
51121,1,1,1.0,stratified_80_20
51124,1,1,1.0,stratified_80_20
51132,1,1,1.0,stratified_80_20
51142,1,1,1.0,stratified_80_20
51143,1,1,1.0,stratified_80_20
51145,1,1,1.0,stratified_80_20
51154,1,1,1.0,stratified_80_20
51159,1,1,1.0,stratified_80_20
51165,1,1,1.0,stratified_80_20
51169,1,1,1.0,stratified_80_20
51172,1,1,1.0,stratified_80_20
51184,1,1,1.0,stratified_80_20
51189,1,1,1.0,stratified_80_20
51192,1,1,1.0,stratified_80_20
51195,0,0,0.0,stratified_80_20
51198,1,1,1.0,stratified_80_20
51204,1,1,1.0,stratified_80_20
51205,1,1,1.0,stratified_80_20
51211,1,1,1.0,stratified_80_20
51224,1,1,1.0,stratified_80_20
51225,1,1,1.0,stratified_80_20
51230,1,1,1.0,stratified_80_20
51232,1,1,1.0,stratified_80_20
51237,1,1,1.0,stratified_80_20
51239,1,1,1.0,stratified_80_20
51240,1,1,1.0,stratified_80_20
51243,1,1,1.0,stratified_80_20
51244,1,1,1.0,stratified_80_20
51245,1,1,1.0,stratified_80_20
51246,1,1,1.0,stratified_80_20
51248,1,1,1.0,stratified_80_20
51251,1,1,1.0,stratified_80_20
51260,1,1,1.0,stratified_80_20
51275,1,1,1.0,stratified_80_20
51278,1,1,1.0,stratified_80_20
51279,1,1,1.0,stratified_80_20
51284,1,1,1.0,stratified_80_20
51285,1,1,1.0,stratified_80_20
51288,1,1,1.0,stratified_80_20
51290,1,1,1.0,stratified_80_20
51299,1,1,1.0,stratified_80_20
51315,1,1,1.0,stratified_80_20
51317,1,1,1.0,stratified_80_20
51318,1,1,1.0,stratified_80_20
51319,1,1,1.0,stratified_80_20
51323,1,1,1.0,stratified_80_20
51331,1,1,1.0,stratified_80_20
51332,1,1,1.0,stratified_80_20
51333,1,1,1.0,stratified_80_20
51336,1,1,1.0,stratified_80_20
51347,1,1,1.0,stratified_80_20
51353,1,1,1.0,stratified_80_20
51357,1,1,1.0,stratified_80_20
51358,1,1,1.0,stratified_80_20
51377,0,0,0.0,stratified_80_20
51382,0,0,0.0,stratified_80_20
51391,1,1,1.0,stratified_80_20
51392,1,1,1.0,stratified_80_20
51394,1,1,1.0,stratified_80_20
51405,1,1,1.0,stratified_80_20
51411,1,1,1.0,stratified_80_20
51416,1,1,1.0,stratified_80_20
51417,1,1,1.0,stratified_80_20
51429,1,1,1.0,stratified_80_20
51439,1,1,1.0,stratified_80_20
51444,1,1,1.0,stratified_80_20
51447,1,1,1.0,stratified_80_20
51458,1,1,1.0,stratified_80_20
51462,1,1,1.0,stratified_80_20
51463,1,1,1.0,stratified_80_20
51468,1,1,1.0,stratified_80_20
51472,1,1,1.0,stratified_80_20
51488,1,1,1.0,stratified_80_20
51489,1,1,1.0,stratified_80_20
51491,1,1,1.0,stratified_80_20
51496,1,1,1.0,stratified_80_20
51498,1,1,1.0,stratified_80_20
51499,1,1,1.0,stratified_80_20
51517,1,1,1.0,stratified_80_20
51533,1,1,1.0,stratified_80_20
51536,1,1,1.0,stratified_80_20
51539,1,1,1.0,stratified_80_20
51540,1,1,1.0,stratified_80_20
51547,1,1,1.0,stratified_80_20
51552,1,1,1.0,stratified_80_20
51556,1,1,1.0,stratified_80_20
51572,1,1,1.0,stratified_80_20
51576,1,1,1.0,stratified_80_20
51582,1,1,1.0,stratified_80_20
51590,0,0,0.0,stratified_80_20
51610,1,1,1.0,stratified_80_20
51612,1,1,1.0,stratified_80_20
51621,1,1,1.0,stratified_80_20
51630,1,1,1.0,stratified_80_20
51634,1,1,1.0,stratified_80_20
51642,1,1,1.0,stratified_80_20
51655,1,1,1.0,stratified_80_20
51656,1,1,1.0,stratified_80_20
51658,1,1,1.0,stratified_80_20
51659,1,1,1.0,stratified_80_20
51662,1,1,1.0,stratified_80_20
51665,1,1,1.0,stratified_80_20
51678,1,1,1.0,stratified_80_20
51680,1,1,1.0,stratified_80_20
51691,1,1,1.0,stratified_80_20
51713,1,1,1.0,stratified_80_20
51714,1,1,1.0,stratified_80_20
51715,1,1,1.0,stratified_80_20
51727,1,1,1.0,stratified_80_20
51740,0,0,0.0,stratified_80_20
51743,0,0,0.0,stratified_80_20
51750,1,1,1.0,stratified_80_20
51751,1,1,1.0,stratified_80_20
51755,1,1,1.0,stratified_80_20
51762,1,1,1.0,stratified_80_20
51765,1,1,1.0,stratified_80_20
51776,1,1,1.0,stratified_80_20
51782,1,1,1.0,stratified_80_20
51788,1,1,1.0,stratified_80_20
51797,1,1,1.0,stratified_80_20
51804,1,1,1.0,stratified_80_20
51809,1,1,1.0,stratified_80_20
51815,1,1,1.0,stratified_80_20
51819,1,1,1.0,stratified_80_20
51822,1,1,1.0,stratified_80_20
51823,1,1,1.0,stratified_80_20
51833,1,1,1.0,stratified_80_20
51837,1,1,1.0,stratified_80_20
51839,1,1,1.0,stratified_80_20
51841,1,1,1.0,stratified_80_20
51844,1,1,1.0,stratified_80_20
51845,1,1,1.0,stratified_80_20
51859,1,1,1.0,stratified_80_20
51869,1,1,1.0,stratified_80_20
51872,1,1,1.0,stratified_80_20
51874,1,1,1.0,stratified_80_20
51883,1,1,1.0,stratified_80_20
51902,1,1,1.0,stratified_80_20
51907,1,1,1.0,stratified_80_20
51908,1,1,1.0,stratified_80_20
51912,1,1,1.0,stratified_80_20
51915,1,1,1.0,stratified_80_20
51936,1,1,1.0,stratified_80_20
51939,1,1,1.0,stratified_80_20
51941,1,1,1.0,stratified_80_20
51952,1,1,1.0,stratified_80_20
51958,1,1,1.0,stratified_80_20
51965,1,1,1.0,stratified_80_20
51969,1,1,1.0,stratified_80_20
51974,1,1,1.0,stratified_80_20
51977,1,1,1.0,stratified_80_20
51978,1,1,1.0,stratified_80_20
51983,1,1,1.0,stratified_80_20
51988,1,1,1.0,stratified_80_20
52000,1,1,1.0,stratified_80_20
52005,1,1,1.0,stratified_80_20
52012,1,1,1.0,stratified_80_20
52015,1,1,1.0,stratified_80_20
52020,1,1,1.0,stratified_80_20
52022,1,1,1.0,stratified_80_20
52025,1,1,1.0,stratified_80_20
52026,1,1,1.0,stratified_80_20
52030,1,1,1.0,stratified_80_20
52034,1,1,1.0,stratified_80_20
52052,1,1,1.0,stratified_80_20
52053,1,1,1.0,stratified_80_20
52057,1,1,1.0,stratified_80_20
52059,1,1,1.0,stratified_80_20
52065,1,1,1.0,stratified_80_20
52066,1,1,1.0,stratified_80_20
52077,1,1,1.0,stratified_80_20
52080,1,1,1.0,stratified_80_20
52087,1,1,1.0,stratified_80_20
52088,1,1,1.0,stratified_80_20
52100,0,0,0.0,stratified_80_20
52110,1,1,1.0,stratified_80_20
52115,1,1,1.0,stratified_80_20
52121,0,0,0.0,stratified_80_20
52124,1,1,1.0,stratified_80_20
52135,1,1,1.0,stratified_80_20
52142,1,1,1.0,stratified_80_20
52147,1,1,1.0,stratified_80_20
52155,1,1,1.0,stratified_80_20
52158,1,1,1.0,stratified_80_20
52160,1,1,1.0,stratified_80_20
52162,1,1,1.0,stratified_80_20
52165,1,1,1.0,stratified_80_20
52172,1,1,1.0,stratified_80_20
52175,1,1,1.0,stratified_80_20
52176,1,1,1.0,stratified_80_20
52177,1,1,1.0,stratified_80_20
52178,1,1,1.0,stratified_80_20
52187,1,1,1.0,stratified_80_20
52195,1,1,1.0,stratified_80_20
52196,1,1,1.0,stratified_80_20
52197,1,1,1.0,stratified_80_20
52206,1,1,1.0,stratified_80_20
52207,1,1,1.0,stratified_80_20
52210,1,1,1.0,stratified_80_20
52211,1,1,1.0,stratified_80_20
52225,1,1,1.0,stratified_80_20
52242,1,1,1.0,stratified_80_20
52243,1,1,1.0,stratified_80_20
52246,1,1,1.0,stratified_80_20
52251,1,1,1.0,stratified_80_20
52253,1,1,1.0,stratified_80_20
52256,1,1,1.0,stratified_80_20
52258,1,1,1.0,stratified_80_20
52271,1,1,1.0,stratified_80_20
52283,0,0,0.0,stratified_80_20
52284,1,1,1.0,stratified_80_20
52285,0,0,0.0,stratified_80_20
52290,1,1,1.0,stratified_80_20
52306,1,1,1.0,stratified_80_20
52311,0,0,0.0,stratified_80_20
52312,1,1,1.0,stratified_80_20
52318,1,1,1.0,stratified_80_20
52324,1,1,1.0,stratified_80_20
52338,1,1,1.0,stratified_80_20
52339,1,1,1.0,stratified_80_20
52349,1,1,1.0,stratified_80_20
52354,1,1,1.0,stratified_80_20
52359,1,1,1.0,stratified_80_20
52362,1,1,1.0,stratified_80_20
52365,1,1,1.0,stratified_80_20
52372,1,1,1.0,stratified_80_20
52382,1,1,1.0,stratified_80_20
52384,1,1,1.0,stratified_80_20
52387,1,1,1.0,stratified_80_20
52388,1,1,1.0,stratified_80_20
52392,1,1,1.0,stratified_80_20
52395,1,1,1.0,stratified_80_20
52398,1,1,1.0,stratified_80_20
52403,1,1,1.0,stratified_80_20
52426,1,1,1.0,stratified_80_20
52439,1,1,1.0,stratified_80_20
52441,1,1,1.0,stratified_80_20
52448,1,1,1.0,stratified_80_20
52449,1,1,1.0,stratified_80_20
52450,1,1,1.0,stratified_80_20
52454,1,1,1.0,stratified_80_20
52457,1,1,1.0,stratified_80_20
52460,1,1,1.0,stratified_80_20
52471,1,1,1.0,stratified_80_20
52477,1,1,1.0,stratified_80_20
52483,1,1,1.0,stratified_80_20
52490,1,1,1.0,stratified_80_20
52497,1,1,1.0,stratified_80_20
52500,1,1,1.0,stratified_80_20
52506,1,1,1.0,stratified_80_20
52509,1,1,1.0,stratified_80_20
52511,1,1,1.0,stratified_80_20
52512,1,1,1.0,stratified_80_20
52519,1,1,1.0,stratified_80_20
52525,1,1,1.0,stratified_80_20
52529,1,1,1.0,stratified_80_20
52531,1,1,1.0,stratified_80_20
52533,1,1,1.0,stratified_80_20
52538,1,1,1.0,stratified_80_20
52542,1,1,1.0,stratified_80_20
52543,1,1,1.0,stratified_80_20
52551,1,1,1.0,stratified_80_20
52559,1,1,1.0,stratified_80_20
52573,1,1,1.0,stratified_80_20
52578,1,1,1.0,stratified_80_20
52579,1,1,1.0,stratified_80_20
52581,1,1,1.0,stratified_80_20
52590,1,1,1.0,stratified_80_20
52594,1,1,1.0,stratified_80_20
52597,1,1,1.0,stratified_80_20
52600,1,1,1.0,stratified_80_20
52601,1,1,1.0,stratified_80_20
52604,1,1,1.0,stratified_80_20
52610,1,1,1.0,stratified_80_20
52615,1,1,1.0,stratified_80_20
52616,1,1,1.0,stratified_80_20
52626,1,1,1.0,stratified_80_20
52636,0,0,0.0,stratified_80_20
52638,1,1,1.0,stratified_80_20
52643,1,1,1.0,stratified_80_20
52647,1,1,1.0,stratified_80_20
52650,1,1,1.0,stratified_80_20
52670,1,1,1.0,stratified_80_20
52671,1,1,1.0,stratified_80_20
52678,1,1,1.0,stratified_80_20
52688,1,1,1.0,stratified_80_20
52691,1,1,1.0,stratified_80_20
52700,1,1,1.0,stratified_80_20
52702,1,1,1.0,stratified_80_20
52709,1,1,1.0,stratified_80_20
52715,1,1,1.0,stratified_80_20
52723,1,1,1.0,stratified_80_20
52724,1,1,1.0,stratified_80_20
52731,1,1,1.0,stratified_80_20
52734,1,1,1.0,stratified_80_20
52742,1,1,1.0,stratified_80_20
52752,1,1,1.0,stratified_80_20
52754,0,0,0.0,stratified_80_20
52755,1,1,1.0,stratified_80_20
52759,1,1,1.0,stratified_80_20
52760,1,1,1.0,stratified_80_20
52773,1,1,1.0,stratified_80_20
52775,1,1,1.0,stratified_80_20
52776,1,1,1.0,stratified_80_20
52778,1,1,1.0,stratified_80_20
52780,1,1,1.0,stratified_80_20
52793,1,1,1.0,stratified_80_20
52805,1,1,1.0,stratified_80_20
52816,1,1,1.0,stratified_80_20
52822,1,1,1.0,stratified_80_20
52825,1,1,1.0,stratified_80_20
52832,1,1,1.0,stratified_80_20
52833,1,1,1.0,stratified_80_20
52841,1,1,1.0,stratified_80_20
52849,1,1,1.0,stratified_80_20
52850,1,1,1.0,stratified_80_20
52854,1,1,1.0,stratified_80_20
52857,1,1,1.0,stratified_80_20
52858,1,1,1.0,stratified_80_20
52877,1,1,1.0,stratified_80_20
52879,1,1,1.0,stratified_80_20
52880,1,1,1.0,stratified_80_20
52882,1,1,1.0,stratified_80_20
52886,1,1,1.0,stratified_80_20
52897,1,1,1.0,stratified_80_20
52917,1,1,1.0,stratified_80_20
52918,1,1,1.0,stratified_80_20
52920,1,1,1.0,stratified_80_20
52925,1,1,1.0,stratified_80_20
52927,1,1,1.0,stratified_80_20
52933,1,1,1.0,stratified_80_20
52934,1,1,1.0,stratified_80_20
52935,1,1,1.0,stratified_80_20
52939,1,1,1.0,stratified_80_20
52941,1,1,1.0,stratified_80_20
52945,1,1,1.0,stratified_80_20
52955,1,1,1.0,stratified_80_20
52961,1,1,1.0,stratified_80_20
52964,1,1,1.0,stratified_80_20
52968,1,1,1.0,stratified_80_20
52972,1,1,1.0,stratified_80_20
52981,1,1,1.0,stratified_80_20
52992,1,1,1.0,stratified_80_20
52996,1,1,1.0,stratified_80_20
52999,0,0,0.0,stratified_80_20
53000,1,1,1.0,stratified_80_20
53001,1,1,1.0,stratified_80_20
53003,1,1,1.0,stratified_80_20
53004,0,0,0.0,stratified_80_20
53006,1,1,1.0,stratified_80_20
53013,1,1,1.0,stratified_80_20
53016,1,1,1.0,stratified_80_20
53017,1,1,1.0,stratified_80_20
53027,1,1,1.0,stratified_80_20
53036,1,1,1.0,stratified_80_20
53049,1,1,1.0,stratified_80_20
53051,1,1,1.0,stratified_80_20
53054,1,1,1.0,stratified_80_20
53057,1,1,1.0,stratified_80_20
53076,1,1,1.0,stratified_80_20
53085,1,1,1.0,stratified_80_20
53089,1,1,1.0,stratified_80_20
53100,1,1,1.0,stratified_80_20
53107,1,1,1.0,stratified_80_20
53109,1,1,1.0,stratified_80_20
53125,1,1,1.0,stratified_80_20
53129,1,1,1.0,stratified_80_20
53130,1,1,1.0,stratified_80_20
53131,1,1,1.0,stratified_80_20
53135,1,1,1.0,stratified_80_20
53147,1,1,1.0,stratified_80_20
53149,1,1,1.0,stratified_80_20
53153,1,1,1.0,stratified_80_20
53161,1,1,1.0,stratified_80_20
53166,1,1,1.0,stratified_80_20
53170,1,1,1.0,stratified_80_20
53172,1,1,1.0,stratified_80_20
53173,1,1,1.0,stratified_80_20
53176,1,1,1.0,stratified_80_20
53184,0,0,0.0,stratified_80_20
53186,0,0,0.0,stratified_80_20
53195,0,0,0.0,stratified_80_20
53198,1,1,1.0,stratified_80_20
53200,1,1,1.0,stratified_80_20
53201,1,1,1.0,stratified_80_20
53204,1,1,1.0,stratified_80_20
53207,1,1,1.0,stratified_80_20
53214,0,0,0.0,stratified_80_20
53219,1,1,1.0,stratified_80_20
53225,1,1,1.0,stratified_80_20
53229,1,1,1.0,stratified_80_20
53232,1,1,1.0,stratified_80_20
53237,1,1,1.0,stratified_80_20
53238,1,1,1.0,stratified_80_20
53244,1,1,1.0,stratified_80_20
53245,1,1,1.0,stratified_80_20
53246,1,1,1.0,stratified_80_20
53248,1,1,1.0,stratified_80_20
53253,1,1,1.0,stratified_80_20
53255,1,1,1.0,stratified_80_20
53256,1,1,1.0,stratified_80_20
53263,1,1,1.0,stratified_80_20
53264,1,1,1.0,stratified_80_20
53268,1,1,1.0,stratified_80_20
53269,1,1,1.0,stratified_80_20
53276,1,1,1.0,stratified_80_20
53277,1,1,1.0,stratified_80_20
53279,1,1,1.0,stratified_80_20
53281,1,1,1.0,stratified_80_20
53282,0,0,0.0,stratified_80_20
53283,1,1,1.0,stratified_80_20
53287,1,1,1.0,stratified_80_20
53288,1,1,1.0,stratified_80_20
53292,1,1,1.0,stratified_80_20
53293,1,1,1.0,stratified_80_20
53296,1,1,1.0,stratified_80_20
53298,1,1,1.0,stratified_80_20
53306,1,1,1.0,stratified_80_20
53321,1,1,1.0,stratified_80_20
53322,1,1,1.0,stratified_80_20
53324,1,1,1.0,stratified_80_20
53327,1,1,1.0,stratified_80_20
53332,1,1,1.0,stratified_80_20
53337,1,1,1.0,stratified_80_20
53340,1,1,1.0,stratified_80_20
53342,1,1,1.0,stratified_80_20
53345,1,1,1.0,stratified_80_20
53356,1,1,1.0,stratified_80_20
53363,1,1,1.0,stratified_80_20
53372,1,1,1.0,stratified_80_20
53373,1,1,1.0,stratified_80_20
53374,1,1,1.0,stratified_80_20
53376,1,1,1.0,stratified_80_20
53377,1,1,1.0,stratified_80_20
53378,1,1,1.0,stratified_80_20
53380,1,1,1.0,stratified_80_20
53382,1,1,1.0,stratified_80_20
53383,0,0,0.0,stratified_80_20
53389,1,1,1.0,stratified_80_20
53401,1,1,1.0,stratified_80_20
53402,1,1,1.0,stratified_80_20
53406,1,1,1.0,stratified_80_20
53423,1,1,1.0,stratified_80_20
53427,1,1,1.0,stratified_80_20
53432,1,1,1.0,stratified_80_20
53442,1,1,1.0,stratified_80_20
53450,1,1,1.0,stratified_80_20
53455,1,1,1.0,stratified_80_20
53459,1,1,1.0,stratified_80_20
53464,1,1,1.0,stratified_80_20
53468,1,1,1.0,stratified_80_20
53471,1,1,1.0,stratified_80_20
53481,1,1,1.0,stratified_80_20
53482,1,1,1.0,stratified_80_20
53489,1,1,1.0,stratified_80_20
53490,1,1,1.0,stratified_80_20
53500,1,1,1.0,stratified_80_20
53506,1,1,1.0,stratified_80_20
53509,1,1,1.0,stratified_80_20
53518,1,1,1.0,stratified_80_20
53526,1,1,1.0,stratified_80_20
53528,1,1,1.0,stratified_80_20
53530,1,1,1.0,stratified_80_20
53543,0,0,0.0,stratified_80_20
53544,1,1,1.0,stratified_80_20
53546,0,0,0.0,stratified_80_20
53551,1,1,1.0,stratified_80_20
53570,1,1,1.0,stratified_80_20
53578,1,1,1.0,stratified_80_20
53580,1,1,1.0,stratified_80_20
53582,1,1,1.0,stratified_80_20
53586,1,1,1.0,stratified_80_20
53587,1,1,1.0,stratified_80_20
53595,1,1,1.0,stratified_80_20
53597,1,1,1.0,stratified_80_20
53601,1,1,1.0,stratified_80_20
53602,1,1,1.0,stratified_80_20
53603,1,1,1.0,stratified_80_20
53606,1,1,1.0,stratified_80_20
53608,1,1,1.0,stratified_80_20
53611,1,1,1.0,stratified_80_20
53612,1,1,1.0,stratified_80_20
53619,1,1,1.0,stratified_80_20
53624,1,1,1.0,stratified_80_20
53633,1,1,1.0,stratified_80_20
53635,1,1,1.0,stratified_80_20
53651,1,1,1.0,stratified_80_20
53653,1,1,1.0,stratified_80_20
53654,1,1,1.0,stratified_80_20
53656,1,1,1.0,stratified_80_20
53657,1,1,1.0,stratified_80_20
53659,1,1,1.0,stratified_80_20
53661,1,1,1.0,stratified_80_20
53664,1,1,1.0,stratified_80_20
53666,1,1,1.0,stratified_80_20
53672,1,1,1.0,stratified_80_20
53681,1,1,1.0,stratified_80_20
53685,1,1,1.0,stratified_80_20
53686,1,1,1.0,stratified_80_20
53688,1,1,1.0,stratified_80_20
53695,1,1,1.0,stratified_80_20
53696,1,1,1.0,stratified_80_20
53697,1,1,1.0,stratified_80_20
53699,1,1,1.0,stratified_80_20
53700,1,1,1.0,stratified_80_20
53701,1,1,1.0,stratified_80_20
53702,1,1,1.0,stratified_80_20
53705,1,1,1.0,stratified_80_20
53709,1,1,1.0,stratified_80_20
53719,1,1,1.0,stratified_80_20
53720,0,0,0.0,stratified_80_20
53733,1,1,1.0,stratified_80_20
53739,1,1,1.0,stratified_80_20
53742,1,1,1.0,stratified_80_20
53756,1,1,1.0,stratified_80_20
53757,1,1,1.0,stratified_80_20
53764,1,1,1.0,stratified_80_20
53768,1,1,1.0,stratified_80_20
53769,1,1,1.0,stratified_80_20
53776,1,1,1.0,stratified_80_20
53779,1,1,1.0,stratified_80_20
53783,1,1,1.0,stratified_80_20
53784,1,1,1.0,stratified_80_20
53785,1,1,1.0,stratified_80_20
53793,1,1,1.0,stratified_80_20
53794,1,1,1.0,stratified_80_20
53798,1,1,1.0,stratified_80_20
53805,1,1,1.0,stratified_80_20
53807,1,1,1.0,stratified_80_20
53811,1,1,1.0,stratified_80_20
53813,1,1,1.0,stratified_80_20
53836,1,1,1.0,stratified_80_20
53838,1,1,1.0,stratified_80_20
53844,1,1,1.0,stratified_80_20
53848,1,1,1.0,stratified_80_20
53877,1,1,1.0,stratified_80_20
53884,1,1,1.0,stratified_80_20
53886,1,1,1.0,stratified_80_20
53898,1,1,1.0,stratified_80_20
53902,1,1,1.0,stratified_80_20
53917,1,1,1.0,stratified_80_20
53921,1,1,1.0,stratified_80_20
53924,1,1,1.0,stratified_80_20
53932,1,1,1.0,stratified_80_20
53936,1,1,1.0,stratified_80_20
53937,1,1,1.0,stratified_80_20
53938,1,1,1.0,stratified_80_20
53953,0,0,0.0,stratified_80_20
53961,1,1,1.0,stratified_80_20
53964,1,1,1.0,stratified_80_20
53966,1,1,1.0,stratified_80_20
53967,1,1,1.0,stratified_80_20
53969,1,1,1.0,stratified_80_20
53971,1,1,1.0,stratified_80_20
53981,1,1,1.0,stratified_80_20
53990,1,1,1.0,stratified_80_20
54001,1,1,1.0,stratified_80_20
54003,1,1,1.0,stratified_80_20
54005,1,1,1.0,stratified_80_20
54035,1,1,1.0,stratified_80_20
54037,0,0,0.0,stratified_80_20
54043,1,1,1.0,stratified_80_20
54059,0,0,0.0,stratified_80_20
54061,1,1,1.0,stratified_80_20
54079,1,1,1.0,stratified_80_20
54087,1,1,1.0,stratified_80_20
54088,1,1,1.0,stratified_80_20
54092,1,1,1.0,stratified_80_20
54093,1,1,1.0,stratified_80_20
54097,1,1,1.0,stratified_80_20
54098,1,1,1.0,stratified_80_20
54099,1,1,1.0,stratified_80_20
54101,1,1,1.0,stratified_80_20
54104,1,1,1.0,stratified_80_20
54106,1,1,1.0,stratified_80_20
54107,1,1,1.0,stratified_80_20
54110,1,1,1.0,stratified_80_20
54118,1,1,1.0,stratified_80_20
54120,1,1,1.0,stratified_80_20
54131,1,1,1.0,stratified_80_20
54155,1,1,1.0,stratified_80_20
54166,1,1,1.0,stratified_80_20
54171,1,1,1.0,stratified_80_20
54193,1,1,1.0,stratified_80_20
54201,1,1,1.0,stratified_80_20
54207,1,1,1.0,stratified_80_20
54208,1,1,1.0,stratified_80_20
54212,0,0,0.0,stratified_80_20
54217,0,0,0.0,stratified_80_20
54221,1,1,1.0,stratified_80_20
54224,1,1,1.0,stratified_80_20
54227,1,1,1.0,stratified_80_20
54228,1,1,1.0,stratified_80_20
54230,1,1,1.0,stratified_80_20
54232,1,1,1.0,stratified_80_20
54244,1,1,1.0,stratified_80_20
54245,1,1,1.0,stratified_80_20
54247,1,1,1.0,stratified_80_20
54249,1,1,1.0,stratified_80_20
54253,1,1,1.0,stratified_80_20
54254,1,1,1.0,stratified_80_20
54257,1,1,1.0,stratified_80_20
54258,1,1,1.0,stratified_80_20
54264,1,1,1.0,stratified_80_20
54267,1,1,1.0,stratified_80_20
54271,1,1,1.0,stratified_80_20
54274,1,1,1.0,stratified_80_20
54279,1,1,1.0,stratified_80_20
54282,1,1,1.0,stratified_80_20
54287,1,1,1.0,stratified_80_20
54290,1,1,1.0,stratified_80_20
54292,1,1,1.0,stratified_80_20
54295,1,1,1.0,stratified_80_20
54306,1,1,1.0,stratified_80_20
54320,1,1,1.0,stratified_80_20
54325,0,0,0.0,stratified_80_20
54326,1,1,1.0,stratified_80_20
54328,1,1,1.0,stratified_80_20
54335,1,1,1.0,stratified_80_20
54337,1,1,1.0,stratified_80_20
54339,1,1,1.0,stratified_80_20
54351,1,1,1.0,stratified_80_20
54353,1,1,1.0,stratified_80_20
54354,1,1,1.0,stratified_80_20
54357,1,1,1.0,stratified_80_20
54358,1,1,1.0,stratified_80_20
54359,1,1,1.0,stratified_80_20
54368,1,1,1.0,stratified_80_20
54375,1,1,1.0,stratified_80_20
54379,1,1,1.0,stratified_80_20
54380,1,1,1.0,stratified_80_20
54386,1,1,1.0,stratified_80_20
54390,0,0,0.0,stratified_80_20
54394,1,1,1.0,stratified_80_20
54405,1,1,1.0,stratified_80_20
54410,1,1,1.0,stratified_80_20
54411,1,1,1.0,stratified_80_20
54412,1,1,1.0,stratified_80_20
54413,1,1,1.0,stratified_80_20
54416,1,1,1.0,stratified_80_20
54418,0,0,0.0,stratified_80_20
54425,1,1,1.0,stratified_80_20
54428,1,1,1.0,stratified_80_20
54430,1,1,1.0,stratified_80_20
54438,1,1,1.0,stratified_80_20
54440,1,1,1.0,stratified_80_20
54442,1,1,1.0,stratified_80_20
54451,1,1,1.0,stratified_80_20
54454,1,1,1.0,stratified_80_20
54455,1,1,1.0,stratified_80_20
54468,1,1,1.0,stratified_80_20
54475,1,1,1.0,stratified_80_20
54480,1,1,1.0,stratified_80_20
54485,1,1,1.0,stratified_80_20
54498,1,1,1.0,stratified_80_20
54500,1,1,1.0,stratified_80_20
54509,1,1,1.0,stratified_80_20
54515,1,1,1.0,stratified_80_20
54524,1,1,1.0,stratified_80_20
54527,1,1,1.0,stratified_80_20
54534,1,1,1.0,stratified_80_20
54536,1,1,1.0,stratified_80_20
54539,1,1,1.0,stratified_80_20
54540,1,1,1.0,stratified_80_20
54545,1,1,1.0,stratified_80_20
54546,1,1,1.0,stratified_80_20
54550,1,1,1.0,stratified_80_20
54552,1,1,1.0,stratified_80_20
54554,1,1,1.0,stratified_80_20
54557,1,1,1.0,stratified_80_20
54561,1,1,1.0,stratified_80_20
54563,1,1,1.0,stratified_80_20
54564,1,1,1.0,stratified_80_20
54565,1,1,1.0,stratified_80_20
54568,1,1,1.0,stratified_80_20
54569,1,1,1.0,stratified_80_20
54576,1,1,1.0,stratified_80_20
54579,1,1,1.0,stratified_80_20
54582,1,1,1.0,stratified_80_20
54589,1,1,1.0,stratified_80_20
54596,1,1,1.0,stratified_80_20
54600,1,1,1.0,stratified_80_20
54613,1,1,1.0,stratified_80_20
54622,1,1,1.0,stratified_80_20
54624,1,1,1.0,stratified_80_20
54625,1,1,1.0,stratified_80_20
54641,1,1,1.0,stratified_80_20
54642,1,1,1.0,stratified_80_20
54648,1,1,1.0,stratified_80_20
54663,1,1,1.0,stratified_80_20
54673,1,1,1.0,stratified_80_20
54676,1,1,1.0,stratified_80_20
54678,1,1,1.0,stratified_80_20
54682,1,1,1.0,stratified_80_20
54687,1,1,1.0,stratified_80_20
54695,1,1,1.0,stratified_80_20
54700,1,1,1.0,stratified_80_20
54701,1,1,1.0,stratified_80_20
54708,1,1,1.0,stratified_80_20
54719,1,1,1.0,stratified_80_20
54720,1,1,1.0,stratified_80_20
54721,1,1,1.0,stratified_80_20
54724,1,1,1.0,stratified_80_20
54736,1,1,1.0,stratified_80_20
54742,1,1,1.0,stratified_80_20
54752,1,1,1.0,stratified_80_20
54764,1,1,1.0,stratified_80_20
54770,1,1,1.0,stratified_80_20
54784,1,1,1.0,stratified_80_20
54786,1,1,1.0,stratified_80_20
54787,1,1,1.0,stratified_80_20
54791,1,1,1.0,stratified_80_20
54808,1,1,1.0,stratified_80_20
54810,1,1,1.0,stratified_80_20
54816,1,1,1.0,stratified_80_20
54819,1,1,1.0,stratified_80_20
54834,1,1,1.0,stratified_80_20
54842,1,1,1.0,stratified_80_20
54847,1,1,1.0,stratified_80_20
54857,1,1,1.0,stratified_80_20
54860,1,1,1.0,stratified_80_20
54861,0,0,0.0,stratified_80_20
54869,1,1,1.0,stratified_80_20
54871,0,0,0.0,stratified_80_20
54874,1,1,1.0,stratified_80_20
54877,1,1,1.0,stratified_80_20
54880,1,1,1.0,stratified_80_20
54883,1,1,1.0,stratified_80_20
54884,1,1,1.0,stratified_80_20
54888,1,1,1.0,stratified_80_20
54891,1,1,1.0,stratified_80_20
54894,1,1,1.0,stratified_80_20
54902,1,1,1.0,stratified_80_20
54911,1,1,1.0,stratified_80_20
54914,1,1,1.0,stratified_80_20
54923,1,1,1.0,stratified_80_20
54926,1,1,1.0,stratified_80_20
54931,1,1,1.0,stratified_80_20
54932,1,1,1.0,stratified_80_20
54936,0,0,0.0,stratified_80_20
54937,1,1,1.0,stratified_80_20
54944,1,1,1.0,stratified_80_20
54945,1,1,1.0,stratified_80_20
54959,0,0,0.0,stratified_80_20
54962,1,1,1.0,stratified_80_20
54975,1,1,1.0,stratified_80_20
54977,1,1,1.0,stratified_80_20
54978,1,1,1.0,stratified_80_20
54984,1,1,1.0,stratified_80_20
54990,1,1,1.0,stratified_80_20
54992,1,1,1.0,stratified_80_20
54996,1,1,1.0,stratified_80_20
55009,1,1,1.0,stratified_80_20
55030,1,1,1.0,stratified_80_20
55037,1,1,1.0,stratified_80_20
55046,1,1,1.0,stratified_80_20
55047,1,1,1.0,stratified_80_20
55052,1,1,1.0,stratified_80_20
55056,1,1,1.0,stratified_80_20
55064,1,1,1.0,stratified_80_20
55070,1,1,1.0,stratified_80_20
55071,1,1,1.0,stratified_80_20
55077,1,1,1.0,stratified_80_20
55078,1,1,1.0,stratified_80_20
55084,1,1,1.0,stratified_80_20
55085,1,1,1.0,stratified_80_20
55089,1,1,1.0,stratified_80_20
55092,1,1,1.0,stratified_80_20
55106,1,1,1.0,stratified_80_20
55107,1,1,1.0,stratified_80_20
55110,1,1,1.0,stratified_80_20
55120,1,1,1.0,stratified_80_20
55124,1,1,1.0,stratified_80_20
55129,1,1,1.0,stratified_80_20
55131,1,1,1.0,stratified_80_20
55134,1,1,1.0,stratified_80_20
55136,1,1,1.0,stratified_80_20
55142,1,1,1.0,stratified_80_20
55146,1,1,1.0,stratified_80_20
55156,1,1,1.0,stratified_80_20
55158,1,1,1.0,stratified_80_20
55159,1,1,1.0,stratified_80_20
55166,1,1,1.0,stratified_80_20
55169,1,1,1.0,stratified_80_20
55171,1,1,1.0,stratified_80_20
55172,1,1,1.0,stratified_80_20
55175,1,1,1.0,stratified_80_20
55176,1,1,1.0,stratified_80_20
55177,1,1,1.0,stratified_80_20
55187,1,1,1.0,stratified_80_20
55208,1,1,1.0,stratified_80_20
55211,1,1,1.0,stratified_80_20
55215,1,1,1.0,stratified_80_20
55222,1,1,1.0,stratified_80_20
55225,1,1,1.0,stratified_80_20
55227,1,1,1.0,stratified_80_20
55231,1,1,1.0,stratified_80_20
55235,1,1,1.0,stratified_80_20
55236,1,1,1.0,stratified_80_20
55245,1,1,1.0,stratified_80_20
55246,1,1,1.0,stratified_80_20
55247,1,1,1.0,stratified_80_20
55248,1,1,1.0,stratified_80_20
55257,1,1,1.0,stratified_80_20
55261,1,1,1.0,stratified_80_20
55268,1,1,1.0,stratified_80_20
55270,1,1,1.0,stratified_80_20
55273,1,1,1.0,stratified_80_20
55281,1,1,1.0,stratified_80_20
55284,1,1,1.0,stratified_80_20
55289,1,1,1.0,stratified_80_20
55290,1,1,1.0,stratified_80_20
55295,0,0,0.0,stratified_80_20
55299,0,0,0.0,stratified_80_20
55304,1,1,1.0,stratified_80_20
55309,1,1,1.0,stratified_80_20
55312,1,1,1.0,stratified_80_20
55322,0,0,0.0,stratified_80_20
55325,1,1,1.0,stratified_80_20
55333,1,1,1.0,stratified_80_20
55347,1,1,1.0,stratified_80_20
55350,1,1,1.0,stratified_80_20
55361,1,1,1.0,stratified_80_20
55364,1,1,1.0,stratified_80_20
55365,1,1,1.0,stratified_80_20
55371,1,1,1.0,stratified_80_20
55372,1,1,1.0,stratified_80_20
55377,1,1,1.0,stratified_80_20
55382,1,1,1.0,stratified_80_20
55399,1,1,1.0,stratified_80_20
55406,1,1,1.0,stratified_80_20
55416,1,1,1.0,stratified_80_20
55426,1,1,1.0,stratified_80_20
55429,0,0,0.0,stratified_80_20
55430,1,1,1.0,stratified_80_20
55432,1,1,1.0,stratified_80_20
55435,1,1,1.0,stratified_80_20
55441,1,1,1.0,stratified_80_20
55443,1,1,1.0,stratified_80_20
55446,1,1,1.0,stratified_80_20
55449,1,1,1.0,stratified_80_20
55468,1,1,1.0,stratified_80_20
55490,1,1,1.0,stratified_80_20
55496,1,1,1.0,stratified_80_20
55497,1,1,1.0,stratified_80_20
55502,1,1,1.0,stratified_80_20
55523,1,1,1.0,stratified_80_20
55526,1,1,1.0,stratified_80_20
55529,1,1,1.0,stratified_80_20
55532,1,1,1.0,stratified_80_20
55548,1,1,1.0,stratified_80_20
55549,1,1,1.0,stratified_80_20
55550,1,1,1.0,stratified_80_20
55552,1,1,1.0,stratified_80_20
55555,1,1,1.0,stratified_80_20
55558,1,1,1.0,stratified_80_20
55559,1,1,1.0,stratified_80_20
55562,1,1,1.0,stratified_80_20
55570,1,1,1.0,stratified_80_20
55582,1,1,1.0,stratified_80_20
55583,1,1,1.0,stratified_80_20
55587,1,1,1.0,stratified_80_20
55591,1,1,1.0,stratified_80_20
55594,1,1,1.0,stratified_80_20
55595,1,1,1.0,stratified_80_20
55599,1,1,1.0,stratified_80_20
55600,1,1,1.0,stratified_80_20
55605,1,1,1.0,stratified_80_20
55625,1,1,1.0,stratified_80_20
55626,1,1,1.0,stratified_80_20
55627,1,1,1.0,stratified_80_20
55631,1,1,1.0,stratified_80_20
55632,1,1,1.0,stratified_80_20
55640,1,1,1.0,stratified_80_20
55669,1,1,1.0,stratified_80_20
55672,1,1,1.0,stratified_80_20
55673,1,1,1.0,stratified_80_20
55676,0,0,0.0,stratified_80_20
55680,1,1,1.0,stratified_80_20
55688,1,1,1.0,stratified_80_20
55689,1,1,1.0,stratified_80_20
55694,1,1,1.0,stratified_80_20
55699,1,1,1.0,stratified_80_20
55707,1,1,1.0,stratified_80_20
55712,1,1,1.0,stratified_80_20
55716,1,1,1.0,stratified_80_20
55721,1,1,1.0,stratified_80_20
55725,1,1,1.0,stratified_80_20
55727,1,1,1.0,stratified_80_20
55733,1,1,1.0,stratified_80_20
55734,1,1,1.0,stratified_80_20
55740,1,1,1.0,stratified_80_20
55742,1,1,1.0,stratified_80_20
55749,1,1,1.0,stratified_80_20
55751,1,1,1.0,stratified_80_20
55756,1,1,1.0,stratified_80_20
55767,1,1,1.0,stratified_80_20
55782,1,1,1.0,stratified_80_20
55785,1,1,1.0,stratified_80_20
55792,1,1,1.0,stratified_80_20
55794,1,1,1.0,stratified_80_20
55808,1,1,1.0,stratified_80_20
55820,1,1,1.0,stratified_80_20
55837,1,1,1.0,stratified_80_20
55847,1,1,1.0,stratified_80_20
55850,1,1,1.0,stratified_80_20
55856,0,0,0.0,stratified_80_20
55861,1,1,1.0,stratified_80_20
55866,1,1,1.0,stratified_80_20
55867,1,1,1.0,stratified_80_20
55874,1,1,1.0,stratified_80_20
55875,1,1,1.0,stratified_80_20
55880,1,1,1.0,stratified_80_20
55881,1,1,1.0,stratified_80_20
55884,1,1,1.0,stratified_80_20
55896,1,1,1.0,stratified_80_20
55897,1,1,1.0,stratified_80_20
55899,1,1,1.0,stratified_80_20
55901,1,1,1.0,stratified_80_20
55917,1,1,1.0,stratified_80_20
55926,1,1,1.0,stratified_80_20
55928,1,1,1.0,stratified_80_20
55930,1,1,1.0,stratified_80_20
55931,1,1,1.0,stratified_80_20
55935,1,1,1.0,stratified_80_20
55942,1,1,1.0,stratified_80_20
55948,1,1,1.0,stratified_80_20
55959,1,1,1.0,stratified_80_20
55962,1,1,1.0,stratified_80_20
55964,1,1,1.0,stratified_80_20
55969,1,1,1.0,stratified_80_20
55971,1,1,1.0,stratified_80_20
55972,1,1,1.0,stratified_80_20
55975,1,1,1.0,stratified_80_20
55982,1,1,1.0,stratified_80_20
55983,1,1,1.0,stratified_80_20
55987,1,1,1.0,stratified_80_20
55988,1,1,1.0,stratified_80_20
55989,1,1,1.0,stratified_80_20
55995,1,1,1.0,stratified_80_20
55996,1,1,1.0,stratified_80_20
55997,1,1,1.0,stratified_80_20
55999,1,1,1.0,stratified_80_20
56004,1,1,1.0,stratified_80_20
56005,1,1,1.0,stratified_80_20
56008,1,1,1.0,stratified_80_20
56015,0,0,0.0,stratified_80_20
56016,1,1,1.0,stratified_80_20
56027,1,1,1.0,stratified_80_20
56028,1,1,1.0,stratified_80_20
56040,1,1,1.0,stratified_80_20
56044,1,1,1.0,stratified_80_20
56048,1,1,1.0,stratified_80_20
56054,1,1,1.0,stratified_80_20
56057,1,1,1.0,stratified_80_20
56060,1,1,1.0,stratified_80_20
56063,1,1,1.0,stratified_80_20
56068,1,1,1.0,stratified_80_20
56073,1,1,1.0,stratified_80_20
56076,1,1,1.0,stratified_80_20
56077,1,1,1.0,stratified_80_20
56085,1,1,1.0,stratified_80_20
56086,1,1,1.0,stratified_80_20
56087,1,1,1.0,stratified_80_20
56095,1,1,1.0,stratified_80_20
56102,1,1,1.0,stratified_80_20
56105,1,1,1.0,stratified_80_20
56108,1,1,1.0,stratified_80_20
56109,1,1,1.0,stratified_80_20
56110,1,1,1.0,stratified_80_20
56112,1,1,1.0,stratified_80_20
56114,1,1,1.0,stratified_80_20
56117,1,1,1.0,stratified_80_20
56129,1,1,1.0,stratified_80_20
56135,1,1,1.0,stratified_80_20
56138,1,1,1.0,stratified_80_20
56142,1,1,1.0,stratified_80_20
56146,1,1,1.0,stratified_80_20
56153,1,1,1.0,stratified_80_20
56158,1,1,1.0,stratified_80_20
56168,1,1,1.0,stratified_80_20
56169,1,1,1.0,stratified_80_20
56176,1,1,1.0,stratified_80_20
56183,1,1,1.0,stratified_80_20
56185,1,1,1.0,stratified_80_20
56186,1,1,1.0,stratified_80_20
56201,0,0,0.0,stratified_80_20
56204,1,1,1.0,stratified_80_20
56212,1,1,1.0,stratified_80_20
56218,1,1,1.0,stratified_80_20
56222,1,1,1.0,stratified_80_20
56226,1,1,1.0,stratified_80_20
56232,1,1,1.0,stratified_80_20
56254,1,1,1.0,stratified_80_20
56259,1,1,1.0,stratified_80_20
56267,1,1,1.0,stratified_80_20
56270,1,1,1.0,stratified_80_20
56273,1,1,1.0,stratified_80_20
56275,1,1,1.0,stratified_80_20
56282,1,1,1.0,stratified_80_20
56283,1,1,1.0,stratified_80_20
56296,1,1,1.0,stratified_80_20
56306,1,1,1.0,stratified_80_20
56321,1,1,1.0,stratified_80_20
56325,1,1,1.0,stratified_80_20
56326,1,1,1.0,stratified_80_20
56335,0,0,0.0,stratified_80_20
56336,1,1,1.0,stratified_80_20
56352,1,1,1.0,stratified_80_20
56353,1,1,1.0,stratified_80_20
56356,1,1,1.0,stratified_80_20
56357,1,1,1.0,stratified_80_20
56360,1,1,1.0,stratified_80_20
56371,1,1,1.0,stratified_80_20
56374,1,1,1.0,stratified_80_20
56375,0,0,0.0,stratified_80_20
56381,1,1,1.0,stratified_80_20
56385,1,1,1.0,stratified_80_20
56388,1,1,1.0,stratified_80_20
56394,1,1,1.0,stratified_80_20
56399,1,1,1.0,stratified_80_20
56406,1,1,1.0,stratified_80_20
56408,1,1,1.0,stratified_80_20
56417,1,1,1.0,stratified_80_20
56418,1,1,1.0,stratified_80_20
56428,1,1,1.0,stratified_80_20
56431,1,1,1.0,stratified_80_20
56432,1,1,1.0,stratified_80_20
56434,1,1,1.0,stratified_80_20
56440,1,1,1.0,stratified_80_20
56445,1,1,1.0,stratified_80_20
56446,1,1,1.0,stratified_80_20
56453,1,1,1.0,stratified_80_20
56458,1,1,1.0,stratified_80_20
56459,1,1,1.0,stratified_80_20
56473,1,1,1.0,stratified_80_20
56482,1,1,1.0,stratified_80_20
56483,1,1,1.0,stratified_80_20
56490,1,1,1.0,stratified_80_20
56496,1,1,1.0,stratified_80_20
56503,1,1,1.0,stratified_80_20
56504,1,1,1.0,stratified_80_20
56509,1,1,1.0,stratified_80_20
56510,1,1,1.0,stratified_80_20
56511,1,1,1.0,stratified_80_20
56519,1,1,1.0,stratified_80_20
56522,1,1,1.0,stratified_80_20
56523,1,1,1.0,stratified_80_20
56524,1,1,1.0,stratified_80_20
56530,1,1,1.0,stratified_80_20
56541,1,1,1.0,stratified_80_20
56548,1,1,1.0,stratified_80_20
56551,1,1,1.0,stratified_80_20
56553,1,1,1.0,stratified_80_20
56559,0,0,0.0,stratified_80_20
56561,0,0,0.0,stratified_80_20
56562,0,0,0.0,stratified_80_20
56564,1,1,1.0,stratified_80_20
56578,1,1,1.0,stratified_80_20
56579,1,1,1.0,stratified_80_20
56586,1,1,1.0,stratified_80_20
56590,1,1,1.0,stratified_80_20
56592,1,1,1.0,stratified_80_20
56594,1,1,1.0,stratified_80_20
56595,1,1,1.0,stratified_80_20
56604,1,1,1.0,stratified_80_20
56606,1,1,1.0,stratified_80_20
56616,1,1,1.0,stratified_80_20
56620,1,1,1.0,stratified_80_20
56637,1,1,1.0,stratified_80_20
56641,1,1,1.0,stratified_80_20
56643,1,1,1.0,stratified_80_20
56661,1,1,1.0,stratified_80_20
56663,1,1,1.0,stratified_80_20
56664,1,1,1.0,stratified_80_20
56667,1,1,1.0,stratified_80_20
56673,1,1,1.0,stratified_80_20
56677,1,1,1.0,stratified_80_20
56678,1,1,1.0,stratified_80_20
56680,1,1,1.0,stratified_80_20
56682,1,1,1.0,stratified_80_20
56685,1,1,1.0,stratified_80_20
56686,1,1,1.0,stratified_80_20
56689,1,1,1.0,stratified_80_20
56692,1,1,1.0,stratified_80_20
56694,1,1,1.0,stratified_80_20
56695,1,1,1.0,stratified_80_20
56699,1,1,1.0,stratified_80_20
56703,1,1,1.0,stratified_80_20
56712,1,1,1.0,stratified_80_20
56713,1,1,1.0,stratified_80_20
56714,1,1,1.0,stratified_80_20
56722,1,1,1.0,stratified_80_20
56730,0,0,0.0,stratified_80_20
56732,1,1,1.0,stratified_80_20
56734,0,0,0.0,stratified_80_20
56736,1,1,1.0,stratified_80_20
56737,0,0,0.0,stratified_80_20
56738,1,1,1.0,stratified_80_20
56743,0,0,0.0,stratified_80_20
56757,0,0,0.0,stratified_80_20
56759,1,1,1.0,stratified_80_20
56761,1,1,1.0,stratified_80_20
56762,1,1,1.0,stratified_80_20
56767,1,1,1.0,stratified_80_20
56771,1,1,1.0,stratified_80_20
56774,1,1,1.0,stratified_80_20
56780,1,1,1.0,stratified_80_20
56785,1,1,1.0,stratified_80_20
56795,0,0,0.0,stratified_80_20
56802,1,1,1.0,stratified_80_20
56814,1,1,1.0,stratified_80_20
56819,1,1,1.0,stratified_80_20
56820,1,1,1.0,stratified_80_20
56821,1,1,1.0,stratified_80_20
56826,1,1,1.0,stratified_80_20
56828,1,1,1.0,stratified_80_20
56830,1,1,1.0,stratified_80_20
56832,1,1,1.0,stratified_80_20
56833,1,1,1.0,stratified_80_20
56834,1,1,1.0,stratified_80_20
56837,1,1,1.0,stratified_80_20
56838,1,1,1.0,stratified_80_20
56839,1,1,1.0,stratified_80_20
56840,1,1,1.0,stratified_80_20
56847,1,1,1.0,stratified_80_20
56854,1,1,1.0,stratified_80_20
56855,1,1,1.0,stratified_80_20
56860,1,1,1.0,stratified_80_20
56872,1,1,1.0,stratified_80_20
56875,1,1,1.0,stratified_80_20
56884,1,1,1.0,stratified_80_20
56891,1,1,1.0,stratified_80_20
56893,1,1,1.0,stratified_80_20
56900,1,1,1.0,stratified_80_20
56901,1,1,1.0,stratified_80_20
56902,1,1,1.0,stratified_80_20
56908,1,1,1.0,stratified_80_20
56911,1,1,1.0,stratified_80_20
56922,1,1,1.0,stratified_80_20
56926,1,1,1.0,stratified_80_20
56927,1,1,1.0,stratified_80_20
56935,1,1,1.0,stratified_80_20
56941,1,1,1.0,stratified_80_20
56943,1,1,1.0,stratified_80_20
56945,1,1,1.0,stratified_80_20
56947,1,1,1.0,stratified_80_20
56955,1,1,1.0,stratified_80_20
56959,1,1,1.0,stratified_80_20
56968,1,1,1.0,stratified_80_20
56971,1,1,1.0,stratified_80_20
56974,1,1,1.0,stratified_80_20
56976,1,1,1.0,stratified_80_20
56979,1,1,1.0,stratified_80_20
56980,1,1,1.0,stratified_80_20
56981,1,1,1.0,stratified_80_20
56982,1,1,1.0,stratified_80_20
56984,1,1,1.0,stratified_80_20
56989,1,1,1.0,stratified_80_20
56993,1,1,1.0,stratified_80_20
56998,1,1,1.0,stratified_80_20
56999,1,1,1.0,stratified_80_20
57002,1,1,1.0,stratified_80_20
57004,1,1,1.0,stratified_80_20
57007,1,1,1.0,stratified_80_20
57009,1,1,1.0,stratified_80_20
57012,1,1,1.0,stratified_80_20
57015,1,1,1.0,stratified_80_20
57023,1,1,1.0,stratified_80_20
57027,1,1,1.0,stratified_80_20
57029,1,1,1.0,stratified_80_20
57036,1,1,1.0,stratified_80_20
57037,1,1,1.0,stratified_80_20
57047,1,1,1.0,stratified_80_20
57054,1,1,1.0,stratified_80_20
57059,1,1,1.0,stratified_80_20
57065,1,1,1.0,stratified_80_20
57068,1,1,1.0,stratified_80_20
57077,1,1,1.0,stratified_80_20
57086,1,1,1.0,stratified_80_20
57087,1,1,1.0,stratified_80_20
57089,1,1,1.0,stratified_80_20
57090,1,1,1.0,stratified_80_20
57091,1,1,1.0,stratified_80_20
57097,1,1,1.0,stratified_80_20
57098,0,0,0.0,stratified_80_20
57100,0,0,0.0,stratified_80_20
57101,1,1,1.0,stratified_80_20
57108,1,1,1.0,stratified_80_20
57110,1,1,1.0,stratified_80_20
57113,1,1,1.0,stratified_80_20
57116,1,1,1.0,stratified_80_20
57117,0,0,0.0,stratified_80_20
57119,1,1,1.0,stratified_80_20
57134,1,1,1.0,stratified_80_20
57142,1,1,1.0,stratified_80_20
57146,1,1,1.0,stratified_80_20
57147,1,1,1.0,stratified_80_20
57149,1,1,1.0,stratified_80_20
57152,0,0,0.0,stratified_80_20
57156,1,1,1.0,stratified_80_20
57160,1,1,1.0,stratified_80_20
57172,1,1,1.0,stratified_80_20
57187,1,1,1.0,stratified_80_20
57196,1,1,1.0,stratified_80_20
57198,1,1,1.0,stratified_80_20
57202,1,1,1.0,stratified_80_20
57203,1,1,1.0,stratified_80_20
57204,1,1,1.0,stratified_80_20
57209,1,1,1.0,stratified_80_20
57215,1,1,1.0,stratified_80_20
57218,1,1,1.0,stratified_80_20
57220,1,1,1.0,stratified_80_20
57225,0,0,0.0,stratified_80_20
57227,1,1,1.0,stratified_80_20
57250,1,1,1.0,stratified_80_20
57262,1,1,1.0,stratified_80_20
57264,1,1,1.0,stratified_80_20
57270,1,1,1.0,stratified_80_20
57282,1,1,1.0,stratified_80_20
57285,0,0,0.0,stratified_80_20
57288,1,1,1.0,stratified_80_20
57291,1,1,1.0,stratified_80_20
57297,1,1,1.0,stratified_80_20
57301,0,0,0.0,stratified_80_20
57302,1,1,1.0,stratified_80_20
57314,1,1,1.0,stratified_80_20
57318,1,1,1.0,stratified_80_20
57329,1,1,1.0,stratified_80_20
57330,1,1,1.0,stratified_80_20
57334,1,1,1.0,stratified_80_20
57359,1,1,1.0,stratified_80_20
57360,1,1,1.0,stratified_80_20
57362,1,1,1.0,stratified_80_20
57367,1,1,1.0,stratified_80_20
57374,1,1,1.0,stratified_80_20
57381,1,1,1.0,stratified_80_20
57384,1,1,1.0,stratified_80_20
57386,1,1,1.0,stratified_80_20
57392,1,1,1.0,stratified_80_20
57395,1,1,1.0,stratified_80_20
57410,1,1,1.0,stratified_80_20
57412,1,1,1.0,stratified_80_20
57416,1,1,1.0,stratified_80_20
57418,1,1,1.0,stratified_80_20
57423,1,1,1.0,stratified_80_20
57427,1,1,1.0,stratified_80_20
57438,1,1,1.0,stratified_80_20
57440,1,1,1.0,stratified_80_20
57441,1,1,1.0,stratified_80_20
57445,1,1,1.0,stratified_80_20
57452,1,1,1.0,stratified_80_20
57454,1,1,1.0,stratified_80_20
57456,1,1,1.0,stratified_80_20
57457,0,0,0.0,stratified_80_20
57461,1,1,1.0,stratified_80_20
57479,0,0,0.0,stratified_80_20
57483,1,1,1.0,stratified_80_20
57486,1,1,1.0,stratified_80_20
57496,1,1,1.0,stratified_80_20
57503,1,1,1.0,stratified_80_20
57507,1,1,1.0,stratified_80_20
57509,1,1,1.0,stratified_80_20
57515,1,1,1.0,stratified_80_20
57521,1,1,1.0,stratified_80_20
57526,1,1,1.0,stratified_80_20
57528,1,1,1.0,stratified_80_20
57544,1,1,1.0,stratified_80_20
57551,1,1,1.0,stratified_80_20
57555,1,1,1.0,stratified_80_20
57561,1,1,1.0,stratified_80_20
57580,1,1,1.0,stratified_80_20
57581,1,1,1.0,stratified_80_20
57584,1,1,1.0,stratified_80_20
57587,1,1,1.0,stratified_80_20
57589,1,1,1.0,stratified_80_20
57592,1,1,1.0,stratified_80_20
57594,1,1,1.0,stratified_80_20
57598,1,1,1.0,stratified_80_20
57599,1,1,1.0,stratified_80_20
57602,1,1,1.0,stratified_80_20
57619,1,1,1.0,stratified_80_20
57620,1,1,1.0,stratified_80_20
57621,1,1,1.0,stratified_80_20
57625,1,1,1.0,stratified_80_20
57643,1,1,1.0,stratified_80_20
57648,1,1,1.0,stratified_80_20
57649,1,1,1.0,stratified_80_20
57651,1,1,1.0,stratified_80_20
57652,1,1,1.0,stratified_80_20
57654,1,1,1.0,stratified_80_20
57657,1,1,1.0,stratified_80_20
57662,1,1,1.0,stratified_80_20
57666,1,1,1.0,stratified_80_20
57679,1,1,1.0,stratified_80_20
57680,1,1,1.0,stratified_80_20
57681,1,1,1.0,stratified_80_20
57684,0,0,0.0,stratified_80_20
57685,1,1,1.0,stratified_80_20
57689,1,1,1.0,stratified_80_20
57704,1,1,1.0,stratified_80_20
57706,1,1,1.0,stratified_80_20
57715,1,1,1.0,stratified_80_20
57720,1,1,1.0,stratified_80_20
57723,1,1,1.0,stratified_80_20
57728,1,1,1.0,stratified_80_20
57729,1,1,1.0,stratified_80_20
57733,1,1,1.0,stratified_80_20
57740,1,1,1.0,stratified_80_20
57746,1,1,1.0,stratified_80_20
57748,1,1,1.0,stratified_80_20
57754,1,1,1.0,stratified_80_20
57758,1,1,1.0,stratified_80_20
57760,1,1,1.0,stratified_80_20
57761,1,1,1.0,stratified_80_20
57770,1,1,1.0,stratified_80_20
57777,1,1,1.0,stratified_80_20
57780,1,1,1.0,stratified_80_20
57786,1,1,1.0,stratified_80_20
57789,1,1,1.0,stratified_80_20
57790,1,1,1.0,stratified_80_20
57792,1,1,1.0,stratified_80_20
57800,1,1,1.0,stratified_80_20
57806,1,1,1.0,stratified_80_20
57807,1,1,1.0,stratified_80_20
57809,1,1,1.0,stratified_80_20
57813,1,1,1.0,stratified_80_20
57821,1,1,1.0,stratified_80_20
57824,1,1,1.0,stratified_80_20
57825,0,0,0.0,stratified_80_20
57829,1,1,1.0,stratified_80_20
57841,1,1,1.0,stratified_80_20
57844,1,1,1.0,stratified_80_20
57849,1,1,1.0,stratified_80_20
57857,1,1,1.0,stratified_80_20
57858,1,1,1.0,stratified_80_20
57860,1,1,1.0,stratified_80_20
57866,1,1,1.0,stratified_80_20
57874,1,1,1.0,stratified_80_20
57880,1,1,1.0,stratified_80_20
57882,1,1,1.0,stratified_80_20
57883,1,1,1.0,stratified_80_20
57887,1,1,1.0,stratified_80_20
57889,1,1,1.0,stratified_80_20
57891,1,1,1.0,stratified_80_20
57892,1,1,1.0,stratified_80_20
57893,1,1,1.0,stratified_80_20
57896,1,1,1.0,stratified_80_20
57899,1,1,1.0,stratified_80_20
57910,1,1,1.0,stratified_80_20
57913,1,1,1.0,stratified_80_20
57915,1,1,1.0,stratified_80_20
57930,1,1,1.0,stratified_80_20
57933,1,1,1.0,stratified_80_20
57939,1,1,1.0,stratified_80_20
57940,1,1,1.0,stratified_80_20
57955,1,1,1.0,stratified_80_20
57957,1,1,1.0,stratified_80_20
57962,1,1,1.0,stratified_80_20
57966,1,1,1.0,stratified_80_20
57972,1,1,1.0,stratified_80_20
57980,1,1,1.0,stratified_80_20
57988,1,1,1.0,stratified_80_20
58000,1,1,1.0,stratified_80_20
58005,0,0,0.0,stratified_80_20
58011,1,1,1.0,stratified_80_20
58016,1,1,1.0,stratified_80_20
58017,1,1,1.0,stratified_80_20
58019,0,0,0.0,stratified_80_20
58020,1,1,1.0,stratified_80_20
58053,1,1,1.0,stratified_80_20
58055,1,1,1.0,stratified_80_20
58056,1,1,1.0,stratified_80_20
58058,1,1,1.0,stratified_80_20
58059,1,1,1.0,stratified_80_20
58065,1,1,1.0,stratified_80_20
58068,1,1,1.0,stratified_80_20
58069,1,1,1.0,stratified_80_20
58071,1,1,1.0,stratified_80_20
58073,1,1,1.0,stratified_80_20
58075,1,1,1.0,stratified_80_20
58078,1,1,1.0,stratified_80_20
58083,1,1,1.0,stratified_80_20
58086,1,1,1.0,stratified_80_20
58088,1,1,1.0,stratified_80_20
58089,1,1,1.0,stratified_80_20
58096,1,1,1.0,stratified_80_20
58099,1,1,1.0,stratified_80_20
58104,1,1,1.0,stratified_80_20
58105,1,1,1.0,stratified_80_20
58117,1,1,1.0,stratified_80_20
58119,1,1,1.0,stratified_80_20
58124,1,1,1.0,stratified_80_20
58130,1,1,1.0,stratified_80_20
58135,0,0,0.0,stratified_80_20
58138,1,1,1.0,stratified_80_20
58143,1,1,1.0,stratified_80_20
58145,1,1,1.0,stratified_80_20
58148,1,1,1.0,stratified_80_20
58159,1,1,1.0,stratified_80_20
58160,1,1,1.0,stratified_80_20
58161,1,1,1.0,stratified_80_20
58163,1,1,1.0,stratified_80_20
58166,1,1,1.0,stratified_80_20
58168,1,1,1.0,stratified_80_20
58174,1,1,1.0,stratified_80_20
58175,1,1,1.0,stratified_80_20
58183,1,1,1.0,stratified_80_20
58186,0,0,0.0,stratified_80_20
58189,1,1,1.0,stratified_80_20
58190,1,1,1.0,stratified_80_20
58198,1,1,1.0,stratified_80_20
58199,1,1,1.0,stratified_80_20
58200,0,0,0.0,stratified_80_20
58212,1,1,1.0,stratified_80_20
58214,1,1,1.0,stratified_80_20
58215,1,1,1.0,stratified_80_20
58222,1,1,1.0,stratified_80_20
58223,1,1,1.0,stratified_80_20
58224,1,1,1.0,stratified_80_20
58234,1,1,1.0,stratified_80_20
58237,1,1,1.0,stratified_80_20
58238,1,1,1.0,stratified_80_20
58245,1,1,1.0,stratified_80_20
58258,1,1,1.0,stratified_80_20
58268,1,1,1.0,stratified_80_20
58272,1,1,1.0,stratified_80_20
58291,1,1,1.0,stratified_80_20
58294,1,1,1.0,stratified_80_20
58300,1,1,1.0,stratified_80_20
58301,1,1,1.0,stratified_80_20
58302,1,1,1.0,stratified_80_20
58323,1,1,1.0,stratified_80_20
58325,1,1,1.0,stratified_80_20
58327,1,1,1.0,stratified_80_20
58335,1,1,1.0,stratified_80_20
58351,1,1,1.0,stratified_80_20
58355,1,1,1.0,stratified_80_20
58365,0,0,0.0,stratified_80_20
58370,1,1,1.0,stratified_80_20
58374,1,1,1.0,stratified_80_20
58376,1,1,1.0,stratified_80_20
58380,0,0,0.0,stratified_80_20
58381,1,1,1.0,stratified_80_20
58385,1,1,1.0,stratified_80_20
58393,1,1,1.0,stratified_80_20
58397,1,1,1.0,stratified_80_20
58402,1,1,1.0,stratified_80_20
58405,1,1,1.0,stratified_80_20
58408,1,1,1.0,stratified_80_20
58414,1,1,1.0,stratified_80_20
58421,1,1,1.0,stratified_80_20
58423,1,1,1.0,stratified_80_20
58432,1,1,1.0,stratified_80_20
58436,1,1,1.0,stratified_80_20
58447,1,1,1.0,stratified_80_20
58448,1,1,1.0,stratified_80_20
58450,1,1,1.0,stratified_80_20
58465,1,1,1.0,stratified_80_20
58468,1,1,1.0,stratified_80_20
58469,1,1,1.0,stratified_80_20
58470,1,1,1.0,stratified_80_20
58480,1,1,1.0,stratified_80_20
58485,1,1,1.0,stratified_80_20
58499,1,1,1.0,stratified_80_20
58502,1,1,1.0,stratified_80_20
58510,1,1,1.0,stratified_80_20
58516,0,0,0.0,stratified_80_20
58519,1,1,1.0,stratified_80_20
58530,1,1,1.0,stratified_80_20
58532,1,1,1.0,stratified_80_20
58538,0,0,0.0,stratified_80_20
58552,1,1,1.0,stratified_80_20
58559,1,1,1.0,stratified_80_20
58564,1,1,1.0,stratified_80_20
58572,1,1,1.0,stratified_80_20
58575,1,1,1.0,stratified_80_20
58580,1,1,1.0,stratified_80_20
58586,1,1,1.0,stratified_80_20
58596,1,1,1.0,stratified_80_20
58598,1,1,1.0,stratified_80_20
58599,1,1,1.0,stratified_80_20
58602,1,1,1.0,stratified_80_20
58605,1,1,1.0,stratified_80_20
58607,1,1,1.0,stratified_80_20
58608,1,1,1.0,stratified_80_20
58611,1,1,1.0,stratified_80_20
58624,1,1,1.0,stratified_80_20
58626,1,1,1.0,stratified_80_20
58635,1,1,1.0,stratified_80_20
58639,1,1,1.0,stratified_80_20
58644,1,1,1.0,stratified_80_20
58646,1,1,1.0,stratified_80_20
58647,1,1,1.0,stratified_80_20
58656,1,1,1.0,stratified_80_20
58659,1,1,1.0,stratified_80_20
58660,1,1,1.0,stratified_80_20
58662,1,1,1.0,stratified_80_20
58664,1,1,1.0,stratified_80_20
58670,1,1,1.0,stratified_80_20
58677,1,1,1.0,stratified_80_20
58681,1,1,1.0,stratified_80_20
58699,1,1,1.0,stratified_80_20
58707,1,1,1.0,stratified_80_20
58709,1,1,1.0,stratified_80_20
58718,1,1,1.0,stratified_80_20
58719,1,1,1.0,stratified_80_20
58724,1,1,1.0,stratified_80_20
58731,1,1,1.0,stratified_80_20
58734,1,1,1.0,stratified_80_20
58735,1,1,1.0,stratified_80_20
58736,1,1,1.0,stratified_80_20
58742,0,0,0.0,stratified_80_20
58747,1,1,1.0,stratified_80_20
58750,1,1,1.0,stratified_80_20
58752,1,1,1.0,stratified_80_20
58755,1,1,1.0,stratified_80_20
58756,1,1,1.0,stratified_80_20
58763,1,1,1.0,stratified_80_20
58778,1,1,1.0,stratified_80_20
58782,1,1,1.0,stratified_80_20
58787,1,1,1.0,stratified_80_20
58793,1,1,1.0,stratified_80_20
58802,1,1,1.0,stratified_80_20
58803,1,1,1.0,stratified_80_20
58806,1,1,1.0,stratified_80_20
58808,1,1,1.0,stratified_80_20
58814,1,1,1.0,stratified_80_20
58816,1,1,1.0,stratified_80_20
58824,1,1,1.0,stratified_80_20
58827,1,1,1.0,stratified_80_20
58829,1,1,1.0,stratified_80_20
58839,1,1,1.0,stratified_80_20
58847,1,1,1.0,stratified_80_20
58854,1,1,1.0,stratified_80_20
58858,1,1,1.0,stratified_80_20
58873,1,1,1.0,stratified_80_20
58875,1,1,1.0,stratified_80_20
58876,1,1,1.0,stratified_80_20
58877,1,1,1.0,stratified_80_20
58883,1,1,1.0,stratified_80_20
58887,1,1,1.0,stratified_80_20
58890,1,1,1.0,stratified_80_20
58893,1,1,1.0,stratified_80_20
58898,1,1,1.0,stratified_80_20
58901,0,0,0.0,stratified_80_20
58902,1,1,1.0,stratified_80_20
58905,1,1,1.0,stratified_80_20
58917,1,1,1.0,stratified_80_20
58920,0,0,0.0,stratified_80_20
58923,1,1,1.0,stratified_80_20
58931,1,1,1.0,stratified_80_20
58937,1,1,1.0,stratified_80_20
58946,1,1,1.0,stratified_80_20
58959,1,1,1.0,stratified_80_20
58962,1,1,1.0,stratified_80_20
58963,1,1,1.0,stratified_80_20
58964,1,1,1.0,stratified_80_20
58967,1,1,1.0,stratified_80_20
58972,1,1,1.0,stratified_80_20
58973,1,1,1.0,stratified_80_20
58980,1,1,1.0,stratified_80_20
58992,1,1,1.0,stratified_80_20
59002,1,1,1.0,stratified_80_20
59011,1,1,1.0,stratified_80_20
59029,1,1,1.0,stratified_80_20
59034,1,1,1.0,stratified_80_20
59038,1,1,1.0,stratified_80_20
59041,1,1,1.0,stratified_80_20
59044,1,1,1.0,stratified_80_20
59055,1,1,1.0,stratified_80_20
59066,1,1,1.0,stratified_80_20
59069,1,1,1.0,stratified_80_20
59073,1,1,1.0,stratified_80_20
59075,1,1,1.0,stratified_80_20
59083,1,1,1.0,stratified_80_20
59090,0,0,0.0,stratified_80_20
59091,1,1,1.0,stratified_80_20
59094,1,1,1.0,stratified_80_20
59101,1,1,1.0,stratified_80_20
59112,1,1,1.0,stratified_80_20
59125,1,1,1.0,stratified_80_20
59127,1,1,1.0,stratified_80_20
59130,1,1,1.0,stratified_80_20
59133,1,1,1.0,stratified_80_20
59138,1,1,1.0,stratified_80_20
59139,1,1,1.0,stratified_80_20
59143,1,1,1.0,stratified_80_20
59152,1,1,1.0,stratified_80_20
59157,1,1,1.0,stratified_80_20
59158,1,1,1.0,stratified_80_20
59161,1,1,1.0,stratified_80_20
59169,1,1,1.0,stratified_80_20
59171,1,1,1.0,stratified_80_20
59176,1,1,1.0,stratified_80_20
59183,1,1,1.0,stratified_80_20
59187,1,1,1.0,stratified_80_20
59190,1,1,1.0,stratified_80_20
59192,1,1,1.0,stratified_80_20
59193,1,1,1.0,stratified_80_20
59200,1,1,1.0,stratified_80_20
59202,1,1,1.0,stratified_80_20
59211,1,1,1.0,stratified_80_20
59219,1,1,1.0,stratified_80_20
59227,1,1,1.0,stratified_80_20
59228,1,1,1.0,stratified_80_20
59240,1,1,1.0,stratified_80_20
59252,1,1,1.0,stratified_80_20
59254,1,1,1.0,stratified_80_20
59257,1,1,1.0,stratified_80_20
59268,0,0,0.0,stratified_80_20
59274,1,1,1.0,stratified_80_20
59276,1,1,1.0,stratified_80_20
59280,1,1,1.0,stratified_80_20
59285,1,1,1.0,stratified_80_20
59295,1,1,1.0,stratified_80_20
59300,1,1,1.0,stratified_80_20
59308,1,1,1.0,stratified_80_20
59310,1,1,1.0,stratified_80_20
59319,1,1,1.0,stratified_80_20
59333,1,1,1.0,stratified_80_20
59342,1,1,1.0,stratified_80_20
59345,1,1,1.0,stratified_80_20
59347,1,1,1.0,stratified_80_20
59348,1,1,1.0,stratified_80_20
59350,1,1,1.0,stratified_80_20
59361,1,1,1.0,stratified_80_20
59366,1,1,1.0,stratified_80_20
59374,1,1,1.0,stratified_80_20
59380,1,1,1.0,stratified_80_20
59382,1,1,1.0,stratified_80_20
59384,1,1,1.0,stratified_80_20
59387,1,1,1.0,stratified_80_20
59403,1,1,1.0,stratified_80_20
59408,1,1,1.0,stratified_80_20
59411,1,1,1.0,stratified_80_20
59414,1,1,1.0,stratified_80_20
59415,1,1,1.0,stratified_80_20
59428,1,1,1.0,stratified_80_20
59432,1,1,1.0,stratified_80_20
59433,1,1,1.0,stratified_80_20
59440,1,1,1.0,stratified_80_20
59441,1,1,1.0,stratified_80_20
59450,0,0,0.0,stratified_80_20
59455,1,1,1.0,stratified_80_20
59456,1,1,1.0,stratified_80_20
59458,1,1,1.0,stratified_80_20
59464,1,1,1.0,stratified_80_20
59469,1,1,1.0,stratified_80_20
59471,1,1,1.0,stratified_80_20
59478,1,1,1.0,stratified_80_20
59484,1,1,1.0,stratified_80_20
59485,1,1,1.0,stratified_80_20
59494,1,1,1.0,stratified_80_20
59502,1,1,1.0,stratified_80_20
59506,1,1,1.0,stratified_80_20
59509,1,1,1.0,stratified_80_20
59516,1,1,1.0,stratified_80_20
59524,1,1,1.0,stratified_80_20
59526,1,1,1.0,stratified_80_20
59533,1,1,1.0,stratified_80_20
59534,1,1,1.0,stratified_80_20
59537,1,1,1.0,stratified_80_20
59540,1,1,1.0,stratified_80_20
59541,0,0,0.0,stratified_80_20
59542,1,1,1.0,stratified_80_20
59547,1,1,1.0,stratified_80_20
59557,1,1,1.0,stratified_80_20
59566,1,1,1.0,stratified_80_20
59569,1,1,1.0,stratified_80_20
59575,1,1,1.0,stratified_80_20
59585,1,1,1.0,stratified_80_20
59587,1,1,1.0,stratified_80_20
59588,1,1,1.0,stratified_80_20
59589,1,1,1.0,stratified_80_20
59594,1,1,1.0,stratified_80_20
59600,1,1,1.0,stratified_80_20
59605,1,1,1.0,stratified_80_20
59607,1,1,1.0,stratified_80_20
59611,1,1,1.0,stratified_80_20
59618,1,1,1.0,stratified_80_20
59620,1,1,1.0,stratified_80_20
59626,1,1,1.0,stratified_80_20
59637,1,1,1.0,stratified_80_20
59641,1,1,1.0,stratified_80_20
59646,1,1,1.0,stratified_80_20
59652,1,1,1.0,stratified_80_20
59660,1,1,1.0,stratified_80_20
59662,1,1,1.0,stratified_80_20
59670,1,1,1.0,stratified_80_20
59684,1,1,1.0,stratified_80_20
59685,1,1,1.0,stratified_80_20
59687,1,1,1.0,stratified_80_20
59700,1,1,1.0,stratified_80_20
59701,1,1,1.0,stratified_80_20
59708,1,1,1.0,stratified_80_20
59730,1,1,1.0,stratified_80_20
59732,1,1,1.0,stratified_80_20
59734,1,1,1.0,stratified_80_20
59735,1,1,1.0,stratified_80_20
59744,1,1,1.0,stratified_80_20
59746,1,1,1.0,stratified_80_20
59747,1,1,1.0,stratified_80_20
59750,1,1,1.0,stratified_80_20
59751,1,1,1.0,stratified_80_20
59752,1,1,1.0,stratified_80_20
59755,1,1,1.0,stratified_80_20
59756,1,1,1.0,stratified_80_20
59763,1,1,1.0,stratified_80_20
59764,1,1,1.0,stratified_80_20
59767,1,1,1.0,stratified_80_20
59773,1,1,1.0,stratified_80_20
59774,1,1,1.0,stratified_80_20
59784,0,0,0.0,stratified_80_20
59788,1,1,1.0,stratified_80_20
59789,1,1,1.0,stratified_80_20
59795,1,1,1.0,stratified_80_20
59807,0,0,0.0,stratified_80_20
59811,1,1,1.0,stratified_80_20
59812,0,0,0.0,stratified_80_20
59814,1,1,1.0,stratified_80_20
59815,0,0,0.0,stratified_80_20
59821,1,1,1.0,stratified_80_20
59829,1,1,1.0,stratified_80_20
59830,1,1,1.0,stratified_80_20
59841,1,1,1.0,stratified_80_20
59844,1,1,1.0,stratified_80_20
59845,1,1,1.0,stratified_80_20
59850,1,1,1.0,stratified_80_20
59853,1,1,1.0,stratified_80_20
59855,1,1,1.0,stratified_80_20
59861,1,1,1.0,stratified_80_20
59865,1,1,1.0,stratified_80_20
59870,1,1,1.0,stratified_80_20
59887,0,0,0.0,stratified_80_20
59889,1,1,1.0,stratified_80_20
59901,1,1,1.0,stratified_80_20
59906,1,1,1.0,stratified_80_20
59908,1,1,1.0,stratified_80_20
59911,1,1,1.0,stratified_80_20
59912,1,1,1.0,stratified_80_20
59913,1,1,1.0,stratified_80_20
59915,1,1,1.0,stratified_80_20
59923,1,1,1.0,stratified_80_20
59925,1,1,1.0,stratified_80_20
59929,1,1,1.0,stratified_80_20
59931,1,1,1.0,stratified_80_20
59933,1,1,1.0,stratified_80_20
59934,1,1,1.0,stratified_80_20
59935,1,1,1.0,stratified_80_20
59936,1,1,1.0,stratified_80_20
59938,1,1,1.0,stratified_80_20
59942,1,1,1.0,stratified_80_20
59944,1,1,1.0,stratified_80_20
59951,1,1,1.0,stratified_80_20
59953,1,1,1.0,stratified_80_20
59955,1,1,1.0,stratified_80_20
59956,1,1,1.0,stratified_80_20
59960,0,0,0.0,stratified_80_20
59967,1,1,1.0,stratified_80_20
59969,1,1,1.0,stratified_80_20
59972,1,1,1.0,stratified_80_20
59974,1,1,1.0,stratified_80_20
59975,1,1,1.0,stratified_80_20
59984,1,1,1.0,stratified_80_20
59988,1,1,1.0,stratified_80_20
59991,0,0,0.0,stratified_80_20
59994,1,1,1.0,stratified_80_20
59997,1,1,1.0,stratified_80_20
59998,0,0,0.0,stratified_80_20
60018,1,1,1.0,stratified_80_20
60044,1,1,1.0,stratified_80_20
60049,1,1,1.0,stratified_80_20
60050,1,1,1.0,stratified_80_20
60054,1,1,1.0,stratified_80_20
60055,1,1,1.0,stratified_80_20
60057,1,1,1.0,stratified_80_20
60059,1,1,1.0,stratified_80_20
60061,1,1,1.0,stratified_80_20
60062,1,1,1.0,stratified_80_20
60067,1,1,1.0,stratified_80_20
60075,1,1,1.0,stratified_80_20
60081,1,1,1.0,stratified_80_20
60085,1,1,1.0,stratified_80_20
60095,1,1,1.0,stratified_80_20
60097,1,1,1.0,stratified_80_20
60101,1,1,1.0,stratified_80_20
60109,1,1,1.0,stratified_80_20
60112,1,1,1.0,stratified_80_20
60117,1,1,1.0,stratified_80_20
60118,1,1,1.0,stratified_80_20
60121,1,1,1.0,stratified_80_20
60124,1,1,1.0,stratified_80_20
60126,1,1,1.0,stratified_80_20
60128,1,1,1.0,stratified_80_20
60156,1,1,1.0,stratified_80_20
60167,1,1,1.0,stratified_80_20
60169,1,1,1.0,stratified_80_20
60172,1,1,1.0,stratified_80_20
60175,0,0,0.0,stratified_80_20
60176,1,1,1.0,stratified_80_20
60184,1,1,1.0,stratified_80_20
60187,1,1,1.0,stratified_80_20
60203,1,1,1.0,stratified_80_20
60206,1,1,1.0,stratified_80_20
60210,1,1,1.0,stratified_80_20
60211,1,1,1.0,stratified_80_20
60223,1,1,1.0,stratified_80_20
60228,1,1,1.0,stratified_80_20
60238,1,1,1.0,stratified_80_20
60253,1,1,1.0,stratified_80_20
60270,1,1,1.0,stratified_80_20
60278,1,1,1.0,stratified_80_20
60280,1,1,1.0,stratified_80_20
60282,1,1,1.0,stratified_80_20
60289,1,1,1.0,stratified_80_20
60292,1,1,1.0,stratified_80_20
60298,1,1,1.0,stratified_80_20
60310,1,1,1.0,stratified_80_20
60315,1,1,1.0,stratified_80_20
60320,1,1,1.0,stratified_80_20
60325,1,1,1.0,stratified_80_20
60333,1,1,1.0,stratified_80_20
60334,1,1,1.0,stratified_80_20
60335,1,1,1.0,stratified_80_20
60337,1,1,1.0,stratified_80_20
60339,1,1,1.0,stratified_80_20
60340,1,1,1.0,stratified_80_20
60342,1,1,1.0,stratified_80_20
60349,1,1,1.0,stratified_80_20
60367,1,1,1.0,stratified_80_20
60368,1,1,1.0,stratified_80_20
60372,1,1,1.0,stratified_80_20
60375,0,0,0.0,stratified_80_20
60377,1,1,1.0,stratified_80_20
60380,1,1,1.0,stratified_80_20
60381,1,1,1.0,stratified_80_20
60394,1,1,1.0,stratified_80_20
60395,1,1,1.0,stratified_80_20
60401,1,1,1.0,stratified_80_20
60402,1,1,1.0,stratified_80_20
60404,1,1,1.0,stratified_80_20
60413,1,1,1.0,stratified_80_20
60414,1,1,1.0,stratified_80_20
60421,1,1,1.0,stratified_80_20
60425,1,1,1.0,stratified_80_20
60428,1,1,1.0,stratified_80_20
60433,1,1,1.0,stratified_80_20
60439,1,1,1.0,stratified_80_20
60440,1,1,1.0,stratified_80_20
60443,1,1,1.0,stratified_80_20
60445,1,1,1.0,stratified_80_20
60447,1,1,1.0,stratified_80_20
60448,1,1,1.0,stratified_80_20
60449,1,1,1.0,stratified_80_20
60450,1,1,1.0,stratified_80_20
60456,1,1,1.0,stratified_80_20
60467,0,0,0.0,stratified_80_20
60472,1,1,1.0,stratified_80_20
60473,1,1,1.0,stratified_80_20
60476,1,1,1.0,stratified_80_20
60481,1,1,1.0,stratified_80_20
60491,1,1,1.0,stratified_80_20
60493,1,1,1.0,stratified_80_20
60496,1,1,1.0,stratified_80_20
60512,1,1,1.0,stratified_80_20
60515,1,1,1.0,stratified_80_20
60523,1,1,1.0,stratified_80_20
60524,1,1,1.0,stratified_80_20
60531,1,1,1.0,stratified_80_20
60533,1,1,1.0,stratified_80_20
60538,1,1,1.0,stratified_80_20
60539,0,0,0.0,stratified_80_20
60540,1,1,1.0,stratified_80_20
60547,1,1,1.0,stratified_80_20
60554,1,1,1.0,stratified_80_20
60557,0,0,0.0,stratified_80_20
60564,1,1,1.0,stratified_80_20
60568,1,1,1.0,stratified_80_20
60572,1,1,1.0,stratified_80_20
60573,1,1,1.0,stratified_80_20
60576,1,1,1.0,stratified_80_20
60580,1,1,1.0,stratified_80_20
60587,1,1,1.0,stratified_80_20
60591,1,1,1.0,stratified_80_20
60592,1,1,1.0,stratified_80_20
60607,1,1,1.0,stratified_80_20
60631,1,1,1.0,stratified_80_20
60633,1,1,1.0,stratified_80_20
60634,1,1,1.0,stratified_80_20
60643,1,1,1.0,stratified_80_20
60644,1,1,1.0,stratified_80_20
60655,1,1,1.0,stratified_80_20
60659,1,1,1.0,stratified_80_20
60668,1,1,1.0,stratified_80_20
60669,1,1,1.0,stratified_80_20
60686,1,1,1.0,stratified_80_20
60689,1,1,1.0,stratified_80_20
60694,1,1,1.0,stratified_80_20
60705,1,1,1.0,stratified_80_20
60714,0,0,0.0,stratified_80_20
60723,1,1,1.0,stratified_80_20
60725,1,1,1.0,stratified_80_20
60727,1,1,1.0,stratified_80_20
60731,1,1,1.0,stratified_80_20
60742,1,1,1.0,stratified_80_20
60748,1,1,1.0,stratified_80_20
60760,1,1,1.0,stratified_80_20
60763,1,1,1.0,stratified_80_20
60774,1,1,1.0,stratified_80_20
60784,1,1,1.0,stratified_80_20
60785,1,1,1.0,stratified_80_20
60790,1,1,1.0,stratified_80_20
60793,1,1,1.0,stratified_80_20
60794,1,1,1.0,stratified_80_20
60801,1,1,1.0,stratified_80_20
60802,1,1,1.0,stratified_80_20
60809,0,0,0.0,stratified_80_20
60817,1,1,1.0,stratified_80_20
60822,1,1,1.0,stratified_80_20
60824,1,1,1.0,stratified_80_20
60834,1,1,1.0,stratified_80_20
60838,1,1,1.0,stratified_80_20
60839,1,1,1.0,stratified_80_20
60844,1,1,1.0,stratified_80_20
60853,1,1,1.0,stratified_80_20
60860,1,1,1.0,stratified_80_20
60871,1,1,1.0,stratified_80_20
60880,1,1,1.0,stratified_80_20
60883,0,0,0.0,stratified_80_20
60884,1,1,1.0,stratified_80_20
60885,1,1,1.0,stratified_80_20
60892,1,1,1.0,stratified_80_20
60897,1,1,1.0,stratified_80_20
60900,1,1,1.0,stratified_80_20
60903,1,1,1.0,stratified_80_20
60906,1,1,1.0,stratified_80_20
60908,1,1,1.0,stratified_80_20
60913,1,1,1.0,stratified_80_20
60917,1,1,1.0,stratified_80_20
60922,1,1,1.0,stratified_80_20
60923,1,1,1.0,stratified_80_20
60926,1,1,1.0,stratified_80_20
60931,1,1,1.0,stratified_80_20
60942,1,1,1.0,stratified_80_20
60946,1,1,1.0,stratified_80_20
60948,1,1,1.0,stratified_80_20
60950,1,1,1.0,stratified_80_20
60960,1,1,1.0,stratified_80_20
60961,1,1,1.0,stratified_80_20
60977,1,1,1.0,stratified_80_20
60978,1,1,1.0,stratified_80_20
60984,1,1,1.0,stratified_80_20
60987,1,1,1.0,stratified_80_20
60990,1,1,1.0,stratified_80_20
60991,1,1,1.0,stratified_80_20
60994,1,1,1.0,stratified_80_20
61000,1,1,1.0,stratified_80_20
61003,1,1,1.0,stratified_80_20
61009,1,1,1.0,stratified_80_20
61015,1,1,1.0,stratified_80_20
61031,1,1,1.0,stratified_80_20
61032,1,1,1.0,stratified_80_20
61034,1,1,1.0,stratified_80_20
61037,1,1,1.0,stratified_80_20
61038,1,1,1.0,stratified_80_20
61039,1,1,1.0,stratified_80_20
61040,1,1,1.0,stratified_80_20
61053,1,1,1.0,stratified_80_20
61062,1,1,1.0,stratified_80_20
61068,1,1,1.0,stratified_80_20
61070,1,1,1.0,stratified_80_20
61077,1,1,1.0,stratified_80_20
61079,1,1,1.0,stratified_80_20
61085,0,0,0.0,stratified_80_20
61092,1,1,1.0,stratified_80_20
61093,1,1,1.0,stratified_80_20
61095,1,1,1.0,stratified_80_20
61097,1,1,1.0,stratified_80_20
61103,1,1,1.0,stratified_80_20
61104,1,1,1.0,stratified_80_20
61125,1,1,1.0,stratified_80_20
61137,1,1,1.0,stratified_80_20
61138,1,1,1.0,stratified_80_20
61144,1,1,1.0,stratified_80_20
61149,1,1,1.0,stratified_80_20
61150,1,1,1.0,stratified_80_20
61153,1,1,1.0,stratified_80_20
61170,1,1,1.0,stratified_80_20
61177,1,1,1.0,stratified_80_20
61181,1,1,1.0,stratified_80_20
61192,1,1,1.0,stratified_80_20
61193,1,1,1.0,stratified_80_20
61194,1,1,1.0,stratified_80_20
61196,1,1,1.0,stratified_80_20
61197,1,1,1.0,stratified_80_20
61208,1,1,1.0,stratified_80_20
61220,1,1,1.0,stratified_80_20
61228,1,1,1.0,stratified_80_20
61230,1,1,1.0,stratified_80_20
61236,1,1,1.0,stratified_80_20
61241,1,1,1.0,stratified_80_20
61243,1,1,1.0,stratified_80_20
61250,1,1,1.0,stratified_80_20
61270,1,1,1.0,stratified_80_20
61284,1,1,1.0,stratified_80_20
61290,1,1,1.0,stratified_80_20
61292,1,1,1.0,stratified_80_20
61294,1,1,1.0,stratified_80_20
61296,1,1,1.0,stratified_80_20
61300,1,1,1.0,stratified_80_20
61314,1,1,1.0,stratified_80_20
61319,1,1,1.0,stratified_80_20
61324,1,1,1.0,stratified_80_20
61341,1,1,1.0,stratified_80_20
61351,1,1,1.0,stratified_80_20
61359,1,1,1.0,stratified_80_20
61370,1,1,1.0,stratified_80_20
61372,1,1,1.0,stratified_80_20
61374,1,1,1.0,stratified_80_20
61379,1,1,1.0,stratified_80_20
61380,1,1,1.0,stratified_80_20
61383,1,1,1.0,stratified_80_20
61392,1,1,1.0,stratified_80_20
61401,1,1,1.0,stratified_80_20
61405,1,1,1.0,stratified_80_20
61409,1,1,1.0,stratified_80_20
61410,1,1,1.0,stratified_80_20
61418,1,1,1.0,stratified_80_20
61420,1,1,1.0,stratified_80_20
61421,1,1,1.0,stratified_80_20
61428,1,1,1.0,stratified_80_20
61434,1,1,1.0,stratified_80_20
61435,1,1,1.0,stratified_80_20
61440,1,1,1.0,stratified_80_20
61443,1,1,1.0,stratified_80_20
61447,0,0,0.0,stratified_80_20
61448,1,1,1.0,stratified_80_20
61449,0,0,0.0,stratified_80_20
61480,1,1,1.0,stratified_80_20
61481,1,1,1.0,stratified_80_20
61482,1,1,1.0,stratified_80_20
61501,1,1,1.0,stratified_80_20
61503,1,1,1.0,stratified_80_20
61506,1,1,1.0,stratified_80_20
61513,1,1,1.0,stratified_80_20
61515,1,1,1.0,stratified_80_20
61518,1,1,1.0,stratified_80_20
61520,1,1,1.0,stratified_80_20
61529,1,1,1.0,stratified_80_20
61537,1,1,1.0,stratified_80_20
61539,1,1,1.0,stratified_80_20
61541,1,1,1.0,stratified_80_20
61546,1,1,1.0,stratified_80_20
61550,1,1,1.0,stratified_80_20
61551,1,1,1.0,stratified_80_20
61556,1,1,1.0,stratified_80_20
61561,1,1,1.0,stratified_80_20
61588,1,1,1.0,stratified_80_20
61596,1,1,1.0,stratified_80_20
61610,1,1,1.0,stratified_80_20
61617,1,1,1.0,stratified_80_20
61621,1,1,1.0,stratified_80_20
61626,1,1,1.0,stratified_80_20
61629,1,1,1.0,stratified_80_20
61631,0,0,0.0,stratified_80_20
61632,1,1,1.0,stratified_80_20
61633,1,1,1.0,stratified_80_20
61636,1,1,1.0,stratified_80_20
61639,1,1,1.0,stratified_80_20
61642,1,1,1.0,stratified_80_20
61644,1,1,1.0,stratified_80_20
61651,1,1,1.0,stratified_80_20
61652,1,1,1.0,stratified_80_20
61659,1,1,1.0,stratified_80_20
61670,1,1,1.0,stratified_80_20
61691,1,1,1.0,stratified_80_20
61692,1,1,1.0,stratified_80_20
61698,1,1,1.0,stratified_80_20
61699,1,1,1.0,stratified_80_20
61702,1,1,1.0,stratified_80_20
61704,1,1,1.0,stratified_80_20
61710,1,1,1.0,stratified_80_20
61721,0,0,0.0,stratified_80_20
61725,1,1,1.0,stratified_80_20
61727,1,1,1.0,stratified_80_20
61730,1,1,1.0,stratified_80_20
61731,1,1,1.0,stratified_80_20
61738,1,1,1.0,stratified_80_20
61743,1,1,1.0,stratified_80_20
61744,1,1,1.0,stratified_80_20
61746,1,1,1.0,stratified_80_20
61758,1,1,1.0,stratified_80_20
61767,1,1,1.0,stratified_80_20
61769,1,1,1.0,stratified_80_20
61772,1,1,1.0,stratified_80_20
61775,1,1,1.0,stratified_80_20
61777,1,1,1.0,stratified_80_20
61791,1,1,1.0,stratified_80_20
61798,1,1,1.0,stratified_80_20
61803,1,1,1.0,stratified_80_20
61804,1,1,1.0,stratified_80_20
61814,0,0,0.0,stratified_80_20
61817,1,1,1.0,stratified_80_20
61822,1,1,1.0,stratified_80_20
61824,1,1,1.0,stratified_80_20
61831,1,1,1.0,stratified_80_20
61839,1,1,1.0,stratified_80_20
61845,1,1,1.0,stratified_80_20
61848,1,1,1.0,stratified_80_20
61854,1,1,1.0,stratified_80_20
61856,1,1,1.0,stratified_80_20
61858,1,1,1.0,stratified_80_20
61859,1,1,1.0,stratified_80_20
61873,1,1,1.0,stratified_80_20
61874,1,1,1.0,stratified_80_20
61875,1,1,1.0,stratified_80_20
61876,1,1,1.0,stratified_80_20
61877,1,1,1.0,stratified_80_20
61881,1,1,1.0,stratified_80_20
61885,1,1,1.0,stratified_80_20
61893,1,1,1.0,stratified_80_20
61894,1,1,1.0,stratified_80_20
61895,1,1,1.0,stratified_80_20
61900,1,1,1.0,stratified_80_20
61901,1,1,1.0,stratified_80_20
61907,1,1,1.0,stratified_80_20
61908,1,1,1.0,stratified_80_20
61910,1,1,1.0,stratified_80_20
61914,1,1,1.0,stratified_80_20
61915,1,1,1.0,stratified_80_20
61928,1,1,1.0,stratified_80_20
61929,1,1,1.0,stratified_80_20
61932,1,1,1.0,stratified_80_20
61937,1,1,1.0,stratified_80_20
61939,1,1,1.0,stratified_80_20
61940,1,1,1.0,stratified_80_20
61944,1,1,1.0,stratified_80_20
61950,1,1,1.0,stratified_80_20
61953,1,1,1.0,stratified_80_20
61957,1,1,1.0,stratified_80_20
61958,1,1,1.0,stratified_80_20
61961,1,1,1.0,stratified_80_20
61963,1,1,1.0,stratified_80_20
61968,1,1,1.0,stratified_80_20
61975,1,1,1.0,stratified_80_20
61983,1,1,1.0,stratified_80_20
61989,1,1,1.0,stratified_80_20
61992,0,0,0.0,stratified_80_20
62006,1,1,1.0,stratified_80_20
62013,1,1,1.0,stratified_80_20
62018,1,1,1.0,stratified_80_20
62024,1,1,1.0,stratified_80_20
62025,1,1,1.0,stratified_80_20
62047,1,1,1.0,stratified_80_20
62053,1,1,1.0,stratified_80_20
62054,1,1,1.0,stratified_80_20
62056,1,1,1.0,stratified_80_20
62059,1,1,1.0,stratified_80_20
62061,1,1,1.0,stratified_80_20
62067,1,1,1.0,stratified_80_20
62068,1,1,1.0,stratified_80_20
62070,1,1,1.0,stratified_80_20
62071,1,1,1.0,stratified_80_20
62074,1,1,1.0,stratified_80_20
62082,1,1,1.0,stratified_80_20
62085,1,1,1.0,stratified_80_20
62094,1,1,1.0,stratified_80_20
62095,1,1,1.0,stratified_80_20
62099,1,1,1.0,stratified_80_20
62115,1,1,1.0,stratified_80_20
62124,1,1,1.0,stratified_80_20
62127,1,1,1.0,stratified_80_20
62132,1,1,1.0,stratified_80_20
62136,1,1,1.0,stratified_80_20
62141,1,1,1.0,stratified_80_20
62143,1,1,1.0,stratified_80_20
62152,1,1,1.0,stratified_80_20
62161,1,1,1.0,stratified_80_20
62170,1,1,1.0,stratified_80_20
62178,1,1,1.0,stratified_80_20
62180,0,0,0.0,stratified_80_20
62181,1,1,1.0,stratified_80_20
62188,1,1,1.0,stratified_80_20
62193,0,0,0.0,stratified_80_20
62194,0,0,0.0,stratified_80_20
62196,1,1,1.0,stratified_80_20
62204,1,1,1.0,stratified_80_20
62208,1,1,1.0,stratified_80_20
62216,1,1,1.0,stratified_80_20
62217,1,1,1.0,stratified_80_20
62219,1,1,1.0,stratified_80_20
62236,1,1,1.0,stratified_80_20
62241,1,1,1.0,stratified_80_20
62245,1,1,1.0,stratified_80_20
62250,1,1,1.0,stratified_80_20
62252,1,1,1.0,stratified_80_20
62253,1,1,1.0,stratified_80_20
62263,1,1,1.0,stratified_80_20
62275,1,1,1.0,stratified_80_20
62278,1,1,1.0,stratified_80_20
62287,1,1,1.0,stratified_80_20
62300,1,1,1.0,stratified_80_20
62309,1,1,1.0,stratified_80_20
62312,1,1,1.0,stratified_80_20
62317,1,1,1.0,stratified_80_20
62319,1,1,1.0,stratified_80_20
62323,1,1,1.0,stratified_80_20
62327,1,1,1.0,stratified_80_20
62329,1,1,1.0,stratified_80_20
62338,1,1,1.0,stratified_80_20
62360,0,0,0.0,stratified_80_20
62361,0,0,0.0,stratified_80_20
62362,1,1,1.0,stratified_80_20
62366,1,1,1.0,stratified_80_20
62375,1,1,1.0,stratified_80_20
62385,1,1,1.0,stratified_80_20
62388,1,1,1.0,stratified_80_20
62389,1,1,1.0,stratified_80_20
62398,1,1,1.0,stratified_80_20
62400,1,1,1.0,stratified_80_20
62406,1,1,1.0,stratified_80_20
62409,1,1,1.0,stratified_80_20
62423,1,1,1.0,stratified_80_20
62445,1,1,1.0,stratified_80_20
62451,1,1,1.0,stratified_80_20
62452,1,1,1.0,stratified_80_20
62455,1,1,1.0,stratified_80_20
62458,1,1,1.0,stratified_80_20
62474,1,1,1.0,stratified_80_20
62478,1,1,1.0,stratified_80_20
62488,1,1,1.0,stratified_80_20
62497,1,1,1.0,stratified_80_20
62498,1,1,1.0,stratified_80_20
62499,1,1,1.0,stratified_80_20
62500,1,1,1.0,stratified_80_20
62512,1,1,1.0,stratified_80_20
62513,1,1,1.0,stratified_80_20
62537,1,1,1.0,stratified_80_20
62540,0,0,0.0,stratified_80_20
62546,1,1,1.0,stratified_80_20
62548,1,1,1.0,stratified_80_20
62555,1,1,1.0,stratified_80_20
62556,0,0,0.0,stratified_80_20
62563,1,1,1.0,stratified_80_20
62567,1,1,1.0,stratified_80_20
62572,1,1,1.0,stratified_80_20
62574,1,1,1.0,stratified_80_20
62578,1,1,1.0,stratified_80_20
62579,1,1,1.0,stratified_80_20
62584,1,1,1.0,stratified_80_20
62588,1,1,1.0,stratified_80_20
62594,1,1,1.0,stratified_80_20
62597,1,1,1.0,stratified_80_20
62601,1,1,1.0,stratified_80_20
62607,1,1,1.0,stratified_80_20
62609,1,1,1.0,stratified_80_20
62610,1,1,1.0,stratified_80_20
62620,1,1,1.0,stratified_80_20
62624,1,1,1.0,stratified_80_20
62625,1,1,1.0,stratified_80_20
62628,1,1,1.0,stratified_80_20
62634,1,1,1.0,stratified_80_20
62641,1,1,1.0,stratified_80_20
62644,1,1,1.0,stratified_80_20
62648,1,1,1.0,stratified_80_20
62649,1,1,1.0,stratified_80_20
62662,1,1,1.0,stratified_80_20
62665,1,1,1.0,stratified_80_20
62668,1,1,1.0,stratified_80_20
62674,1,1,1.0,stratified_80_20
62681,1,1,1.0,stratified_80_20
62682,1,1,1.0,stratified_80_20
62689,1,1,1.0,stratified_80_20
62690,1,1,1.0,stratified_80_20
62694,1,1,1.0,stratified_80_20
62709,1,1,1.0,stratified_80_20
62714,1,1,1.0,stratified_80_20
62715,0,0,0.0,stratified_80_20
62718,1,1,1.0,stratified_80_20
62720,0,0,0.0,stratified_80_20
62725,1,1,1.0,stratified_80_20
62726,1,1,1.0,stratified_80_20
62730,1,1,1.0,stratified_80_20
62738,1,1,1.0,stratified_80_20
62739,1,1,1.0,stratified_80_20
62740,0,0,0.0,stratified_80_20
62744,1,1,1.0,stratified_80_20
62751,1,1,1.0,stratified_80_20
62753,1,1,1.0,stratified_80_20
62759,1,1,1.0,stratified_80_20
62763,1,1,1.0,stratified_80_20
62764,1,1,1.0,stratified_80_20
62767,1,1,1.0,stratified_80_20
62770,1,1,1.0,stratified_80_20
62774,1,1,1.0,stratified_80_20
62775,1,1,1.0,stratified_80_20
62776,1,1,1.0,stratified_80_20
62780,1,1,1.0,stratified_80_20
62784,1,1,1.0,stratified_80_20
62792,1,1,1.0,stratified_80_20
62797,1,1,1.0,stratified_80_20
62804,1,1,1.0,stratified_80_20
62807,1,1,1.0,stratified_80_20
62810,1,1,1.0,stratified_80_20
62812,1,1,1.0,stratified_80_20
62814,1,1,1.0,stratified_80_20
62820,1,1,1.0,stratified_80_20
62826,1,1,1.0,stratified_80_20
62839,1,1,1.0,stratified_80_20
62840,1,1,1.0,stratified_80_20
62848,1,1,1.0,stratified_80_20
62850,1,1,1.0,stratified_80_20
62855,1,1,1.0,stratified_80_20
62857,1,1,1.0,stratified_80_20
62867,1,1,1.0,stratified_80_20
62871,1,1,1.0,stratified_80_20
62886,1,1,1.0,stratified_80_20
62888,1,1,1.0,stratified_80_20
62890,1,1,1.0,stratified_80_20
62896,1,1,1.0,stratified_80_20
62897,0,0,0.0,stratified_80_20
62899,1,1,1.0,stratified_80_20
62902,0,0,0.0,stratified_80_20
62904,0,0,0.0,stratified_80_20
62920,0,0,0.0,stratified_80_20
62924,1,1,1.0,stratified_80_20
62929,1,1,1.0,stratified_80_20
62932,1,1,1.0,stratified_80_20
62940,1,1,1.0,stratified_80_20
62943,1,1,1.0,stratified_80_20
62945,1,1,1.0,stratified_80_20
62950,1,1,1.0,stratified_80_20
62953,1,1,1.0,stratified_80_20
62955,1,1,1.0,stratified_80_20
62956,1,1,1.0,stratified_80_20
62957,1,1,1.0,stratified_80_20
62959,1,1,1.0,stratified_80_20
62963,1,1,1.0,stratified_80_20
62966,1,1,1.0,stratified_80_20
62974,1,1,1.0,stratified_80_20
62977,1,1,1.0,stratified_80_20
62978,1,1,1.0,stratified_80_20
62982,1,1,1.0,stratified_80_20
62988,1,1,1.0,stratified_80_20
62990,1,1,1.0,stratified_80_20
62994,1,1,1.0,stratified_80_20
62998,1,1,1.0,stratified_80_20
63001,1,1,1.0,stratified_80_20
63016,1,1,1.0,stratified_80_20
63017,1,1,1.0,stratified_80_20
63022,1,1,1.0,stratified_80_20
63035,1,1,1.0,stratified_80_20
63036,1,1,1.0,stratified_80_20
63042,1,1,1.0,stratified_80_20
63044,1,1,1.0,stratified_80_20
63048,1,1,1.0,stratified_80_20
63049,1,1,1.0,stratified_80_20
63058,1,1,1.0,stratified_80_20
63063,1,1,1.0,stratified_80_20
63064,1,1,1.0,stratified_80_20
63072,1,1,1.0,stratified_80_20
63095,1,1,1.0,stratified_80_20
63104,0,0,0.0,stratified_80_20
63105,0,0,0.0,stratified_80_20
63111,1,1,1.0,stratified_80_20
63112,1,1,1.0,stratified_80_20
63114,1,1,1.0,stratified_80_20
63121,1,1,1.0,stratified_80_20
63122,1,1,1.0,stratified_80_20
63123,1,1,1.0,stratified_80_20
63125,1,1,1.0,stratified_80_20
63126,1,1,1.0,stratified_80_20
63129,1,1,1.0,stratified_80_20
63136,1,1,1.0,stratified_80_20
63140,1,1,1.0,stratified_80_20
63147,1,1,1.0,stratified_80_20
63150,1,1,1.0,stratified_80_20
63152,1,1,1.0,stratified_80_20
63154,1,1,1.0,stratified_80_20
63157,1,1,1.0,stratified_80_20
63160,1,1,1.0,stratified_80_20
63170,1,1,1.0,stratified_80_20
63171,1,1,1.0,stratified_80_20
63173,1,1,1.0,stratified_80_20
63180,1,1,1.0,stratified_80_20
63192,1,1,1.0,stratified_80_20
63203,1,1,1.0,stratified_80_20
63204,1,1,1.0,stratified_80_20
63207,1,1,1.0,stratified_80_20
63208,1,1,1.0,stratified_80_20
63210,1,1,1.0,stratified_80_20
63217,1,1,1.0,stratified_80_20
63223,1,1,1.0,stratified_80_20
63226,1,1,1.0,stratified_80_20
63227,1,1,1.0,stratified_80_20
63230,1,1,1.0,stratified_80_20
63231,1,1,1.0,stratified_80_20
63232,1,1,1.0,stratified_80_20
63237,1,1,1.0,stratified_80_20
63243,1,1,1.0,stratified_80_20
63251,1,1,1.0,stratified_80_20
63257,1,1,1.0,stratified_80_20
63263,1,1,1.0,stratified_80_20
63264,1,1,1.0,stratified_80_20
63275,1,1,1.0,stratified_80_20
63278,1,1,1.0,stratified_80_20
63279,0,0,0.0,stratified_80_20
63284,1,1,1.0,stratified_80_20
63285,1,1,1.0,stratified_80_20
63294,1,1,1.0,stratified_80_20
63298,1,1,1.0,stratified_80_20
63307,1,1,1.0,stratified_80_20
63314,1,1,1.0,stratified_80_20
63325,1,1,1.0,stratified_80_20
63328,1,1,1.0,stratified_80_20
63332,1,1,1.0,stratified_80_20
63339,1,1,1.0,stratified_80_20
63351,1,1,1.0,stratified_80_20
63371,1,1,1.0,stratified_80_20
63379,1,1,1.0,stratified_80_20
63380,1,1,1.0,stratified_80_20
63386,1,1,1.0,stratified_80_20
63388,1,1,1.0,stratified_80_20
63389,1,1,1.0,stratified_80_20
63390,1,1,1.0,stratified_80_20
63392,1,1,1.0,stratified_80_20
63403,1,1,1.0,stratified_80_20
63407,1,1,1.0,stratified_80_20
63414,1,1,1.0,stratified_80_20
63415,1,1,1.0,stratified_80_20
63416,1,1,1.0,stratified_80_20
63427,1,1,1.0,stratified_80_20
63428,1,1,1.0,stratified_80_20
63434,1,1,1.0,stratified_80_20
63437,1,1,1.0,stratified_80_20
63442,1,1,1.0,stratified_80_20
63444,0,0,0.0,stratified_80_20
63452,1,1,1.0,stratified_80_20
63453,1,1,1.0,stratified_80_20
63460,1,1,1.0,stratified_80_20
63462,1,1,1.0,stratified_80_20
63465,1,1,1.0,stratified_80_20
63470,1,1,1.0,stratified_80_20
63471,1,1,1.0,stratified_80_20
63475,1,1,1.0,stratified_80_20
63477,1,1,1.0,stratified_80_20
63479,1,1,1.0,stratified_80_20
63495,1,1,1.0,stratified_80_20
63499,1,1,1.0,stratified_80_20
63502,1,1,1.0,stratified_80_20
63507,1,1,1.0,stratified_80_20
63509,1,1,1.0,stratified_80_20
63511,1,1,1.0,stratified_80_20
63512,1,1,1.0,stratified_80_20
63525,1,1,1.0,stratified_80_20
63531,1,1,1.0,stratified_80_20
63541,1,1,1.0,stratified_80_20
63546,1,1,1.0,stratified_80_20
63547,1,1,1.0,stratified_80_20
63560,1,1,1.0,stratified_80_20
63562,1,1,1.0,stratified_80_20
63566,1,1,1.0,stratified_80_20
63576,1,1,1.0,stratified_80_20
63578,1,1,1.0,stratified_80_20
63581,1,1,1.0,stratified_80_20
63584,1,1,1.0,stratified_80_20
63595,1,1,1.0,stratified_80_20
63600,1,1,1.0,stratified_80_20
63602,1,1,1.0,stratified_80_20
63603,1,1,1.0,stratified_80_20
63605,1,1,1.0,stratified_80_20
63609,1,1,1.0,stratified_80_20
63610,1,1,1.0,stratified_80_20
63614,1,1,1.0,stratified_80_20
63617,0,0,0.0,stratified_80_20
63618,1,1,1.0,stratified_80_20
63625,0,0,0.0,stratified_80_20
63638,1,1,1.0,stratified_80_20
63644,0,0,0.0,stratified_80_20
63648,1,1,1.0,stratified_80_20
63654,1,1,1.0,stratified_80_20
63661,1,1,1.0,stratified_80_20
63665,1,1,1.0,stratified_80_20
63666,1,1,1.0,stratified_80_20
63669,1,1,1.0,stratified_80_20
63674,1,1,1.0,stratified_80_20
63677,1,1,1.0,stratified_80_20
63682,1,1,1.0,stratified_80_20
63683,1,1,1.0,stratified_80_20
63685,1,1,1.0,stratified_80_20
63688,1,1,1.0,stratified_80_20
63695,1,1,1.0,stratified_80_20
63697,1,1,1.0,stratified_80_20
63699,1,1,1.0,stratified_80_20
63700,1,1,1.0,stratified_80_20
63709,1,1,1.0,stratified_80_20
63719,1,1,1.0,stratified_80_20
63721,1,1,1.0,stratified_80_20
63729,1,1,1.0,stratified_80_20
63732,1,1,1.0,stratified_80_20
63738,1,1,1.0,stratified_80_20
63745,1,1,1.0,stratified_80_20
63748,1,1,1.0,stratified_80_20
63749,1,1,1.0,stratified_80_20
63754,1,1,1.0,stratified_80_20
63765,1,1,1.0,stratified_80_20
63766,1,1,1.0,stratified_80_20
63767,1,1,1.0,stratified_80_20
63771,1,1,1.0,stratified_80_20
63777,1,1,1.0,stratified_80_20
63783,1,1,1.0,stratified_80_20
63794,1,1,1.0,stratified_80_20
63795,1,1,1.0,stratified_80_20
63804,1,1,1.0,stratified_80_20
63819,1,1,1.0,stratified_80_20
63821,0,0,0.0,stratified_80_20
63822,1,1,1.0,stratified_80_20
63823,1,1,1.0,stratified_80_20
63824,1,1,1.0,stratified_80_20
63827,1,1,1.0,stratified_80_20
63830,1,1,1.0,stratified_80_20
63831,1,1,1.0,stratified_80_20
63836,1,1,1.0,stratified_80_20
63856,1,1,1.0,stratified_80_20
63866,1,1,1.0,stratified_80_20
63874,1,1,1.0,stratified_80_20
63875,1,1,1.0,stratified_80_20
63877,1,1,1.0,stratified_80_20
63879,1,1,1.0,stratified_80_20
63897,1,1,1.0,stratified_80_20
63903,1,1,1.0,stratified_80_20
63910,1,1,1.0,stratified_80_20
63913,1,1,1.0,stratified_80_20
63923,1,1,1.0,stratified_80_20
63938,1,1,1.0,stratified_80_20
63960,1,1,1.0,stratified_80_20
63963,1,1,1.0,stratified_80_20
63965,1,1,1.0,stratified_80_20
63966,1,1,1.0,stratified_80_20
63970,1,1,1.0,stratified_80_20
63977,0,0,0.0,stratified_80_20
63978,1,1,1.0,stratified_80_20
63982,0,0,0.0,stratified_80_20
63987,1,1,1.0,stratified_80_20
63989,1,1,1.0,stratified_80_20
63990,1,1,1.0,stratified_80_20
63992,1,1,1.0,stratified_80_20
63996,1,1,1.0,stratified_80_20
64007,1,1,1.0,stratified_80_20
64014,1,1,1.0,stratified_80_20
64017,1,1,1.0,stratified_80_20
64021,1,1,1.0,stratified_80_20
64024,1,1,1.0,stratified_80_20
64031,1,1,1.0,stratified_80_20
64033,1,1,1.0,stratified_80_20
64041,1,1,1.0,stratified_80_20
64044,1,1,1.0,stratified_80_20
64052,1,1,1.0,stratified_80_20
64059,1,1,1.0,stratified_80_20
64061,1,1,1.0,stratified_80_20
64071,1,1,1.0,stratified_80_20
64073,1,1,1.0,stratified_80_20
64075,0,0,0.0,stratified_80_20
64076,1,1,1.0,stratified_80_20
64080,1,1,1.0,stratified_80_20
64083,1,1,1.0,stratified_80_20
64084,1,1,1.0,stratified_80_20
64089,1,1,1.0,stratified_80_20
64090,1,1,1.0,stratified_80_20
64092,1,1,1.0,stratified_80_20
64100,1,1,1.0,stratified_80_20
64110,1,1,1.0,stratified_80_20
64120,1,1,1.0,stratified_80_20
64124,1,1,1.0,stratified_80_20
64126,1,1,1.0,stratified_80_20
64128,1,1,1.0,stratified_80_20
64130,1,1,1.0,stratified_80_20
64131,1,1,1.0,stratified_80_20
64151,1,1,1.0,stratified_80_20
64152,1,1,1.0,stratified_80_20
64161,1,1,1.0,stratified_80_20
64175,1,1,1.0,stratified_80_20
64178,1,1,1.0,stratified_80_20
64179,1,1,1.0,stratified_80_20
64183,1,1,1.0,stratified_80_20
64184,1,1,1.0,stratified_80_20
64190,1,1,1.0,stratified_80_20
64191,1,1,1.0,stratified_80_20
64194,1,1,1.0,stratified_80_20
64199,1,1,1.0,stratified_80_20
64201,1,1,1.0,stratified_80_20
64213,1,1,1.0,stratified_80_20
64229,1,1,1.0,stratified_80_20
64236,1,1,1.0,stratified_80_20
64245,1,1,1.0,stratified_80_20
64258,1,1,1.0,stratified_80_20
64263,1,1,1.0,stratified_80_20
64264,1,1,1.0,stratified_80_20
64281,1,1,1.0,stratified_80_20
64291,1,1,1.0,stratified_80_20
64298,1,1,1.0,stratified_80_20
64305,1,1,1.0,stratified_80_20
64309,1,1,1.0,stratified_80_20
64311,1,1,1.0,stratified_80_20
64314,1,1,1.0,stratified_80_20
64315,1,1,1.0,stratified_80_20
64321,1,1,1.0,stratified_80_20
64326,1,1,1.0,stratified_80_20
64334,1,1,1.0,stratified_80_20
64341,1,1,1.0,stratified_80_20
64342,0,0,0.0,stratified_80_20
64357,1,1,1.0,stratified_80_20
64359,1,1,1.0,stratified_80_20
64360,1,1,1.0,stratified_80_20
64369,1,1,1.0,stratified_80_20
64372,1,1,1.0,stratified_80_20
64378,1,1,1.0,stratified_80_20
64379,1,1,1.0,stratified_80_20
64381,1,1,1.0,stratified_80_20
64388,1,1,1.0,stratified_80_20
64393,1,1,1.0,stratified_80_20
64397,1,1,1.0,stratified_80_20
64406,1,1,1.0,stratified_80_20
64415,1,1,1.0,stratified_80_20
64429,1,1,1.0,stratified_80_20
64430,1,1,1.0,stratified_80_20
64433,1,1,1.0,stratified_80_20
64439,1,1,1.0,stratified_80_20
64443,1,1,1.0,stratified_80_20
64447,1,1,1.0,stratified_80_20
64450,1,1,1.0,stratified_80_20
64451,1,1,1.0,stratified_80_20
64455,1,1,1.0,stratified_80_20
64463,1,1,1.0,stratified_80_20
64466,1,1,1.0,stratified_80_20
64477,1,1,1.0,stratified_80_20
64499,1,1,1.0,stratified_80_20
64502,1,1,1.0,stratified_80_20
64504,1,1,1.0,stratified_80_20
64506,1,1,1.0,stratified_80_20
64507,1,1,1.0,stratified_80_20
64514,0,0,0.0,stratified_80_20
64527,1,1,1.0,stratified_80_20
64529,1,1,1.0,stratified_80_20
64533,1,1,1.0,stratified_80_20
64535,1,1,1.0,stratified_80_20
64537,0,0,0.0,stratified_80_20
64539,0,0,0.0,stratified_80_20
64545,1,1,1.0,stratified_80_20
64569,1,1,1.0,stratified_80_20
64572,1,1,1.0,stratified_80_20
64577,1,1,1.0,stratified_80_20
64585,1,1,1.0,stratified_80_20
64592,1,1,1.0,stratified_80_20
64597,1,1,1.0,stratified_80_20
64599,1,1,1.0,stratified_80_20
64604,1,1,1.0,stratified_80_20
64608,1,1,1.0,stratified_80_20
64615,1,1,1.0,stratified_80_20
64620,1,1,1.0,stratified_80_20
64623,1,1,1.0,stratified_80_20
64624,1,1,1.0,stratified_80_20
64627,1,1,1.0,stratified_80_20
64628,1,1,1.0,stratified_80_20
64632,1,1,1.0,stratified_80_20
64636,1,1,1.0,stratified_80_20
64641,1,1,1.0,stratified_80_20
64648,1,1,1.0,stratified_80_20
64669,1,1,1.0,stratified_80_20
64675,1,1,1.0,stratified_80_20
64677,1,1,1.0,stratified_80_20
64685,1,1,1.0,stratified_80_20
64688,1,1,1.0,stratified_80_20
64689,1,1,1.0,stratified_80_20
64695,1,1,1.0,stratified_80_20
64697,1,1,1.0,stratified_80_20
64698,1,1,1.0,stratified_80_20
64705,1,1,1.0,stratified_80_20
64710,1,1,1.0,stratified_80_20
64712,1,1,1.0,stratified_80_20
64715,1,1,1.0,stratified_80_20
64717,1,1,1.0,stratified_80_20
64721,1,1,1.0,stratified_80_20
64725,1,1,1.0,stratified_80_20
64726,1,1,1.0,stratified_80_20
64727,1,1,1.0,stratified_80_20
64729,1,1,1.0,stratified_80_20
64741,1,1,1.0,stratified_80_20
64744,1,1,1.0,stratified_80_20
64753,1,1,1.0,stratified_80_20
64755,1,1,1.0,stratified_80_20
64760,1,1,1.0,stratified_80_20
64764,1,1,1.0,stratified_80_20
64774,1,1,1.0,stratified_80_20
64775,1,1,1.0,stratified_80_20
64792,1,1,1.0,stratified_80_20
64797,1,1,1.0,stratified_80_20
64802,1,1,1.0,stratified_80_20
64808,1,1,1.0,stratified_80_20
64810,1,1,1.0,stratified_80_20
64817,1,1,1.0,stratified_80_20
64821,1,1,1.0,stratified_80_20
64824,1,1,1.0,stratified_80_20
64828,1,1,1.0,stratified_80_20
64831,1,1,1.0,stratified_80_20
64834,1,1,1.0,stratified_80_20
64836,1,1,1.0,stratified_80_20
64843,1,1,1.0,stratified_80_20
64851,1,1,1.0,stratified_80_20
64855,1,1,1.0,stratified_80_20
64866,1,1,1.0,stratified_80_20
64876,0,0,0.0,stratified_80_20
64878,0,0,0.0,stratified_80_20
64892,1,1,1.0,stratified_80_20
64899,1,1,1.0,stratified_80_20
64900,1,1,1.0,stratified_80_20
64909,1,1,1.0,stratified_80_20
64915,1,1,1.0,stratified_80_20
64919,1,1,1.0,stratified_80_20
64922,1,1,1.0,stratified_80_20
64924,0,0,0.0,stratified_80_20
64934,1,1,1.0,stratified_80_20
64952,1,1,1.0,stratified_80_20
64957,1,1,1.0,stratified_80_20
64963,1,1,1.0,stratified_80_20
64967,1,1,1.0,stratified_80_20
64978,1,1,1.0,stratified_80_20
64981,1,1,1.0,stratified_80_20
64982,1,1,1.0,stratified_80_20
64985,1,1,1.0,stratified_80_20
64989,1,1,1.0,stratified_80_20
64997,1,1,1.0,stratified_80_20
65014,1,1,1.0,stratified_80_20
65025,1,1,1.0,stratified_80_20
65032,1,1,1.0,stratified_80_20
65037,1,1,1.0,stratified_80_20
65038,1,1,1.0,stratified_80_20
65043,1,1,1.0,stratified_80_20
65044,1,1,1.0,stratified_80_20
65045,1,1,1.0,stratified_80_20
65049,1,1,1.0,stratified_80_20
65056,1,1,1.0,stratified_80_20
65057,1,1,1.0,stratified_80_20
65060,1,1,1.0,stratified_80_20
65062,0,0,0.0,stratified_80_20
65078,1,1,1.0,stratified_80_20
65080,1,1,1.0,stratified_80_20
65088,1,1,1.0,stratified_80_20
65091,1,1,1.0,stratified_80_20
65093,1,1,1.0,stratified_80_20
65094,1,1,1.0,stratified_80_20
65096,1,1,1.0,stratified_80_20
65098,1,1,1.0,stratified_80_20
65099,1,1,1.0,stratified_80_20
65117,1,1,1.0,stratified_80_20
65122,1,1,1.0,stratified_80_20
65123,1,1,1.0,stratified_80_20
65124,1,1,1.0,stratified_80_20
65127,1,1,1.0,stratified_80_20
65129,1,1,1.0,stratified_80_20
65133,1,1,1.0,stratified_80_20
65139,1,1,1.0,stratified_80_20
65140,1,1,1.0,stratified_80_20
65146,1,1,1.0,stratified_80_20
65152,1,1,1.0,stratified_80_20
65158,1,1,1.0,stratified_80_20
65160,1,1,1.0,stratified_80_20
65164,1,1,1.0,stratified_80_20
65168,1,1,1.0,stratified_80_20
65173,1,1,1.0,stratified_80_20
65175,1,1,1.0,stratified_80_20
65189,1,1,1.0,stratified_80_20
65192,1,1,1.0,stratified_80_20
65193,1,1,1.0,stratified_80_20
65200,1,1,1.0,stratified_80_20
65211,1,1,1.0,stratified_80_20
65212,1,1,1.0,stratified_80_20
65214,1,1,1.0,stratified_80_20
65221,1,1,1.0,stratified_80_20
65224,1,1,1.0,stratified_80_20
65232,1,1,1.0,stratified_80_20
65237,1,1,1.0,stratified_80_20
65246,0,0,0.0,stratified_80_20
65251,1,1,1.0,stratified_80_20
65256,1,1,1.0,stratified_80_20
65267,1,1,1.0,stratified_80_20
65272,1,1,1.0,stratified_80_20
65273,1,1,1.0,stratified_80_20
65274,1,1,1.0,stratified_80_20
65278,1,1,1.0,stratified_80_20
65282,1,1,1.0,stratified_80_20
65283,1,1,1.0,stratified_80_20
65287,1,1,1.0,stratified_80_20
65289,1,1,1.0,stratified_80_20
65292,1,1,1.0,stratified_80_20
65293,1,1,1.0,stratified_80_20
65297,1,1,1.0,stratified_80_20
65303,1,1,1.0,stratified_80_20
65306,1,1,1.0,stratified_80_20
65307,1,1,1.0,stratified_80_20
65309,1,1,1.0,stratified_80_20
65311,1,1,1.0,stratified_80_20
65320,1,1,1.0,stratified_80_20
65321,1,1,1.0,stratified_80_20
65324,1,1,1.0,stratified_80_20
65327,1,1,1.0,stratified_80_20
65330,1,1,1.0,stratified_80_20
65333,1,1,1.0,stratified_80_20
65354,1,1,1.0,stratified_80_20
65358,1,1,1.0,stratified_80_20
65367,1,1,1.0,stratified_80_20
65375,1,1,1.0,stratified_80_20
65380,1,1,1.0,stratified_80_20
65393,1,1,1.0,stratified_80_20
65394,1,1,1.0,stratified_80_20
65401,1,1,1.0,stratified_80_20
65410,1,1,1.0,stratified_80_20
65411,1,1,1.0,stratified_80_20
65412,1,1,1.0,stratified_80_20
65422,1,1,1.0,stratified_80_20
65438,1,1,1.0,stratified_80_20
65446,1,1,1.0,stratified_80_20
65449,1,1,1.0,stratified_80_20
65453,1,1,1.0,stratified_80_20
65455,1,1,1.0,stratified_80_20
65459,1,1,1.0,stratified_80_20
65463,1,1,1.0,stratified_80_20
65467,1,1,1.0,stratified_80_20
65470,1,1,1.0,stratified_80_20
65476,1,1,1.0,stratified_80_20
65478,1,1,1.0,stratified_80_20
65479,1,1,1.0,stratified_80_20
65484,1,1,1.0,stratified_80_20
65488,1,1,1.0,stratified_80_20
65502,1,1,1.0,stratified_80_20
65514,1,1,1.0,stratified_80_20
65520,1,1,1.0,stratified_80_20
65523,1,1,1.0,stratified_80_20
65525,1,1,1.0,stratified_80_20
65530,1,1,1.0,stratified_80_20
65541,1,1,1.0,stratified_80_20
65544,1,1,1.0,stratified_80_20
65545,1,1,1.0,stratified_80_20
65546,1,1,1.0,stratified_80_20
65547,1,1,1.0,stratified_80_20
65554,1,1,1.0,stratified_80_20
65559,1,1,1.0,stratified_80_20
65560,1,1,1.0,stratified_80_20
65561,1,1,1.0,stratified_80_20
65569,1,1,1.0,stratified_80_20
65572,1,1,1.0,stratified_80_20
65578,1,1,1.0,stratified_80_20
65584,1,1,1.0,stratified_80_20
65585,1,1,1.0,stratified_80_20
65595,1,1,1.0,stratified_80_20
65604,0,0,0.0,stratified_80_20
65605,1,1,1.0,stratified_80_20
65612,1,1,1.0,stratified_80_20
65615,1,1,1.0,stratified_80_20
65628,1,1,1.0,stratified_80_20
65637,1,1,1.0,stratified_80_20
65639,1,1,1.0,stratified_80_20
65645,1,1,1.0,stratified_80_20
65657,1,1,1.0,stratified_80_20
65658,1,1,1.0,stratified_80_20
65664,1,1,1.0,stratified_80_20
65673,1,1,1.0,stratified_80_20
65683,1,1,1.0,stratified_80_20
65687,1,1,1.0,stratified_80_20
65690,1,1,1.0,stratified_80_20
65695,1,1,1.0,stratified_80_20
65699,1,1,1.0,stratified_80_20
65707,1,1,1.0,stratified_80_20
65715,1,1,1.0,stratified_80_20
65716,1,1,1.0,stratified_80_20
65718,1,1,1.0,stratified_80_20
65722,1,1,1.0,stratified_80_20
65724,1,1,1.0,stratified_80_20
65745,1,1,1.0,stratified_80_20
65746,1,1,1.0,stratified_80_20
65747,1,1,1.0,stratified_80_20
65752,1,1,1.0,stratified_80_20
65755,1,1,1.0,stratified_80_20
65760,1,1,1.0,stratified_80_20
65774,1,1,1.0,stratified_80_20
65785,1,1,1.0,stratified_80_20
65787,1,1,1.0,stratified_80_20
65792,1,1,1.0,stratified_80_20
65798,1,1,1.0,stratified_80_20
65800,1,1,1.0,stratified_80_20
65801,1,1,1.0,stratified_80_20
65803,1,1,1.0,stratified_80_20
65809,1,1,1.0,stratified_80_20
65824,1,1,1.0,stratified_80_20
65848,1,1,1.0,stratified_80_20
65867,1,1,1.0,stratified_80_20
65871,1,1,1.0,stratified_80_20
65872,1,1,1.0,stratified_80_20
65880,1,1,1.0,stratified_80_20
65882,1,1,1.0,stratified_80_20
65900,1,1,1.0,stratified_80_20
65906,1,1,1.0,stratified_80_20
65909,1,1,1.0,stratified_80_20
65910,0,0,0.0,stratified_80_20
65923,1,1,1.0,stratified_80_20
65927,1,1,1.0,stratified_80_20
65936,1,1,1.0,stratified_80_20
65947,1,1,1.0,stratified_80_20
65955,1,1,1.0,stratified_80_20
65960,1,1,1.0,stratified_80_20
65966,1,1,1.0,stratified_80_20
65974,1,1,1.0,stratified_80_20
65975,1,1,1.0,stratified_80_20
65976,1,1,1.0,stratified_80_20
65978,1,1,1.0,stratified_80_20
65990,1,1,1.0,stratified_80_20
66003,1,1,1.0,stratified_80_20
66005,1,1,1.0,stratified_80_20
66006,1,1,1.0,stratified_80_20
66010,1,1,1.0,stratified_80_20
66016,1,1,1.0,stratified_80_20
66029,1,1,1.0,stratified_80_20
66032,1,1,1.0,stratified_80_20
66037,1,1,1.0,stratified_80_20
66042,1,1,1.0,stratified_80_20
66055,1,1,1.0,stratified_80_20
66070,1,1,1.0,stratified_80_20
66076,1,1,1.0,stratified_80_20
66080,1,1,1.0,stratified_80_20
66082,1,1,1.0,stratified_80_20
66083,1,1,1.0,stratified_80_20
66086,1,1,1.0,stratified_80_20
66087,1,1,1.0,stratified_80_20
66089,1,1,1.0,stratified_80_20
66091,1,1,1.0,stratified_80_20
66092,1,1,1.0,stratified_80_20
66093,1,1,1.0,stratified_80_20
66099,1,1,1.0,stratified_80_20
66102,1,1,1.0,stratified_80_20
66106,1,1,1.0,stratified_80_20
66109,1,1,1.0,stratified_80_20
66125,1,1,1.0,stratified_80_20
66127,1,1,1.0,stratified_80_20
66128,1,1,1.0,stratified_80_20
66134,1,1,1.0,stratified_80_20
66135,1,1,1.0,stratified_80_20
66138,1,1,1.0,stratified_80_20
66141,1,1,1.0,stratified_80_20
66145,0,0,0.0,stratified_80_20
66151,0,0,0.0,stratified_80_20
66155,1,1,1.0,stratified_80_20
66161,1,1,1.0,stratified_80_20
66166,1,1,1.0,stratified_80_20
66172,1,1,1.0,stratified_80_20
66176,1,1,1.0,stratified_80_20
66187,1,1,1.0,stratified_80_20
66189,1,1,1.0,stratified_80_20
66196,1,1,1.0,stratified_80_20
66198,1,1,1.0,stratified_80_20
66200,1,1,1.0,stratified_80_20
66204,1,1,1.0,stratified_80_20
66211,1,1,1.0,stratified_80_20
66213,1,1,1.0,stratified_80_20
66219,1,1,1.0,stratified_80_20
66220,1,1,1.0,stratified_80_20
66223,1,1,1.0,stratified_80_20
66225,1,1,1.0,stratified_80_20
66226,1,1,1.0,stratified_80_20
66229,1,1,1.0,stratified_80_20
66232,1,1,1.0,stratified_80_20
66237,1,1,1.0,stratified_80_20
66239,1,1,1.0,stratified_80_20
66247,1,1,1.0,stratified_80_20
66255,1,1,1.0,stratified_80_20
66261,1,1,1.0,stratified_80_20
66262,1,1,1.0,stratified_80_20
66263,1,1,1.0,stratified_80_20
66267,1,1,1.0,stratified_80_20
66270,1,1,1.0,stratified_80_20
66271,1,1,1.0,stratified_80_20
66272,1,1,1.0,stratified_80_20
66275,1,1,1.0,stratified_80_20
66278,1,1,1.0,stratified_80_20
66287,1,1,1.0,stratified_80_20
66291,1,1,1.0,stratified_80_20
66293,1,1,1.0,stratified_80_20
66303,1,1,1.0,stratified_80_20
66309,1,1,1.0,stratified_80_20
66311,1,1,1.0,stratified_80_20
66320,1,1,1.0,stratified_80_20
66324,1,1,1.0,stratified_80_20
66331,0,0,0.0,stratified_80_20
66335,1,1,1.0,stratified_80_20
66338,1,1,1.0,stratified_80_20
66340,1,1,1.0,stratified_80_20
66349,1,1,1.0,stratified_80_20
66360,1,1,1.0,stratified_80_20
66362,1,1,1.0,stratified_80_20
66363,1,1,1.0,stratified_80_20
66376,1,1,1.0,stratified_80_20
66382,1,1,1.0,stratified_80_20
66387,1,1,1.0,stratified_80_20
66393,1,1,1.0,stratified_80_20
66394,0,0,0.0,stratified_80_20
66398,1,1,1.0,stratified_80_20
66403,1,1,1.0,stratified_80_20
66406,1,1,1.0,stratified_80_20
66408,1,1,1.0,stratified_80_20
66411,1,1,1.0,stratified_80_20
66417,1,1,1.0,stratified_80_20
66422,1,1,1.0,stratified_80_20
66453,1,1,1.0,stratified_80_20
66454,1,1,1.0,stratified_80_20
66455,1,1,1.0,stratified_80_20
66461,1,1,1.0,stratified_80_20
66475,1,1,1.0,stratified_80_20
66483,1,1,1.0,stratified_80_20
66504,1,1,1.0,stratified_80_20
66506,0,0,0.0,stratified_80_20
66507,1,1,1.0,stratified_80_20
66525,1,1,1.0,stratified_80_20
66527,1,1,1.0,stratified_80_20
66541,1,1,1.0,stratified_80_20
66543,1,1,1.0,stratified_80_20
66548,1,1,1.0,stratified_80_20
66549,1,1,1.0,stratified_80_20
66556,1,1,1.0,stratified_80_20
66572,1,1,1.0,stratified_80_20
66583,1,1,1.0,stratified_80_20
66587,1,1,1.0,stratified_80_20
66588,1,1,1.0,stratified_80_20
66589,1,1,1.0,stratified_80_20
66594,1,1,1.0,stratified_80_20
66595,1,1,1.0,stratified_80_20
66596,1,1,1.0,stratified_80_20
66602,1,1,1.0,stratified_80_20
66606,1,1,1.0,stratified_80_20
66610,1,1,1.0,stratified_80_20
66612,1,1,1.0,stratified_80_20
66617,1,1,1.0,stratified_80_20
66624,1,1,1.0,stratified_80_20
66632,1,1,1.0,stratified_80_20
66633,1,1,1.0,stratified_80_20
66635,1,1,1.0,stratified_80_20
66644,1,1,1.0,stratified_80_20
66649,1,1,1.0,stratified_80_20
66653,1,1,1.0,stratified_80_20
66658,1,1,1.0,stratified_80_20
66660,1,1,1.0,stratified_80_20
66680,1,1,1.0,stratified_80_20
66683,1,1,1.0,stratified_80_20
66684,1,1,1.0,stratified_80_20
66689,0,0,0.0,stratified_80_20
66696,1,1,1.0,stratified_80_20
66698,1,1,1.0,stratified_80_20
66700,1,1,1.0,stratified_80_20
66707,1,1,1.0,stratified_80_20
66709,1,1,1.0,stratified_80_20
66713,1,1,1.0,stratified_80_20
66722,1,1,1.0,stratified_80_20
66724,1,1,1.0,stratified_80_20
66729,1,1,1.0,stratified_80_20
66732,1,1,1.0,stratified_80_20
66733,1,1,1.0,stratified_80_20
66734,1,1,1.0,stratified_80_20
66740,1,1,1.0,stratified_80_20
66752,1,1,1.0,stratified_80_20
66755,1,1,1.0,stratified_80_20
66756,1,1,1.0,stratified_80_20
66761,1,1,1.0,stratified_80_20
66766,1,1,1.0,stratified_80_20
66768,1,1,1.0,stratified_80_20
66770,1,1,1.0,stratified_80_20
66772,1,1,1.0,stratified_80_20
66775,1,1,1.0,stratified_80_20
66777,1,1,1.0,stratified_80_20
66778,1,1,1.0,stratified_80_20
66781,1,1,1.0,stratified_80_20
66786,1,1,1.0,stratified_80_20
66792,1,1,1.0,stratified_80_20
66793,1,1,1.0,stratified_80_20
66795,1,1,1.0,stratified_80_20
66798,1,1,1.0,stratified_80_20
66801,1,1,1.0,stratified_80_20
66803,1,1,1.0,stratified_80_20
66807,1,1,1.0,stratified_80_20
66810,1,1,1.0,stratified_80_20
66823,0,0,0.0,stratified_80_20
66826,1,1,1.0,stratified_80_20
66828,1,1,1.0,stratified_80_20
66833,1,1,1.0,stratified_80_20
66842,1,1,1.0,stratified_80_20
66858,1,1,1.0,stratified_80_20
66866,1,1,1.0,stratified_80_20
66869,1,1,1.0,stratified_80_20
66880,1,1,1.0,stratified_80_20
66883,1,1,1.0,stratified_80_20
66891,1,1,1.0,stratified_80_20
66892,1,1,1.0,stratified_80_20
66893,0,0,0.0,stratified_80_20
66894,0,0,0.0,stratified_80_20
66901,1,1,1.0,stratified_80_20
66902,1,1,1.0,stratified_80_20
66921,1,1,1.0,stratified_80_20
66923,1,1,1.0,stratified_80_20
66929,1,1,1.0,stratified_80_20
66934,1,1,1.0,stratified_80_20
66935,1,1,1.0,stratified_80_20
66938,1,1,1.0,stratified_80_20
66942,1,1,1.0,stratified_80_20
66944,1,1,1.0,stratified_80_20
66949,1,1,1.0,stratified_80_20
66957,1,1,1.0,stratified_80_20
66958,1,1,1.0,stratified_80_20
66962,1,1,1.0,stratified_80_20
66970,1,1,1.0,stratified_80_20
66971,1,1,1.0,stratified_80_20
66976,1,1,1.0,stratified_80_20
66978,1,1,1.0,stratified_80_20
66985,1,1,1.0,stratified_80_20
66986,1,1,1.0,stratified_80_20
66988,1,1,1.0,stratified_80_20
66992,1,1,1.0,stratified_80_20
66995,1,1,1.0,stratified_80_20
67000,1,1,1.0,stratified_80_20
67003,1,1,1.0,stratified_80_20
67010,1,1,1.0,stratified_80_20
67011,1,1,1.0,stratified_80_20
67015,1,1,1.0,stratified_80_20
67016,1,1,1.0,stratified_80_20
67020,1,1,1.0,stratified_80_20
67023,1,1,1.0,stratified_80_20
67029,1,1,1.0,stratified_80_20
67031,1,1,1.0,stratified_80_20
67041,1,1,1.0,stratified_80_20
67052,1,1,1.0,stratified_80_20
67057,1,1,1.0,stratified_80_20
67060,1,1,1.0,stratified_80_20
67062,1,1,1.0,stratified_80_20
67065,1,1,1.0,stratified_80_20
67067,0,0,0.0,stratified_80_20
67068,1,1,1.0,stratified_80_20
67088,1,1,1.0,stratified_80_20
67089,1,1,1.0,stratified_80_20
67091,1,1,1.0,stratified_80_20
67094,1,1,1.0,stratified_80_20
67102,1,1,1.0,stratified_80_20
67107,1,1,1.0,stratified_80_20
67118,1,1,1.0,stratified_80_20
67122,1,1,1.0,stratified_80_20
67124,1,1,1.0,stratified_80_20
67134,1,1,1.0,stratified_80_20
67135,1,1,1.0,stratified_80_20
67136,1,1,1.0,stratified_80_20
67137,1,1,1.0,stratified_80_20
67138,1,1,1.0,stratified_80_20
67139,1,1,1.0,stratified_80_20
67143,1,1,1.0,stratified_80_20
67147,1,1,1.0,stratified_80_20
67162,1,1,1.0,stratified_80_20
67166,1,1,1.0,stratified_80_20
67167,1,1,1.0,stratified_80_20
67177,1,1,1.0,stratified_80_20
67178,1,1,1.0,stratified_80_20
67182,1,1,1.0,stratified_80_20
67183,1,1,1.0,stratified_80_20
67186,1,1,1.0,stratified_80_20
67190,1,1,1.0,stratified_80_20
67192,1,1,1.0,stratified_80_20
67193,1,1,1.0,stratified_80_20
67195,1,1,1.0,stratified_80_20
67196,1,1,1.0,stratified_80_20
67199,1,1,1.0,stratified_80_20
67203,1,1,1.0,stratified_80_20
67206,1,1,1.0,stratified_80_20
67220,1,1,1.0,stratified_80_20
67231,1,1,1.0,stratified_80_20
67233,1,1,1.0,stratified_80_20
67234,1,1,1.0,stratified_80_20
67235,0,0,0.0,stratified_80_20
67238,1,1,1.0,stratified_80_20
67240,1,1,1.0,stratified_80_20
67241,1,1,1.0,stratified_80_20
67243,0,0,0.0,stratified_80_20
67252,1,1,1.0,stratified_80_20
67257,1,1,1.0,stratified_80_20
67267,1,1,1.0,stratified_80_20
67272,1,1,1.0,stratified_80_20
67281,1,1,1.0,stratified_80_20
67286,1,1,1.0,stratified_80_20
67288,1,1,1.0,stratified_80_20
67306,1,1,1.0,stratified_80_20
67308,1,1,1.0,stratified_80_20
67311,1,1,1.0,stratified_80_20
67313,1,1,1.0,stratified_80_20
67316,1,1,1.0,stratified_80_20
67318,0,0,0.0,stratified_80_20
67319,1,1,1.0,stratified_80_20
67322,1,1,1.0,stratified_80_20
67324,1,1,1.0,stratified_80_20
67330,1,1,1.0,stratified_80_20
67341,1,1,1.0,stratified_80_20
67342,1,1,1.0,stratified_80_20
67347,1,1,1.0,stratified_80_20
67352,1,1,1.0,stratified_80_20
67355,1,1,1.0,stratified_80_20
67358,1,1,1.0,stratified_80_20
67363,1,1,1.0,stratified_80_20
67366,1,1,1.0,stratified_80_20
67374,1,1,1.0,stratified_80_20
67375,1,1,1.0,stratified_80_20
67381,1,1,1.0,stratified_80_20
67388,1,1,1.0,stratified_80_20
67391,1,1,1.0,stratified_80_20
67414,1,1,1.0,stratified_80_20
67415,1,1,1.0,stratified_80_20
67424,0,0,0.0,stratified_80_20
67428,1,1,1.0,stratified_80_20
67440,0,0,0.0,stratified_80_20
67442,1,1,1.0,stratified_80_20
67444,1,1,1.0,stratified_80_20
67451,1,1,1.0,stratified_80_20
67455,1,1,1.0,stratified_80_20
67460,1,1,1.0,stratified_80_20
67462,1,1,1.0,stratified_80_20
67484,1,1,1.0,stratified_80_20
67488,1,1,1.0,stratified_80_20
67493,1,1,1.0,stratified_80_20
67494,1,1,1.0,stratified_80_20
67495,1,1,1.0,stratified_80_20
67497,1,1,1.0,stratified_80_20
67501,1,1,1.0,stratified_80_20
67503,1,1,1.0,stratified_80_20
67504,1,1,1.0,stratified_80_20
67505,1,1,1.0,stratified_80_20
67514,1,1,1.0,stratified_80_20
67516,1,1,1.0,stratified_80_20
67517,1,1,1.0,stratified_80_20
67518,1,1,1.0,stratified_80_20
67522,1,1,1.0,stratified_80_20
67533,1,1,1.0,stratified_80_20
67535,1,1,1.0,stratified_80_20
67547,1,1,1.0,stratified_80_20
67560,1,1,1.0,stratified_80_20
67561,1,1,1.0,stratified_80_20
67562,1,1,1.0,stratified_80_20
67567,1,1,1.0,stratified_80_20
67582,1,1,1.0,stratified_80_20
67588,1,1,1.0,stratified_80_20
67593,1,1,1.0,stratified_80_20
67595,1,1,1.0,stratified_80_20
67600,1,1,1.0,stratified_80_20
67608,1,1,1.0,stratified_80_20
67610,1,1,1.0,stratified_80_20
67616,1,1,1.0,stratified_80_20
67621,1,1,1.0,stratified_80_20
67627,1,1,1.0,stratified_80_20
67635,1,1,1.0,stratified_80_20
67640,1,1,1.0,stratified_80_20
67646,1,1,1.0,stratified_80_20
67656,1,1,1.0,stratified_80_20
67659,1,1,1.0,stratified_80_20
67675,1,1,1.0,stratified_80_20
67681,1,1,1.0,stratified_80_20
67684,1,1,1.0,stratified_80_20
67687,1,1,1.0,stratified_80_20
67689,1,1,1.0,stratified_80_20
67690,1,1,1.0,stratified_80_20
67692,1,1,1.0,stratified_80_20
67701,1,1,1.0,stratified_80_20
67703,1,1,1.0,stratified_80_20
67719,1,1,1.0,stratified_80_20
67721,1,1,1.0,stratified_80_20
67731,1,1,1.0,stratified_80_20
67735,1,1,1.0,stratified_80_20
67736,1,1,1.0,stratified_80_20
67738,1,1,1.0,stratified_80_20
67741,1,1,1.0,stratified_80_20
67744,1,1,1.0,stratified_80_20
67745,1,1,1.0,stratified_80_20
67748,1,1,1.0,stratified_80_20
67761,1,1,1.0,stratified_80_20
67767,1,1,1.0,stratified_80_20
67769,0,0,0.0,stratified_80_20
67776,1,1,1.0,stratified_80_20
67782,0,0,0.0,stratified_80_20
67789,1,1,1.0,stratified_80_20
67804,1,1,1.0,stratified_80_20
67805,0,0,0.0,stratified_80_20
67818,1,1,1.0,stratified_80_20
67819,1,1,1.0,stratified_80_20
67822,1,1,1.0,stratified_80_20
67823,1,1,1.0,stratified_80_20
67824,1,1,1.0,stratified_80_20
67829,1,1,1.0,stratified_80_20
67831,1,1,1.0,stratified_80_20
67832,1,1,1.0,stratified_80_20
67836,1,1,1.0,stratified_80_20
67847,1,1,1.0,stratified_80_20
67857,1,1,1.0,stratified_80_20
67863,1,1,1.0,stratified_80_20
67867,1,1,1.0,stratified_80_20
67881,1,1,1.0,stratified_80_20
67889,1,1,1.0,stratified_80_20
67890,1,1,1.0,stratified_80_20
67892,1,1,1.0,stratified_80_20
67894,1,1,1.0,stratified_80_20
67896,1,1,1.0,stratified_80_20
67900,1,1,1.0,stratified_80_20
67901,1,1,1.0,stratified_80_20
67903,1,1,1.0,stratified_80_20
67915,1,1,1.0,stratified_80_20
67916,1,1,1.0,stratified_80_20
67919,1,1,1.0,stratified_80_20
67920,1,1,1.0,stratified_80_20
67929,1,1,1.0,stratified_80_20
67933,1,1,1.0,stratified_80_20
67935,1,1,1.0,stratified_80_20
67948,1,1,1.0,stratified_80_20
67950,1,1,1.0,stratified_80_20
67959,1,1,1.0,stratified_80_20
67965,0,0,0.0,stratified_80_20
67968,0,0,0.0,stratified_80_20
67970,1,1,1.0,stratified_80_20
67972,1,1,1.0,stratified_80_20
67973,1,1,1.0,stratified_80_20
67980,1,1,1.0,stratified_80_20
67982,1,1,1.0,stratified_80_20
67987,1,1,1.0,stratified_80_20
67990,1,1,1.0,stratified_80_20
67992,1,1,1.0,stratified_80_20
67997,1,1,1.0,stratified_80_20
68000,1,1,1.0,stratified_80_20
68011,1,1,1.0,stratified_80_20
68012,1,1,1.0,stratified_80_20
68025,1,1,1.0,stratified_80_20
68028,1,1,1.0,stratified_80_20
68029,1,1,1.0,stratified_80_20
68033,1,1,1.0,stratified_80_20
68039,1,1,1.0,stratified_80_20
68041,1,1,1.0,stratified_80_20
68046,1,1,1.0,stratified_80_20
68053,1,1,1.0,stratified_80_20
68060,1,1,1.0,stratified_80_20
68063,1,1,1.0,stratified_80_20
68067,1,1,1.0,stratified_80_20
68068,1,1,1.0,stratified_80_20
68069,1,1,1.0,stratified_80_20
68071,1,1,1.0,stratified_80_20
68076,1,1,1.0,stratified_80_20
68080,1,1,1.0,stratified_80_20
68099,1,1,1.0,stratified_80_20
68101,1,1,1.0,stratified_80_20
68103,1,1,1.0,stratified_80_20
68104,1,1,1.0,stratified_80_20
68109,1,1,1.0,stratified_80_20
68110,1,1,1.0,stratified_80_20
68112,1,1,1.0,stratified_80_20
68114,1,1,1.0,stratified_80_20
68115,1,1,1.0,stratified_80_20
68120,1,1,1.0,stratified_80_20
68123,1,1,1.0,stratified_80_20
68124,1,1,1.0,stratified_80_20
68127,1,1,1.0,stratified_80_20
68128,1,1,1.0,stratified_80_20
68132,1,1,1.0,stratified_80_20
68133,1,1,1.0,stratified_80_20
68138,1,1,1.0,stratified_80_20
68142,0,0,0.0,stratified_80_20
68144,0,0,0.0,stratified_80_20
68163,1,1,1.0,stratified_80_20
68169,1,1,1.0,stratified_80_20
68172,1,1,1.0,stratified_80_20
68176,1,1,1.0,stratified_80_20
68182,1,1,1.0,stratified_80_20
68187,1,1,1.0,stratified_80_20
68188,1,1,1.0,stratified_80_20
68190,1,1,1.0,stratified_80_20
68191,1,1,1.0,stratified_80_20
68202,1,1,1.0,stratified_80_20
68209,1,1,1.0,stratified_80_20
68211,1,1,1.0,stratified_80_20
68213,1,1,1.0,stratified_80_20
68217,1,1,1.0,stratified_80_20
68223,1,1,1.0,stratified_80_20
68238,1,1,1.0,stratified_80_20
68240,1,1,1.0,stratified_80_20
68241,1,1,1.0,stratified_80_20
68252,1,1,1.0,stratified_80_20
68253,1,1,1.0,stratified_80_20
68254,1,1,1.0,stratified_80_20
68256,1,1,1.0,stratified_80_20
68261,1,1,1.0,stratified_80_20
68269,1,1,1.0,stratified_80_20
68270,1,1,1.0,stratified_80_20
68276,1,1,1.0,stratified_80_20
68277,1,1,1.0,stratified_80_20
68278,1,1,1.0,stratified_80_20
68292,1,1,1.0,stratified_80_20
68293,1,1,1.0,stratified_80_20
68296,1,1,1.0,stratified_80_20
68297,1,1,1.0,stratified_80_20
68298,1,1,1.0,stratified_80_20
68300,1,1,1.0,stratified_80_20
68306,1,1,1.0,stratified_80_20
68310,1,1,1.0,stratified_80_20
68317,1,1,1.0,stratified_80_20
68324,1,1,1.0,stratified_80_20
68330,1,1,1.0,stratified_80_20
68333,1,1,1.0,stratified_80_20
68346,1,1,1.0,stratified_80_20
68354,1,1,1.0,stratified_80_20
68355,1,1,1.0,stratified_80_20
68358,1,1,1.0,stratified_80_20
68361,1,1,1.0,stratified_80_20
68376,1,1,1.0,stratified_80_20
68389,1,1,1.0,stratified_80_20
68399,1,1,1.0,stratified_80_20
68402,1,1,1.0,stratified_80_20
68406,1,1,1.0,stratified_80_20
68407,1,1,1.0,stratified_80_20
68408,1,1,1.0,stratified_80_20
68415,1,1,1.0,stratified_80_20
68416,1,1,1.0,stratified_80_20
68422,1,1,1.0,stratified_80_20
68431,1,1,1.0,stratified_80_20
68432,1,1,1.0,stratified_80_20
68434,1,1,1.0,stratified_80_20
68440,1,1,1.0,stratified_80_20
68441,1,1,1.0,stratified_80_20
68463,1,1,1.0,stratified_80_20
68467,1,1,1.0,stratified_80_20
68472,1,1,1.0,stratified_80_20
68473,1,1,1.0,stratified_80_20
68478,1,1,1.0,stratified_80_20
68482,1,1,1.0,stratified_80_20
68483,1,1,1.0,stratified_80_20
68484,1,1,1.0,stratified_80_20
68486,1,1,1.0,stratified_80_20
68501,1,1,1.0,stratified_80_20
68502,0,0,0.0,stratified_80_20
68503,1,1,1.0,stratified_80_20
68508,0,0,0.0,stratified_80_20
68511,1,1,1.0,stratified_80_20
68512,1,1,1.0,stratified_80_20
68519,1,1,1.0,stratified_80_20
68520,1,1,1.0,stratified_80_20
68543,1,1,1.0,stratified_80_20
68548,1,1,1.0,stratified_80_20
68550,1,1,1.0,stratified_80_20
68556,1,1,1.0,stratified_80_20
68584,1,1,1.0,stratified_80_20
68587,0,0,0.0,stratified_80_20
68598,1,1,1.0,stratified_80_20
68601,1,1,1.0,stratified_80_20
68612,1,1,1.0,stratified_80_20
68634,1,1,1.0,stratified_80_20
68637,1,1,1.0,stratified_80_20
68640,1,1,1.0,stratified_80_20
68643,1,1,1.0,stratified_80_20
68644,1,1,1.0,stratified_80_20
68652,1,1,1.0,stratified_80_20
68655,1,1,1.0,stratified_80_20
68657,1,1,1.0,stratified_80_20
68668,1,1,1.0,stratified_80_20
68670,1,1,1.0,stratified_80_20
68672,1,1,1.0,stratified_80_20
68679,1,1,1.0,stratified_80_20
68680,1,1,1.0,stratified_80_20
68683,0,0,0.0,stratified_80_20
68685,0,0,0.0,stratified_80_20
68687,1,1,1.0,stratified_80_20
68689,1,1,1.0,stratified_80_20
68693,1,1,1.0,stratified_80_20
68694,0,0,0.0,stratified_80_20
68697,1,1,1.0,stratified_80_20
68709,1,1,1.0,stratified_80_20
68714,1,1,1.0,stratified_80_20
68722,1,1,1.0,stratified_80_20
68729,1,1,1.0,stratified_80_20
68736,1,1,1.0,stratified_80_20
68739,1,1,1.0,stratified_80_20
68741,1,1,1.0,stratified_80_20
68742,1,1,1.0,stratified_80_20
68743,1,1,1.0,stratified_80_20
68744,1,1,1.0,stratified_80_20
68751,1,1,1.0,stratified_80_20
68752,1,1,1.0,stratified_80_20
68754,1,1,1.0,stratified_80_20
68755,1,1,1.0,stratified_80_20
68757,1,1,1.0,stratified_80_20
68758,1,1,1.0,stratified_80_20
68766,1,1,1.0,stratified_80_20
68769,1,1,1.0,stratified_80_20
68786,1,1,1.0,stratified_80_20
68787,1,1,1.0,stratified_80_20
68788,1,1,1.0,stratified_80_20
68789,1,1,1.0,stratified_80_20
68794,1,1,1.0,stratified_80_20
68798,1,1,1.0,stratified_80_20
68800,1,1,1.0,stratified_80_20
68801,1,1,1.0,stratified_80_20
68811,1,1,1.0,stratified_80_20
68820,1,1,1.0,stratified_80_20
68828,1,1,1.0,stratified_80_20
68830,1,1,1.0,stratified_80_20
68835,1,1,1.0,stratified_80_20
68839,1,1,1.0,stratified_80_20
68840,1,1,1.0,stratified_80_20
68841,1,1,1.0,stratified_80_20
68850,1,1,1.0,stratified_80_20
68854,1,1,1.0,stratified_80_20
68863,1,1,1.0,stratified_80_20
68864,1,1,1.0,stratified_80_20
68867,0,0,0.0,stratified_80_20
68872,1,1,1.0,stratified_80_20
68873,1,1,1.0,stratified_80_20
68880,1,1,1.0,stratified_80_20
68893,1,1,1.0,stratified_80_20
68895,1,1,1.0,stratified_80_20
68897,1,1,1.0,stratified_80_20
68920,1,1,1.0,stratified_80_20
68929,1,1,1.0,stratified_80_20
68937,1,1,1.0,stratified_80_20
68941,1,1,1.0,stratified_80_20
68944,1,1,1.0,stratified_80_20
68946,1,1,1.0,stratified_80_20
68947,1,1,1.0,stratified_80_20
68948,1,1,1.0,stratified_80_20
68950,1,1,1.0,stratified_80_20
68954,1,1,1.0,stratified_80_20
68955,1,1,1.0,stratified_80_20
68958,1,1,1.0,stratified_80_20
68962,1,1,1.0,stratified_80_20
68965,1,1,1.0,stratified_80_20
68980,1,1,1.0,stratified_80_20
68985,1,1,1.0,stratified_80_20
68986,1,1,1.0,stratified_80_20
68991,1,1,1.0,stratified_80_20
68992,1,1,1.0,stratified_80_20
68994,1,1,1.0,stratified_80_20
68998,1,1,1.0,stratified_80_20
68999,1,1,1.0,stratified_80_20
69001,1,1,1.0,stratified_80_20
69004,1,1,1.0,stratified_80_20
69007,1,1,1.0,stratified_80_20
69009,1,1,1.0,stratified_80_20
69010,1,1,1.0,stratified_80_20
69023,1,1,1.0,stratified_80_20
69029,1,1,1.0,stratified_80_20
69033,1,1,1.0,stratified_80_20
69036,1,1,1.0,stratified_80_20
69039,1,1,1.0,stratified_80_20
69044,1,1,1.0,stratified_80_20
69046,0,0,0.0,stratified_80_20
69047,1,1,1.0,stratified_80_20
69049,0,0,0.0,stratified_80_20
69053,1,1,1.0,stratified_80_20
69055,1,1,1.0,stratified_80_20
69058,1,1,1.0,stratified_80_20
69060,1,1,1.0,stratified_80_20
69062,1,1,1.0,stratified_80_20
69065,0,0,0.0,stratified_80_20
69078,1,1,1.0,stratified_80_20
69080,1,1,1.0,stratified_80_20
69082,1,1,1.0,stratified_80_20
69086,1,1,1.0,stratified_80_20
69095,1,1,1.0,stratified_80_20
69096,1,1,1.0,stratified_80_20
69101,1,1,1.0,stratified_80_20
69107,1,1,1.0,stratified_80_20
69114,1,1,1.0,stratified_80_20
69123,1,1,1.0,stratified_80_20
69132,1,1,1.0,stratified_80_20
69140,1,1,1.0,stratified_80_20
69143,1,1,1.0,stratified_80_20
69144,1,1,1.0,stratified_80_20
69146,1,1,1.0,stratified_80_20
69154,1,1,1.0,stratified_80_20
69156,1,1,1.0,stratified_80_20
69161,1,1,1.0,stratified_80_20
69166,1,1,1.0,stratified_80_20
69167,1,1,1.0,stratified_80_20
69169,1,1,1.0,stratified_80_20
69170,0,0,0.0,stratified_80_20
69176,1,1,1.0,stratified_80_20
69177,1,1,1.0,stratified_80_20
69179,1,1,1.0,stratified_80_20
69191,1,1,1.0,stratified_80_20
69193,1,1,1.0,stratified_80_20
69195,1,1,1.0,stratified_80_20
69196,1,1,1.0,stratified_80_20
69198,1,1,1.0,stratified_80_20
69208,1,1,1.0,stratified_80_20
69212,1,1,1.0,stratified_80_20
69217,1,1,1.0,stratified_80_20
69224,1,1,1.0,stratified_80_20
69233,0,0,0.0,stratified_80_20
69234,0,0,0.0,stratified_80_20
69237,1,1,1.0,stratified_80_20
69242,1,1,1.0,stratified_80_20
69245,1,1,1.0,stratified_80_20
69255,1,1,1.0,stratified_80_20
69256,1,1,1.0,stratified_80_20
69257,1,1,1.0,stratified_80_20
69259,1,1,1.0,stratified_80_20
69265,1,1,1.0,stratified_80_20
69268,1,1,1.0,stratified_80_20
69270,1,1,1.0,stratified_80_20
69272,1,1,1.0,stratified_80_20
69288,1,1,1.0,stratified_80_20
69298,1,1,1.0,stratified_80_20
69307,1,1,1.0,stratified_80_20
69316,1,1,1.0,stratified_80_20
69320,1,1,1.0,stratified_80_20
69322,1,1,1.0,stratified_80_20
69327,1,1,1.0,stratified_80_20
69332,1,1,1.0,stratified_80_20
69333,1,1,1.0,stratified_80_20
69338,1,1,1.0,stratified_80_20
69343,1,1,1.0,stratified_80_20
69344,1,1,1.0,stratified_80_20
69356,1,1,1.0,stratified_80_20
69369,1,1,1.0,stratified_80_20
69371,1,1,1.0,stratified_80_20
69376,1,1,1.0,stratified_80_20
69381,1,1,1.0,stratified_80_20
69398,1,1,1.0,stratified_80_20
69412,0,0,0.0,stratified_80_20
69415,1,1,1.0,stratified_80_20
69427,1,1,1.0,stratified_80_20
69444,1,1,1.0,stratified_80_20
69446,1,1,1.0,stratified_80_20
69449,1,1,1.0,stratified_80_20
69455,1,1,1.0,stratified_80_20
69460,1,1,1.0,stratified_80_20
69461,1,1,1.0,stratified_80_20
69467,1,1,1.0,stratified_80_20
69468,1,1,1.0,stratified_80_20
69472,1,1,1.0,stratified_80_20
69473,1,1,1.0,stratified_80_20
69482,1,1,1.0,stratified_80_20
69494,1,1,1.0,stratified_80_20
69495,1,1,1.0,stratified_80_20
69497,1,1,1.0,stratified_80_20
69510,1,1,1.0,stratified_80_20
69512,1,1,1.0,stratified_80_20
69519,1,1,1.0,stratified_80_20
69522,1,1,1.0,stratified_80_20
69524,1,1,1.0,stratified_80_20
69537,1,1,1.0,stratified_80_20
69539,1,1,1.0,stratified_80_20
69544,1,1,1.0,stratified_80_20
69548,1,1,1.0,stratified_80_20
69551,1,1,1.0,stratified_80_20
69562,1,1,1.0,stratified_80_20
69584,0,0,0.0,stratified_80_20
69588,1,1,1.0,stratified_80_20
69592,0,0,0.0,stratified_80_20
69594,1,1,1.0,stratified_80_20
69595,1,1,1.0,stratified_80_20
69599,0,0,0.0,stratified_80_20
69600,1,1,1.0,stratified_80_20
69601,1,1,1.0,stratified_80_20
69606,1,1,1.0,stratified_80_20
69610,1,1,1.0,stratified_80_20
69613,1,1,1.0,stratified_80_20
69614,1,1,1.0,stratified_80_20
69635,1,1,1.0,stratified_80_20
69638,0,0,0.0,stratified_80_20
69640,1,1,1.0,stratified_80_20
69645,1,1,1.0,stratified_80_20
69652,1,1,1.0,stratified_80_20
69654,1,1,1.0,stratified_80_20
69656,1,1,1.0,stratified_80_20
69663,1,1,1.0,stratified_80_20
69676,1,1,1.0,stratified_80_20
69679,1,1,1.0,stratified_80_20
69684,1,1,1.0,stratified_80_20
69685,1,1,1.0,stratified_80_20
69690,1,1,1.0,stratified_80_20
69691,1,1,1.0,stratified_80_20
69704,1,1,1.0,stratified_80_20
69714,1,1,1.0,stratified_80_20
69728,1,1,1.0,stratified_80_20
69735,1,1,1.0,stratified_80_20
69738,1,1,1.0,stratified_80_20
69740,1,1,1.0,stratified_80_20
69746,1,1,1.0,stratified_80_20
69750,1,1,1.0,stratified_80_20
69754,1,1,1.0,stratified_80_20
69755,1,1,1.0,stratified_80_20
69762,1,1,1.0,stratified_80_20
69767,1,1,1.0,stratified_80_20
69768,0,0,0.0,stratified_80_20
69769,1,1,1.0,stratified_80_20
69779,1,1,1.0,stratified_80_20
69788,0,0,0.0,stratified_80_20
69795,1,1,1.0,stratified_80_20
69802,1,1,1.0,stratified_80_20
69819,1,1,1.0,stratified_80_20
69821,1,1,1.0,stratified_80_20
69829,1,1,1.0,stratified_80_20
69830,1,1,1.0,stratified_80_20
69831,1,1,1.0,stratified_80_20
69832,1,1,1.0,stratified_80_20
69845,1,1,1.0,stratified_80_20
69852,1,1,1.0,stratified_80_20
69855,1,1,1.0,stratified_80_20
69879,1,1,1.0,stratified_80_20
69881,1,1,1.0,stratified_80_20
69891,1,1,1.0,stratified_80_20
69897,1,1,1.0,stratified_80_20
69916,1,1,1.0,stratified_80_20
69918,1,1,1.0,stratified_80_20
69919,1,1,1.0,stratified_80_20
69920,1,1,1.0,stratified_80_20
69923,1,1,1.0,stratified_80_20
69930,1,1,1.0,stratified_80_20
69931,1,1,1.0,stratified_80_20
69933,1,1,1.0,stratified_80_20
69934,1,1,1.0,stratified_80_20
69937,1,1,1.0,stratified_80_20
69939,1,1,1.0,stratified_80_20
69941,1,1,1.0,stratified_80_20
69942,1,1,1.0,stratified_80_20
69944,0,0,0.0,stratified_80_20
69947,0,0,0.0,stratified_80_20
69953,0,0,0.0,stratified_80_20
69955,1,1,1.0,stratified_80_20
69958,1,1,1.0,stratified_80_20
69959,1,1,1.0,stratified_80_20
69970,1,1,1.0,stratified_80_20
69976,1,1,1.0,stratified_80_20
69977,1,1,1.0,stratified_80_20
69995,1,1,1.0,stratified_80_20
69996,1,1,1.0,stratified_80_20
69998,1,1,1.0,stratified_80_20
70003,1,1,1.0,stratified_80_20
70007,1,1,1.0,stratified_80_20
70009,1,1,1.0,stratified_80_20
70011,1,1,1.0,stratified_80_20
70014,1,1,1.0,stratified_80_20
70022,1,1,1.0,stratified_80_20
70027,1,1,1.0,stratified_80_20
70052,1,1,1.0,stratified_80_20
70059,1,1,1.0,stratified_80_20
70063,1,1,1.0,stratified_80_20
70064,1,1,1.0,stratified_80_20
70074,1,1,1.0,stratified_80_20
70088,1,1,1.0,stratified_80_20
70092,1,1,1.0,stratified_80_20
70096,1,1,1.0,stratified_80_20
70098,1,1,1.0,stratified_80_20
70107,1,1,1.0,stratified_80_20
70131,1,1,1.0,stratified_80_20
70132,0,0,0.0,stratified_80_20
70141,1,1,1.0,stratified_80_20
70150,0,0,0.0,stratified_80_20
70154,1,1,1.0,stratified_80_20
70155,1,1,1.0,stratified_80_20
70165,1,1,1.0,stratified_80_20
70169,1,1,1.0,stratified_80_20
70171,1,1,1.0,stratified_80_20
70174,1,1,1.0,stratified_80_20
70178,1,1,1.0,stratified_80_20
70183,1,1,1.0,stratified_80_20
70184,1,1,1.0,stratified_80_20
70185,1,1,1.0,stratified_80_20
70187,1,1,1.0,stratified_80_20
70190,1,1,1.0,stratified_80_20
70191,1,1,1.0,stratified_80_20
70192,1,1,1.0,stratified_80_20
70193,1,1,1.0,stratified_80_20
70204,1,1,1.0,stratified_80_20
70208,1,1,1.0,stratified_80_20
70209,1,1,1.0,stratified_80_20
70210,1,1,1.0,stratified_80_20
70212,1,1,1.0,stratified_80_20
70216,1,1,1.0,stratified_80_20
70227,1,1,1.0,stratified_80_20
70237,1,1,1.0,stratified_80_20
70241,1,1,1.0,stratified_80_20
70242,1,1,1.0,stratified_80_20
70252,1,1,1.0,stratified_80_20
70265,1,1,1.0,stratified_80_20
70266,1,1,1.0,stratified_80_20
70276,1,1,1.0,stratified_80_20
70280,1,1,1.0,stratified_80_20
70288,1,1,1.0,stratified_80_20
70292,1,1,1.0,stratified_80_20
70293,1,1,1.0,stratified_80_20
70297,1,1,1.0,stratified_80_20
70300,1,1,1.0,stratified_80_20
70301,1,1,1.0,stratified_80_20
70303,1,1,1.0,stratified_80_20
70304,1,1,1.0,stratified_80_20
70306,1,1,1.0,stratified_80_20
70311,1,1,1.0,stratified_80_20
70320,1,1,1.0,stratified_80_20
70324,1,1,1.0,stratified_80_20
70337,1,1,1.0,stratified_80_20
70341,1,1,1.0,stratified_80_20
70356,1,1,1.0,stratified_80_20
70357,1,1,1.0,stratified_80_20
70360,1,1,1.0,stratified_80_20
70361,1,1,1.0,stratified_80_20
70372,1,1,1.0,stratified_80_20
70375,1,1,1.0,stratified_80_20
70378,1,1,1.0,stratified_80_20
70380,1,1,1.0,stratified_80_20
70381,1,1,1.0,stratified_80_20
70384,1,1,1.0,stratified_80_20
70387,1,1,1.0,stratified_80_20
70390,1,1,1.0,stratified_80_20
70398,1,1,1.0,stratified_80_20
70417,1,1,1.0,stratified_80_20
70422,1,1,1.0,stratified_80_20
70428,1,1,1.0,stratified_80_20
70430,1,1,1.0,stratified_80_20
70454,1,1,1.0,stratified_80_20
70456,1,1,1.0,stratified_80_20
70462,1,1,1.0,stratified_80_20
70465,1,1,1.0,stratified_80_20
70470,1,1,1.0,stratified_80_20
70478,1,1,1.0,stratified_80_20
70479,1,1,1.0,stratified_80_20
70485,1,1,1.0,stratified_80_20
70487,0,0,0.0,stratified_80_20
70489,1,1,1.0,stratified_80_20
70494,0,0,0.0,stratified_80_20
70502,1,1,1.0,stratified_80_20
70509,0,0,0.0,stratified_80_20
70511,1,1,1.0,stratified_80_20
70512,1,1,1.0,stratified_80_20
70516,0,0,0.0,stratified_80_20
70527,1,1,1.0,stratified_80_20
70529,1,1,1.0,stratified_80_20
70530,1,1,1.0,stratified_80_20
70532,1,1,1.0,stratified_80_20
70534,1,1,1.0,stratified_80_20
70535,1,1,1.0,stratified_80_20
70537,1,1,1.0,stratified_80_20
70538,1,1,1.0,stratified_80_20
70549,1,1,1.0,stratified_80_20
70551,1,1,1.0,stratified_80_20
70560,1,1,1.0,stratified_80_20
70564,1,1,1.0,stratified_80_20
70565,1,1,1.0,stratified_80_20
70570,1,1,1.0,stratified_80_20
70571,1,1,1.0,stratified_80_20
70594,1,1,1.0,stratified_80_20
70597,1,1,1.0,stratified_80_20
70599,1,1,1.0,stratified_80_20
70600,1,1,1.0,stratified_80_20
70604,1,1,1.0,stratified_80_20
70607,1,1,1.0,stratified_80_20
70609,1,1,1.0,stratified_80_20
70616,1,1,1.0,stratified_80_20
70619,1,1,1.0,stratified_80_20
70622,1,1,1.0,stratified_80_20
70627,1,1,1.0,stratified_80_20
70634,1,1,1.0,stratified_80_20
70636,1,1,1.0,stratified_80_20
70637,1,1,1.0,stratified_80_20
70638,1,1,1.0,stratified_80_20
70644,1,1,1.0,stratified_80_20
70645,1,1,1.0,stratified_80_20
70648,1,1,1.0,stratified_80_20
70651,1,1,1.0,stratified_80_20
70658,1,1,1.0,stratified_80_20
70664,1,1,1.0,stratified_80_20
70671,0,0,0.0,stratified_80_20
70673,0,0,0.0,stratified_80_20
70675,0,0,0.0,stratified_80_20
70679,1,1,1.0,stratified_80_20
70686,1,1,1.0,stratified_80_20
70690,0,0,0.0,stratified_80_20
70708,1,1,1.0,stratified_80_20
70709,1,1,1.0,stratified_80_20
70715,1,1,1.0,stratified_80_20
70716,1,1,1.0,stratified_80_20
70720,1,1,1.0,stratified_80_20
70726,1,1,1.0,stratified_80_20
70727,1,1,1.0,stratified_80_20
70728,1,1,1.0,stratified_80_20
70755,1,1,1.0,stratified_80_20
70759,1,1,1.0,stratified_80_20
70769,1,1,1.0,stratified_80_20
70779,1,1,1.0,stratified_80_20
70782,1,1,1.0,stratified_80_20
70783,1,1,1.0,stratified_80_20
70785,1,1,1.0,stratified_80_20
70791,1,1,1.0,stratified_80_20
70795,1,1,1.0,stratified_80_20
70797,1,1,1.0,stratified_80_20
70802,1,1,1.0,stratified_80_20
70804,1,1,1.0,stratified_80_20
70808,1,1,1.0,stratified_80_20
70809,1,1,1.0,stratified_80_20
70810,1,1,1.0,stratified_80_20
70813,1,1,1.0,stratified_80_20
70814,1,1,1.0,stratified_80_20
70819,1,1,1.0,stratified_80_20
70828,1,1,1.0,stratified_80_20
70832,1,1,1.0,stratified_80_20
70834,1,1,1.0,stratified_80_20
70836,1,1,1.0,stratified_80_20
70839,1,1,1.0,stratified_80_20
70842,1,1,1.0,stratified_80_20
70844,1,1,1.0,stratified_80_20
70845,1,1,1.0,stratified_80_20
70847,0,0,0.0,stratified_80_20
70864,1,1,1.0,stratified_80_20
70866,1,1,1.0,stratified_80_20
70867,1,1,1.0,stratified_80_20
70869,0,0,0.0,stratified_80_20
70872,1,1,1.0,stratified_80_20
70874,1,1,1.0,stratified_80_20
70879,1,1,1.0,stratified_80_20
70880,1,1,1.0,stratified_80_20
70885,1,1,1.0,stratified_80_20
70888,1,1,1.0,stratified_80_20
70889,1,1,1.0,stratified_80_20
70891,1,1,1.0,stratified_80_20
70903,1,1,1.0,stratified_80_20
70911,1,1,1.0,stratified_80_20
70912,1,1,1.0,stratified_80_20
70925,1,1,1.0,stratified_80_20
70937,1,1,1.0,stratified_80_20
70939,1,1,1.0,stratified_80_20
70945,1,1,1.0,stratified_80_20
70946,1,1,1.0,stratified_80_20
70948,1,1,1.0,stratified_80_20
70949,1,1,1.0,stratified_80_20
70951,1,1,1.0,stratified_80_20
70953,1,1,1.0,stratified_80_20
70955,1,1,1.0,stratified_80_20
70962,1,1,1.0,stratified_80_20
70963,1,1,1.0,stratified_80_20
70964,1,1,1.0,stratified_80_20
70966,1,1,1.0,stratified_80_20
70970,1,1,1.0,stratified_80_20
70974,1,1,1.0,stratified_80_20
70977,1,1,1.0,stratified_80_20
70980,1,1,1.0,stratified_80_20
70985,1,1,1.0,stratified_80_20
70997,1,1,1.0,stratified_80_20
70998,1,1,1.0,stratified_80_20
71003,1,1,1.0,stratified_80_20
71015,1,1,1.0,stratified_80_20
71021,1,1,1.0,stratified_80_20
71030,0,0,0.0,stratified_80_20
71031,1,1,1.0,stratified_80_20
71034,1,1,1.0,stratified_80_20
71039,1,1,1.0,stratified_80_20
71042,1,1,1.0,stratified_80_20
71043,1,1,1.0,stratified_80_20
71057,1,1,1.0,stratified_80_20
71062,1,1,1.0,stratified_80_20
71066,1,1,1.0,stratified_80_20
71067,1,1,1.0,stratified_80_20
71076,1,1,1.0,stratified_80_20
71085,1,1,1.0,stratified_80_20
71087,1,1,1.0,stratified_80_20
71091,1,1,1.0,stratified_80_20
71098,1,1,1.0,stratified_80_20
71101,1,1,1.0,stratified_80_20
71103,1,1,1.0,stratified_80_20
71104,1,1,1.0,stratified_80_20
71106,1,1,1.0,stratified_80_20
71107,1,1,1.0,stratified_80_20
71111,1,1,1.0,stratified_80_20
71112,1,1,1.0,stratified_80_20
71118,1,1,1.0,stratified_80_20
71121,1,1,1.0,stratified_80_20
71123,1,1,1.0,stratified_80_20
71125,1,1,1.0,stratified_80_20
71141,1,1,1.0,stratified_80_20
71143,1,1,1.0,stratified_80_20
71145,1,1,1.0,stratified_80_20
71150,1,1,1.0,stratified_80_20
71155,1,1,1.0,stratified_80_20
71157,1,1,1.0,stratified_80_20
71158,1,1,1.0,stratified_80_20
71164,1,1,1.0,stratified_80_20
71166,1,1,1.0,stratified_80_20
71171,1,1,1.0,stratified_80_20
71177,1,1,1.0,stratified_80_20
71185,1,1,1.0,stratified_80_20
71190,1,1,1.0,stratified_80_20
71191,1,1,1.0,stratified_80_20
71199,1,1,1.0,stratified_80_20
71203,1,1,1.0,stratified_80_20
71204,1,1,1.0,stratified_80_20
71210,1,1,1.0,stratified_80_20
71214,1,1,1.0,stratified_80_20
71225,1,1,1.0,stratified_80_20
71226,1,1,1.0,stratified_80_20
71234,0,0,0.0,stratified_80_20
71235,0,0,0.0,stratified_80_20
71241,1,1,1.0,stratified_80_20
71250,1,1,1.0,stratified_80_20
71251,1,1,1.0,stratified_80_20
71254,1,1,1.0,stratified_80_20
71256,1,1,1.0,stratified_80_20
71257,1,1,1.0,stratified_80_20
71261,1,1,1.0,stratified_80_20
71264,1,1,1.0,stratified_80_20
71268,1,1,1.0,stratified_80_20
71274,1,1,1.0,stratified_80_20
71276,1,1,1.0,stratified_80_20
71283,1,1,1.0,stratified_80_20
71284,1,1,1.0,stratified_80_20
71289,1,1,1.0,stratified_80_20
71291,1,1,1.0,stratified_80_20
71292,1,1,1.0,stratified_80_20
71297,1,1,1.0,stratified_80_20
71299,1,1,1.0,stratified_80_20
71314,1,1,1.0,stratified_80_20
71316,1,1,1.0,stratified_80_20
71317,1,1,1.0,stratified_80_20
71325,1,1,1.0,stratified_80_20
71338,1,1,1.0,stratified_80_20
71339,1,1,1.0,stratified_80_20
71358,1,1,1.0,stratified_80_20
71370,1,1,1.0,stratified_80_20
71381,1,1,1.0,stratified_80_20
71387,1,1,1.0,stratified_80_20
71393,1,1,1.0,stratified_80_20
71396,0,0,0.0,stratified_80_20
71397,0,0,0.0,stratified_80_20
71409,1,1,1.0,stratified_80_20
71410,1,1,1.0,stratified_80_20
71415,1,1,1.0,stratified_80_20
71420,1,1,1.0,stratified_80_20
71423,1,1,1.0,stratified_80_20
71434,1,1,1.0,stratified_80_20
71442,1,1,1.0,stratified_80_20
71447,1,1,1.0,stratified_80_20
71448,1,1,1.0,stratified_80_20
71450,1,1,1.0,stratified_80_20
71452,1,1,1.0,stratified_80_20
71455,1,1,1.0,stratified_80_20
71470,1,1,1.0,stratified_80_20
71485,1,1,1.0,stratified_80_20
71491,1,1,1.0,stratified_80_20
71492,1,1,1.0,stratified_80_20
71502,1,1,1.0,stratified_80_20
71513,1,1,1.0,stratified_80_20
71527,1,1,1.0,stratified_80_20
71528,1,1,1.0,stratified_80_20
71536,1,1,1.0,stratified_80_20
71541,1,1,1.0,stratified_80_20
71543,1,1,1.0,stratified_80_20
71553,1,1,1.0,stratified_80_20
71557,1,1,1.0,stratified_80_20
71558,1,1,1.0,stratified_80_20
71567,1,1,1.0,stratified_80_20
71568,1,1,1.0,stratified_80_20
71590,1,1,1.0,stratified_80_20
71592,1,1,1.0,stratified_80_20
71593,1,1,1.0,stratified_80_20
71594,0,0,0.0,stratified_80_20
71603,1,1,1.0,stratified_80_20
71605,1,1,1.0,stratified_80_20
71606,1,1,1.0,stratified_80_20
71612,1,1,1.0,stratified_80_20
71615,1,1,1.0,stratified_80_20
71616,1,1,1.0,stratified_80_20
71622,1,1,1.0,stratified_80_20
71634,1,1,1.0,stratified_80_20
71637,1,1,1.0,stratified_80_20
71639,1,1,1.0,stratified_80_20
71640,1,1,1.0,stratified_80_20
71645,1,1,1.0,stratified_80_20
71647,1,1,1.0,stratified_80_20
71648,1,1,1.0,stratified_80_20
71649,1,1,1.0,stratified_80_20
71650,1,1,1.0,stratified_80_20
71658,1,1,1.0,stratified_80_20
71663,1,1,1.0,stratified_80_20
71664,1,1,1.0,stratified_80_20
71673,1,1,1.0,stratified_80_20
71683,1,1,1.0,stratified_80_20
71699,1,1,1.0,stratified_80_20
71704,1,1,1.0,stratified_80_20
71707,1,1,1.0,stratified_80_20
71708,1,1,1.0,stratified_80_20
71717,1,1,1.0,stratified_80_20
71727,1,1,1.0,stratified_80_20
71733,1,1,1.0,stratified_80_20
71736,1,1,1.0,stratified_80_20
71741,1,1,1.0,stratified_80_20
71742,1,1,1.0,stratified_80_20
71747,1,1,1.0,stratified_80_20
71748,1,1,1.0,stratified_80_20
71753,1,1,1.0,stratified_80_20
71767,1,1,1.0,stratified_80_20
71769,1,1,1.0,stratified_80_20
71780,1,1,1.0,stratified_80_20
71781,1,1,1.0,stratified_80_20
71783,1,1,1.0,stratified_80_20
71789,1,1,1.0,stratified_80_20
71790,1,1,1.0,stratified_80_20
71800,1,1,1.0,stratified_80_20
71806,1,1,1.0,stratified_80_20
71812,1,1,1.0,stratified_80_20
71820,1,1,1.0,stratified_80_20
71828,1,1,1.0,stratified_80_20
71829,1,1,1.0,stratified_80_20
71831,0,0,0.0,stratified_80_20
71843,1,1,1.0,stratified_80_20
71850,1,1,1.0,stratified_80_20
71867,1,1,1.0,stratified_80_20
71872,1,1,1.0,stratified_80_20
71875,1,1,1.0,stratified_80_20
71877,1,1,1.0,stratified_80_20
71881,1,1,1.0,stratified_80_20
71886,1,1,1.0,stratified_80_20
71910,1,1,1.0,stratified_80_20
71914,1,1,1.0,stratified_80_20
71918,1,1,1.0,stratified_80_20
71922,1,1,1.0,stratified_80_20
71927,1,1,1.0,stratified_80_20
71930,0,0,0.0,stratified_80_20
71932,1,1,1.0,stratified_80_20
71960,0,0,0.0,stratified_80_20
71964,1,1,1.0,stratified_80_20
71965,1,1,1.0,stratified_80_20
71966,1,1,1.0,stratified_80_20
71969,1,1,1.0,stratified_80_20
71978,1,1,1.0,stratified_80_20
71986,1,1,1.0,stratified_80_20
71989,1,1,1.0,stratified_80_20
71993,1,1,1.0,stratified_80_20
71994,1,1,1.0,stratified_80_20
72002,1,1,1.0,stratified_80_20
72005,1,1,1.0,stratified_80_20
72011,1,1,1.0,stratified_80_20
72020,1,1,1.0,stratified_80_20
72021,1,1,1.0,stratified_80_20
72022,1,1,1.0,stratified_80_20
72040,1,1,1.0,stratified_80_20
72041,1,1,1.0,stratified_80_20
72048,1,1,1.0,stratified_80_20
72054,1,1,1.0,stratified_80_20
72056,1,1,1.0,stratified_80_20
72059,1,1,1.0,stratified_80_20
72062,1,1,1.0,stratified_80_20
72067,1,1,1.0,stratified_80_20
72069,1,1,1.0,stratified_80_20
72070,1,1,1.0,stratified_80_20
72071,1,1,1.0,stratified_80_20
72072,1,1,1.0,stratified_80_20
72073,1,1,1.0,stratified_80_20
72075,1,1,1.0,stratified_80_20
72076,1,1,1.0,stratified_80_20
72077,1,1,1.0,stratified_80_20
72078,1,1,1.0,stratified_80_20
72080,1,1,1.0,stratified_80_20
72081,1,1,1.0,stratified_80_20
72085,1,1,1.0,stratified_80_20
72086,1,1,1.0,stratified_80_20
72087,1,1,1.0,stratified_80_20
72101,1,1,1.0,stratified_80_20
72102,1,1,1.0,stratified_80_20
72105,1,1,1.0,stratified_80_20
72107,1,1,1.0,stratified_80_20
72119,0,0,0.0,stratified_80_20
72125,1,1,1.0,stratified_80_20
72129,1,1,1.0,stratified_80_20
72134,1,1,1.0,stratified_80_20
72135,0,0,0.0,stratified_80_20
72137,1,1,1.0,stratified_80_20
72140,1,1,1.0,stratified_80_20
72143,1,1,1.0,stratified_80_20
72147,1,1,1.0,stratified_80_20
72151,1,1,1.0,stratified_80_20
72152,1,1,1.0,stratified_80_20
72155,1,1,1.0,stratified_80_20
72159,1,1,1.0,stratified_80_20
72162,1,1,1.0,stratified_80_20
72163,1,1,1.0,stratified_80_20
72164,1,1,1.0,stratified_80_20
72165,1,1,1.0,stratified_80_20
72171,1,1,1.0,stratified_80_20
72172,1,1,1.0,stratified_80_20
72174,1,1,1.0,stratified_80_20
72177,1,1,1.0,stratified_80_20
72182,1,1,1.0,stratified_80_20
72194,1,1,1.0,stratified_80_20
72196,1,1,1.0,stratified_80_20
72213,1,1,1.0,stratified_80_20
72215,1,1,1.0,stratified_80_20
72218,1,1,1.0,stratified_80_20
72220,1,1,1.0,stratified_80_20
72227,1,1,1.0,stratified_80_20
72231,1,1,1.0,stratified_80_20
72236,1,1,1.0,stratified_80_20
72239,1,1,1.0,stratified_80_20
72245,1,1,1.0,stratified_80_20
72247,1,1,1.0,stratified_80_20
72249,1,1,1.0,stratified_80_20
72255,1,1,1.0,stratified_80_20
72257,1,1,1.0,stratified_80_20
72258,1,1,1.0,stratified_80_20
72265,1,1,1.0,stratified_80_20
72273,1,1,1.0,stratified_80_20
72278,1,1,1.0,stratified_80_20
72286,1,1,1.0,stratified_80_20
72307,1,1,1.0,stratified_80_20
72308,1,1,1.0,stratified_80_20
72313,0,0,0.0,stratified_80_20
72314,1,1,1.0,stratified_80_20
72317,1,1,1.0,stratified_80_20
72319,1,1,1.0,stratified_80_20
72327,1,1,1.0,stratified_80_20
72332,1,1,1.0,stratified_80_20
72335,1,1,1.0,stratified_80_20
72341,1,1,1.0,stratified_80_20
72357,1,1,1.0,stratified_80_20
72365,0,0,0.0,stratified_80_20
72369,1,1,1.0,stratified_80_20
72372,1,1,1.0,stratified_80_20
72376,1,1,1.0,stratified_80_20
72377,1,1,1.0,stratified_80_20
72392,1,1,1.0,stratified_80_20
72399,1,1,1.0,stratified_80_20
72406,1,1,1.0,stratified_80_20
72410,1,1,1.0,stratified_80_20
72418,1,1,1.0,stratified_80_20
72428,1,1,1.0,stratified_80_20
72437,1,1,1.0,stratified_80_20
72449,1,1,1.0,stratified_80_20
72453,1,1,1.0,stratified_80_20
72457,1,1,1.0,stratified_80_20
72460,1,1,1.0,stratified_80_20
72461,1,1,1.0,stratified_80_20
72465,1,1,1.0,stratified_80_20
72467,1,1,1.0,stratified_80_20
72472,0,0,0.0,stratified_80_20
72473,1,1,1.0,stratified_80_20
72476,0,0,0.0,stratified_80_20
72484,1,1,1.0,stratified_80_20
72487,1,1,1.0,stratified_80_20
72492,1,1,1.0,stratified_80_20
72498,1,1,1.0,stratified_80_20
72501,1,1,1.0,stratified_80_20
72503,1,1,1.0,stratified_80_20
72505,1,1,1.0,stratified_80_20
72507,1,1,1.0,stratified_80_20
72510,1,1,1.0,stratified_80_20
72511,1,1,1.0,stratified_80_20
72513,1,1,1.0,stratified_80_20
72515,1,1,1.0,stratified_80_20
72526,1,1,1.0,stratified_80_20
72534,1,1,1.0,stratified_80_20
72535,1,1,1.0,stratified_80_20
72537,1,1,1.0,stratified_80_20
72538,1,1,1.0,stratified_80_20
72543,1,1,1.0,stratified_80_20
72546,1,1,1.0,stratified_80_20
72547,1,1,1.0,stratified_80_20
72554,1,1,1.0,stratified_80_20
72555,1,1,1.0,stratified_80_20
72558,1,1,1.0,stratified_80_20
72566,1,1,1.0,stratified_80_20
72567,1,1,1.0,stratified_80_20
72587,1,1,1.0,stratified_80_20
72593,1,1,1.0,stratified_80_20
72601,1,1,1.0,stratified_80_20
72605,1,1,1.0,stratified_80_20
72608,1,1,1.0,stratified_80_20
72610,1,1,1.0,stratified_80_20
72616,1,1,1.0,stratified_80_20
72622,1,1,1.0,stratified_80_20
72628,1,1,1.0,stratified_80_20
72636,1,1,1.0,stratified_80_20
72637,1,1,1.0,stratified_80_20
72638,1,1,1.0,stratified_80_20
72644,1,1,1.0,stratified_80_20
72646,1,1,1.0,stratified_80_20
72651,1,1,1.0,stratified_80_20
72664,1,1,1.0,stratified_80_20
72665,1,1,1.0,stratified_80_20
72666,1,1,1.0,stratified_80_20
72669,1,1,1.0,stratified_80_20
72671,1,1,1.0,stratified_80_20
72674,1,1,1.0,stratified_80_20
72687,1,1,1.0,stratified_80_20
72704,1,1,1.0,stratified_80_20
72713,1,1,1.0,stratified_80_20
72727,1,1,1.0,stratified_80_20
72728,1,1,1.0,stratified_80_20
72729,1,1,1.0,stratified_80_20
72745,1,1,1.0,stratified_80_20
72748,1,1,1.0,stratified_80_20
72755,1,1,1.0,stratified_80_20
72759,1,1,1.0,stratified_80_20
72763,1,1,1.0,stratified_80_20
72776,1,1,1.0,stratified_80_20
72780,1,1,1.0,stratified_80_20
72782,1,1,1.0,stratified_80_20
72784,1,1,1.0,stratified_80_20
72785,1,1,1.0,stratified_80_20
72788,1,1,1.0,stratified_80_20
72789,1,1,1.0,stratified_80_20
72792,1,1,1.0,stratified_80_20
72799,1,1,1.0,stratified_80_20
72800,1,1,1.0,stratified_80_20
72801,1,1,1.0,stratified_80_20
72805,1,1,1.0,stratified_80_20
72808,1,1,1.0,stratified_80_20
72809,1,1,1.0,stratified_80_20
72817,1,1,1.0,stratified_80_20
72819,0,0,0.0,stratified_80_20
72823,1,1,1.0,stratified_80_20
72826,1,1,1.0,stratified_80_20
72833,0,0,0.0,stratified_80_20
72849,1,1,1.0,stratified_80_20
72861,1,1,1.0,stratified_80_20
72862,1,1,1.0,stratified_80_20
72874,1,1,1.0,stratified_80_20
72875,1,1,1.0,stratified_80_20
72879,1,1,1.0,stratified_80_20
72881,1,1,1.0,stratified_80_20
72889,1,1,1.0,stratified_80_20
72890,1,1,1.0,stratified_80_20
72893,1,1,1.0,stratified_80_20
72903,1,1,1.0,stratified_80_20
72906,1,1,1.0,stratified_80_20
72907,1,1,1.0,stratified_80_20
72909,1,1,1.0,stratified_80_20
72913,1,1,1.0,stratified_80_20
72921,1,1,1.0,stratified_80_20
72933,1,1,1.0,stratified_80_20
72934,1,1,1.0,stratified_80_20
72940,1,1,1.0,stratified_80_20
72949,1,1,1.0,stratified_80_20
72959,1,1,1.0,stratified_80_20
72962,1,1,1.0,stratified_80_20
72973,1,1,1.0,stratified_80_20
72982,1,1,1.0,stratified_80_20
72990,1,1,1.0,stratified_80_20
72997,1,1,1.0,stratified_80_20
73002,1,1,1.0,stratified_80_20
73010,1,1,1.0,stratified_80_20
73014,1,1,1.0,stratified_80_20
73015,1,1,1.0,stratified_80_20
73016,0,0,0.0,stratified_80_20
73058,1,1,1.0,stratified_80_20
73059,1,1,1.0,stratified_80_20
73064,1,1,1.0,stratified_80_20
73070,1,1,1.0,stratified_80_20
73071,1,1,1.0,stratified_80_20
73082,1,1,1.0,stratified_80_20
73083,1,1,1.0,stratified_80_20
73084,1,1,1.0,stratified_80_20
73085,1,1,1.0,stratified_80_20
73090,1,1,1.0,stratified_80_20
73098,1,1,1.0,stratified_80_20
73100,1,1,1.0,stratified_80_20
73102,1,1,1.0,stratified_80_20
73104,1,1,1.0,stratified_80_20
73106,1,1,1.0,stratified_80_20
73118,1,1,1.0,stratified_80_20
73119,1,1,1.0,stratified_80_20
73125,1,1,1.0,stratified_80_20
73128,1,1,1.0,stratified_80_20
73139,1,1,1.0,stratified_80_20
73151,1,1,1.0,stratified_80_20
73152,1,1,1.0,stratified_80_20
73158,1,1,1.0,stratified_80_20
73161,1,1,1.0,stratified_80_20
73165,1,1,1.0,stratified_80_20
73171,1,1,1.0,stratified_80_20
73176,1,1,1.0,stratified_80_20
73185,1,1,1.0,stratified_80_20
73195,0,0,0.0,stratified_80_20
73202,0,0,0.0,stratified_80_20
73204,1,1,1.0,stratified_80_20
73205,1,1,1.0,stratified_80_20
73206,0,0,0.0,stratified_80_20
73211,1,1,1.0,stratified_80_20
73219,0,0,0.0,stratified_80_20
73222,1,1,1.0,stratified_80_20
73225,1,1,1.0,stratified_80_20
73239,1,1,1.0,stratified_80_20
73240,1,1,1.0,stratified_80_20
73241,1,1,1.0,stratified_80_20
73244,1,1,1.0,stratified_80_20
73246,1,1,1.0,stratified_80_20
73251,1,1,1.0,stratified_80_20
73257,1,1,1.0,stratified_80_20
73258,1,1,1.0,stratified_80_20
73268,1,1,1.0,stratified_80_20
73275,1,1,1.0,stratified_80_20
73284,1,1,1.0,stratified_80_20
73294,1,1,1.0,stratified_80_20
73295,1,1,1.0,stratified_80_20
73296,1,1,1.0,stratified_80_20
73300,1,1,1.0,stratified_80_20
73313,1,1,1.0,stratified_80_20
73324,1,1,1.0,stratified_80_20
73344,1,1,1.0,stratified_80_20
73364,1,1,1.0,stratified_80_20
73365,1,1,1.0,stratified_80_20
73366,1,1,1.0,stratified_80_20
73372,1,1,1.0,stratified_80_20
73376,1,1,1.0,stratified_80_20
73377,0,0,0.0,stratified_80_20
73378,1,1,1.0,stratified_80_20
73382,0,0,0.0,stratified_80_20
73384,1,1,1.0,stratified_80_20
73386,0,0,0.0,stratified_80_20
73390,1,1,1.0,stratified_80_20
73393,1,1,1.0,stratified_80_20
73394,1,1,1.0,stratified_80_20
73395,1,1,1.0,stratified_80_20
73405,1,1,1.0,stratified_80_20
73406,1,1,1.0,stratified_80_20
73414,1,1,1.0,stratified_80_20
73421,1,1,1.0,stratified_80_20
73423,1,1,1.0,stratified_80_20
73424,1,1,1.0,stratified_80_20
73428,1,1,1.0,stratified_80_20
73437,1,1,1.0,stratified_80_20
73438,1,1,1.0,stratified_80_20
73441,1,1,1.0,stratified_80_20
73443,1,1,1.0,stratified_80_20
73444,1,1,1.0,stratified_80_20
73449,1,1,1.0,stratified_80_20
73456,1,1,1.0,stratified_80_20
73460,1,1,1.0,stratified_80_20
73461,1,1,1.0,stratified_80_20
73474,1,1,1.0,stratified_80_20
73481,1,1,1.0,stratified_80_20
73483,1,1,1.0,stratified_80_20
73494,1,1,1.0,stratified_80_20
73496,1,1,1.0,stratified_80_20
73503,1,1,1.0,stratified_80_20
73504,1,1,1.0,stratified_80_20
73505,1,1,1.0,stratified_80_20
73506,1,1,1.0,stratified_80_20
73515,1,1,1.0,stratified_80_20
73517,1,1,1.0,stratified_80_20
73524,1,1,1.0,stratified_80_20
73527,1,1,1.0,stratified_80_20
73533,1,1,1.0,stratified_80_20
73537,1,1,1.0,stratified_80_20
73538,1,1,1.0,stratified_80_20
73541,1,1,1.0,stratified_80_20
73543,1,1,1.0,stratified_80_20
73545,1,1,1.0,stratified_80_20
73550,1,1,1.0,stratified_80_20
73554,1,1,1.0,stratified_80_20
73555,1,1,1.0,stratified_80_20
73560,1,1,1.0,stratified_80_20
73561,0,0,0.0,stratified_80_20
73562,1,1,1.0,stratified_80_20
73567,1,1,1.0,stratified_80_20
73573,1,1,1.0,stratified_80_20
73574,1,1,1.0,stratified_80_20
73581,1,1,1.0,stratified_80_20
73582,1,1,1.0,stratified_80_20
73590,1,1,1.0,stratified_80_20
73598,1,1,1.0,stratified_80_20
73605,1,1,1.0,stratified_80_20
73610,1,1,1.0,stratified_80_20
73613,1,1,1.0,stratified_80_20
73614,1,1,1.0,stratified_80_20
73615,1,1,1.0,stratified_80_20
73629,1,1,1.0,stratified_80_20
73637,1,1,1.0,stratified_80_20
73638,1,1,1.0,stratified_80_20
73640,1,1,1.0,stratified_80_20
73657,1,1,1.0,stratified_80_20
73665,0,0,0.0,stratified_80_20
73669,1,1,1.0,stratified_80_20
73673,1,1,1.0,stratified_80_20
73691,1,1,1.0,stratified_80_20
73693,1,1,1.0,stratified_80_20
73699,1,1,1.0,stratified_80_20
73701,1,1,1.0,stratified_80_20
73704,1,1,1.0,stratified_80_20
73710,1,1,1.0,stratified_80_20
73721,1,1,1.0,stratified_80_20
73726,1,1,1.0,stratified_80_20
73729,1,1,1.0,stratified_80_20
73750,1,1,1.0,stratified_80_20
73751,1,1,1.0,stratified_80_20
73753,1,1,1.0,stratified_80_20
73755,1,1,1.0,stratified_80_20
73760,1,1,1.0,stratified_80_20
73771,1,1,1.0,stratified_80_20
73775,1,1,1.0,stratified_80_20
73780,1,1,1.0,stratified_80_20
73781,1,1,1.0,stratified_80_20
73782,1,1,1.0,stratified_80_20
73787,1,1,1.0,stratified_80_20
73791,1,1,1.0,stratified_80_20
73795,1,1,1.0,stratified_80_20
73804,1,1,1.0,stratified_80_20
73806,1,1,1.0,stratified_80_20
73807,1,1,1.0,stratified_80_20
73814,1,1,1.0,stratified_80_20
73830,1,1,1.0,stratified_80_20
73832,1,1,1.0,stratified_80_20
73835,1,1,1.0,stratified_80_20
73836,1,1,1.0,stratified_80_20
73846,1,1,1.0,stratified_80_20
73847,1,1,1.0,stratified_80_20
73857,1,1,1.0,stratified_80_20
73859,1,1,1.0,stratified_80_20
73862,1,1,1.0,stratified_80_20
73863,1,1,1.0,stratified_80_20
73866,1,1,1.0,stratified_80_20
73869,1,1,1.0,stratified_80_20
73877,1,1,1.0,stratified_80_20
73882,1,1,1.0,stratified_80_20
73886,1,1,1.0,stratified_80_20
73887,1,1,1.0,stratified_80_20
73889,1,1,1.0,stratified_80_20
73892,1,1,1.0,stratified_80_20
73898,1,1,1.0,stratified_80_20
73905,1,1,1.0,stratified_80_20
73907,1,1,1.0,stratified_80_20
73908,1,1,1.0,stratified_80_20
73909,1,1,1.0,stratified_80_20
73913,1,1,1.0,stratified_80_20
73914,1,1,1.0,stratified_80_20
73916,1,1,1.0,stratified_80_20
73918,1,1,1.0,stratified_80_20
73919,0,0,0.0,stratified_80_20
73920,1,1,1.0,stratified_80_20
73924,1,1,1.0,stratified_80_20
73930,1,1,1.0,stratified_80_20
73949,1,1,1.0,stratified_80_20
73950,1,1,1.0,stratified_80_20
73953,1,1,1.0,stratified_80_20
73959,1,1,1.0,stratified_80_20
73969,1,1,1.0,stratified_80_20
73972,1,1,1.0,stratified_80_20
73975,1,1,1.0,stratified_80_20
73976,1,1,1.0,stratified_80_20
73984,1,1,1.0,stratified_80_20
73986,1,1,1.0,stratified_80_20
73989,1,1,1.0,stratified_80_20
73993,1,1,1.0,stratified_80_20
73995,1,1,1.0,stratified_80_20
74000,1,1,1.0,stratified_80_20
74005,1,1,1.0,stratified_80_20
74010,1,1,1.0,stratified_80_20
74014,1,1,1.0,stratified_80_20
74016,1,1,1.0,stratified_80_20
74029,1,1,1.0,stratified_80_20
74030,1,1,1.0,stratified_80_20
74037,1,1,1.0,stratified_80_20
74042,1,1,1.0,stratified_80_20
74045,1,1,1.0,stratified_80_20
74054,1,1,1.0,stratified_80_20
74060,1,1,1.0,stratified_80_20
74063,1,1,1.0,stratified_80_20
74065,1,1,1.0,stratified_80_20
74067,1,1,1.0,stratified_80_20
74073,1,1,1.0,stratified_80_20
74076,1,1,1.0,stratified_80_20
74078,1,1,1.0,stratified_80_20
74079,1,1,1.0,stratified_80_20
74086,1,1,1.0,stratified_80_20
74093,1,1,1.0,stratified_80_20
74099,0,0,0.0,stratified_80_20
74100,1,1,1.0,stratified_80_20
74103,1,1,1.0,stratified_80_20
74115,1,1,1.0,stratified_80_20
74120,1,1,1.0,stratified_80_20
74121,1,1,1.0,stratified_80_20
74129,1,1,1.0,stratified_80_20
74134,1,1,1.0,stratified_80_20
74138,1,1,1.0,stratified_80_20
74140,1,1,1.0,stratified_80_20
74145,1,1,1.0,stratified_80_20
74149,1,1,1.0,stratified_80_20
74156,1,1,1.0,stratified_80_20
74158,1,1,1.0,stratified_80_20
74166,1,1,1.0,stratified_80_20
74169,1,1,1.0,stratified_80_20
74176,1,1,1.0,stratified_80_20
74183,1,1,1.0,stratified_80_20
74193,1,1,1.0,stratified_80_20
74197,1,1,1.0,stratified_80_20
74201,1,1,1.0,stratified_80_20
74208,1,1,1.0,stratified_80_20
74209,1,1,1.0,stratified_80_20
74218,1,1,1.0,stratified_80_20
74230,1,1,1.0,stratified_80_20
74238,1,1,1.0,stratified_80_20
74249,1,1,1.0,stratified_80_20
74255,1,1,1.0,stratified_80_20
74256,1,1,1.0,stratified_80_20
74263,1,1,1.0,stratified_80_20
74267,1,1,1.0,stratified_80_20
74270,1,1,1.0,stratified_80_20
74272,1,1,1.0,stratified_80_20
74273,1,1,1.0,stratified_80_20
74275,1,1,1.0,stratified_80_20
74280,1,1,1.0,stratified_80_20
74282,1,1,1.0,stratified_80_20
74285,0,0,0.0,stratified_80_20
74291,0,0,0.0,stratified_80_20
74294,1,1,1.0,stratified_80_20
74295,1,1,1.0,stratified_80_20
74303,1,1,1.0,stratified_80_20
74317,1,1,1.0,stratified_80_20
74321,1,1,1.0,stratified_80_20
74341,1,1,1.0,stratified_80_20
74363,1,1,1.0,stratified_80_20
74364,1,1,1.0,stratified_80_20
74370,1,1,1.0,stratified_80_20
74374,1,1,1.0,stratified_80_20
74375,1,1,1.0,stratified_80_20
74377,1,1,1.0,stratified_80_20
74382,1,1,1.0,stratified_80_20
74385,1,1,1.0,stratified_80_20
74393,1,1,1.0,stratified_80_20
74394,1,1,1.0,stratified_80_20
74408,1,1,1.0,stratified_80_20
74412,1,1,1.0,stratified_80_20
74428,1,1,1.0,stratified_80_20
74430,1,1,1.0,stratified_80_20
74432,1,1,1.0,stratified_80_20
74433,1,1,1.0,stratified_80_20
74434,1,1,1.0,stratified_80_20
74435,1,1,1.0,stratified_80_20
74439,1,1,1.0,stratified_80_20
74441,1,1,1.0,stratified_80_20
74446,1,1,1.0,stratified_80_20
74447,1,1,1.0,stratified_80_20
74454,1,1,1.0,stratified_80_20
74460,1,1,1.0,stratified_80_20
74461,0,0,0.0,stratified_80_20
74462,1,1,1.0,stratified_80_20
74464,0,0,0.0,stratified_80_20
74466,0,0,0.0,stratified_80_20
74470,0,0,0.0,stratified_80_20
74473,1,1,1.0,stratified_80_20
74482,1,1,1.0,stratified_80_20
74486,0,0,0.0,stratified_80_20
74491,1,1,1.0,stratified_80_20
74492,1,1,1.0,stratified_80_20
74497,1,1,1.0,stratified_80_20
74508,1,1,1.0,stratified_80_20
74513,1,1,1.0,stratified_80_20
74519,1,1,1.0,stratified_80_20
74527,1,1,1.0,stratified_80_20
74532,1,1,1.0,stratified_80_20
74534,1,1,1.0,stratified_80_20
74539,1,1,1.0,stratified_80_20
74542,1,1,1.0,stratified_80_20
74549,1,1,1.0,stratified_80_20
74550,1,1,1.0,stratified_80_20
74556,1,1,1.0,stratified_80_20
74559,1,1,1.0,stratified_80_20
74565,1,1,1.0,stratified_80_20
74569,1,1,1.0,stratified_80_20
74571,1,1,1.0,stratified_80_20
74574,1,1,1.0,stratified_80_20
74576,1,1,1.0,stratified_80_20
74579,1,1,1.0,stratified_80_20
74584,1,1,1.0,stratified_80_20
74594,1,1,1.0,stratified_80_20
74600,1,1,1.0,stratified_80_20
74605,1,1,1.0,stratified_80_20
74606,1,1,1.0,stratified_80_20
74607,1,1,1.0,stratified_80_20
74610,1,1,1.0,stratified_80_20
74615,1,1,1.0,stratified_80_20
74618,1,1,1.0,stratified_80_20
74620,1,1,1.0,stratified_80_20
74626,1,1,1.0,stratified_80_20
74632,1,1,1.0,stratified_80_20
74636,1,1,1.0,stratified_80_20
74638,1,1,1.0,stratified_80_20
74639,1,1,1.0,stratified_80_20
74645,0,0,0.0,stratified_80_20
74649,0,0,0.0,stratified_80_20
74651,1,1,1.0,stratified_80_20
74656,0,0,0.0,stratified_80_20
74664,1,1,1.0,stratified_80_20
74666,0,0,0.0,stratified_80_20
74669,1,1,1.0,stratified_80_20
74673,1,1,1.0,stratified_80_20
74681,0,0,0.0,stratified_80_20
74682,1,1,1.0,stratified_80_20
74684,1,1,1.0,stratified_80_20
74685,1,1,1.0,stratified_80_20
74687,1,1,1.0,stratified_80_20
74689,1,1,1.0,stratified_80_20
74704,1,1,1.0,stratified_80_20
74715,1,1,1.0,stratified_80_20
74717,1,1,1.0,stratified_80_20
74732,1,1,1.0,stratified_80_20
74736,1,1,1.0,stratified_80_20
74739,1,1,1.0,stratified_80_20
74742,1,1,1.0,stratified_80_20
74743,1,1,1.0,stratified_80_20
74746,1,1,1.0,stratified_80_20
74748,1,1,1.0,stratified_80_20
74753,1,1,1.0,stratified_80_20
74754,1,1,1.0,stratified_80_20
74757,1,1,1.0,stratified_80_20
74762,1,1,1.0,stratified_80_20
74776,1,1,1.0,stratified_80_20
74777,1,1,1.0,stratified_80_20
74782,1,1,1.0,stratified_80_20
74790,1,1,1.0,stratified_80_20
74791,1,1,1.0,stratified_80_20
74792,1,1,1.0,stratified_80_20
74793,1,1,1.0,stratified_80_20
74797,1,1,1.0,stratified_80_20
74800,1,1,1.0,stratified_80_20
74801,1,1,1.0,stratified_80_20
74805,1,1,1.0,stratified_80_20
74816,1,1,1.0,stratified_80_20
74817,1,1,1.0,stratified_80_20
74828,1,1,1.0,stratified_80_20
74832,1,1,1.0,stratified_80_20
74834,1,1,1.0,stratified_80_20
74837,1,1,1.0,stratified_80_20
74851,1,1,1.0,stratified_80_20
74860,1,1,1.0,stratified_80_20
74862,1,1,1.0,stratified_80_20
74865,1,1,1.0,stratified_80_20
74873,1,1,1.0,stratified_80_20
74874,1,1,1.0,stratified_80_20
74878,1,1,1.0,stratified_80_20
74885,1,1,1.0,stratified_80_20
74891,1,1,1.0,stratified_80_20
74892,1,1,1.0,stratified_80_20
74898,1,1,1.0,stratified_80_20
74901,1,1,1.0,stratified_80_20
74905,1,1,1.0,stratified_80_20
74907,1,1,1.0,stratified_80_20
74911,1,1,1.0,stratified_80_20
74927,1,1,1.0,stratified_80_20
74929,1,1,1.0,stratified_80_20
74931,1,1,1.0,stratified_80_20
74936,1,1,1.0,stratified_80_20
74947,1,1,1.0,stratified_80_20
74955,1,1,1.0,stratified_80_20
74958,1,1,1.0,stratified_80_20
74971,1,1,1.0,stratified_80_20
74973,1,1,1.0,stratified_80_20
74975,1,1,1.0,stratified_80_20
74987,1,1,1.0,stratified_80_20
74989,1,1,1.0,stratified_80_20
74996,1,1,1.0,stratified_80_20
74998,1,1,1.0,stratified_80_20
75001,0,0,0.0,stratified_80_20
75004,1,1,1.0,stratified_80_20
75005,1,1,1.0,stratified_80_20
75016,1,1,1.0,stratified_80_20
75018,1,1,1.0,stratified_80_20
75020,1,1,1.0,stratified_80_20
75022,1,1,1.0,stratified_80_20
75026,0,0,0.0,stratified_80_20
75029,1,1,1.0,stratified_80_20
75038,1,1,1.0,stratified_80_20
75043,1,1,1.0,stratified_80_20
75047,1,1,1.0,stratified_80_20
75057,1,1,1.0,stratified_80_20
75061,1,1,1.0,stratified_80_20
75062,1,1,1.0,stratified_80_20
75067,1,1,1.0,stratified_80_20
75074,1,1,1.0,stratified_80_20
75077,1,1,1.0,stratified_80_20
75079,1,1,1.0,stratified_80_20
75084,1,1,1.0,stratified_80_20
75085,1,1,1.0,stratified_80_20
75088,1,1,1.0,stratified_80_20
75094,1,1,1.0,stratified_80_20
75098,1,1,1.0,stratified_80_20
75101,1,1,1.0,stratified_80_20
75104,1,1,1.0,stratified_80_20
75118,1,1,1.0,stratified_80_20
75120,1,1,1.0,stratified_80_20
75123,1,1,1.0,stratified_80_20
75127,1,1,1.0,stratified_80_20
75130,1,1,1.0,stratified_80_20
75135,1,1,1.0,stratified_80_20
75136,1,1,1.0,stratified_80_20
75142,1,1,1.0,stratified_80_20
75143,1,1,1.0,stratified_80_20
75148,1,1,1.0,stratified_80_20
75150,1,1,1.0,stratified_80_20
75155,1,1,1.0,stratified_80_20
75156,1,1,1.0,stratified_80_20
75159,1,1,1.0,stratified_80_20
75162,1,1,1.0,stratified_80_20
75169,1,1,1.0,stratified_80_20
75171,1,1,1.0,stratified_80_20
75172,1,1,1.0,stratified_80_20
75176,1,1,1.0,stratified_80_20
75177,1,1,1.0,stratified_80_20
75182,1,1,1.0,stratified_80_20
75184,0,0,0.0,stratified_80_20
75196,1,1,1.0,stratified_80_20
75205,0,0,0.0,stratified_80_20
75206,0,0,0.0,stratified_80_20
75210,1,1,1.0,stratified_80_20
75215,1,1,1.0,stratified_80_20
75222,1,1,1.0,stratified_80_20
75232,1,1,1.0,stratified_80_20
75238,1,1,1.0,stratified_80_20
75247,1,1,1.0,stratified_80_20
75253,1,1,1.0,stratified_80_20
75256,1,1,1.0,stratified_80_20
75258,1,1,1.0,stratified_80_20
75264,1,1,1.0,stratified_80_20
75268,1,1,1.0,stratified_80_20
75275,1,1,1.0,stratified_80_20
75287,0,0,0.0,stratified_80_20
75289,1,1,1.0,stratified_80_20
75299,1,1,1.0,stratified_80_20
75302,1,1,1.0,stratified_80_20
75313,1,1,1.0,stratified_80_20
75315,1,1,1.0,stratified_80_20
75324,1,1,1.0,stratified_80_20
75334,1,1,1.0,stratified_80_20
75340,1,1,1.0,stratified_80_20
75341,1,1,1.0,stratified_80_20
75353,1,1,1.0,stratified_80_20
75358,1,1,1.0,stratified_80_20
75361,1,1,1.0,stratified_80_20
75362,1,1,1.0,stratified_80_20
75365,1,1,1.0,stratified_80_20
75371,0,0,0.0,stratified_80_20
75376,1,1,1.0,stratified_80_20
75380,1,1,1.0,stratified_80_20
75381,1,1,1.0,stratified_80_20
75383,1,1,1.0,stratified_80_20
75388,1,1,1.0,stratified_80_20
75393,1,1,1.0,stratified_80_20
75398,1,1,1.0,stratified_80_20
75399,1,1,1.0,stratified_80_20
75402,1,1,1.0,stratified_80_20
75403,1,1,1.0,stratified_80_20
75407,1,1,1.0,stratified_80_20
75419,1,1,1.0,stratified_80_20
75420,1,1,1.0,stratified_80_20
75421,1,1,1.0,stratified_80_20
75425,1,1,1.0,stratified_80_20
75426,1,1,1.0,stratified_80_20
75429,1,1,1.0,stratified_80_20
75438,1,1,1.0,stratified_80_20
75442,1,1,1.0,stratified_80_20
75445,1,1,1.0,stratified_80_20
75449,1,1,1.0,stratified_80_20
75450,1,1,1.0,stratified_80_20
75451,1,1,1.0,stratified_80_20
75459,1,1,1.0,stratified_80_20
75462,1,1,1.0,stratified_80_20
75463,1,1,1.0,stratified_80_20
75467,1,1,1.0,stratified_80_20
75471,1,1,1.0,stratified_80_20
75472,1,1,1.0,stratified_80_20
75473,1,1,1.0,stratified_80_20
75474,1,1,1.0,stratified_80_20
75485,1,1,1.0,stratified_80_20
75488,1,1,1.0,stratified_80_20
75490,0,0,0.0,stratified_80_20
75500,1,1,1.0,stratified_80_20
75508,1,1,1.0,stratified_80_20
75517,1,1,1.0,stratified_80_20
75537,1,1,1.0,stratified_80_20
75542,1,1,1.0,stratified_80_20
75544,1,1,1.0,stratified_80_20
75549,1,1,1.0,stratified_80_20
75551,1,1,1.0,stratified_80_20
75556,1,1,1.0,stratified_80_20
75559,1,1,1.0,stratified_80_20
75560,1,1,1.0,stratified_80_20
75567,1,1,1.0,stratified_80_20
75569,1,1,1.0,stratified_80_20
75570,0,0,0.0,stratified_80_20
75575,1,1,1.0,stratified_80_20
75586,1,1,1.0,stratified_80_20
75591,1,1,1.0,stratified_80_20
75593,1,1,1.0,stratified_80_20
75596,1,1,1.0,stratified_80_20
75600,0,0,0.0,stratified_80_20
75602,1,1,1.0,stratified_80_20
75607,1,1,1.0,stratified_80_20
75622,1,1,1.0,stratified_80_20
75626,1,1,1.0,stratified_80_20
75631,1,1,1.0,stratified_80_20
75634,1,1,1.0,stratified_80_20
75637,1,1,1.0,stratified_80_20
75638,1,1,1.0,stratified_80_20
75641,1,1,1.0,stratified_80_20
75643,1,1,1.0,stratified_80_20
75648,1,1,1.0,stratified_80_20
75650,1,1,1.0,stratified_80_20
75653,1,1,1.0,stratified_80_20
75661,1,1,1.0,stratified_80_20
75662,1,1,1.0,stratified_80_20
75676,1,1,1.0,stratified_80_20
75677,1,1,1.0,stratified_80_20
75685,1,1,1.0,stratified_80_20
75694,1,1,1.0,stratified_80_20
75695,1,1,1.0,stratified_80_20
75697,1,1,1.0,stratified_80_20
75698,1,1,1.0,stratified_80_20
75703,1,1,1.0,stratified_80_20
75705,1,1,1.0,stratified_80_20
75710,1,1,1.0,stratified_80_20
75721,0,0,0.0,stratified_80_20
75727,1,1,1.0,stratified_80_20
75728,0,0,0.0,stratified_80_20
75733,0,0,0.0,stratified_80_20
75744,1,1,1.0,stratified_80_20
75745,1,1,1.0,stratified_80_20
75746,1,1,1.0,stratified_80_20
75751,1,1,1.0,stratified_80_20
75781,1,1,1.0,stratified_80_20
75783,1,1,1.0,stratified_80_20
75786,1,1,1.0,stratified_80_20
75788,1,1,1.0,stratified_80_20
75798,1,1,1.0,stratified_80_20
75799,1,1,1.0,stratified_80_20
75807,1,1,1.0,stratified_80_20
75808,1,1,1.0,stratified_80_20
75812,1,1,1.0,stratified_80_20
75817,1,1,1.0,stratified_80_20
75818,1,1,1.0,stratified_80_20
75819,1,1,1.0,stratified_80_20
75821,0,0,0.0,stratified_80_20
75823,1,1,1.0,stratified_80_20
75825,1,1,1.0,stratified_80_20
75837,1,1,1.0,stratified_80_20
75846,1,1,1.0,stratified_80_20
75851,1,1,1.0,stratified_80_20
75859,1,1,1.0,stratified_80_20
75860,1,1,1.0,stratified_80_20
75862,1,1,1.0,stratified_80_20
75863,1,1,1.0,stratified_80_20
75865,1,1,1.0,stratified_80_20
75870,1,1,1.0,stratified_80_20
75873,1,1,1.0,stratified_80_20
75879,1,1,1.0,stratified_80_20
75883,1,1,1.0,stratified_80_20
75885,1,1,1.0,stratified_80_20
75887,1,1,1.0,stratified_80_20
75892,1,1,1.0,stratified_80_20
75904,1,1,1.0,stratified_80_20
75909,0,0,0.0,stratified_80_20
75912,1,1,1.0,stratified_80_20
75915,0,0,0.0,stratified_80_20
75919,1,1,1.0,stratified_80_20
75921,1,1,1.0,stratified_80_20
75931,1,1,1.0,stratified_80_20
75932,1,1,1.0,stratified_80_20
75933,1,1,1.0,stratified_80_20
75936,1,1,1.0,stratified_80_20
75944,1,1,1.0,stratified_80_20
75951,1,1,1.0,stratified_80_20
75955,1,1,1.0,stratified_80_20
75961,1,1,1.0,stratified_80_20
75962,1,1,1.0,stratified_80_20
75963,1,1,1.0,stratified_80_20
75965,1,1,1.0,stratified_80_20
75985,1,1,1.0,stratified_80_20
75989,1,1,1.0,stratified_80_20
75993,1,1,1.0,stratified_80_20
75995,1,1,1.0,stratified_80_20
75998,1,1,1.0,stratified_80_20
76001,1,1,1.0,stratified_80_20
76004,1,1,1.0,stratified_80_20
76011,1,1,1.0,stratified_80_20
76014,1,1,1.0,stratified_80_20
76018,1,1,1.0,stratified_80_20
76019,1,1,1.0,stratified_80_20
76037,1,1,1.0,stratified_80_20
76043,1,1,1.0,stratified_80_20
76048,0,0,0.0,stratified_80_20
76055,1,1,1.0,stratified_80_20
76056,1,1,1.0,stratified_80_20
76063,1,1,1.0,stratified_80_20
76066,1,1,1.0,stratified_80_20
76068,1,1,1.0,stratified_80_20
76076,1,1,1.0,stratified_80_20
76094,1,1,1.0,stratified_80_20
76095,0,0,0.0,stratified_80_20
76100,1,1,1.0,stratified_80_20
76108,1,1,1.0,stratified_80_20
76109,1,1,1.0,stratified_80_20
76111,0,0,0.0,stratified_80_20
76123,1,1,1.0,stratified_80_20
76130,1,1,1.0,stratified_80_20
76132,1,1,1.0,stratified_80_20
76133,1,1,1.0,stratified_80_20
76135,1,1,1.0,stratified_80_20
76137,1,1,1.0,stratified_80_20
76142,1,1,1.0,stratified_80_20
76144,1,1,1.0,stratified_80_20
76145,1,1,1.0,stratified_80_20
76146,1,1,1.0,stratified_80_20
76156,1,1,1.0,stratified_80_20
76164,1,1,1.0,stratified_80_20
76166,1,1,1.0,stratified_80_20
76178,1,1,1.0,stratified_80_20
76183,1,1,1.0,stratified_80_20
76195,1,1,1.0,stratified_80_20
76205,1,1,1.0,stratified_80_20
76206,1,1,1.0,stratified_80_20
76212,0,0,0.0,stratified_80_20
76218,1,1,1.0,stratified_80_20
76220,1,1,1.0,stratified_80_20
76228,1,1,1.0,stratified_80_20
76231,1,1,1.0,stratified_80_20
76240,1,1,1.0,stratified_80_20
76241,1,1,1.0,stratified_80_20
76249,1,1,1.0,stratified_80_20
76262,1,1,1.0,stratified_80_20
76264,1,1,1.0,stratified_80_20
76267,1,1,1.0,stratified_80_20
76268,1,1,1.0,stratified_80_20
76277,0,0,0.0,stratified_80_20
76278,1,1,1.0,stratified_80_20
76279,1,1,1.0,stratified_80_20
76281,1,1,1.0,stratified_80_20
76289,1,1,1.0,stratified_80_20
76290,0,0,0.0,stratified_80_20
76291,0,0,0.0,stratified_80_20
76292,1,1,1.0,stratified_80_20
76295,1,1,1.0,stratified_80_20
76309,1,1,1.0,stratified_80_20
76311,1,1,1.0,stratified_80_20
76312,1,1,1.0,stratified_80_20
76313,1,1,1.0,stratified_80_20
76319,1,1,1.0,stratified_80_20
76320,1,1,1.0,stratified_80_20
76321,1,1,1.0,stratified_80_20
76322,1,1,1.0,stratified_80_20
76327,1,1,1.0,stratified_80_20
76328,1,1,1.0,stratified_80_20
76333,1,1,1.0,stratified_80_20
76349,1,1,1.0,stratified_80_20
76354,1,1,1.0,stratified_80_20
76358,1,1,1.0,stratified_80_20
76359,1,1,1.0,stratified_80_20
76362,1,1,1.0,stratified_80_20
76363,1,1,1.0,stratified_80_20
76364,1,1,1.0,stratified_80_20
76366,1,1,1.0,stratified_80_20
76372,1,1,1.0,stratified_80_20
76382,1,1,1.0,stratified_80_20
76385,1,1,1.0,stratified_80_20
76387,1,1,1.0,stratified_80_20
76390,1,1,1.0,stratified_80_20
76391,1,1,1.0,stratified_80_20
76392,1,1,1.0,stratified_80_20
76396,1,1,1.0,stratified_80_20
76404,1,1,1.0,stratified_80_20
76412,1,1,1.0,stratified_80_20
76413,1,1,1.0,stratified_80_20
76419,1,1,1.0,stratified_80_20
76422,1,1,1.0,stratified_80_20
76423,1,1,1.0,stratified_80_20
76435,1,1,1.0,stratified_80_20
76440,1,1,1.0,stratified_80_20
76441,1,1,1.0,stratified_80_20
76442,1,1,1.0,stratified_80_20
76445,1,1,1.0,stratified_80_20
76458,1,1,1.0,stratified_80_20
76463,1,1,1.0,stratified_80_20
76466,1,1,1.0,stratified_80_20
76469,1,1,1.0,stratified_80_20
76471,0,0,0.0,stratified_80_20
76485,0,0,0.0,stratified_80_20
76486,1,1,1.0,stratified_80_20
76488,1,1,1.0,stratified_80_20
76489,1,1,1.0,stratified_80_20
76492,1,1,1.0,stratified_80_20
76497,1,1,1.0,stratified_80_20
76499,1,1,1.0,stratified_80_20
76500,1,1,1.0,stratified_80_20
76506,1,1,1.0,stratified_80_20
76514,1,1,1.0,stratified_80_20
76515,1,1,1.0,stratified_80_20
76520,1,1,1.0,stratified_80_20
76522,1,1,1.0,stratified_80_20
76525,1,1,1.0,stratified_80_20
76526,1,1,1.0,stratified_80_20
76539,1,1,1.0,stratified_80_20
76540,1,1,1.0,stratified_80_20
76555,1,1,1.0,stratified_80_20
76559,1,1,1.0,stratified_80_20
76587,1,1,1.0,stratified_80_20
76594,1,1,1.0,stratified_80_20
76597,1,1,1.0,stratified_80_20
76599,1,1,1.0,stratified_80_20
76601,1,1,1.0,stratified_80_20
76614,1,1,1.0,stratified_80_20
76617,1,1,1.0,stratified_80_20
76618,1,1,1.0,stratified_80_20
76628,1,1,1.0,stratified_80_20
76633,0,0,0.0,stratified_80_20
76635,0,0,0.0,stratified_80_20
76637,0,0,0.0,stratified_80_20
76639,0,0,0.0,stratified_80_20
76641,1,1,1.0,stratified_80_20
76643,1,1,1.0,stratified_80_20
76667,1,1,1.0,stratified_80_20
76673,1,1,1.0,stratified_80_20
76675,1,1,1.0,stratified_80_20
76683,1,1,1.0,stratified_80_20
76693,1,1,1.0,stratified_80_20
76702,1,1,1.0,stratified_80_20
76703,1,1,1.0,stratified_80_20
76710,1,1,1.0,stratified_80_20
76721,1,1,1.0,stratified_80_20
76723,1,1,1.0,stratified_80_20
76725,1,1,1.0,stratified_80_20
76726,1,1,1.0,stratified_80_20
76733,1,1,1.0,stratified_80_20
76747,1,1,1.0,stratified_80_20
76750,1,1,1.0,stratified_80_20
76754,1,1,1.0,stratified_80_20
76755,1,1,1.0,stratified_80_20
76771,1,1,1.0,stratified_80_20
76773,1,1,1.0,stratified_80_20
76774,1,1,1.0,stratified_80_20
76780,1,1,1.0,stratified_80_20
76784,1,1,1.0,stratified_80_20
76797,1,1,1.0,stratified_80_20
76802,1,1,1.0,stratified_80_20
76805,1,1,1.0,stratified_80_20
76809,1,1,1.0,stratified_80_20
76810,0,0,0.0,stratified_80_20
76813,1,1,1.0,stratified_80_20
76819,1,1,1.0,stratified_80_20
76837,1,1,1.0,stratified_80_20
76844,1,1,1.0,stratified_80_20
76847,1,1,1.0,stratified_80_20
76857,1,1,1.0,stratified_80_20
76858,1,1,1.0,stratified_80_20
76859,1,1,1.0,stratified_80_20
76864,0,0,0.0,stratified_80_20
76866,1,1,1.0,stratified_80_20
76868,1,1,1.0,stratified_80_20
76870,1,1,1.0,stratified_80_20
76878,1,1,1.0,stratified_80_20
76886,1,1,1.0,stratified_80_20
76888,1,1,1.0,stratified_80_20
76890,1,1,1.0,stratified_80_20
76901,1,1,1.0,stratified_80_20
76908,1,1,1.0,stratified_80_20
76909,1,1,1.0,stratified_80_20
76911,1,1,1.0,stratified_80_20
76914,1,1,1.0,stratified_80_20
76916,1,1,1.0,stratified_80_20
76919,1,1,1.0,stratified_80_20
76921,1,1,1.0,stratified_80_20
76927,1,1,1.0,stratified_80_20
76929,1,1,1.0,stratified_80_20
76932,1,1,1.0,stratified_80_20
76940,1,1,1.0,stratified_80_20
76949,1,1,1.0,stratified_80_20
76961,1,1,1.0,stratified_80_20
76965,1,1,1.0,stratified_80_20
76969,1,1,1.0,stratified_80_20
76971,1,1,1.0,stratified_80_20
76973,1,1,1.0,stratified_80_20
76981,1,1,1.0,stratified_80_20
76983,1,1,1.0,stratified_80_20
76995,0,0,0.0,stratified_80_20
76997,0,0,0.0,stratified_80_20
76998,1,1,1.0,stratified_80_20
76999,1,1,1.0,stratified_80_20
77006,1,1,1.0,stratified_80_20
77008,1,1,1.0,stratified_80_20
77019,0,0,0.0,stratified_80_20
77021,1,1,1.0,stratified_80_20
77046,1,1,1.0,stratified_80_20
77055,1,1,1.0,stratified_80_20
77061,1,1,1.0,stratified_80_20
77062,1,1,1.0,stratified_80_20
77063,1,1,1.0,stratified_80_20
77065,1,1,1.0,stratified_80_20
77066,1,1,1.0,stratified_80_20
77073,1,1,1.0,stratified_80_20
77079,1,1,1.0,stratified_80_20
77089,1,1,1.0,stratified_80_20
77091,1,1,1.0,stratified_80_20
77096,1,1,1.0,stratified_80_20
77114,1,1,1.0,stratified_80_20
77115,1,1,1.0,stratified_80_20
77124,1,1,1.0,stratified_80_20
77126,1,1,1.0,stratified_80_20
77129,1,1,1.0,stratified_80_20
77138,1,1,1.0,stratified_80_20
77139,1,1,1.0,stratified_80_20
77155,1,1,1.0,stratified_80_20
77159,1,1,1.0,stratified_80_20
77164,1,1,1.0,stratified_80_20
77166,1,1,1.0,stratified_80_20
77175,1,1,1.0,stratified_80_20
77176,0,0,0.0,stratified_80_20
77183,1,1,1.0,stratified_80_20
77190,1,1,1.0,stratified_80_20
77196,1,1,1.0,stratified_80_20
77199,1,1,1.0,stratified_80_20
77202,1,1,1.0,stratified_80_20
77203,1,1,1.0,stratified_80_20
77204,1,1,1.0,stratified_80_20
77205,1,1,1.0,stratified_80_20
77206,1,1,1.0,stratified_80_20
77213,1,1,1.0,stratified_80_20
77219,1,1,1.0,stratified_80_20
77221,1,1,1.0,stratified_80_20
77235,1,1,1.0,stratified_80_20
77236,1,1,1.0,stratified_80_20
77238,1,1,1.0,stratified_80_20
77240,1,1,1.0,stratified_80_20
77243,1,1,1.0,stratified_80_20
77245,1,1,1.0,stratified_80_20
77249,1,1,1.0,stratified_80_20
77255,1,1,1.0,stratified_80_20
77256,1,1,1.0,stratified_80_20
77259,1,1,1.0,stratified_80_20
77262,1,1,1.0,stratified_80_20
77270,1,1,1.0,stratified_80_20
77272,1,1,1.0,stratified_80_20
77273,1,1,1.0,stratified_80_20
77280,1,1,1.0,stratified_80_20
77287,1,1,1.0,stratified_80_20
77293,1,1,1.0,stratified_80_20
77295,1,1,1.0,stratified_80_20
77300,1,1,1.0,stratified_80_20
77313,1,1,1.0,stratified_80_20
77314,1,1,1.0,stratified_80_20
77320,1,1,1.0,stratified_80_20
77324,1,1,1.0,stratified_80_20
77327,1,1,1.0,stratified_80_20
77328,1,1,1.0,stratified_80_20
77331,1,1,1.0,stratified_80_20
77332,1,1,1.0,stratified_80_20
77335,1,1,1.0,stratified_80_20
77373,0,0,0.0,stratified_80_20
77374,0,0,0.0,stratified_80_20
77377,1,1,1.0,stratified_80_20
77382,1,1,1.0,stratified_80_20
77384,1,1,1.0,stratified_80_20
77393,1,1,1.0,stratified_80_20
77400,1,1,1.0,stratified_80_20
77402,1,1,1.0,stratified_80_20
77403,1,1,1.0,stratified_80_20
77407,1,1,1.0,stratified_80_20
77409,1,1,1.0,stratified_80_20
77414,1,1,1.0,stratified_80_20
77415,1,1,1.0,stratified_80_20
77422,1,1,1.0,stratified_80_20
77426,1,1,1.0,stratified_80_20
77443,1,1,1.0,stratified_80_20
77456,1,1,1.0,stratified_80_20
77457,1,1,1.0,stratified_80_20
77464,1,1,1.0,stratified_80_20
77480,1,1,1.0,stratified_80_20
77481,1,1,1.0,stratified_80_20
77483,1,1,1.0,stratified_80_20
77485,1,1,1.0,stratified_80_20
77486,1,1,1.0,stratified_80_20
77495,1,1,1.0,stratified_80_20
77496,1,1,1.0,stratified_80_20
77503,1,1,1.0,stratified_80_20
77505,1,1,1.0,stratified_80_20
77509,1,1,1.0,stratified_80_20
77512,1,1,1.0,stratified_80_20
77516,1,1,1.0,stratified_80_20
77520,1,1,1.0,stratified_80_20
77526,1,1,1.0,stratified_80_20
77529,1,1,1.0,stratified_80_20
77532,1,1,1.0,stratified_80_20
77536,1,1,1.0,stratified_80_20
77537,1,1,1.0,stratified_80_20
77540,0,0,0.0,stratified_80_20
77549,1,1,1.0,stratified_80_20
77552,1,1,1.0,stratified_80_20
77557,1,1,1.0,stratified_80_20
77559,1,1,1.0,stratified_80_20
77567,1,1,1.0,stratified_80_20
77568,1,1,1.0,stratified_80_20
77571,1,1,1.0,stratified_80_20
77573,1,1,1.0,stratified_80_20
77574,1,1,1.0,stratified_80_20
77575,1,1,1.0,stratified_80_20
77591,1,1,1.0,stratified_80_20
77592,1,1,1.0,stratified_80_20
77600,1,1,1.0,stratified_80_20
77602,1,1,1.0,stratified_80_20
77608,1,1,1.0,stratified_80_20
77611,1,1,1.0,stratified_80_20
77613,1,1,1.0,stratified_80_20
77615,1,1,1.0,stratified_80_20
77618,1,1,1.0,stratified_80_20
77621,1,1,1.0,stratified_80_20
77635,1,1,1.0,stratified_80_20
77636,1,1,1.0,stratified_80_20
77639,1,1,1.0,stratified_80_20
77647,1,1,1.0,stratified_80_20
77650,1,1,1.0,stratified_80_20
77654,1,1,1.0,stratified_80_20
77656,1,1,1.0,stratified_80_20
77659,1,1,1.0,stratified_80_20
77671,1,1,1.0,stratified_80_20
77680,1,1,1.0,stratified_80_20
77683,1,1,1.0,stratified_80_20
77690,1,1,1.0,stratified_80_20
77693,1,1,1.0,stratified_80_20
77697,1,1,1.0,stratified_80_20
77701,1,1,1.0,stratified_80_20
77703,1,1,1.0,stratified_80_20
77705,1,1,1.0,stratified_80_20
77715,1,1,1.0,stratified_80_20
77720,0,0,0.0,stratified_80_20
77722,1,1,1.0,stratified_80_20
77730,1,1,1.0,stratified_80_20
77755,1,1,1.0,stratified_80_20
77760,1,1,1.0,stratified_80_20
77764,1,1,1.0,stratified_80_20
77771,1,1,1.0,stratified_80_20
77783,1,1,1.0,stratified_80_20
77786,1,1,1.0,stratified_80_20
77789,1,1,1.0,stratified_80_20
77799,1,1,1.0,stratified_80_20
77814,1,1,1.0,stratified_80_20
77815,1,1,1.0,stratified_80_20
77828,1,1,1.0,stratified_80_20
77840,1,1,1.0,stratified_80_20
77846,1,1,1.0,stratified_80_20
77854,0,0,0.0,stratified_80_20
77856,1,1,1.0,stratified_80_20
77889,1,1,1.0,stratified_80_20
77891,1,1,1.0,stratified_80_20
77898,0,0,0.0,stratified_80_20
77910,1,1,1.0,stratified_80_20
77912,1,1,1.0,stratified_80_20
77913,1,1,1.0,stratified_80_20
77928,1,1,1.0,stratified_80_20
77930,1,1,1.0,stratified_80_20
77934,1,1,1.0,stratified_80_20
77939,1,1,1.0,stratified_80_20
77944,1,1,1.0,stratified_80_20
77945,1,1,1.0,stratified_80_20
77953,1,1,1.0,stratified_80_20
77968,1,1,1.0,stratified_80_20
77978,1,1,1.0,stratified_80_20
77980,1,1,1.0,stratified_80_20
77984,1,1,1.0,stratified_80_20
77988,1,1,1.0,stratified_80_20
77989,1,1,1.0,stratified_80_20
77992,1,1,1.0,stratified_80_20
77995,1,1,1.0,stratified_80_20
77998,1,1,1.0,stratified_80_20
78006,1,1,1.0,stratified_80_20
78007,1,1,1.0,stratified_80_20
78012,1,1,1.0,stratified_80_20
78013,1,1,1.0,stratified_80_20
78024,1,1,1.0,stratified_80_20
78026,1,1,1.0,stratified_80_20
78028,1,1,1.0,stratified_80_20
78030,1,1,1.0,stratified_80_20
78038,1,1,1.0,stratified_80_20
78044,1,1,1.0,stratified_80_20
78045,1,1,1.0,stratified_80_20
78049,1,1,1.0,stratified_80_20
78054,1,1,1.0,stratified_80_20
78058,1,1,1.0,stratified_80_20
78060,1,1,1.0,stratified_80_20
78063,1,1,1.0,stratified_80_20
78068,1,1,1.0,stratified_80_20
78069,1,1,1.0,stratified_80_20
78076,1,1,1.0,stratified_80_20
78082,0,0,0.0,stratified_80_20
78087,1,1,1.0,stratified_80_20
78091,1,1,1.0,stratified_80_20
78092,0,0,0.0,stratified_80_20
78093,0,0,0.0,stratified_80_20
78097,1,1,1.0,stratified_80_20
78100,1,1,1.0,stratified_80_20
78107,1,1,1.0,stratified_80_20
78111,1,1,1.0,stratified_80_20
78112,1,1,1.0,stratified_80_20
78113,1,1,1.0,stratified_80_20
78116,1,1,1.0,stratified_80_20
78122,1,1,1.0,stratified_80_20
78125,1,1,1.0,stratified_80_20
78127,1,1,1.0,stratified_80_20
78128,1,1,1.0,stratified_80_20
78130,1,1,1.0,stratified_80_20
78142,1,1,1.0,stratified_80_20
78145,1,1,1.0,stratified_80_20
78151,1,1,1.0,stratified_80_20
78157,1,1,1.0,stratified_80_20
78165,1,1,1.0,stratified_80_20
78166,1,1,1.0,stratified_80_20
78168,1,1,1.0,stratified_80_20
78169,1,1,1.0,stratified_80_20
78174,1,1,1.0,stratified_80_20
78178,1,1,1.0,stratified_80_20
78182,1,1,1.0,stratified_80_20
78185,1,1,1.0,stratified_80_20
78189,1,1,1.0,stratified_80_20
78190,1,1,1.0,stratified_80_20
78191,1,1,1.0,stratified_80_20
78193,1,1,1.0,stratified_80_20
78195,1,1,1.0,stratified_80_20
78200,1,1,1.0,stratified_80_20
78201,1,1,1.0,stratified_80_20
78202,1,1,1.0,stratified_80_20
78203,1,1,1.0,stratified_80_20
78209,1,1,1.0,stratified_80_20
78217,1,1,1.0,stratified_80_20
78218,1,1,1.0,stratified_80_20
78220,1,1,1.0,stratified_80_20
78249,1,1,1.0,stratified_80_20
78250,1,1,1.0,stratified_80_20
78254,0,0,0.0,stratified_80_20
78264,1,1,1.0,stratified_80_20
78273,0,0,0.0,stratified_80_20
78274,0,0,0.0,stratified_80_20
78280,1,1,1.0,stratified_80_20
78284,1,1,1.0,stratified_80_20
78291,1,1,1.0,stratified_80_20
78292,1,1,1.0,stratified_80_20
78295,1,1,1.0,stratified_80_20
78301,1,1,1.0,stratified_80_20
78304,1,1,1.0,stratified_80_20
78306,1,1,1.0,stratified_80_20
78316,1,1,1.0,stratified_80_20
78327,1,1,1.0,stratified_80_20
78333,1,1,1.0,stratified_80_20
78335,1,1,1.0,stratified_80_20
78340,1,1,1.0,stratified_80_20
78356,1,1,1.0,stratified_80_20
78359,1,1,1.0,stratified_80_20
78371,1,1,1.0,stratified_80_20
78377,1,1,1.0,stratified_80_20
78378,1,1,1.0,stratified_80_20
78382,1,1,1.0,stratified_80_20
78383,1,1,1.0,stratified_80_20
78388,1,1,1.0,stratified_80_20
78392,1,1,1.0,stratified_80_20
78400,1,1,1.0,stratified_80_20
78403,1,1,1.0,stratified_80_20
78404,0,0,0.0,stratified_80_20
78409,1,1,1.0,stratified_80_20
78410,1,1,1.0,stratified_80_20
78413,1,1,1.0,stratified_80_20
78416,1,1,1.0,stratified_80_20
78419,1,1,1.0,stratified_80_20
78420,1,1,1.0,stratified_80_20
78424,1,1,1.0,stratified_80_20
78426,1,1,1.0,stratified_80_20
78429,1,1,1.0,stratified_80_20
78431,1,1,1.0,stratified_80_20
78441,1,1,1.0,stratified_80_20
78447,1,1,1.0,stratified_80_20
78452,1,1,1.0,stratified_80_20
78455,1,1,1.0,stratified_80_20
78467,1,1,1.0,stratified_80_20
78468,1,1,1.0,stratified_80_20
78469,1,1,1.0,stratified_80_20
78471,1,1,1.0,stratified_80_20
78482,1,1,1.0,stratified_80_20
78483,1,1,1.0,stratified_80_20
78485,1,1,1.0,stratified_80_20
78490,1,1,1.0,stratified_80_20
78492,1,1,1.0,stratified_80_20
78504,1,1,1.0,stratified_80_20
78508,1,1,1.0,stratified_80_20
78510,1,1,1.0,stratified_80_20
78518,1,1,1.0,stratified_80_20
78532,1,1,1.0,stratified_80_20
78537,1,1,1.0,stratified_80_20
78547,1,1,1.0,stratified_80_20
78551,1,1,1.0,stratified_80_20
78561,1,1,1.0,stratified_80_20
78562,1,1,1.0,stratified_80_20
78566,1,1,1.0,stratified_80_20
78568,1,1,1.0,stratified_80_20
78569,1,1,1.0,stratified_80_20
78571,1,1,1.0,stratified_80_20
78586,1,1,1.0,stratified_80_20
78601,1,1,1.0,stratified_80_20
78607,1,1,1.0,stratified_80_20
78632,1,1,1.0,stratified_80_20
78635,0,0,0.0,stratified_80_20
78638,1,1,1.0,stratified_80_20
78640,1,1,1.0,stratified_80_20
78646,1,1,1.0,stratified_80_20
78648,1,1,1.0,stratified_80_20
78655,1,1,1.0,stratified_80_20
78656,1,1,1.0,stratified_80_20
78674,1,1,1.0,stratified_80_20
78679,1,1,1.0,stratified_80_20
78683,1,1,1.0,stratified_80_20
78688,1,1,1.0,stratified_80_20
78693,1,1,1.0,stratified_80_20
78715,1,1,1.0,stratified_80_20
78717,1,1,1.0,stratified_80_20
78719,1,1,1.0,stratified_80_20
78720,1,1,1.0,stratified_80_20
78738,1,1,1.0,stratified_80_20
78740,1,1,1.0,stratified_80_20
78742,1,1,1.0,stratified_80_20
78744,1,1,1.0,stratified_80_20
78753,1,1,1.0,stratified_80_20
78758,1,1,1.0,stratified_80_20
78762,1,1,1.0,stratified_80_20
78767,1,1,1.0,stratified_80_20
78774,1,1,1.0,stratified_80_20
78780,1,1,1.0,stratified_80_20
78784,1,1,1.0,stratified_80_20
78789,1,1,1.0,stratified_80_20
78791,0,0,0.0,stratified_80_20
78801,0,0,0.0,stratified_80_20
78808,1,1,1.0,stratified_80_20
78810,1,1,1.0,stratified_80_20
78813,1,1,1.0,stratified_80_20
78815,1,1,1.0,stratified_80_20
78820,1,1,1.0,stratified_80_20
78821,1,1,1.0,stratified_80_20
78822,1,1,1.0,stratified_80_20
78825,1,1,1.0,stratified_80_20
78827,1,1,1.0,stratified_80_20
78829,1,1,1.0,stratified_80_20
78838,1,1,1.0,stratified_80_20
78840,1,1,1.0,stratified_80_20
78841,1,1,1.0,stratified_80_20
78847,1,1,1.0,stratified_80_20
78848,1,1,1.0,stratified_80_20
78854,1,1,1.0,stratified_80_20
78873,1,1,1.0,stratified_80_20
78875,1,1,1.0,stratified_80_20
78876,1,1,1.0,stratified_80_20
78884,1,1,1.0,stratified_80_20
78885,1,1,1.0,stratified_80_20
78886,1,1,1.0,stratified_80_20
78888,1,1,1.0,stratified_80_20
78896,1,1,1.0,stratified_80_20
78900,1,1,1.0,stratified_80_20
78908,1,1,1.0,stratified_80_20
78913,1,1,1.0,stratified_80_20
78927,1,1,1.0,stratified_80_20
78930,1,1,1.0,stratified_80_20
78932,1,1,1.0,stratified_80_20
78940,1,1,1.0,stratified_80_20
78941,1,1,1.0,stratified_80_20
78946,1,1,1.0,stratified_80_20
78947,1,1,1.0,stratified_80_20
78948,1,1,1.0,stratified_80_20
78953,1,1,1.0,stratified_80_20
78958,1,1,1.0,stratified_80_20
78959,1,1,1.0,stratified_80_20
78963,1,1,1.0,stratified_80_20
78967,1,1,1.0,stratified_80_20
78970,1,1,1.0,stratified_80_20
78973,1,1,1.0,stratified_80_20
78974,1,1,1.0,stratified_80_20
78978,1,1,1.0,stratified_80_20
78979,0,0,0.0,stratified_80_20
78981,0,0,0.0,stratified_80_20
78988,1,1,1.0,stratified_80_20
78992,1,1,1.0,stratified_80_20
79006,1,1,1.0,stratified_80_20
79013,1,1,1.0,stratified_80_20
79014,1,1,1.0,stratified_80_20
79018,1,1,1.0,stratified_80_20
79025,1,1,1.0,stratified_80_20
79033,1,1,1.0,stratified_80_20
79035,1,1,1.0,stratified_80_20
79037,1,1,1.0,stratified_80_20
79038,1,1,1.0,stratified_80_20
79047,1,1,1.0,stratified_80_20
79056,1,1,1.0,stratified_80_20
79057,1,1,1.0,stratified_80_20
79067,1,1,1.0,stratified_80_20
79070,1,1,1.0,stratified_80_20
79071,1,1,1.0,stratified_80_20
79072,1,1,1.0,stratified_80_20
79081,1,1,1.0,stratified_80_20
79086,1,1,1.0,stratified_80_20
79090,1,1,1.0,stratified_80_20
79091,1,1,1.0,stratified_80_20
79093,1,1,1.0,stratified_80_20
79098,1,1,1.0,stratified_80_20
79099,1,1,1.0,stratified_80_20
79108,1,1,1.0,stratified_80_20
79114,1,1,1.0,stratified_80_20
79120,1,1,1.0,stratified_80_20
79121,1,1,1.0,stratified_80_20
79138,1,1,1.0,stratified_80_20
79144,1,1,1.0,stratified_80_20
79150,1,1,1.0,stratified_80_20
79158,1,1,1.0,stratified_80_20
79164,1,1,1.0,stratified_80_20
79166,1,1,1.0,stratified_80_20
79174,1,1,1.0,stratified_80_20
79178,1,1,1.0,stratified_80_20
79183,1,1,1.0,stratified_80_20
79185,1,1,1.0,stratified_80_20
79190,1,1,1.0,stratified_80_20
79195,1,1,1.0,stratified_80_20
79197,1,1,1.0,stratified_80_20
79201,1,1,1.0,stratified_80_20
79205,1,1,1.0,stratified_80_20
79206,1,1,1.0,stratified_80_20
79208,1,1,1.0,stratified_80_20
79212,1,1,1.0,stratified_80_20
79219,1,1,1.0,stratified_80_20
79228,0,0,0.0,stratified_80_20
79244,1,1,1.0,stratified_80_20
79248,1,1,1.0,stratified_80_20
79257,1,1,1.0,stratified_80_20
79258,1,1,1.0,stratified_80_20
79266,1,1,1.0,stratified_80_20
79267,1,1,1.0,stratified_80_20
79270,1,1,1.0,stratified_80_20
79278,1,1,1.0,stratified_80_20
79279,1,1,1.0,stratified_80_20
79286,1,1,1.0,stratified_80_20
79293,1,1,1.0,stratified_80_20
79294,1,1,1.0,stratified_80_20
79296,1,1,1.0,stratified_80_20
79297,1,1,1.0,stratified_80_20
79299,0,0,0.0,stratified_80_20
79312,1,1,1.0,stratified_80_20
79325,1,1,1.0,stratified_80_20
79329,1,1,1.0,stratified_80_20
79330,1,1,1.0,stratified_80_20
79335,0,0,0.0,stratified_80_20
79338,1,1,1.0,stratified_80_20
79343,0,0,0.0,stratified_80_20
79345,1,1,1.0,stratified_80_20
79350,0,0,0.0,stratified_80_20
79354,1,1,1.0,stratified_80_20
79359,1,1,1.0,stratified_80_20
79361,1,1,1.0,stratified_80_20
79363,1,1,1.0,stratified_80_20
79373,1,1,1.0,stratified_80_20
79380,1,1,1.0,stratified_80_20
79386,1,1,1.0,stratified_80_20
79393,1,1,1.0,stratified_80_20
79394,1,1,1.0,stratified_80_20
79409,1,1,1.0,stratified_80_20
79414,1,1,1.0,stratified_80_20
79421,1,1,1.0,stratified_80_20
79422,1,1,1.0,stratified_80_20
79426,1,1,1.0,stratified_80_20
79443,1,1,1.0,stratified_80_20
79445,1,1,1.0,stratified_80_20
79446,1,1,1.0,stratified_80_20
79454,1,1,1.0,stratified_80_20
79457,1,1,1.0,stratified_80_20
79464,1,1,1.0,stratified_80_20
79471,1,1,1.0,stratified_80_20
79477,1,1,1.0,stratified_80_20
79478,1,1,1.0,stratified_80_20
79485,1,1,1.0,stratified_80_20
79492,0,0,0.0,stratified_80_20
79494,1,1,1.0,stratified_80_20
79496,1,1,1.0,stratified_80_20
79505,1,1,1.0,stratified_80_20
79506,1,1,1.0,stratified_80_20
79518,0,0,0.0,stratified_80_20
79528,1,1,1.0,stratified_80_20
79545,1,1,1.0,stratified_80_20
79552,1,1,1.0,stratified_80_20
79558,1,1,1.0,stratified_80_20
79561,1,1,1.0,stratified_80_20
79565,1,1,1.0,stratified_80_20
79574,1,1,1.0,stratified_80_20
79576,1,1,1.0,stratified_80_20
79588,1,1,1.0,stratified_80_20
79596,1,1,1.0,stratified_80_20
79597,1,1,1.0,stratified_80_20
79624,1,1,1.0,stratified_80_20
79626,1,1,1.0,stratified_80_20
79628,1,1,1.0,stratified_80_20
79631,1,1,1.0,stratified_80_20
79632,1,1,1.0,stratified_80_20
79637,1,1,1.0,stratified_80_20
79639,1,1,1.0,stratified_80_20
79642,1,1,1.0,stratified_80_20
79646,1,1,1.0,stratified_80_20
79647,1,1,1.0,stratified_80_20
79657,1,1,1.0,stratified_80_20
79669,1,1,1.0,stratified_80_20
79670,1,1,1.0,stratified_80_20
79672,1,1,1.0,stratified_80_20
79677,1,1,1.0,stratified_80_20
79682,1,1,1.0,stratified_80_20
79692,1,1,1.0,stratified_80_20
79710,1,1,1.0,stratified_80_20
79714,1,1,1.0,stratified_80_20
79722,1,1,1.0,stratified_80_20
79723,1,1,1.0,stratified_80_20
79725,1,1,1.0,stratified_80_20
79726,1,1,1.0,stratified_80_20
79731,1,1,1.0,stratified_80_20
79741,1,1,1.0,stratified_80_20
79746,1,1,1.0,stratified_80_20
79747,1,1,1.0,stratified_80_20
79750,1,1,1.0,stratified_80_20
79760,1,1,1.0,stratified_80_20
79765,1,1,1.0,stratified_80_20
79766,1,1,1.0,stratified_80_20
79769,1,1,1.0,stratified_80_20
79774,1,1,1.0,stratified_80_20
79782,1,1,1.0,stratified_80_20
79786,1,1,1.0,stratified_80_20
79793,1,1,1.0,stratified_80_20
79796,1,1,1.0,stratified_80_20
79798,1,1,1.0,stratified_80_20
79809,1,1,1.0,stratified_80_20
79816,1,1,1.0,stratified_80_20
79818,1,1,1.0,stratified_80_20
79823,1,1,1.0,stratified_80_20
79827,1,1,1.0,stratified_80_20
79847,1,1,1.0,stratified_80_20
79853,1,1,1.0,stratified_80_20
79857,1,1,1.0,stratified_80_20
79867,1,1,1.0,stratified_80_20
79873,1,1,1.0,stratified_80_20
79874,1,1,1.0,stratified_80_20
79875,1,1,1.0,stratified_80_20
79879,1,1,1.0,stratified_80_20
79884,1,1,1.0,stratified_80_20
79900,0,0,0.0,stratified_80_20
79909,1,1,1.0,stratified_80_20
79916,1,1,1.0,stratified_80_20
79919,1,1,1.0,stratified_80_20
79928,1,1,1.0,stratified_80_20
79929,1,1,1.0,stratified_80_20
79932,1,1,1.0,stratified_80_20
79935,1,1,1.0,stratified_80_20
79937,1,1,1.0,stratified_80_20
79939,1,1,1.0,stratified_80_20
79940,1,1,1.0,stratified_80_20
79950,1,1,1.0,stratified_80_20
79951,1,1,1.0,stratified_80_20
79963,1,1,1.0,stratified_80_20
79965,1,1,1.0,stratified_80_20
79968,1,1,1.0,stratified_80_20
79970,1,1,1.0,stratified_80_20
79992,1,1,1.0,stratified_80_20
80000,1,1,1.0,stratified_80_20
80005,1,1,1.0,stratified_80_20
80014,1,1,1.0,stratified_80_20
80018,1,1,1.0,stratified_80_20
80028,1,1,1.0,stratified_80_20
80036,1,1,1.0,stratified_80_20
80039,1,1,1.0,stratified_80_20
80042,1,1,1.0,stratified_80_20
80045,1,1,1.0,stratified_80_20
80055,1,1,1.0,stratified_80_20
80057,1,1,1.0,stratified_80_20
80063,0,0,0.0,stratified_80_20
80067,0,0,0.0,stratified_80_20
80073,1,1,1.0,stratified_80_20
80076,1,1,1.0,stratified_80_20
80083,1,1,1.0,stratified_80_20
80084,1,1,1.0,stratified_80_20
80086,1,1,1.0,stratified_80_20
80087,1,1,1.0,stratified_80_20
80093,1,1,1.0,stratified_80_20
80104,1,1,1.0,stratified_80_20
80108,1,1,1.0,stratified_80_20
80111,1,1,1.0,stratified_80_20
80125,1,1,1.0,stratified_80_20
80127,1,1,1.0,stratified_80_20
80128,1,1,1.0,stratified_80_20
80132,1,1,1.0,stratified_80_20
80140,1,1,1.0,stratified_80_20
80143,1,1,1.0,stratified_80_20
80151,1,1,1.0,stratified_80_20
80152,1,1,1.0,stratified_80_20
80155,1,1,1.0,stratified_80_20
80172,1,1,1.0,stratified_80_20
80173,1,1,1.0,stratified_80_20
80177,1,1,1.0,stratified_80_20
80182,1,1,1.0,stratified_80_20
80183,1,1,1.0,stratified_80_20
80191,1,1,1.0,stratified_80_20
80192,1,1,1.0,stratified_80_20
80195,1,1,1.0,stratified_80_20
80198,1,1,1.0,stratified_80_20
80201,1,1,1.0,stratified_80_20
80209,1,1,1.0,stratified_80_20
80213,1,1,1.0,stratified_80_20
80215,1,1,1.0,stratified_80_20
80224,1,1,1.0,stratified_80_20
80225,1,1,1.0,stratified_80_20
80230,1,1,1.0,stratified_80_20
80231,1,1,1.0,stratified_80_20
80232,1,1,1.0,stratified_80_20
80240,1,1,1.0,stratified_80_20
80243,0,0,0.0,stratified_80_20
80248,0,0,0.0,stratified_80_20
80253,1,1,1.0,stratified_80_20
80255,1,1,1.0,stratified_80_20
80269,1,1,1.0,stratified_80_20
80271,1,1,1.0,stratified_80_20
80283,1,1,1.0,stratified_80_20
80287,1,1,1.0,stratified_80_20
80288,1,1,1.0,stratified_80_20
80299,1,1,1.0,stratified_80_20
80303,1,1,1.0,stratified_80_20
80313,1,1,1.0,stratified_80_20
80321,1,1,1.0,stratified_80_20
80324,1,1,1.0,stratified_80_20
80329,1,1,1.0,stratified_80_20
80333,1,1,1.0,stratified_80_20
80335,1,1,1.0,stratified_80_20
80348,1,1,1.0,stratified_80_20
80349,1,1,1.0,stratified_80_20
80351,1,1,1.0,stratified_80_20
80354,1,1,1.0,stratified_80_20
80361,1,1,1.0,stratified_80_20
80365,1,1,1.0,stratified_80_20
80374,1,1,1.0,stratified_80_20
80376,1,1,1.0,stratified_80_20
80379,1,1,1.0,stratified_80_20
80382,1,1,1.0,stratified_80_20
80384,1,1,1.0,stratified_80_20
80385,1,1,1.0,stratified_80_20
80386,1,1,1.0,stratified_80_20
80387,1,1,1.0,stratified_80_20
80404,1,1,1.0,stratified_80_20
80406,1,1,1.0,stratified_80_20
80410,1,1,1.0,stratified_80_20
80413,1,1,1.0,stratified_80_20
80414,1,1,1.0,stratified_80_20
80416,1,1,1.0,stratified_80_20
80420,1,1,1.0,stratified_80_20
80427,0,0,0.0,stratified_80_20
80439,0,0,0.0,stratified_80_20
80440,0,0,0.0,stratified_80_20
80448,1,1,1.0,stratified_80_20
80449,1,1,1.0,stratified_80_20
80458,1,1,1.0,stratified_80_20
80461,1,1,1.0,stratified_80_20
80462,1,1,1.0,stratified_80_20
80464,1,1,1.0,stratified_80_20
80467,1,1,1.0,stratified_80_20
80471,1,1,1.0,stratified_80_20
80472,1,1,1.0,stratified_80_20
80479,1,1,1.0,stratified_80_20
80487,1,1,1.0,stratified_80_20
80488,1,1,1.0,stratified_80_20
80494,1,1,1.0,stratified_80_20
80496,1,1,1.0,stratified_80_20
80497,1,1,1.0,stratified_80_20
80506,1,1,1.0,stratified_80_20
80508,1,1,1.0,stratified_80_20
80509,1,1,1.0,stratified_80_20
80510,1,1,1.0,stratified_80_20
80514,1,1,1.0,stratified_80_20
80527,1,1,1.0,stratified_80_20
80533,1,1,1.0,stratified_80_20
80535,1,1,1.0,stratified_80_20
80536,1,1,1.0,stratified_80_20
80538,1,1,1.0,stratified_80_20
80543,1,1,1.0,stratified_80_20
80545,1,1,1.0,stratified_80_20
80547,1,1,1.0,stratified_80_20
80548,1,1,1.0,stratified_80_20
80550,1,1,1.0,stratified_80_20
80556,1,1,1.0,stratified_80_20
80564,1,1,1.0,stratified_80_20
80572,1,1,1.0,stratified_80_20
80575,1,1,1.0,stratified_80_20
80578,1,1,1.0,stratified_80_20
80585,1,1,1.0,stratified_80_20
80595,1,1,1.0,stratified_80_20
80596,1,1,1.0,stratified_80_20
80597,0,0,0.0,stratified_80_20
80600,1,1,1.0,stratified_80_20
80602,0,0,0.0,stratified_80_20
80611,1,1,1.0,stratified_80_20
80616,1,1,1.0,stratified_80_20
80617,1,1,1.0,stratified_80_20
80618,1,1,1.0,stratified_80_20
80619,1,1,1.0,stratified_80_20
80622,1,1,1.0,stratified_80_20
80629,1,1,1.0,stratified_80_20
80630,1,1,1.0,stratified_80_20
80632,1,1,1.0,stratified_80_20
80639,1,1,1.0,stratified_80_20
80640,1,1,1.0,stratified_80_20
80652,1,1,1.0,stratified_80_20
80666,1,1,1.0,stratified_80_20
80668,1,1,1.0,stratified_80_20
80669,1,1,1.0,stratified_80_20
80671,1,1,1.0,stratified_80_20
80676,1,1,1.0,stratified_80_20
80678,1,1,1.0,stratified_80_20
80687,1,1,1.0,stratified_80_20
80688,1,1,1.0,stratified_80_20
80693,1,1,1.0,stratified_80_20
80708,1,1,1.0,stratified_80_20
80709,1,1,1.0,stratified_80_20
80716,1,1,1.0,stratified_80_20
80723,1,1,1.0,stratified_80_20
80724,1,1,1.0,stratified_80_20
80725,1,1,1.0,stratified_80_20
80732,1,1,1.0,stratified_80_20
80737,1,1,1.0,stratified_80_20
80746,1,1,1.0,stratified_80_20
80751,1,1,1.0,stratified_80_20
80756,1,1,1.0,stratified_80_20
80758,1,1,1.0,stratified_80_20
80771,1,1,1.0,stratified_80_20
80773,1,1,1.0,stratified_80_20
80776,1,1,1.0,stratified_80_20
80777,1,1,1.0,stratified_80_20
80778,1,1,1.0,stratified_80_20
80783,0,0,0.0,stratified_80_20
80784,1,1,1.0,stratified_80_20
80785,0,0,0.0,stratified_80_20
80800,1,1,1.0,stratified_80_20
80806,1,1,1.0,stratified_80_20
80809,1,1,1.0,stratified_80_20
80810,1,1,1.0,stratified_80_20
80816,1,1,1.0,stratified_80_20
80823,1,1,1.0,stratified_80_20
80830,1,1,1.0,stratified_80_20
80832,1,1,1.0,stratified_80_20
80834,1,1,1.0,stratified_80_20
80837,1,1,1.0,stratified_80_20
80841,1,1,1.0,stratified_80_20
80844,1,1,1.0,stratified_80_20
80848,1,1,1.0,stratified_80_20
80871,1,1,1.0,stratified_80_20
80882,1,1,1.0,stratified_80_20
80888,1,1,1.0,stratified_80_20
80889,1,1,1.0,stratified_80_20
80890,1,1,1.0,stratified_80_20
80908,1,1,1.0,stratified_80_20
80912,1,1,1.0,stratified_80_20
80913,1,1,1.0,stratified_80_20
80917,1,1,1.0,stratified_80_20
80920,1,1,1.0,stratified_80_20
80924,1,1,1.0,stratified_80_20
80927,1,1,1.0,stratified_80_20
80932,1,1,1.0,stratified_80_20
80938,1,1,1.0,stratified_80_20
80946,0,0,0.0,stratified_80_20
80949,0,0,0.0,stratified_80_20
80951,1,1,1.0,stratified_80_20
80957,1,1,1.0,stratified_80_20
80968,1,1,1.0,stratified_80_20
80971,1,1,1.0,stratified_80_20
80973,1,1,1.0,stratified_80_20
80987,1,1,1.0,stratified_80_20
80996,1,1,1.0,stratified_80_20
80997,1,1,1.0,stratified_80_20
81002,1,1,1.0,stratified_80_20
81011,1,1,1.0,stratified_80_20
81012,1,1,1.0,stratified_80_20
81020,1,1,1.0,stratified_80_20
81024,1,1,1.0,stratified_80_20
81029,1,1,1.0,stratified_80_20
81031,1,1,1.0,stratified_80_20
81032,1,1,1.0,stratified_80_20
81033,1,1,1.0,stratified_80_20
81055,1,1,1.0,stratified_80_20
81060,1,1,1.0,stratified_80_20
81072,1,1,1.0,stratified_80_20
81074,1,1,1.0,stratified_80_20
81077,1,1,1.0,stratified_80_20
81078,1,1,1.0,stratified_80_20
81079,1,1,1.0,stratified_80_20
81086,1,1,1.0,stratified_80_20
81087,1,1,1.0,stratified_80_20
81089,1,1,1.0,stratified_80_20
81100,1,1,1.0,stratified_80_20
81102,1,1,1.0,stratified_80_20
81106,1,1,1.0,stratified_80_20
81108,1,1,1.0,stratified_80_20
81113,1,1,1.0,stratified_80_20
81115,1,1,1.0,stratified_80_20
81121,1,1,1.0,stratified_80_20
81126,0,0,0.0,stratified_80_20
81136,1,1,1.0,stratified_80_20
81140,1,1,1.0,stratified_80_20
81145,1,1,1.0,stratified_80_20
81147,0,0,0.0,stratified_80_20
81154,1,1,1.0,stratified_80_20
81156,1,1,1.0,stratified_80_20
81158,1,1,1.0,stratified_80_20
81160,1,1,1.0,stratified_80_20
81166,1,1,1.0,stratified_80_20
81170,1,1,1.0,stratified_80_20
81173,1,1,1.0,stratified_80_20
81179,1,1,1.0,stratified_80_20
81184,1,1,1.0,stratified_80_20
81189,1,1,1.0,stratified_80_20
81191,1,1,1.0,stratified_80_20
81192,1,1,1.0,stratified_80_20
81195,1,1,1.0,stratified_80_20
81196,1,1,1.0,stratified_80_20
81198,1,1,1.0,stratified_80_20
81207,1,1,1.0,stratified_80_20
81214,1,1,1.0,stratified_80_20
81215,1,1,1.0,stratified_80_20
81225,1,1,1.0,stratified_80_20
81227,1,1,1.0,stratified_80_20
81228,1,1,1.0,stratified_80_20
81230,1,1,1.0,stratified_80_20
81231,1,1,1.0,stratified_80_20
81247,1,1,1.0,stratified_80_20
81250,1,1,1.0,stratified_80_20
81254,1,1,1.0,stratified_80_20
81257,1,1,1.0,stratified_80_20
81261,1,1,1.0,stratified_80_20
81262,1,1,1.0,stratified_80_20
81273,1,1,1.0,stratified_80_20
81276,1,1,1.0,stratified_80_20
81277,1,1,1.0,stratified_80_20
81281,1,1,1.0,stratified_80_20
81284,1,1,1.0,stratified_80_20
81288,1,1,1.0,stratified_80_20
81291,1,1,1.0,stratified_80_20
81295,1,1,1.0,stratified_80_20
81298,1,1,1.0,stratified_80_20
81303,0,0,0.0,stratified_80_20
81310,1,1,1.0,stratified_80_20
81312,0,0,0.0,stratified_80_20
81313,1,1,1.0,stratified_80_20
81322,1,1,1.0,stratified_80_20
81326,1,1,1.0,stratified_80_20
81327,1,1,1.0,stratified_80_20
81334,1,1,1.0,stratified_80_20
81335,1,1,1.0,stratified_80_20
81336,1,1,1.0,stratified_80_20
81337,1,1,1.0,stratified_80_20
81338,1,1,1.0,stratified_80_20
81343,1,1,1.0,stratified_80_20
81344,1,1,1.0,stratified_80_20
81349,1,1,1.0,stratified_80_20
81352,1,1,1.0,stratified_80_20
81353,1,1,1.0,stratified_80_20
81358,1,1,1.0,stratified_80_20
81363,1,1,1.0,stratified_80_20
81368,1,1,1.0,stratified_80_20
81370,1,1,1.0,stratified_80_20
81378,1,1,1.0,stratified_80_20
81382,1,1,1.0,stratified_80_20
81383,1,1,1.0,stratified_80_20
81384,1,1,1.0,stratified_80_20
81387,1,1,1.0,stratified_80_20
81390,1,1,1.0,stratified_80_20
81391,1,1,1.0,stratified_80_20
81395,1,1,1.0,stratified_80_20
81402,1,1,1.0,stratified_80_20
81409,1,1,1.0,stratified_80_20
81416,0,0,0.0,stratified_80_20
81424,1,1,1.0,stratified_80_20
81429,1,1,1.0,stratified_80_20
81437,1,1,1.0,stratified_80_20
81443,1,1,1.0,stratified_80_20
81449,1,1,1.0,stratified_80_20
81453,1,1,1.0,stratified_80_20
81454,1,1,1.0,stratified_80_20
81459,1,1,1.0,stratified_80_20
81464,1,1,1.0,stratified_80_20
81469,1,1,1.0,stratified_80_20
81473,1,1,1.0,stratified_80_20
81480,1,1,1.0,stratified_80_20
81485,0,0,0.0,stratified_80_20
81486,1,1,1.0,stratified_80_20
81489,1,1,1.0,stratified_80_20
81491,0,0,0.0,stratified_80_20
81504,0,0,0.0,stratified_80_20
81505,0,0,0.0,stratified_80_20
81509,1,1,1.0,stratified_80_20
81511,1,1,1.0,stratified_80_20
81513,1,1,1.0,stratified_80_20
81533,1,1,1.0,stratified_80_20
81535,1,1,1.0,stratified_80_20
81546,1,1,1.0,stratified_80_20
81551,1,1,1.0,stratified_80_20
81560,1,1,1.0,stratified_80_20
81561,1,1,1.0,stratified_80_20
81571,1,1,1.0,stratified_80_20
81590,1,1,1.0,stratified_80_20
81595,1,1,1.0,stratified_80_20
81596,1,1,1.0,stratified_80_20
81604,1,1,1.0,stratified_80_20
81609,1,1,1.0,stratified_80_20
81610,1,1,1.0,stratified_80_20
81613,1,1,1.0,stratified_80_20
81614,1,1,1.0,stratified_80_20
81619,1,1,1.0,stratified_80_20
81622,1,1,1.0,stratified_80_20
81626,1,1,1.0,stratified_80_20
81630,1,1,1.0,stratified_80_20
81634,1,1,1.0,stratified_80_20
81635,1,1,1.0,stratified_80_20
81638,1,1,1.0,stratified_80_20
81639,1,1,1.0,stratified_80_20
81645,1,1,1.0,stratified_80_20
81646,1,1,1.0,stratified_80_20
81661,1,1,1.0,stratified_80_20
81663,1,1,1.0,stratified_80_20
81669,1,1,1.0,stratified_80_20
81671,0,0,0.0,stratified_80_20
81674,0,0,0.0,stratified_80_20
81683,1,1,1.0,stratified_80_20
81687,1,1,1.0,stratified_80_20
81693,1,1,1.0,stratified_80_20
81695,1,1,1.0,stratified_80_20
81701,1,1,1.0,stratified_80_20
81704,1,1,1.0,stratified_80_20
81715,1,1,1.0,stratified_80_20
81717,1,1,1.0,stratified_80_20
81725,1,1,1.0,stratified_80_20
81732,1,1,1.0,stratified_80_20
81733,1,1,1.0,stratified_80_20
81738,1,1,1.0,stratified_80_20
81739,1,1,1.0,stratified_80_20
81740,1,1,1.0,stratified_80_20
81745,1,1,1.0,stratified_80_20
81746,1,1,1.0,stratified_80_20
81750,1,1,1.0,stratified_80_20
81754,1,1,1.0,stratified_80_20
81766,1,1,1.0,stratified_80_20
81777,1,1,1.0,stratified_80_20
81780,1,1,1.0,stratified_80_20
81784,1,1,1.0,stratified_80_20
81788,1,1,1.0,stratified_80_20
81789,1,1,1.0,stratified_80_20
81802,1,1,1.0,stratified_80_20
81814,1,1,1.0,stratified_80_20
81821,1,1,1.0,stratified_80_20
81824,1,1,1.0,stratified_80_20
81825,1,1,1.0,stratified_80_20
81826,1,1,1.0,stratified_80_20
81828,1,1,1.0,stratified_80_20
81840,1,1,1.0,stratified_80_20
81845,1,1,1.0,stratified_80_20
81856,0,0,0.0,stratified_80_20
81868,1,1,1.0,stratified_80_20
81871,1,1,1.0,stratified_80_20
81872,1,1,1.0,stratified_80_20
81877,0,0,0.0,stratified_80_20
81891,1,1,1.0,stratified_80_20
81893,1,1,1.0,stratified_80_20
81897,1,1,1.0,stratified_80_20
81900,1,1,1.0,stratified_80_20
81902,1,1,1.0,stratified_80_20
81903,1,1,1.0,stratified_80_20
81906,1,1,1.0,stratified_80_20
81916,1,1,1.0,stratified_80_20
81918,1,1,1.0,stratified_80_20
81925,1,1,1.0,stratified_80_20
81931,1,1,1.0,stratified_80_20
81932,1,1,1.0,stratified_80_20
81940,1,1,1.0,stratified_80_20
81946,1,1,1.0,stratified_80_20
81964,1,1,1.0,stratified_80_20
81967,1,1,1.0,stratified_80_20
81973,1,1,1.0,stratified_80_20
81983,1,1,1.0,stratified_80_20
81994,1,1,1.0,stratified_80_20
82006,1,1,1.0,stratified_80_20
82007,1,1,1.0,stratified_80_20
82012,1,1,1.0,stratified_80_20
82025,1,1,1.0,stratified_80_20
82028,0,0,0.0,stratified_80_20
82034,1,1,1.0,stratified_80_20
82035,1,1,1.0,stratified_80_20
82040,1,1,1.0,stratified_80_20
82049,1,1,1.0,stratified_80_20
82053,1,1,1.0,stratified_80_20
82054,1,1,1.0,stratified_80_20
82083,1,1,1.0,stratified_80_20
82086,1,1,1.0,stratified_80_20
82098,1,1,1.0,stratified_80_20
82104,1,1,1.0,stratified_80_20
82106,1,1,1.0,stratified_80_20
82114,1,1,1.0,stratified_80_20
82116,1,1,1.0,stratified_80_20
82117,1,1,1.0,stratified_80_20
82123,1,1,1.0,stratified_80_20
82127,1,1,1.0,stratified_80_20
82133,1,1,1.0,stratified_80_20
82135,1,1,1.0,stratified_80_20
82136,1,1,1.0,stratified_80_20
82138,1,1,1.0,stratified_80_20
82142,1,1,1.0,stratified_80_20
82143,1,1,1.0,stratified_80_20
82146,1,1,1.0,stratified_80_20
82148,1,1,1.0,stratified_80_20
82150,1,1,1.0,stratified_80_20
82152,1,1,1.0,stratified_80_20
82156,1,1,1.0,stratified_80_20
82161,1,1,1.0,stratified_80_20
82167,1,1,1.0,stratified_80_20
82168,1,1,1.0,stratified_80_20
82171,1,1,1.0,stratified_80_20
82174,1,1,1.0,stratified_80_20
82175,1,1,1.0,stratified_80_20
82180,1,1,1.0,stratified_80_20
82182,1,1,1.0,stratified_80_20
82187,1,1,1.0,stratified_80_20
82191,1,1,1.0,stratified_80_20
82197,1,1,1.0,stratified_80_20
82204,1,1,1.0,stratified_80_20
82206,1,1,1.0,stratified_80_20
82207,1,1,1.0,stratified_80_20
82219,1,1,1.0,stratified_80_20
82223,1,1,1.0,stratified_80_20
82239,1,1,1.0,stratified_80_20
82241,1,1,1.0,stratified_80_20
82245,1,1,1.0,stratified_80_20
82250,1,1,1.0,stratified_80_20
82258,1,1,1.0,stratified_80_20
82271,1,1,1.0,stratified_80_20
82272,1,1,1.0,stratified_80_20
82275,1,1,1.0,stratified_80_20
82277,1,1,1.0,stratified_80_20
82279,1,1,1.0,stratified_80_20
82291,1,1,1.0,stratified_80_20
82293,1,1,1.0,stratified_80_20
82299,1,1,1.0,stratified_80_20
82302,1,1,1.0,stratified_80_20
82309,1,1,1.0,stratified_80_20
82314,1,1,1.0,stratified_80_20
82315,1,1,1.0,stratified_80_20
82318,1,1,1.0,stratified_80_20
82319,1,1,1.0,stratified_80_20
82325,1,1,1.0,stratified_80_20
82340,1,1,1.0,stratified_80_20
82347,1,1,1.0,stratified_80_20
82354,1,1,1.0,stratified_80_20
82358,1,1,1.0,stratified_80_20
82361,1,1,1.0,stratified_80_20
82368,1,1,1.0,stratified_80_20
82370,1,1,1.0,stratified_80_20
82371,1,1,1.0,stratified_80_20
82372,1,1,1.0,stratified_80_20
82387,1,1,1.0,stratified_80_20
82388,0,0,0.0,stratified_80_20
82390,0,0,0.0,stratified_80_20
82391,1,1,1.0,stratified_80_20
82392,1,1,1.0,stratified_80_20
82413,1,1,1.0,stratified_80_20
82420,1,1,1.0,stratified_80_20
82421,1,1,1.0,stratified_80_20
82427,1,1,1.0,stratified_80_20
82429,1,1,1.0,stratified_80_20
82434,1,1,1.0,stratified_80_20
82435,1,1,1.0,stratified_80_20
82438,1,1,1.0,stratified_80_20
82440,1,1,1.0,stratified_80_20
82446,1,1,1.0,stratified_80_20
82450,1,1,1.0,stratified_80_20
82451,1,1,1.0,stratified_80_20
82454,1,1,1.0,stratified_80_20
82459,1,1,1.0,stratified_80_20
82460,1,1,1.0,stratified_80_20
82462,1,1,1.0,stratified_80_20
82464,1,1,1.0,stratified_80_20
82465,1,1,1.0,stratified_80_20
82467,1,1,1.0,stratified_80_20
82474,1,1,1.0,stratified_80_20
82475,1,1,1.0,stratified_80_20
82484,1,1,1.0,stratified_80_20
82485,1,1,1.0,stratified_80_20
82488,1,1,1.0,stratified_80_20
82490,1,1,1.0,stratified_80_20
82491,1,1,1.0,stratified_80_20
82493,1,1,1.0,stratified_80_20
82498,1,1,1.0,stratified_80_20
82515,1,1,1.0,stratified_80_20
82519,1,1,1.0,stratified_80_20
82522,1,1,1.0,stratified_80_20
82527,1,1,1.0,stratified_80_20
82532,1,1,1.0,stratified_80_20
82534,1,1,1.0,stratified_80_20
82537,1,1,1.0,stratified_80_20
82548,1,1,1.0,stratified_80_20
82550,1,1,1.0,stratified_80_20
82554,1,1,1.0,stratified_80_20
82557,1,1,1.0,stratified_80_20
82559,1,1,1.0,stratified_80_20
82561,1,1,1.0,stratified_80_20
82571,0,0,0.0,stratified_80_20
82575,1,1,1.0,stratified_80_20
82582,1,1,1.0,stratified_80_20
82588,1,1,1.0,stratified_80_20
82596,1,1,1.0,stratified_80_20
82598,1,1,1.0,stratified_80_20
82599,1,1,1.0,stratified_80_20
82606,1,1,1.0,stratified_80_20
82610,1,1,1.0,stratified_80_20
82621,1,1,1.0,stratified_80_20
82624,1,1,1.0,stratified_80_20
82629,1,1,1.0,stratified_80_20
82631,1,1,1.0,stratified_80_20
82633,1,1,1.0,stratified_80_20
82643,1,1,1.0,stratified_80_20
82648,1,1,1.0,stratified_80_20
82650,1,1,1.0,stratified_80_20
82651,1,1,1.0,stratified_80_20
82654,1,1,1.0,stratified_80_20
82655,1,1,1.0,stratified_80_20
82682,1,1,1.0,stratified_80_20
82683,1,1,1.0,stratified_80_20
82685,1,1,1.0,stratified_80_20
82688,1,1,1.0,stratified_80_20
82691,1,1,1.0,stratified_80_20
82695,1,1,1.0,stratified_80_20
82698,1,1,1.0,stratified_80_20
82702,1,1,1.0,stratified_80_20
82703,1,1,1.0,stratified_80_20
82707,1,1,1.0,stratified_80_20
82716,1,1,1.0,stratified_80_20
82720,1,1,1.0,stratified_80_20
82723,1,1,1.0,stratified_80_20
82728,1,1,1.0,stratified_80_20
82730,1,1,1.0,stratified_80_20
82735,1,1,1.0,stratified_80_20
82752,1,1,1.0,stratified_80_20
82756,0,0,0.0,stratified_80_20
82767,0,0,0.0,stratified_80_20
82776,1,1,1.0,stratified_80_20
82778,1,1,1.0,stratified_80_20
82781,1,1,1.0,stratified_80_20
82785,1,1,1.0,stratified_80_20
82789,1,1,1.0,stratified_80_20
82795,1,1,1.0,stratified_80_20
82806,1,1,1.0,stratified_80_20
82807,1,1,1.0,stratified_80_20
82808,1,1,1.0,stratified_80_20
82815,1,1,1.0,stratified_80_20
82819,1,1,1.0,stratified_80_20
82823,1,1,1.0,stratified_80_20
82826,1,1,1.0,stratified_80_20
82829,1,1,1.0,stratified_80_20
82830,1,1,1.0,stratified_80_20
82831,1,1,1.0,stratified_80_20
82836,1,1,1.0,stratified_80_20
82837,1,1,1.0,stratified_80_20
82846,1,1,1.0,stratified_80_20
82847,1,1,1.0,stratified_80_20
82849,1,1,1.0,stratified_80_20
82852,1,1,1.0,stratified_80_20
82854,1,1,1.0,stratified_80_20
82871,1,1,1.0,stratified_80_20
82879,1,1,1.0,stratified_80_20
82885,1,1,1.0,stratified_80_20
82903,1,1,1.0,stratified_80_20
82910,1,1,1.0,stratified_80_20
82913,1,1,1.0,stratified_80_20
82916,1,1,1.0,stratified_80_20
82919,1,1,1.0,stratified_80_20
82938,0,0,0.0,stratified_80_20
82942,1,1,1.0,stratified_80_20
82949,1,1,1.0,stratified_80_20
82955,0,0,0.0,stratified_80_20
82973,1,1,1.0,stratified_80_20
82982,1,1,1.0,stratified_80_20
82986,1,1,1.0,stratified_80_20
82988,1,1,1.0,stratified_80_20
82990,1,1,1.0,stratified_80_20
83001,1,1,1.0,stratified_80_20
83007,1,1,1.0,stratified_80_20
83008,1,1,1.0,stratified_80_20
83014,1,1,1.0,stratified_80_20
83020,1,1,1.0,stratified_80_20
83024,1,1,1.0,stratified_80_20
83032,1,1,1.0,stratified_80_20
83041,1,1,1.0,stratified_80_20
83044,1,1,1.0,stratified_80_20
83051,1,1,1.0,stratified_80_20
83065,1,1,1.0,stratified_80_20
83066,1,1,1.0,stratified_80_20
83076,1,1,1.0,stratified_80_20
83079,1,1,1.0,stratified_80_20
83080,1,1,1.0,stratified_80_20
83086,1,1,1.0,stratified_80_20
83089,1,1,1.0,stratified_80_20
83091,1,1,1.0,stratified_80_20
83092,1,1,1.0,stratified_80_20
83097,1,1,1.0,stratified_80_20
83101,1,1,1.0,stratified_80_20
83126,1,1,1.0,stratified_80_20
83127,1,1,1.0,stratified_80_20
83129,0,0,0.0,stratified_80_20
83133,1,1,1.0,stratified_80_20
83134,1,1,1.0,stratified_80_20
83139,1,1,1.0,stratified_80_20
83144,1,1,1.0,stratified_80_20
83148,1,1,1.0,stratified_80_20
83153,1,1,1.0,stratified_80_20
83157,1,1,1.0,stratified_80_20
83160,1,1,1.0,stratified_80_20
83173,1,1,1.0,stratified_80_20
83177,1,1,1.0,stratified_80_20
83178,1,1,1.0,stratified_80_20
83181,1,1,1.0,stratified_80_20
83186,1,1,1.0,stratified_80_20
83191,1,1,1.0,stratified_80_20
83195,1,1,1.0,stratified_80_20
83206,1,1,1.0,stratified_80_20
83208,1,1,1.0,stratified_80_20
83213,1,1,1.0,stratified_80_20
83218,1,1,1.0,stratified_80_20
83223,1,1,1.0,stratified_80_20
83227,1,1,1.0,stratified_80_20
83243,1,1,1.0,stratified_80_20
83245,1,1,1.0,stratified_80_20
83246,1,1,1.0,stratified_80_20
83255,1,1,1.0,stratified_80_20
83258,1,1,1.0,stratified_80_20
83266,1,1,1.0,stratified_80_20
83274,1,1,1.0,stratified_80_20
83276,1,1,1.0,stratified_80_20
83282,1,1,1.0,stratified_80_20
83286,1,1,1.0,stratified_80_20
83288,1,1,1.0,stratified_80_20
83289,0,0,0.0,stratified_80_20
83290,1,1,1.0,stratified_80_20
83291,0,0,0.0,stratified_80_20
83300,1,1,1.0,stratified_80_20
83304,1,1,1.0,stratified_80_20
83306,1,1,1.0,stratified_80_20
83330,1,1,1.0,stratified_80_20
83331,1,1,1.0,stratified_80_20
83336,1,1,1.0,stratified_80_20
83339,1,1,1.0,stratified_80_20
83345,1,1,1.0,stratified_80_20
83347,1,1,1.0,stratified_80_20
83349,1,1,1.0,stratified_80_20
83350,0,0,0.0,stratified_80_20
83352,1,1,1.0,stratified_80_20
83353,1,1,1.0,stratified_80_20
83363,1,1,1.0,stratified_80_20
83368,1,1,1.0,stratified_80_20
83372,1,1,1.0,stratified_80_20
83373,1,1,1.0,stratified_80_20
83374,1,1,1.0,stratified_80_20
83381,1,1,1.0,stratified_80_20
83384,1,1,1.0,stratified_80_20
83385,1,1,1.0,stratified_80_20
83389,1,1,1.0,stratified_80_20
83397,1,1,1.0,stratified_80_20
83410,1,1,1.0,stratified_80_20
83419,1,1,1.0,stratified_80_20
83420,1,1,1.0,stratified_80_20
83428,1,1,1.0,stratified_80_20
83438,1,1,1.0,stratified_80_20
83440,1,1,1.0,stratified_80_20
83442,1,1,1.0,stratified_80_20
83449,1,1,1.0,stratified_80_20
83450,1,1,1.0,stratified_80_20
83452,1,1,1.0,stratified_80_20
83458,1,1,1.0,stratified_80_20
83462,1,1,1.0,stratified_80_20
83470,1,1,1.0,stratified_80_20
83474,1,1,1.0,stratified_80_20
83477,1,1,1.0,stratified_80_20
83479,0,0,0.0,stratified_80_20
83480,1,1,1.0,stratified_80_20
83492,1,1,1.0,stratified_80_20
83493,1,1,1.0,stratified_80_20
83497,1,1,1.0,stratified_80_20
83499,1,1,1.0,stratified_80_20
83500,1,1,1.0,stratified_80_20
83501,1,1,1.0,stratified_80_20
83505,1,1,1.0,stratified_80_20
83506,1,1,1.0,stratified_80_20
83507,1,1,1.0,stratified_80_20
83509,1,1,1.0,stratified_80_20
83510,1,1,1.0,stratified_80_20
83512,1,1,1.0,stratified_80_20
83521,1,1,1.0,stratified_80_20
83530,1,1,1.0,stratified_80_20
83534,1,1,1.0,stratified_80_20
83543,1,1,1.0,stratified_80_20
83548,1,1,1.0,stratified_80_20
83551,1,1,1.0,stratified_80_20
83552,1,1,1.0,stratified_80_20
83553,1,1,1.0,stratified_80_20
83557,1,1,1.0,stratified_80_20
83559,1,1,1.0,stratified_80_20
83565,1,1,1.0,stratified_80_20
83570,1,1,1.0,stratified_80_20
83573,1,1,1.0,stratified_80_20
83575,1,1,1.0,stratified_80_20
83582,1,1,1.0,stratified_80_20
83586,1,1,1.0,stratified_80_20
83598,1,1,1.0,stratified_80_20
83602,1,1,1.0,stratified_80_20
83610,1,1,1.0,stratified_80_20
83616,1,1,1.0,stratified_80_20
83625,1,1,1.0,stratified_80_20
83627,1,1,1.0,stratified_80_20
83631,1,1,1.0,stratified_80_20
83640,1,1,1.0,stratified_80_20
83642,1,1,1.0,stratified_80_20
83645,1,1,1.0,stratified_80_20
83647,1,1,1.0,stratified_80_20
83658,0,0,0.0,stratified_80_20
83659,1,1,1.0,stratified_80_20
83662,1,1,1.0,stratified_80_20
83667,1,1,1.0,stratified_80_20
83668,1,1,1.0,stratified_80_20
83673,1,1,1.0,stratified_80_20
83676,1,1,1.0,stratified_80_20
83679,1,1,1.0,stratified_80_20
83684,1,1,1.0,stratified_80_20
83686,1,1,1.0,stratified_80_20
83696,1,1,1.0,stratified_80_20
83699,1,1,1.0,stratified_80_20
83705,1,1,1.0,stratified_80_20
83711,1,1,1.0,stratified_80_20
83720,1,1,1.0,stratified_80_20
83736,1,1,1.0,stratified_80_20
83743,1,1,1.0,stratified_80_20
83745,1,1,1.0,stratified_80_20
83749,1,1,1.0,stratified_80_20
83751,1,1,1.0,stratified_80_20
83752,1,1,1.0,stratified_80_20
83757,1,1,1.0,stratified_80_20
83759,1,1,1.0,stratified_80_20
83763,1,1,1.0,stratified_80_20
83766,1,1,1.0,stratified_80_20
83769,1,1,1.0,stratified_80_20
83772,1,1,1.0,stratified_80_20
83778,1,1,1.0,stratified_80_20
83779,1,1,1.0,stratified_80_20
83789,1,1,1.0,stratified_80_20
83790,1,1,1.0,stratified_80_20
83794,1,1,1.0,stratified_80_20
83798,1,1,1.0,stratified_80_20
83800,1,1,1.0,stratified_80_20
83802,1,1,1.0,stratified_80_20
83805,1,1,1.0,stratified_80_20
83810,1,1,1.0,stratified_80_20
83812,1,1,1.0,stratified_80_20
83813,1,1,1.0,stratified_80_20
83815,1,1,1.0,stratified_80_20
83816,1,1,1.0,stratified_80_20
83821,1,1,1.0,stratified_80_20
83824,1,1,1.0,stratified_80_20
83829,1,1,1.0,stratified_80_20
83832,1,1,1.0,stratified_80_20
83836,0,0,0.0,stratified_80_20
83838,0,0,0.0,stratified_80_20
83843,1,1,1.0,stratified_80_20
83845,1,1,1.0,stratified_80_20
83856,1,1,1.0,stratified_80_20
83865,0,0,0.0,stratified_80_20
83876,1,1,1.0,stratified_80_20
83880,1,1,1.0,stratified_80_20
83888,1,1,1.0,stratified_80_20
83889,1,1,1.0,stratified_80_20
83897,1,1,1.0,stratified_80_20
83900,1,1,1.0,stratified_80_20
83903,1,1,1.0,stratified_80_20
83915,1,1,1.0,stratified_80_20
83916,1,1,1.0,stratified_80_20
83922,1,1,1.0,stratified_80_20
83926,1,1,1.0,stratified_80_20
83934,1,1,1.0,stratified_80_20
83948,1,1,1.0,stratified_80_20
83949,1,1,1.0,stratified_80_20
83950,1,1,1.0,stratified_80_20
83952,1,1,1.0,stratified_80_20
83956,1,1,1.0,stratified_80_20
83957,1,1,1.0,stratified_80_20
83960,1,1,1.0,stratified_80_20
83964,1,1,1.0,stratified_80_20
83968,1,1,1.0,stratified_80_20
83969,1,1,1.0,stratified_80_20
83974,1,1,1.0,stratified_80_20
83975,1,1,1.0,stratified_80_20
83977,1,1,1.0,stratified_80_20
83979,1,1,1.0,stratified_80_20
83980,1,1,1.0,stratified_80_20
83984,1,1,1.0,stratified_80_20
83989,1,1,1.0,stratified_80_20
84015,1,1,1.0,stratified_80_20
84020,1,1,1.0,stratified_80_20
84022,0,0,0.0,stratified_80_20
84025,1,1,1.0,stratified_80_20
84027,1,1,1.0,stratified_80_20
84029,1,1,1.0,stratified_80_20
84031,1,1,1.0,stratified_80_20
84032,1,1,1.0,stratified_80_20
84036,1,1,1.0,stratified_80_20
84039,1,1,1.0,stratified_80_20
84040,1,1,1.0,stratified_80_20
84054,1,1,1.0,stratified_80_20
84057,1,1,1.0,stratified_80_20
84064,1,1,1.0,stratified_80_20
84070,1,1,1.0,stratified_80_20
84071,1,1,1.0,stratified_80_20
84072,1,1,1.0,stratified_80_20
84085,1,1,1.0,stratified_80_20
84086,1,1,1.0,stratified_80_20
84087,1,1,1.0,stratified_80_20
84091,1,1,1.0,stratified_80_20
84094,1,1,1.0,stratified_80_20
84109,1,1,1.0,stratified_80_20
84135,1,1,1.0,stratified_80_20
84147,1,1,1.0,stratified_80_20
84148,1,1,1.0,stratified_80_20
84156,1,1,1.0,stratified_80_20
84158,0,0,0.0,stratified_80_20
84166,1,1,1.0,stratified_80_20
84168,1,1,1.0,stratified_80_20
84170,1,1,1.0,stratified_80_20
84175,1,1,1.0,stratified_80_20
84176,1,1,1.0,stratified_80_20
84179,1,1,1.0,stratified_80_20
84204,1,1,1.0,stratified_80_20
84216,0,0,0.0,stratified_80_20
84218,1,1,1.0,stratified_80_20
84222,1,1,1.0,stratified_80_20
84223,1,1,1.0,stratified_80_20
84224,1,1,1.0,stratified_80_20
84226,1,1,1.0,stratified_80_20
84230,1,1,1.0,stratified_80_20
84237,0,0,0.0,stratified_80_20
84253,1,1,1.0,stratified_80_20
84255,1,1,1.0,stratified_80_20
84260,0,0,0.0,stratified_80_20
84262,1,1,1.0,stratified_80_20
84264,0,0,0.0,stratified_80_20
84270,1,1,1.0,stratified_80_20
84280,1,1,1.0,stratified_80_20
84286,1,1,1.0,stratified_80_20
84289,1,1,1.0,stratified_80_20
84292,1,1,1.0,stratified_80_20
84294,1,1,1.0,stratified_80_20
84298,1,1,1.0,stratified_80_20
84299,1,1,1.0,stratified_80_20
84309,1,1,1.0,stratified_80_20
84312,1,1,1.0,stratified_80_20
84315,1,1,1.0,stratified_80_20
84318,1,1,1.0,stratified_80_20
84335,1,1,1.0,stratified_80_20
84342,1,1,1.0,stratified_80_20
84345,1,1,1.0,stratified_80_20
84350,1,1,1.0,stratified_80_20
84355,1,1,1.0,stratified_80_20
84361,1,1,1.0,stratified_80_20
84362,1,1,1.0,stratified_80_20
84367,1,1,1.0,stratified_80_20
84382,0,0,0.0,stratified_80_20
84385,1,1,1.0,stratified_80_20
84387,1,1,1.0,stratified_80_20
84389,1,1,1.0,stratified_80_20
84391,1,1,1.0,stratified_80_20
84398,1,1,1.0,stratified_80_20
84405,1,1,1.0,stratified_80_20
84406,1,1,1.0,stratified_80_20
84419,1,1,1.0,stratified_80_20
84420,1,1,1.0,stratified_80_20
84424,1,1,1.0,stratified_80_20
84428,1,1,1.0,stratified_80_20
84431,1,1,1.0,stratified_80_20
84432,1,1,1.0,stratified_80_20
84435,1,1,1.0,stratified_80_20
84444,1,1,1.0,stratified_80_20
84445,1,1,1.0,stratified_80_20
84448,1,1,1.0,stratified_80_20
84456,1,1,1.0,stratified_80_20
84467,1,1,1.0,stratified_80_20
84476,1,1,1.0,stratified_80_20
84481,1,1,1.0,stratified_80_20
84485,1,1,1.0,stratified_80_20
84488,1,1,1.0,stratified_80_20
84492,1,1,1.0,stratified_80_20
84495,1,1,1.0,stratified_80_20
84505,1,1,1.0,stratified_80_20
84510,1,1,1.0,stratified_80_20
84512,1,1,1.0,stratified_80_20
84540,1,1,1.0,stratified_80_20
84549,1,1,1.0,stratified_80_20
84554,1,1,1.0,stratified_80_20
84563,1,1,1.0,stratified_80_20
84565,1,1,1.0,stratified_80_20
84568,1,1,1.0,stratified_80_20
84573,1,1,1.0,stratified_80_20
84591,1,1,1.0,stratified_80_20
84601,1,1,1.0,stratified_80_20
84614,1,1,1.0,stratified_80_20
84621,1,1,1.0,stratified_80_20
84623,1,1,1.0,stratified_80_20
84629,1,1,1.0,stratified_80_20
84633,1,1,1.0,stratified_80_20
84637,1,1,1.0,stratified_80_20
84641,1,1,1.0,stratified_80_20
84646,1,1,1.0,stratified_80_20
84654,1,1,1.0,stratified_80_20
84655,1,1,1.0,stratified_80_20
84660,1,1,1.0,stratified_80_20
84662,1,1,1.0,stratified_80_20
84663,1,1,1.0,stratified_80_20
84670,1,1,1.0,stratified_80_20
84672,1,1,1.0,stratified_80_20
84675,1,1,1.0,stratified_80_20
84676,1,1,1.0,stratified_80_20
84677,1,1,1.0,stratified_80_20
84684,1,1,1.0,stratified_80_20
84688,1,1,1.0,stratified_80_20
84704,1,1,1.0,stratified_80_20
84706,1,1,1.0,stratified_80_20
84707,1,1,1.0,stratified_80_20
84709,1,1,1.0,stratified_80_20
84723,1,1,1.0,stratified_80_20
84726,1,1,1.0,stratified_80_20
84729,1,1,1.0,stratified_80_20
84730,1,1,1.0,stratified_80_20
84732,1,1,1.0,stratified_80_20
84733,1,1,1.0,stratified_80_20
84734,1,1,1.0,stratified_80_20
84736,0,0,0.0,stratified_80_20
84738,0,0,0.0,stratified_80_20
84743,0,0,0.0,stratified_80_20
84745,1,1,1.0,stratified_80_20
84746,1,1,1.0,stratified_80_20
84749,1,1,1.0,stratified_80_20
84764,1,1,1.0,stratified_80_20
84766,1,1,1.0,stratified_80_20
84769,1,1,1.0,stratified_80_20
84779,1,1,1.0,stratified_80_20
84787,1,1,1.0,stratified_80_20
84788,1,1,1.0,stratified_80_20
84797,1,1,1.0,stratified_80_20
84798,1,1,1.0,stratified_80_20
84811,1,1,1.0,stratified_80_20
84815,1,1,1.0,stratified_80_20
84819,1,1,1.0,stratified_80_20
84821,1,1,1.0,stratified_80_20
84823,1,1,1.0,stratified_80_20
84825,1,1,1.0,stratified_80_20
84827,1,1,1.0,stratified_80_20
84830,1,1,1.0,stratified_80_20
84831,1,1,1.0,stratified_80_20
84835,1,1,1.0,stratified_80_20
84836,1,1,1.0,stratified_80_20
84838,1,1,1.0,stratified_80_20
84839,1,1,1.0,stratified_80_20
84850,1,1,1.0,stratified_80_20
84853,1,1,1.0,stratified_80_20
84858,1,1,1.0,stratified_80_20
84860,1,1,1.0,stratified_80_20
84867,1,1,1.0,stratified_80_20
84873,1,1,1.0,stratified_80_20
84874,1,1,1.0,stratified_80_20
84878,1,1,1.0,stratified_80_20
84884,1,1,1.0,stratified_80_20
84890,1,1,1.0,stratified_80_20
84892,1,1,1.0,stratified_80_20
84893,1,1,1.0,stratified_80_20
84896,1,1,1.0,stratified_80_20
84897,1,1,1.0,stratified_80_20
84902,1,1,1.0,stratified_80_20
84907,1,1,1.0,stratified_80_20
84926,1,1,1.0,stratified_80_20
84930,1,1,1.0,stratified_80_20
84936,0,0,0.0,stratified_80_20
84941,1,1,1.0,stratified_80_20
84944,1,1,1.0,stratified_80_20
84950,1,1,1.0,stratified_80_20
84952,1,1,1.0,stratified_80_20
84955,1,1,1.0,stratified_80_20
84956,1,1,1.0,stratified_80_20
84968,1,1,1.0,stratified_80_20
84972,1,1,1.0,stratified_80_20
84975,1,1,1.0,stratified_80_20
84979,1,1,1.0,stratified_80_20
84982,1,1,1.0,stratified_80_20
84989,1,1,1.0,stratified_80_20
84990,1,1,1.0,stratified_80_20
84991,1,1,1.0,stratified_80_20
84994,1,1,1.0,stratified_80_20
84999,1,1,1.0,stratified_80_20
85004,1,1,1.0,stratified_80_20
85005,1,1,1.0,stratified_80_20
85009,1,1,1.0,stratified_80_20
85012,1,1,1.0,stratified_80_20
85016,1,1,1.0,stratified_80_20
85022,1,1,1.0,stratified_80_20
85023,1,1,1.0,stratified_80_20
85025,1,1,1.0,stratified_80_20
85026,1,1,1.0,stratified_80_20
85027,1,1,1.0,stratified_80_20
85036,1,1,1.0,stratified_80_20
85040,1,1,1.0,stratified_80_20
85043,1,1,1.0,stratified_80_20
85045,1,1,1.0,stratified_80_20
85050,1,1,1.0,stratified_80_20
85051,1,1,1.0,stratified_80_20
85052,1,1,1.0,stratified_80_20
85053,1,1,1.0,stratified_80_20
85055,1,1,1.0,stratified_80_20
85062,1,1,1.0,stratified_80_20
85068,1,1,1.0,stratified_80_20
85069,1,1,1.0,stratified_80_20
85070,1,1,1.0,stratified_80_20
85071,1,1,1.0,stratified_80_20
85075,1,1,1.0,stratified_80_20
85076,1,1,1.0,stratified_80_20
85079,1,1,1.0,stratified_80_20
85081,1,1,1.0,stratified_80_20
85085,1,1,1.0,stratified_80_20
85087,1,1,1.0,stratified_80_20
85089,1,1,1.0,stratified_80_20
85092,1,1,1.0,stratified_80_20
85096,0,0,0.0,stratified_80_20
85105,1,1,1.0,stratified_80_20
85108,1,1,1.0,stratified_80_20
85118,1,1,1.0,stratified_80_20
85126,1,1,1.0,stratified_80_20
85137,1,1,1.0,stratified_80_20
85139,1,1,1.0,stratified_80_20
85140,1,1,1.0,stratified_80_20
85142,1,1,1.0,stratified_80_20
85155,1,1,1.0,stratified_80_20
85156,1,1,1.0,stratified_80_20
85162,1,1,1.0,stratified_80_20
85164,1,1,1.0,stratified_80_20
85171,1,1,1.0,stratified_80_20
85173,1,1,1.0,stratified_80_20
85176,1,1,1.0,stratified_80_20
85178,1,1,1.0,stratified_80_20
85181,1,1,1.0,stratified_80_20
85186,1,1,1.0,stratified_80_20
85188,1,1,1.0,stratified_80_20
85190,1,1,1.0,stratified_80_20
85193,1,1,1.0,stratified_80_20
85204,1,1,1.0,stratified_80_20
85207,1,1,1.0,stratified_80_20
85210,1,1,1.0,stratified_80_20
85215,1,1,1.0,stratified_80_20
85227,1,1,1.0,stratified_80_20
85232,1,1,1.0,stratified_80_20
85240,1,1,1.0,stratified_80_20
85246,1,1,1.0,stratified_80_20
85249,1,1,1.0,stratified_80_20
85253,1,1,1.0,stratified_80_20
85255,1,1,1.0,stratified_80_20
85258,1,1,1.0,stratified_80_20
85265,1,1,1.0,stratified_80_20
85268,1,1,1.0,stratified_80_20
85276,1,1,1.0,stratified_80_20
85280,1,1,1.0,stratified_80_20
85285,0,0,0.0,stratified_80_20
85290,1,1,1.0,stratified_80_20
85291,1,1,1.0,stratified_80_20
85294,1,1,1.0,stratified_80_20
85298,0,0,0.0,stratified_80_20
85304,1,1,1.0,stratified_80_20
85307,1,1,1.0,stratified_80_20
85309,1,1,1.0,stratified_80_20
85312,1,1,1.0,stratified_80_20
85321,1,1,1.0,stratified_80_20
85323,1,1,1.0,stratified_80_20
85325,1,1,1.0,stratified_80_20
85327,1,1,1.0,stratified_80_20
85331,1,1,1.0,stratified_80_20
85335,1,1,1.0,stratified_80_20
85340,1,1,1.0,stratified_80_20
85359,1,1,1.0,stratified_80_20
85360,1,1,1.0,stratified_80_20
85361,1,1,1.0,stratified_80_20
85368,1,1,1.0,stratified_80_20
85375,1,1,1.0,stratified_80_20
85378,1,1,1.0,stratified_80_20
85379,1,1,1.0,stratified_80_20
85380,1,1,1.0,stratified_80_20
85382,1,1,1.0,stratified_80_20
85384,1,1,1.0,stratified_80_20
85388,1,1,1.0,stratified_80_20
85389,1,1,1.0,stratified_80_20
85391,1,1,1.0,stratified_80_20
85397,1,1,1.0,stratified_80_20
85400,1,1,1.0,stratified_80_20
85404,1,1,1.0,stratified_80_20
85407,1,1,1.0,stratified_80_20
85411,1,1,1.0,stratified_80_20
85413,1,1,1.0,stratified_80_20
85414,1,1,1.0,stratified_80_20
85417,1,1,1.0,stratified_80_20
85418,1,1,1.0,stratified_80_20
85423,1,1,1.0,stratified_80_20
85432,1,1,1.0,stratified_80_20
85433,1,1,1.0,stratified_80_20
85437,1,1,1.0,stratified_80_20
85448,1,1,1.0,stratified_80_20
85451,1,1,1.0,stratified_80_20
85461,1,1,1.0,stratified_80_20
85471,1,1,1.0,stratified_80_20
85477,0,0,0.0,stratified_80_20
85482,1,1,1.0,stratified_80_20
85483,1,1,1.0,stratified_80_20
85503,1,1,1.0,stratified_80_20
85511,1,1,1.0,stratified_80_20
85514,1,1,1.0,stratified_80_20
85521,1,1,1.0,stratified_80_20
85525,1,1,1.0,stratified_80_20
85526,1,1,1.0,stratified_80_20
85546,1,1,1.0,stratified_80_20
85558,1,1,1.0,stratified_80_20
85562,1,1,1.0,stratified_80_20
85568,1,1,1.0,stratified_80_20
85570,1,1,1.0,stratified_80_20
85571,1,1,1.0,stratified_80_20
85580,1,1,1.0,stratified_80_20
85588,1,1,1.0,stratified_80_20
85589,1,1,1.0,stratified_80_20
85592,1,1,1.0,stratified_80_20
85611,1,1,1.0,stratified_80_20
85620,1,1,1.0,stratified_80_20
85637,1,1,1.0,stratified_80_20
85640,0,0,0.0,stratified_80_20
85650,1,1,1.0,stratified_80_20
85655,1,1,1.0,stratified_80_20
85664,1,1,1.0,stratified_80_20
85669,1,1,1.0,stratified_80_20
85672,1,1,1.0,stratified_80_20
85675,1,1,1.0,stratified_80_20
85682,1,1,1.0,stratified_80_20
85688,1,1,1.0,stratified_80_20
85693,1,1,1.0,stratified_80_20
85694,1,1,1.0,stratified_80_20
85696,1,1,1.0,stratified_80_20
85702,1,1,1.0,stratified_80_20
85712,1,1,1.0,stratified_80_20
85714,1,1,1.0,stratified_80_20
85717,1,1,1.0,stratified_80_20
85724,1,1,1.0,stratified_80_20
85726,1,1,1.0,stratified_80_20
85733,1,1,1.0,stratified_80_20
85735,1,1,1.0,stratified_80_20
85736,1,1,1.0,stratified_80_20
85737,1,1,1.0,stratified_80_20
85749,1,1,1.0,stratified_80_20
85755,1,1,1.0,stratified_80_20
85761,1,1,1.0,stratified_80_20
85763,1,1,1.0,stratified_80_20
85785,1,1,1.0,stratified_80_20
85796,1,1,1.0,stratified_80_20
85800,1,1,1.0,stratified_80_20
85814,1,1,1.0,stratified_80_20
85823,0,0,0.0,stratified_80_20
85826,1,1,1.0,stratified_80_20
85838,0,0,0.0,stratified_80_20
85849,1,1,1.0,stratified_80_20
85850,1,1,1.0,stratified_80_20
85851,1,1,1.0,stratified_80_20
85854,1,1,1.0,stratified_80_20
85856,1,1,1.0,stratified_80_20
85864,1,1,1.0,stratified_80_20
85878,1,1,1.0,stratified_80_20
85879,1,1,1.0,stratified_80_20
85880,1,1,1.0,stratified_80_20
85895,1,1,1.0,stratified_80_20
85896,1,1,1.0,stratified_80_20
85898,1,1,1.0,stratified_80_20
85903,1,1,1.0,stratified_80_20
85905,1,1,1.0,stratified_80_20
85906,1,1,1.0,stratified_80_20
85922,1,1,1.0,stratified_80_20
85923,1,1,1.0,stratified_80_20
85936,1,1,1.0,stratified_80_20
85938,1,1,1.0,stratified_80_20
85942,1,1,1.0,stratified_80_20
85946,1,1,1.0,stratified_80_20
85955,1,1,1.0,stratified_80_20
85960,1,1,1.0,stratified_80_20
85964,1,1,1.0,stratified_80_20
85968,1,1,1.0,stratified_80_20
85974,1,1,1.0,stratified_80_20
85977,1,1,1.0,stratified_80_20
85983,1,1,1.0,stratified_80_20
85988,1,1,1.0,stratified_80_20
85992,1,1,1.0,stratified_80_20
86003,0,0,0.0,stratified_80_20
86004,0,0,0.0,stratified_80_20
86006,1,1,1.0,stratified_80_20
86011,1,1,1.0,stratified_80_20
86012,1,1,1.0,stratified_80_20
86013,1,1,1.0,stratified_80_20
86018,1,1,1.0,stratified_80_20
86019,1,1,1.0,stratified_80_20
86029,1,1,1.0,stratified_80_20
86031,1,1,1.0,stratified_80_20
86032,1,1,1.0,stratified_80_20
86039,1,1,1.0,stratified_80_20
86042,1,1,1.0,stratified_80_20
86043,1,1,1.0,stratified_80_20
86050,1,1,1.0,stratified_80_20
86052,1,1,1.0,stratified_80_20
86059,1,1,1.0,stratified_80_20
86062,1,1,1.0,stratified_80_20
86063,1,1,1.0,stratified_80_20
86070,0,0,0.0,stratified_80_20
86071,1,1,1.0,stratified_80_20
86079,1,1,1.0,stratified_80_20
86087,1,1,1.0,stratified_80_20
86089,1,1,1.0,stratified_80_20
86092,1,1,1.0,stratified_80_20
86095,1,1,1.0,stratified_80_20
86099,1,1,1.0,stratified_80_20
86101,0,0,0.0,stratified_80_20
86102,1,1,1.0,stratified_80_20
86113,1,1,1.0,stratified_80_20
86115,1,1,1.0,stratified_80_20
86117,1,1,1.0,stratified_80_20
86124,1,1,1.0,stratified_80_20
86129,1,1,1.0,stratified_80_20
86131,1,1,1.0,stratified_80_20
86141,1,1,1.0,stratified_80_20
86142,1,1,1.0,stratified_80_20
86148,1,1,1.0,stratified_80_20
86151,1,1,1.0,stratified_80_20
86152,1,1,1.0,stratified_80_20
86159,1,1,1.0,stratified_80_20
86174,1,1,1.0,stratified_80_20
86180,1,1,1.0,stratified_80_20
86191,1,1,1.0,stratified_80_20
86193,1,1,1.0,stratified_80_20
86195,1,1,1.0,stratified_80_20
86207,1,1,1.0,stratified_80_20
86209,1,1,1.0,stratified_80_20
86212,1,1,1.0,stratified_80_20
86213,1,1,1.0,stratified_80_20
86239,1,1,1.0,stratified_80_20
86246,1,1,1.0,stratified_80_20
86249,1,1,1.0,stratified_80_20
86251,1,1,1.0,stratified_80_20
86256,1,1,1.0,stratified_80_20
86262,1,1,1.0,stratified_80_20
86264,1,1,1.0,stratified_80_20
86265,1,1,1.0,stratified_80_20
86272,1,1,1.0,stratified_80_20
86275,1,1,1.0,stratified_80_20
86276,1,1,1.0,stratified_80_20
86281,1,1,1.0,stratified_80_20
86285,1,1,1.0,stratified_80_20
86288,1,1,1.0,stratified_80_20
86296,1,1,1.0,stratified_80_20
86298,1,1,1.0,stratified_80_20
86303,1,1,1.0,stratified_80_20
86317,1,1,1.0,stratified_80_20
86324,1,1,1.0,stratified_80_20
86328,1,1,1.0,stratified_80_20
86330,1,1,1.0,stratified_80_20
86332,1,1,1.0,stratified_80_20
86334,1,1,1.0,stratified_80_20
86336,1,1,1.0,stratified_80_20
86338,1,1,1.0,stratified_80_20
86342,1,1,1.0,stratified_80_20
86345,1,1,1.0,stratified_80_20
86371,1,1,1.0,stratified_80_20
86385,1,1,1.0,stratified_80_20
86390,1,1,1.0,stratified_80_20
86400,1,1,1.0,stratified_80_20
86403,1,1,1.0,stratified_80_20
86404,1,1,1.0,stratified_80_20
86416,1,1,1.0,stratified_80_20
86418,1,1,1.0,stratified_80_20
86428,1,1,1.0,stratified_80_20
86429,1,1,1.0,stratified_80_20
86430,1,1,1.0,stratified_80_20
86434,1,1,1.0,stratified_80_20
86437,1,1,1.0,stratified_80_20
86444,1,1,1.0,stratified_80_20
86457,1,1,1.0,stratified_80_20
86459,1,1,1.0,stratified_80_20
86462,1,1,1.0,stratified_80_20
86470,1,1,1.0,stratified_80_20
86475,1,1,1.0,stratified_80_20
86486,1,1,1.0,stratified_80_20
86492,1,1,1.0,stratified_80_20
86494,1,1,1.0,stratified_80_20
86499,1,1,1.0,stratified_80_20
86500,1,1,1.0,stratified_80_20
86506,1,1,1.0,stratified_80_20
86511,1,1,1.0,stratified_80_20
86521,1,1,1.0,stratified_80_20
86526,1,1,1.0,stratified_80_20
86527,1,1,1.0,stratified_80_20
86532,1,1,1.0,stratified_80_20
86534,1,1,1.0,stratified_80_20
86535,1,1,1.0,stratified_80_20
86539,0,0,0.0,stratified_80_20
86540,1,1,1.0,stratified_80_20
86545,1,1,1.0,stratified_80_20
86548,1,1,1.0,stratified_80_20
86551,0,0,0.0,stratified_80_20
86555,1,1,1.0,stratified_80_20
86556,1,1,1.0,stratified_80_20
86563,0,0,0.0,stratified_80_20
86565,1,1,1.0,stratified_80_20
86569,1,1,1.0,stratified_80_20
86570,1,1,1.0,stratified_80_20
86576,1,1,1.0,stratified_80_20
86581,1,1,1.0,stratified_80_20
86584,1,1,1.0,stratified_80_20
86593,1,1,1.0,stratified_80_20
86598,1,1,1.0,stratified_80_20
86599,1,1,1.0,stratified_80_20
86602,1,1,1.0,stratified_80_20
86603,1,1,1.0,stratified_80_20
86608,1,1,1.0,stratified_80_20
86613,1,1,1.0,stratified_80_20
86617,1,1,1.0,stratified_80_20
86625,1,1,1.0,stratified_80_20
86627,1,1,1.0,stratified_80_20
86629,1,1,1.0,stratified_80_20
86631,1,1,1.0,stratified_80_20
86632,1,1,1.0,stratified_80_20
86642,1,1,1.0,stratified_80_20
86645,1,1,1.0,stratified_80_20
86647,1,1,1.0,stratified_80_20
86648,1,1,1.0,stratified_80_20
86655,1,1,1.0,stratified_80_20
86658,1,1,1.0,stratified_80_20
86660,1,1,1.0,stratified_80_20
86676,1,1,1.0,stratified_80_20
86686,1,1,1.0,stratified_80_20
86700,1,1,1.0,stratified_80_20
86705,1,1,1.0,stratified_80_20
86707,1,1,1.0,stratified_80_20
86708,1,1,1.0,stratified_80_20
86728,1,1,1.0,stratified_80_20
86732,1,1,1.0,stratified_80_20
86741,0,0,0.0,stratified_80_20
86751,1,1,1.0,stratified_80_20
86763,1,1,1.0,stratified_80_20
86768,1,1,1.0,stratified_80_20
86769,1,1,1.0,stratified_80_20
86771,1,1,1.0,stratified_80_20
86772,1,1,1.0,stratified_80_20
86777,1,1,1.0,stratified_80_20
86782,1,1,1.0,stratified_80_20
86787,1,1,1.0,stratified_80_20
86792,1,1,1.0,stratified_80_20
86796,1,1,1.0,stratified_80_20
86808,1,1,1.0,stratified_80_20
86809,1,1,1.0,stratified_80_20
86818,1,1,1.0,stratified_80_20
86821,1,1,1.0,stratified_80_20
86827,1,1,1.0,stratified_80_20
86828,1,1,1.0,stratified_80_20
86829,1,1,1.0,stratified_80_20
86831,1,1,1.0,stratified_80_20
86838,1,1,1.0,stratified_80_20
86841,1,1,1.0,stratified_80_20
86842,1,1,1.0,stratified_80_20
86850,1,1,1.0,stratified_80_20
86859,1,1,1.0,stratified_80_20
86864,1,1,1.0,stratified_80_20
86869,1,1,1.0,stratified_80_20
86871,1,1,1.0,stratified_80_20
86873,1,1,1.0,stratified_80_20
86875,1,1,1.0,stratified_80_20
86876,1,1,1.0,stratified_80_20
86880,1,1,1.0,stratified_80_20
86890,1,1,1.0,stratified_80_20
86905,1,1,1.0,stratified_80_20
86907,1,1,1.0,stratified_80_20
86910,0,0,0.0,stratified_80_20
86924,1,1,1.0,stratified_80_20
86929,1,1,1.0,stratified_80_20
86936,1,1,1.0,stratified_80_20
86947,1,1,1.0,stratified_80_20
86951,1,1,1.0,stratified_80_20
86953,1,1,1.0,stratified_80_20
86959,1,1,1.0,stratified_80_20
86960,1,1,1.0,stratified_80_20
86964,1,1,1.0,stratified_80_20
86969,1,1,1.0,stratified_80_20
86977,1,1,1.0,stratified_80_20
86978,1,1,1.0,stratified_80_20
86980,1,1,1.0,stratified_80_20
86982,0,0,0.0,stratified_80_20
86984,1,1,1.0,stratified_80_20
86988,1,1,1.0,stratified_80_20
86991,1,1,1.0,stratified_80_20
86995,1,1,1.0,stratified_80_20
86997,1,1,1.0,stratified_80_20
87000,1,1,1.0,stratified_80_20
87010,1,1,1.0,stratified_80_20
87013,1,1,1.0,stratified_80_20
87018,1,1,1.0,stratified_80_20
87019,1,1,1.0,stratified_80_20
87021,1,1,1.0,stratified_80_20
87022,1,1,1.0,stratified_80_20
87028,1,1,1.0,stratified_80_20
87031,1,1,1.0,stratified_80_20
87035,1,1,1.0,stratified_80_20
87037,1,1,1.0,stratified_80_20
87044,1,1,1.0,stratified_80_20
87068,1,1,1.0,stratified_80_20
87072,1,1,1.0,stratified_80_20
87086,1,1,1.0,stratified_80_20
87096,1,1,1.0,stratified_80_20
87097,1,1,1.0,stratified_80_20
87100,1,1,1.0,stratified_80_20
87107,1,1,1.0,stratified_80_20
87111,1,1,1.0,stratified_80_20
87115,1,1,1.0,stratified_80_20
87119,1,1,1.0,stratified_80_20
87131,1,1,1.0,stratified_80_20
87132,1,1,1.0,stratified_80_20
87133,1,1,1.0,stratified_80_20
87147,1,1,1.0,stratified_80_20
87150,1,1,1.0,stratified_80_20
87152,1,1,1.0,stratified_80_20
87158,1,1,1.0,stratified_80_20
87165,1,1,1.0,stratified_80_20
87168,1,1,1.0,stratified_80_20
87176,1,1,1.0,stratified_80_20
87198,1,1,1.0,stratified_80_20
87213,1,1,1.0,stratified_80_20
87214,1,1,1.0,stratified_80_20
87219,1,1,1.0,stratified_80_20
87223,1,1,1.0,stratified_80_20
87233,1,1,1.0,stratified_80_20
87237,1,1,1.0,stratified_80_20
87245,1,1,1.0,stratified_80_20
87247,1,1,1.0,stratified_80_20
87250,1,1,1.0,stratified_80_20
87262,1,1,1.0,stratified_80_20
87266,1,1,1.0,stratified_80_20
87270,0,0,0.0,stratified_80_20
87276,1,1,1.0,stratified_80_20
87282,1,1,1.0,stratified_80_20
87286,0,0,0.0,stratified_80_20
87292,1,1,1.0,stratified_80_20
87296,1,1,1.0,stratified_80_20
87303,1,1,1.0,stratified_80_20
87320,1,1,1.0,stratified_80_20
87321,1,1,1.0,stratified_80_20
87322,1,1,1.0,stratified_80_20
87332,1,1,1.0,stratified_80_20
87338,1,1,1.0,stratified_80_20
87348,1,1,1.0,stratified_80_20
87349,1,1,1.0,stratified_80_20
87350,1,1,1.0,stratified_80_20
87357,1,1,1.0,stratified_80_20
87363,1,1,1.0,stratified_80_20
87374,1,1,1.0,stratified_80_20
87381,1,1,1.0,stratified_80_20
87384,1,1,1.0,stratified_80_20
87390,1,1,1.0,stratified_80_20
87393,1,1,1.0,stratified_80_20
87397,1,1,1.0,stratified_80_20
87400,1,1,1.0,stratified_80_20
87403,1,1,1.0,stratified_80_20
87412,1,1,1.0,stratified_80_20
87415,1,1,1.0,stratified_80_20
87417,1,1,1.0,stratified_80_20
87425,1,1,1.0,stratified_80_20
87428,1,1,1.0,stratified_80_20
87435,1,1,1.0,stratified_80_20
87449,0,0,0.0,stratified_80_20
87451,1,1,1.0,stratified_80_20
87456,1,1,1.0,stratified_80_20
87459,1,1,1.0,stratified_80_20
87465,1,1,1.0,stratified_80_20
87475,1,1,1.0,stratified_80_20
87477,1,1,1.0,stratified_80_20
87483,1,1,1.0,stratified_80_20
87487,1,1,1.0,stratified_80_20
87495,1,1,1.0,stratified_80_20
87506,1,1,1.0,stratified_80_20
87508,1,1,1.0,stratified_80_20
87510,1,1,1.0,stratified_80_20
87512,1,1,1.0,stratified_80_20
87513,1,1,1.0,stratified_80_20
87515,1,1,1.0,stratified_80_20
87518,1,1,1.0,stratified_80_20
87521,1,1,1.0,stratified_80_20
87522,1,1,1.0,stratified_80_20
87528,1,1,1.0,stratified_80_20
87534,1,1,1.0,stratified_80_20
87535,1,1,1.0,stratified_80_20
87545,1,1,1.0,stratified_80_20
87551,1,1,1.0,stratified_80_20
87565,1,1,1.0,stratified_80_20
87572,1,1,1.0,stratified_80_20
87573,1,1,1.0,stratified_80_20
87578,1,1,1.0,stratified_80_20
87583,1,1,1.0,stratified_80_20
87585,1,1,1.0,stratified_80_20
87586,1,1,1.0,stratified_80_20
87588,1,1,1.0,stratified_80_20
87593,1,1,1.0,stratified_80_20
87595,1,1,1.0,stratified_80_20
87613,1,1,1.0,stratified_80_20
87622,1,1,1.0,stratified_80_20
87624,1,1,1.0,stratified_80_20
87634,1,1,1.0,stratified_80_20
87653,1,1,1.0,stratified_80_20
87657,1,1,1.0,stratified_80_20
87662,1,1,1.0,stratified_80_20
87667,1,1,1.0,stratified_80_20
87672,1,1,1.0,stratified_80_20
87682,1,1,1.0,stratified_80_20
87684,1,1,1.0,stratified_80_20
87689,1,1,1.0,stratified_80_20
87690,1,1,1.0,stratified_80_20
87693,1,1,1.0,stratified_80_20
87694,1,1,1.0,stratified_80_20
87696,1,1,1.0,stratified_80_20
87701,1,1,1.0,stratified_80_20
87710,1,1,1.0,stratified_80_20
87714,1,1,1.0,stratified_80_20
87726,1,1,1.0,stratified_80_20
87739,1,1,1.0,stratified_80_20
87746,1,1,1.0,stratified_80_20
87750,1,1,1.0,stratified_80_20
87752,1,1,1.0,stratified_80_20
87756,1,1,1.0,stratified_80_20
87757,1,1,1.0,stratified_80_20
87763,1,1,1.0,stratified_80_20
87770,1,1,1.0,stratified_80_20
87771,1,1,1.0,stratified_80_20
87773,1,1,1.0,stratified_80_20
87776,1,1,1.0,stratified_80_20
87777,1,1,1.0,stratified_80_20
87780,1,1,1.0,stratified_80_20
87784,1,1,1.0,stratified_80_20
87786,1,1,1.0,stratified_80_20
87792,1,1,1.0,stratified_80_20
87802,1,1,1.0,stratified_80_20
87806,1,1,1.0,stratified_80_20
87816,0,0,0.0,stratified_80_20
87822,1,1,1.0,stratified_80_20
87828,1,1,1.0,stratified_80_20
87830,1,1,1.0,stratified_80_20
87832,0,0,0.0,stratified_80_20
87843,1,1,1.0,stratified_80_20
87859,1,1,1.0,stratified_80_20
87860,1,1,1.0,stratified_80_20
87861,1,1,1.0,stratified_80_20
87862,1,1,1.0,stratified_80_20
87863,1,1,1.0,stratified_80_20
87872,1,1,1.0,stratified_80_20
87881,1,1,1.0,stratified_80_20
87885,1,1,1.0,stratified_80_20
87892,1,1,1.0,stratified_80_20
87894,1,1,1.0,stratified_80_20
87896,1,1,1.0,stratified_80_20
87900,1,1,1.0,stratified_80_20
87906,1,1,1.0,stratified_80_20
87909,1,1,1.0,stratified_80_20
87917,1,1,1.0,stratified_80_20
87928,1,1,1.0,stratified_80_20
87929,0,0,0.0,stratified_80_20
87932,1,1,1.0,stratified_80_20
87940,1,1,1.0,stratified_80_20
87955,1,1,1.0,stratified_80_20
87956,1,1,1.0,stratified_80_20
87961,1,1,1.0,stratified_80_20
87965,1,1,1.0,stratified_80_20
87966,1,1,1.0,stratified_80_20
87970,1,1,1.0,stratified_80_20
87973,1,1,1.0,stratified_80_20
87979,1,1,1.0,stratified_80_20
87989,1,1,1.0,stratified_80_20
87995,1,1,1.0,stratified_80_20
87997,1,1,1.0,stratified_80_20
87998,0,0,0.0,stratified_80_20
88005,1,1,1.0,stratified_80_20
88009,1,1,1.0,stratified_80_20
88020,1,1,1.0,stratified_80_20
88026,1,1,1.0,stratified_80_20
88031,1,1,1.0,stratified_80_20
88033,1,1,1.0,stratified_80_20
88035,1,1,1.0,stratified_80_20
88038,1,1,1.0,stratified_80_20
88041,1,1,1.0,stratified_80_20
88049,1,1,1.0,stratified_80_20
88053,1,1,1.0,stratified_80_20
88054,1,1,1.0,stratified_80_20
88056,1,1,1.0,stratified_80_20
88061,1,1,1.0,stratified_80_20
88072,1,1,1.0,stratified_80_20
88074,1,1,1.0,stratified_80_20
88075,1,1,1.0,stratified_80_20
88089,1,1,1.0,stratified_80_20
88093,1,1,1.0,stratified_80_20
88096,1,1,1.0,stratified_80_20
88097,1,1,1.0,stratified_80_20
88098,1,1,1.0,stratified_80_20
88104,1,1,1.0,stratified_80_20
88106,1,1,1.0,stratified_80_20
88107,1,1,1.0,stratified_80_20
88120,1,1,1.0,stratified_80_20
88136,1,1,1.0,stratified_80_20
88143,1,1,1.0,stratified_80_20
88159,1,1,1.0,stratified_80_20
88165,1,1,1.0,stratified_80_20
88174,1,1,1.0,stratified_80_20
88182,1,1,1.0,stratified_80_20
88183,1,1,1.0,stratified_80_20
88200,1,1,1.0,stratified_80_20
88204,1,1,1.0,stratified_80_20
88216,1,1,1.0,stratified_80_20
88218,1,1,1.0,stratified_80_20
88232,1,1,1.0,stratified_80_20
88237,1,1,1.0,stratified_80_20
88247,1,1,1.0,stratified_80_20
88249,1,1,1.0,stratified_80_20
88259,1,1,1.0,stratified_80_20
88261,1,1,1.0,stratified_80_20
88269,1,1,1.0,stratified_80_20
88281,1,1,1.0,stratified_80_20
88284,1,1,1.0,stratified_80_20
88289,1,1,1.0,stratified_80_20
88291,1,1,1.0,stratified_80_20
88293,1,1,1.0,stratified_80_20
88300,1,1,1.0,stratified_80_20
88303,1,1,1.0,stratified_80_20
88314,1,1,1.0,stratified_80_20
88315,1,1,1.0,stratified_80_20
88316,1,1,1.0,stratified_80_20
88323,1,1,1.0,stratified_80_20
88325,1,1,1.0,stratified_80_20
88331,1,1,1.0,stratified_80_20
88332,1,1,1.0,stratified_80_20
88333,1,1,1.0,stratified_80_20
88335,1,1,1.0,stratified_80_20
88349,1,1,1.0,stratified_80_20
88352,1,1,1.0,stratified_80_20
88356,1,1,1.0,stratified_80_20
88367,1,1,1.0,stratified_80_20
88369,1,1,1.0,stratified_80_20
88370,1,1,1.0,stratified_80_20
88371,1,1,1.0,stratified_80_20
88374,1,1,1.0,stratified_80_20
88375,1,1,1.0,stratified_80_20
88377,1,1,1.0,stratified_80_20
88378,1,1,1.0,stratified_80_20
88390,1,1,1.0,stratified_80_20
88391,1,1,1.0,stratified_80_20
88396,1,1,1.0,stratified_80_20
88398,1,1,1.0,stratified_80_20
88409,1,1,1.0,stratified_80_20
88422,1,1,1.0,stratified_80_20
88424,1,1,1.0,stratified_80_20
88432,1,1,1.0,stratified_80_20
88437,1,1,1.0,stratified_80_20
88438,1,1,1.0,stratified_80_20
88440,1,1,1.0,stratified_80_20
88444,1,1,1.0,stratified_80_20
88447,1,1,1.0,stratified_80_20
88454,1,1,1.0,stratified_80_20
88461,1,1,1.0,stratified_80_20
88464,1,1,1.0,stratified_80_20
88465,1,1,1.0,stratified_80_20
88478,1,1,1.0,stratified_80_20
88479,1,1,1.0,stratified_80_20
88495,1,1,1.0,stratified_80_20
88496,1,1,1.0,stratified_80_20
88500,1,1,1.0,stratified_80_20
88501,1,1,1.0,stratified_80_20
88502,1,1,1.0,stratified_80_20
88508,1,1,1.0,stratified_80_20
88510,1,1,1.0,stratified_80_20
88517,1,1,1.0,stratified_80_20
88523,1,1,1.0,stratified_80_20
88533,1,1,1.0,stratified_80_20
88537,1,1,1.0,stratified_80_20
88542,1,1,1.0,stratified_80_20
88543,0,0,0.0,stratified_80_20
88558,0,0,0.0,stratified_80_20
88567,1,1,1.0,stratified_80_20
88569,1,1,1.0,stratified_80_20
88571,1,1,1.0,stratified_80_20
88575,1,1,1.0,stratified_80_20
88578,1,1,1.0,stratified_80_20
88580,1,1,1.0,stratified_80_20
88585,1,1,1.0,stratified_80_20
88589,1,1,1.0,stratified_80_20
88592,1,1,1.0,stratified_80_20
88593,1,1,1.0,stratified_80_20
88594,1,1,1.0,stratified_80_20
88595,1,1,1.0,stratified_80_20
88611,1,1,1.0,stratified_80_20
88615,1,1,1.0,stratified_80_20
88620,1,1,1.0,stratified_80_20
88625,1,1,1.0,stratified_80_20
88626,1,1,1.0,stratified_80_20
88632,1,1,1.0,stratified_80_20
88637,1,1,1.0,stratified_80_20
88646,1,1,1.0,stratified_80_20
88647,1,1,1.0,stratified_80_20
88657,1,1,1.0,stratified_80_20
88658,1,1,1.0,stratified_80_20
88662,1,1,1.0,stratified_80_20
88666,1,1,1.0,stratified_80_20
88680,1,1,1.0,stratified_80_20
88681,1,1,1.0,stratified_80_20
88684,1,1,1.0,stratified_80_20
88685,1,1,1.0,stratified_80_20
88688,1,1,1.0,stratified_80_20
88689,1,1,1.0,stratified_80_20
88691,1,1,1.0,stratified_80_20
88696,1,1,1.0,stratified_80_20
88703,1,1,1.0,stratified_80_20
88704,1,1,1.0,stratified_80_20
88707,1,1,1.0,stratified_80_20
88710,1,1,1.0,stratified_80_20
88711,1,1,1.0,stratified_80_20
88714,1,1,1.0,stratified_80_20
88716,1,1,1.0,stratified_80_20
88717,1,1,1.0,stratified_80_20
88720,1,1,1.0,stratified_80_20
88729,1,1,1.0,stratified_80_20
88730,1,1,1.0,stratified_80_20
88732,1,1,1.0,stratified_80_20
88747,1,1,1.0,stratified_80_20
88752,1,1,1.0,stratified_80_20
88759,1,1,1.0,stratified_80_20
88760,1,1,1.0,stratified_80_20
88765,1,1,1.0,stratified_80_20
88767,1,1,1.0,stratified_80_20
88770,1,1,1.0,stratified_80_20
88773,1,1,1.0,stratified_80_20
88774,1,1,1.0,stratified_80_20
88777,1,1,1.0,stratified_80_20
88787,1,1,1.0,stratified_80_20
88788,1,1,1.0,stratified_80_20
88795,1,1,1.0,stratified_80_20
88800,1,1,1.0,stratified_80_20
88803,1,1,1.0,stratified_80_20
88807,1,1,1.0,stratified_80_20
88813,1,1,1.0,stratified_80_20
88816,1,1,1.0,stratified_80_20
88820,1,1,1.0,stratified_80_20
88821,1,1,1.0,stratified_80_20
88824,1,1,1.0,stratified_80_20
88827,0,0,0.0,stratified_80_20
88831,1,1,1.0,stratified_80_20
88834,1,1,1.0,stratified_80_20
88836,1,1,1.0,stratified_80_20
88845,1,1,1.0,stratified_80_20
88855,1,1,1.0,stratified_80_20
88858,1,1,1.0,stratified_80_20
88859,1,1,1.0,stratified_80_20
88861,1,1,1.0,stratified_80_20
88865,1,1,1.0,stratified_80_20
88869,1,1,1.0,stratified_80_20
88872,1,1,1.0,stratified_80_20
88876,1,1,1.0,stratified_80_20
88878,1,1,1.0,stratified_80_20
88879,1,1,1.0,stratified_80_20
88882,1,1,1.0,stratified_80_20
88891,1,1,1.0,stratified_80_20
88896,1,1,1.0,stratified_80_20
88901,1,1,1.0,stratified_80_20
88906,1,1,1.0,stratified_80_20
88908,1,1,1.0,stratified_80_20
88919,1,1,1.0,stratified_80_20
88921,1,1,1.0,stratified_80_20
88925,1,1,1.0,stratified_80_20
88928,1,1,1.0,stratified_80_20
88929,1,1,1.0,stratified_80_20
88933,1,1,1.0,stratified_80_20
88938,1,1,1.0,stratified_80_20
88941,1,1,1.0,stratified_80_20
88959,1,1,1.0,stratified_80_20
88970,1,1,1.0,stratified_80_20
88972,1,1,1.0,stratified_80_20
88981,1,1,1.0,stratified_80_20
88984,1,1,1.0,stratified_80_20
88997,1,1,1.0,stratified_80_20
88998,1,1,1.0,stratified_80_20
89002,1,1,1.0,stratified_80_20
89004,1,1,1.0,stratified_80_20
89006,1,1,1.0,stratified_80_20
89010,1,1,1.0,stratified_80_20
89029,1,1,1.0,stratified_80_20
89040,1,1,1.0,stratified_80_20
89044,1,1,1.0,stratified_80_20
89050,1,1,1.0,stratified_80_20
89051,1,1,1.0,stratified_80_20
89056,1,1,1.0,stratified_80_20
89057,1,1,1.0,stratified_80_20
89064,1,1,1.0,stratified_80_20
89073,1,1,1.0,stratified_80_20
89099,1,1,1.0,stratified_80_20
89106,1,1,1.0,stratified_80_20
89124,1,1,1.0,stratified_80_20
89127,1,1,1.0,stratified_80_20
89135,1,1,1.0,stratified_80_20
89137,1,1,1.0,stratified_80_20
89138,1,1,1.0,stratified_80_20
89146,1,1,1.0,stratified_80_20
89147,1,1,1.0,stratified_80_20
89158,1,1,1.0,stratified_80_20
89161,1,1,1.0,stratified_80_20
89169,1,1,1.0,stratified_80_20
89173,1,1,1.0,stratified_80_20
89177,1,1,1.0,stratified_80_20
89179,1,1,1.0,stratified_80_20
89180,1,1,1.0,stratified_80_20
89182,0,0,0.0,stratified_80_20
89188,1,1,1.0,stratified_80_20
89191,1,1,1.0,stratified_80_20
89202,1,1,1.0,stratified_80_20
89206,1,1,1.0,stratified_80_20
89212,1,1,1.0,stratified_80_20
89216,1,1,1.0,stratified_80_20
89217,1,1,1.0,stratified_80_20
89218,1,1,1.0,stratified_80_20
89226,1,1,1.0,stratified_80_20
89234,1,1,1.0,stratified_80_20
89238,1,1,1.0,stratified_80_20
89239,1,1,1.0,stratified_80_20
89249,1,1,1.0,stratified_80_20
89260,0,0,0.0,stratified_80_20
89266,0,0,0.0,stratified_80_20
89272,1,1,1.0,stratified_80_20
89273,1,1,1.0,stratified_80_20
89274,0,0,0.0,stratified_80_20
89275,0,0,0.0,stratified_80_20
89276,1,1,1.0,stratified_80_20
89283,1,1,1.0,stratified_80_20
89288,1,1,1.0,stratified_80_20
89296,1,1,1.0,stratified_80_20
89306,0,0,0.0,stratified_80_20
89311,1,1,1.0,stratified_80_20
89315,1,1,1.0,stratified_80_20
89317,1,1,1.0,stratified_80_20
89320,1,1,1.0,stratified_80_20
89321,1,1,1.0,stratified_80_20
89328,1,1,1.0,stratified_80_20
89332,0,0,0.0,stratified_80_20
89334,1,1,1.0,stratified_80_20
89339,1,1,1.0,stratified_80_20
89342,1,1,1.0,stratified_80_20
89349,1,1,1.0,stratified_80_20
89352,1,1,1.0,stratified_80_20
89353,1,1,1.0,stratified_80_20
89361,1,1,1.0,stratified_80_20
89362,1,1,1.0,stratified_80_20
89367,1,1,1.0,stratified_80_20
89373,1,1,1.0,stratified_80_20
89374,1,1,1.0,stratified_80_20
89377,1,1,1.0,stratified_80_20
89388,1,1,1.0,stratified_80_20
89395,1,1,1.0,stratified_80_20
89396,1,1,1.0,stratified_80_20
89402,1,1,1.0,stratified_80_20
89413,1,1,1.0,stratified_80_20
89424,1,1,1.0,stratified_80_20
89431,0,0,0.0,stratified_80_20
89436,1,1,1.0,stratified_80_20
89440,1,1,1.0,stratified_80_20
89441,1,1,1.0,stratified_80_20
89444,1,1,1.0,stratified_80_20
89455,0,0,0.0,stratified_80_20
89456,1,1,1.0,stratified_80_20
89460,1,1,1.0,stratified_80_20
89463,1,1,1.0,stratified_80_20
89472,0,0,0.0,stratified_80_20
89474,1,1,1.0,stratified_80_20
89475,1,1,1.0,stratified_80_20
89484,1,1,1.0,stratified_80_20
89487,1,1,1.0,stratified_80_20
89488,1,1,1.0,stratified_80_20
89489,1,1,1.0,stratified_80_20
89490,1,1,1.0,stratified_80_20
89492,1,1,1.0,stratified_80_20
89495,1,1,1.0,stratified_80_20
89506,1,1,1.0,stratified_80_20
89507,1,1,1.0,stratified_80_20
89509,1,1,1.0,stratified_80_20
89520,1,1,1.0,stratified_80_20
89528,1,1,1.0,stratified_80_20
89529,1,1,1.0,stratified_80_20
89537,1,1,1.0,stratified_80_20
89540,1,1,1.0,stratified_80_20
89542,1,1,1.0,stratified_80_20
89546,1,1,1.0,stratified_80_20
89559,1,1,1.0,stratified_80_20
89565,1,1,1.0,stratified_80_20
89568,1,1,1.0,stratified_80_20
89573,1,1,1.0,stratified_80_20
89577,1,1,1.0,stratified_80_20
89578,1,1,1.0,stratified_80_20
89581,1,1,1.0,stratified_80_20
89583,1,1,1.0,stratified_80_20
89588,1,1,1.0,stratified_80_20
89597,1,1,1.0,stratified_80_20
89604,1,1,1.0,stratified_80_20
89605,1,1,1.0,stratified_80_20
89607,1,1,1.0,stratified_80_20
89608,1,1,1.0,stratified_80_20
89609,1,1,1.0,stratified_80_20
89611,1,1,1.0,stratified_80_20
89613,1,1,1.0,stratified_80_20
89644,1,1,1.0,stratified_80_20
89647,1,1,1.0,stratified_80_20
89654,1,1,1.0,stratified_80_20
89655,1,1,1.0,stratified_80_20
89659,1,1,1.0,stratified_80_20
89663,1,1,1.0,stratified_80_20
89669,1,1,1.0,stratified_80_20
89672,1,1,1.0,stratified_80_20
89676,1,1,1.0,stratified_80_20
89684,1,1,1.0,stratified_80_20
89690,1,1,1.0,stratified_80_20
89701,1,1,1.0,stratified_80_20
89710,1,1,1.0,stratified_80_20
89714,1,1,1.0,stratified_80_20
89717,1,1,1.0,stratified_80_20
89718,1,1,1.0,stratified_80_20
89724,1,1,1.0,stratified_80_20
89726,1,1,1.0,stratified_80_20
89728,1,1,1.0,stratified_80_20
89732,1,1,1.0,stratified_80_20
89739,0,0,0.0,stratified_80_20
89749,1,1,1.0,stratified_80_20
89754,1,1,1.0,stratified_80_20
89755,1,1,1.0,stratified_80_20
89757,1,1,1.0,stratified_80_20
89759,1,1,1.0,stratified_80_20
89773,1,1,1.0,stratified_80_20
89784,1,1,1.0,stratified_80_20
89800,1,1,1.0,stratified_80_20
89801,1,1,1.0,stratified_80_20
89804,1,1,1.0,stratified_80_20
89805,1,1,1.0,stratified_80_20
89806,1,1,1.0,stratified_80_20
89818,0,0,0.0,stratified_80_20
89821,0,0,0.0,stratified_80_20
89831,1,1,1.0,stratified_80_20
89833,1,1,1.0,stratified_80_20
89834,1,1,1.0,stratified_80_20
89840,1,1,1.0,stratified_80_20
89851,1,1,1.0,stratified_80_20
89860,1,1,1.0,stratified_80_20
89864,1,1,1.0,stratified_80_20
89867,1,1,1.0,stratified_80_20
89869,1,1,1.0,stratified_80_20
89871,1,1,1.0,stratified_80_20
89872,1,1,1.0,stratified_80_20
89873,1,1,1.0,stratified_80_20
89874,1,1,1.0,stratified_80_20
89876,1,1,1.0,stratified_80_20
89884,1,1,1.0,stratified_80_20
89892,1,1,1.0,stratified_80_20
89894,1,1,1.0,stratified_80_20
89908,1,1,1.0,stratified_80_20
89909,1,1,1.0,stratified_80_20
89912,1,1,1.0,stratified_80_20
89919,1,1,1.0,stratified_80_20
89923,1,1,1.0,stratified_80_20
89924,1,1,1.0,stratified_80_20
89927,1,1,1.0,stratified_80_20
89941,1,1,1.0,stratified_80_20
89948,1,1,1.0,stratified_80_20
89951,1,1,1.0,stratified_80_20
89953,1,1,1.0,stratified_80_20
89957,1,1,1.0,stratified_80_20
89960,1,1,1.0,stratified_80_20
89963,1,1,1.0,stratified_80_20
89964,1,1,1.0,stratified_80_20
89966,1,1,1.0,stratified_80_20
89969,1,1,1.0,stratified_80_20
89972,1,1,1.0,stratified_80_20
89973,1,1,1.0,stratified_80_20
89975,1,1,1.0,stratified_80_20
89985,1,1,1.0,stratified_80_20
89986,1,1,1.0,stratified_80_20
89988,1,1,1.0,stratified_80_20
89992,1,1,1.0,stratified_80_20
89998,0,0,0.0,stratified_80_20
90001,0,0,0.0,stratified_80_20
90007,1,1,1.0,stratified_80_20
90009,1,1,1.0,stratified_80_20
90012,1,1,1.0,stratified_80_20
90013,0,0,0.0,stratified_80_20
90014,0,0,0.0,stratified_80_20
90028,1,1,1.0,stratified_80_20
90032,1,1,1.0,stratified_80_20
90034,1,1,1.0,stratified_80_20
90041,1,1,1.0,stratified_80_20
90043,1,1,1.0,stratified_80_20
90063,1,1,1.0,stratified_80_20
90073,1,1,1.0,stratified_80_20
90085,1,1,1.0,stratified_80_20
90086,1,1,1.0,stratified_80_20
90097,1,1,1.0,stratified_80_20
90103,1,1,1.0,stratified_80_20
90105,1,1,1.0,stratified_80_20
90114,1,1,1.0,stratified_80_20
90129,1,1,1.0,stratified_80_20
90133,1,1,1.0,stratified_80_20
90138,1,1,1.0,stratified_80_20
90146,1,1,1.0,stratified_80_20
90167,0,0,0.0,stratified_80_20
90168,1,1,1.0,stratified_80_20
90172,1,1,1.0,stratified_80_20
90173,1,1,1.0,stratified_80_20
90174,1,1,1.0,stratified_80_20
90189,0,0,0.0,stratified_80_20
90190,1,1,1.0,stratified_80_20
90195,0,0,0.0,stratified_80_20
90200,1,1,1.0,stratified_80_20
90203,0,0,0.0,stratified_80_20
90208,1,1,1.0,stratified_80_20
90210,1,1,1.0,stratified_80_20
90215,0,0,0.0,stratified_80_20
90221,1,1,1.0,stratified_80_20
90225,1,1,1.0,stratified_80_20
90232,1,1,1.0,stratified_80_20
90233,1,1,1.0,stratified_80_20
90236,1,1,1.0,stratified_80_20
90239,1,1,1.0,stratified_80_20
90265,1,1,1.0,stratified_80_20
90266,1,1,1.0,stratified_80_20
90282,1,1,1.0,stratified_80_20
90283,1,1,1.0,stratified_80_20
90288,1,1,1.0,stratified_80_20
90295,1,1,1.0,stratified_80_20
90298,1,1,1.0,stratified_80_20
90305,1,1,1.0,stratified_80_20
90310,1,1,1.0,stratified_80_20
90314,1,1,1.0,stratified_80_20
90342,1,1,1.0,stratified_80_20
90344,1,1,1.0,stratified_80_20
90345,1,1,1.0,stratified_80_20
90349,1,1,1.0,stratified_80_20
90350,1,1,1.0,stratified_80_20
90352,1,1,1.0,stratified_80_20
90354,1,1,1.0,stratified_80_20
90355,1,1,1.0,stratified_80_20
90357,1,1,1.0,stratified_80_20
90359,1,1,1.0,stratified_80_20
90362,1,1,1.0,stratified_80_20
90363,0,0,0.0,stratified_80_20
90369,1,1,1.0,stratified_80_20
90392,1,1,1.0,stratified_80_20
90396,1,1,1.0,stratified_80_20
90399,1,1,1.0,stratified_80_20
90402,1,1,1.0,stratified_80_20
90410,1,1,1.0,stratified_80_20
90415,1,1,1.0,stratified_80_20
90418,1,1,1.0,stratified_80_20
90420,1,1,1.0,stratified_80_20
90421,1,1,1.0,stratified_80_20
90427,1,1,1.0,stratified_80_20
90430,1,1,1.0,stratified_80_20
90436,1,1,1.0,stratified_80_20
90450,1,1,1.0,stratified_80_20
90454,1,1,1.0,stratified_80_20
90461,1,1,1.0,stratified_80_20
90469,1,1,1.0,stratified_80_20
90485,1,1,1.0,stratified_80_20
90487,1,1,1.0,stratified_80_20
90493,1,1,1.0,stratified_80_20
90495,1,1,1.0,stratified_80_20
90498,1,1,1.0,stratified_80_20
90502,1,1,1.0,stratified_80_20
90505,1,1,1.0,stratified_80_20
90511,1,1,1.0,stratified_80_20
90521,1,1,1.0,stratified_80_20
90522,1,1,1.0,stratified_80_20
90527,1,1,1.0,stratified_80_20
90530,1,1,1.0,stratified_80_20
90531,1,1,1.0,stratified_80_20
90534,1,1,1.0,stratified_80_20
90551,0,0,0.0,stratified_80_20
90553,1,1,1.0,stratified_80_20
90554,1,1,1.0,stratified_80_20
90555,1,1,1.0,stratified_80_20
90559,1,1,1.0,stratified_80_20
90565,1,1,1.0,stratified_80_20
90571,1,1,1.0,stratified_80_20
90574,1,1,1.0,stratified_80_20
90585,1,1,1.0,stratified_80_20
90602,1,1,1.0,stratified_80_20
90615,1,1,1.0,stratified_80_20
90622,1,1,1.0,stratified_80_20
90624,1,1,1.0,stratified_80_20
90657,1,1,1.0,stratified_80_20
90660,1,1,1.0,stratified_80_20
90666,1,1,1.0,stratified_80_20
90668,1,1,1.0,stratified_80_20
90682,1,1,1.0,stratified_80_20
90688,1,1,1.0,stratified_80_20
90690,1,1,1.0,stratified_80_20
90691,1,1,1.0,stratified_80_20
90692,1,1,1.0,stratified_80_20
90693,1,1,1.0,stratified_80_20
90702,1,1,1.0,stratified_80_20
90708,1,1,1.0,stratified_80_20
90716,1,1,1.0,stratified_80_20
90731,1,1,1.0,stratified_80_20
90740,1,1,1.0,stratified_80_20
90741,1,1,1.0,stratified_80_20
90744,0,0,0.0,stratified_80_20
90745,0,0,0.0,stratified_80_20
90746,1,1,1.0,stratified_80_20
90749,1,1,1.0,stratified_80_20
90753,1,1,1.0,stratified_80_20
90759,1,1,1.0,stratified_80_20
90761,1,1,1.0,stratified_80_20
90764,1,1,1.0,stratified_80_20
90767,1,1,1.0,stratified_80_20
90772,1,1,1.0,stratified_80_20
90773,1,1,1.0,stratified_80_20
90781,1,1,1.0,stratified_80_20
90782,1,1,1.0,stratified_80_20
90783,1,1,1.0,stratified_80_20
90787,1,1,1.0,stratified_80_20
90796,1,1,1.0,stratified_80_20
90800,1,1,1.0,stratified_80_20
90803,1,1,1.0,stratified_80_20
90821,1,1,1.0,stratified_80_20
90824,1,1,1.0,stratified_80_20
90825,1,1,1.0,stratified_80_20
90830,1,1,1.0,stratified_80_20
90832,1,1,1.0,stratified_80_20
90834,1,1,1.0,stratified_80_20
90839,1,1,1.0,stratified_80_20
90840,1,1,1.0,stratified_80_20
90841,1,1,1.0,stratified_80_20
90850,1,1,1.0,stratified_80_20
90851,1,1,1.0,stratified_80_20
90858,1,1,1.0,stratified_80_20
90862,1,1,1.0,stratified_80_20
90871,1,1,1.0,stratified_80_20
90873,1,1,1.0,stratified_80_20
90874,1,1,1.0,stratified_80_20
90880,1,1,1.0,stratified_80_20
90881,1,1,1.0,stratified_80_20
90891,1,1,1.0,stratified_80_20
90894,1,1,1.0,stratified_80_20
90896,1,1,1.0,stratified_80_20
90900,1,1,1.0,stratified_80_20
90902,0,0,0.0,stratified_80_20
90907,0,0,0.0,stratified_80_20
90910,0,0,0.0,stratified_80_20
90912,1,1,1.0,stratified_80_20
90917,1,1,1.0,stratified_80_20
90936,1,1,1.0,stratified_80_20
90937,1,1,1.0,stratified_80_20
90938,1,1,1.0,stratified_80_20
90955,1,1,1.0,stratified_80_20
90956,1,1,1.0,stratified_80_20
90985,1,1,1.0,stratified_80_20
90986,1,1,1.0,stratified_80_20
90987,1,1,1.0,stratified_80_20
90992,1,1,1.0,stratified_80_20
90997,1,1,1.0,stratified_80_20
91000,1,1,1.0,stratified_80_20
91003,0,0,0.0,stratified_80_20
91011,1,1,1.0,stratified_80_20
91020,1,1,1.0,stratified_80_20
91024,1,1,1.0,stratified_80_20
91026,1,1,1.0,stratified_80_20
91041,1,1,1.0,stratified_80_20
91042,1,1,1.0,stratified_80_20
91043,1,1,1.0,stratified_80_20
91057,1,1,1.0,stratified_80_20
91058,1,1,1.0,stratified_80_20
91064,1,1,1.0,stratified_80_20
91066,1,1,1.0,stratified_80_20
91070,1,1,1.0,stratified_80_20
91071,1,1,1.0,stratified_80_20
91073,1,1,1.0,stratified_80_20
91078,1,1,1.0,stratified_80_20
91096,1,1,1.0,stratified_80_20
91098,1,1,1.0,stratified_80_20
91107,1,1,1.0,stratified_80_20
91114,1,1,1.0,stratified_80_20
91116,1,1,1.0,stratified_80_20
91118,1,1,1.0,stratified_80_20
91126,1,1,1.0,stratified_80_20
91131,1,1,1.0,stratified_80_20
91132,1,1,1.0,stratified_80_20
91135,1,1,1.0,stratified_80_20
91138,1,1,1.0,stratified_80_20
91142,1,1,1.0,stratified_80_20
91144,1,1,1.0,stratified_80_20
91145,1,1,1.0,stratified_80_20
91148,1,1,1.0,stratified_80_20
91155,1,1,1.0,stratified_80_20
91162,1,1,1.0,stratified_80_20
91165,1,1,1.0,stratified_80_20
91169,1,1,1.0,stratified_80_20
91175,1,1,1.0,stratified_80_20
91176,1,1,1.0,stratified_80_20
91180,1,1,1.0,stratified_80_20
91186,1,1,1.0,stratified_80_20
91188,1,1,1.0,stratified_80_20
91196,1,1,1.0,stratified_80_20
91199,1,1,1.0,stratified_80_20
91205,1,1,1.0,stratified_80_20
91209,1,1,1.0,stratified_80_20
91216,1,1,1.0,stratified_80_20
91220,1,1,1.0,stratified_80_20
91224,1,1,1.0,stratified_80_20
91229,1,1,1.0,stratified_80_20
91235,1,1,1.0,stratified_80_20
91239,1,1,1.0,stratified_80_20
91250,1,1,1.0,stratified_80_20
91259,1,1,1.0,stratified_80_20
91262,1,1,1.0,stratified_80_20
91268,0,0,0.0,stratified_80_20
91271,1,1,1.0,stratified_80_20
91272,0,0,0.0,stratified_80_20
91275,1,1,1.0,stratified_80_20
91280,1,1,1.0,stratified_80_20
91291,1,1,1.0,stratified_80_20
91292,1,1,1.0,stratified_80_20
91299,1,1,1.0,stratified_80_20
91304,1,1,1.0,stratified_80_20
91305,1,1,1.0,stratified_80_20
91307,1,1,1.0,stratified_80_20
91312,1,1,1.0,stratified_80_20
91323,1,1,1.0,stratified_80_20
91326,1,1,1.0,stratified_80_20
91329,1,1,1.0,stratified_80_20
91337,1,1,1.0,stratified_80_20
91357,1,1,1.0,stratified_80_20
91361,1,1,1.0,stratified_80_20
91365,1,1,1.0,stratified_80_20
91367,1,1,1.0,stratified_80_20
91370,1,1,1.0,stratified_80_20
91371,1,1,1.0,stratified_80_20
91384,1,1,1.0,stratified_80_20
91385,1,1,1.0,stratified_80_20
91386,1,1,1.0,stratified_80_20
91388,1,1,1.0,stratified_80_20
91400,1,1,1.0,stratified_80_20
91405,1,1,1.0,stratified_80_20
91410,1,1,1.0,stratified_80_20
91416,1,1,1.0,stratified_80_20
91428,1,1,1.0,stratified_80_20
91429,1,1,1.0,stratified_80_20
91444,1,1,1.0,stratified_80_20
91457,1,1,1.0,stratified_80_20
91469,0,0,0.0,stratified_80_20
91473,1,1,1.0,stratified_80_20
91474,1,1,1.0,stratified_80_20
91482,1,1,1.0,stratified_80_20
91489,1,1,1.0,stratified_80_20
91493,1,1,1.0,stratified_80_20
91507,1,1,1.0,stratified_80_20
91532,1,1,1.0,stratified_80_20
91535,0,0,0.0,stratified_80_20
91536,1,1,1.0,stratified_80_20
91552,1,1,1.0,stratified_80_20
91554,1,1,1.0,stratified_80_20
91556,1,1,1.0,stratified_80_20
91570,1,1,1.0,stratified_80_20
91573,1,1,1.0,stratified_80_20
91580,1,1,1.0,stratified_80_20
91587,1,1,1.0,stratified_80_20
91593,1,1,1.0,stratified_80_20
91600,1,1,1.0,stratified_80_20
91602,1,1,1.0,stratified_80_20
91603,1,1,1.0,stratified_80_20
91604,1,1,1.0,stratified_80_20
91607,1,1,1.0,stratified_80_20
91608,1,1,1.0,stratified_80_20
91610,1,1,1.0,stratified_80_20
91611,1,1,1.0,stratified_80_20
91612,1,1,1.0,stratified_80_20
91614,1,1,1.0,stratified_80_20
91616,1,1,1.0,stratified_80_20
91621,1,1,1.0,stratified_80_20
91626,1,1,1.0,stratified_80_20
91627,1,1,1.0,stratified_80_20
91628,1,1,1.0,stratified_80_20
91635,1,1,1.0,stratified_80_20
91636,0,0,0.0,stratified_80_20
91643,1,1,1.0,stratified_80_20
91644,1,1,1.0,stratified_80_20
91646,1,1,1.0,stratified_80_20
91649,1,1,1.0,stratified_80_20
91650,1,1,1.0,stratified_80_20
91677,1,1,1.0,stratified_80_20
91681,1,1,1.0,stratified_80_20
91690,1,1,1.0,stratified_80_20
91707,1,1,1.0,stratified_80_20
91708,1,1,1.0,stratified_80_20
91711,1,1,1.0,stratified_80_20
91712,1,1,1.0,stratified_80_20
91717,1,1,1.0,stratified_80_20
91739,1,1,1.0,stratified_80_20
91758,1,1,1.0,stratified_80_20
91762,1,1,1.0,stratified_80_20
91767,1,1,1.0,stratified_80_20
91770,1,1,1.0,stratified_80_20
91772,1,1,1.0,stratified_80_20
91777,1,1,1.0,stratified_80_20
91784,1,1,1.0,stratified_80_20
91785,1,1,1.0,stratified_80_20
91789,1,1,1.0,stratified_80_20
91793,1,1,1.0,stratified_80_20
91800,1,1,1.0,stratified_80_20
91803,1,1,1.0,stratified_80_20
91809,1,1,1.0,stratified_80_20
91813,0,0,0.0,stratified_80_20
91820,1,1,1.0,stratified_80_20
91826,1,1,1.0,stratified_80_20
91835,1,1,1.0,stratified_80_20
91837,1,1,1.0,stratified_80_20
91841,1,1,1.0,stratified_80_20
91854,1,1,1.0,stratified_80_20
91857,1,1,1.0,stratified_80_20
91861,1,1,1.0,stratified_80_20
91864,1,1,1.0,stratified_80_20
91873,1,1,1.0,stratified_80_20
91876,1,1,1.0,stratified_80_20
91885,1,1,1.0,stratified_80_20
91886,1,1,1.0,stratified_80_20
91904,1,1,1.0,stratified_80_20
91905,1,1,1.0,stratified_80_20
91909,1,1,1.0,stratified_80_20
91914,1,1,1.0,stratified_80_20
91929,1,1,1.0,stratified_80_20
91933,1,1,1.0,stratified_80_20
91937,1,1,1.0,stratified_80_20
91944,1,1,1.0,stratified_80_20
91947,1,1,1.0,stratified_80_20
91956,1,1,1.0,stratified_80_20
91962,1,1,1.0,stratified_80_20
91964,1,1,1.0,stratified_80_20
91973,1,1,1.0,stratified_80_20
91977,1,1,1.0,stratified_80_20
91982,1,1,1.0,stratified_80_20
91984,1,1,1.0,stratified_80_20
91987,0,0,0.0,stratified_80_20
91993,0,0,0.0,stratified_80_20
91994,1,1,1.0,stratified_80_20
91996,0,0,0.0,stratified_80_20
91998,0,0,0.0,stratified_80_20
92007,1,1,1.0,stratified_80_20
92012,1,1,1.0,stratified_80_20
92013,1,1,1.0,stratified_80_20
92016,0,0,0.0,stratified_80_20
92025,1,1,1.0,stratified_80_20
92033,1,1,1.0,stratified_80_20
92036,1,1,1.0,stratified_80_20
92040,1,1,1.0,stratified_80_20
92041,1,1,1.0,stratified_80_20
92043,1,1,1.0,stratified_80_20
92048,1,1,1.0,stratified_80_20
92055,1,1,1.0,stratified_80_20
92057,1,1,1.0,stratified_80_20
92062,1,1,1.0,stratified_80_20
92070,1,1,1.0,stratified_80_20
92076,1,1,1.0,stratified_80_20
92078,1,1,1.0,stratified_80_20
92089,1,1,1.0,stratified_80_20
92100,1,1,1.0,stratified_80_20
92102,1,1,1.0,stratified_80_20
92109,1,1,1.0,stratified_80_20
92112,1,1,1.0,stratified_80_20
92126,1,1,1.0,stratified_80_20
92132,1,1,1.0,stratified_80_20
92133,1,1,1.0,stratified_80_20
92134,1,1,1.0,stratified_80_20
92137,1,1,1.0,stratified_80_20
92148,1,1,1.0,stratified_80_20
92157,1,1,1.0,stratified_80_20
92158,1,1,1.0,stratified_80_20
92180,1,1,1.0,stratified_80_20
92192,1,1,1.0,stratified_80_20
92194,1,1,1.0,stratified_80_20
92203,1,1,1.0,stratified_80_20
92204,1,1,1.0,stratified_80_20
92205,1,1,1.0,stratified_80_20
92207,1,1,1.0,stratified_80_20
92208,1,1,1.0,stratified_80_20
92214,1,1,1.0,stratified_80_20
92220,1,1,1.0,stratified_80_20
92224,1,1,1.0,stratified_80_20
92225,1,1,1.0,stratified_80_20
92231,1,1,1.0,stratified_80_20
92232,1,1,1.0,stratified_80_20
92234,1,1,1.0,stratified_80_20
92236,1,1,1.0,stratified_80_20
92249,1,1,1.0,stratified_80_20
92254,1,1,1.0,stratified_80_20
92256,1,1,1.0,stratified_80_20
92257,1,1,1.0,stratified_80_20
92264,1,1,1.0,stratified_80_20
92267,1,1,1.0,stratified_80_20
92268,1,1,1.0,stratified_80_20
92275,1,1,1.0,stratified_80_20
92281,1,1,1.0,stratified_80_20
92284,1,1,1.0,stratified_80_20
92291,1,1,1.0,stratified_80_20
92295,1,1,1.0,stratified_80_20
92301,1,1,1.0,stratified_80_20
92303,1,1,1.0,stratified_80_20
92305,1,1,1.0,stratified_80_20
92306,1,1,1.0,stratified_80_20
92310,1,1,1.0,stratified_80_20
92317,1,1,1.0,stratified_80_20
92324,1,1,1.0,stratified_80_20
92328,1,1,1.0,stratified_80_20
92330,1,1,1.0,stratified_80_20
92340,1,1,1.0,stratified_80_20
92341,1,1,1.0,stratified_80_20
92345,1,1,1.0,stratified_80_20
92347,1,1,1.0,stratified_80_20
92354,1,1,1.0,stratified_80_20
92359,0,0,0.0,stratified_80_20
92367,1,1,1.0,stratified_80_20
92373,1,1,1.0,stratified_80_20
92374,1,1,1.0,stratified_80_20
92377,1,1,1.0,stratified_80_20
92388,1,1,1.0,stratified_80_20
92399,1,1,1.0,stratified_80_20
92401,1,1,1.0,stratified_80_20
92406,1,1,1.0,stratified_80_20
92409,1,1,1.0,stratified_80_20
92410,1,1,1.0,stratified_80_20
92411,1,1,1.0,stratified_80_20
92414,1,1,1.0,stratified_80_20
92419,1,1,1.0,stratified_80_20
92420,1,1,1.0,stratified_80_20
92424,1,1,1.0,stratified_80_20
92431,1,1,1.0,stratified_80_20
92435,1,1,1.0,stratified_80_20
92438,1,1,1.0,stratified_80_20
92441,1,1,1.0,stratified_80_20
92442,1,1,1.0,stratified_80_20
92443,1,1,1.0,stratified_80_20
92448,1,1,1.0,stratified_80_20
92454,1,1,1.0,stratified_80_20
92465,1,1,1.0,stratified_80_20
92473,1,1,1.0,stratified_80_20
92477,1,1,1.0,stratified_80_20
92481,1,1,1.0,stratified_80_20
92482,1,1,1.0,stratified_80_20
92483,1,1,1.0,stratified_80_20
92493,1,1,1.0,stratified_80_20
92495,1,1,1.0,stratified_80_20
92496,1,1,1.0,stratified_80_20
92500,1,1,1.0,stratified_80_20
92501,1,1,1.0,stratified_80_20
92505,1,1,1.0,stratified_80_20
92506,1,1,1.0,stratified_80_20
92511,1,1,1.0,stratified_80_20
92517,1,1,1.0,stratified_80_20
92521,1,1,1.0,stratified_80_20
92525,1,1,1.0,stratified_80_20
92529,1,1,1.0,stratified_80_20
92535,1,1,1.0,stratified_80_20
92536,1,1,1.0,stratified_80_20
92555,1,1,1.0,stratified_80_20
92556,1,1,1.0,stratified_80_20
92558,1,1,1.0,stratified_80_20
92564,1,1,1.0,stratified_80_20
92565,1,1,1.0,stratified_80_20
92574,1,1,1.0,stratified_80_20
92576,1,1,1.0,stratified_80_20
92586,1,1,1.0,stratified_80_20
92601,1,1,1.0,stratified_80_20
92602,1,1,1.0,stratified_80_20
92603,1,1,1.0,stratified_80_20
92612,1,1,1.0,stratified_80_20
92614,1,1,1.0,stratified_80_20
92622,1,1,1.0,stratified_80_20
92627,1,1,1.0,stratified_80_20
92630,1,1,1.0,stratified_80_20
92636,1,1,1.0,stratified_80_20
92639,1,1,1.0,stratified_80_20
92642,1,1,1.0,stratified_80_20
92644,1,1,1.0,stratified_80_20
92647,1,1,1.0,stratified_80_20
92653,1,1,1.0,stratified_80_20
92655,1,1,1.0,stratified_80_20
92658,1,1,1.0,stratified_80_20
92671,1,1,1.0,stratified_80_20
92674,1,1,1.0,stratified_80_20
92675,1,1,1.0,stratified_80_20
92686,1,1,1.0,stratified_80_20
92693,1,1,1.0,stratified_80_20
92699,1,1,1.0,stratified_80_20
92703,1,1,1.0,stratified_80_20
92704,1,1,1.0,stratified_80_20
92715,1,1,1.0,stratified_80_20
92718,1,1,1.0,stratified_80_20
92724,1,1,1.0,stratified_80_20
92729,0,0,0.0,stratified_80_20
92731,1,1,1.0,stratified_80_20
92739,1,1,1.0,stratified_80_20
92741,1,1,1.0,stratified_80_20
92746,1,1,1.0,stratified_80_20
92750,1,1,1.0,stratified_80_20
92752,1,1,1.0,stratified_80_20
92753,1,1,1.0,stratified_80_20
92756,1,1,1.0,stratified_80_20
92775,1,1,1.0,stratified_80_20
92776,1,1,1.0,stratified_80_20
92777,1,1,1.0,stratified_80_20
92783,1,1,1.0,stratified_80_20
92789,1,1,1.0,stratified_80_20
92790,1,1,1.0,stratified_80_20
92793,1,1,1.0,stratified_80_20
92794,1,1,1.0,stratified_80_20
92796,1,1,1.0,stratified_80_20
92812,1,1,1.0,stratified_80_20
92816,1,1,1.0,stratified_80_20
92819,1,1,1.0,stratified_80_20
92825,0,0,0.0,stratified_80_20
92827,1,1,1.0,stratified_80_20
92828,1,1,1.0,stratified_80_20
92839,1,1,1.0,stratified_80_20
92842,1,1,1.0,stratified_80_20
92859,1,1,1.0,stratified_80_20
92860,1,1,1.0,stratified_80_20
92863,1,1,1.0,stratified_80_20
92879,1,1,1.0,stratified_80_20
92883,1,1,1.0,stratified_80_20
92891,1,1,1.0,stratified_80_20
92895,1,1,1.0,stratified_80_20
92900,1,1,1.0,stratified_80_20
92901,1,1,1.0,stratified_80_20
92910,0,0,0.0,stratified_80_20
92914,1,1,1.0,stratified_80_20
92922,1,1,1.0,stratified_80_20
92925,1,1,1.0,stratified_80_20
92937,1,1,1.0,stratified_80_20
92941,1,1,1.0,stratified_80_20
92946,1,1,1.0,stratified_80_20
92952,1,1,1.0,stratified_80_20
92953,1,1,1.0,stratified_80_20
92955,1,1,1.0,stratified_80_20
92966,1,1,1.0,stratified_80_20
92982,1,1,1.0,stratified_80_20
92985,1,1,1.0,stratified_80_20
92987,1,1,1.0,stratified_80_20
92992,1,1,1.0,stratified_80_20
92998,1,1,1.0,stratified_80_20
93002,1,1,1.0,stratified_80_20
93008,1,1,1.0,stratified_80_20
93010,1,1,1.0,stratified_80_20
93011,1,1,1.0,stratified_80_20
93021,1,1,1.0,stratified_80_20
93024,1,1,1.0,stratified_80_20
93035,1,1,1.0,stratified_80_20
93038,1,1,1.0,stratified_80_20
93054,1,1,1.0,stratified_80_20
93058,1,1,1.0,stratified_80_20
93061,1,1,1.0,stratified_80_20
93065,1,1,1.0,stratified_80_20
93066,1,1,1.0,stratified_80_20
93067,1,1,1.0,stratified_80_20
93068,1,1,1.0,stratified_80_20
93073,1,1,1.0,stratified_80_20
93075,1,1,1.0,stratified_80_20
93080,1,1,1.0,stratified_80_20
93081,1,1,1.0,stratified_80_20
93084,0,0,0.0,stratified_80_20
93086,1,1,1.0,stratified_80_20
93094,1,1,1.0,stratified_80_20
93097,1,1,1.0,stratified_80_20
93101,1,1,1.0,stratified_80_20
93123,1,1,1.0,stratified_80_20
93125,1,1,1.0,stratified_80_20
93131,1,1,1.0,stratified_80_20
93136,1,1,1.0,stratified_80_20
93138,1,1,1.0,stratified_80_20
93156,1,1,1.0,stratified_80_20
93175,1,1,1.0,stratified_80_20
93180,1,1,1.0,stratified_80_20
93190,1,1,1.0,stratified_80_20
93195,1,1,1.0,stratified_80_20
93201,1,1,1.0,stratified_80_20
93204,1,1,1.0,stratified_80_20
93206,1,1,1.0,stratified_80_20
93207,1,1,1.0,stratified_80_20
93209,1,1,1.0,stratified_80_20
93225,1,1,1.0,stratified_80_20
93232,1,1,1.0,stratified_80_20
93238,1,1,1.0,stratified_80_20
93242,1,1,1.0,stratified_80_20
93243,1,1,1.0,stratified_80_20
93246,1,1,1.0,stratified_80_20
93252,1,1,1.0,stratified_80_20
93255,1,1,1.0,stratified_80_20
93256,1,1,1.0,stratified_80_20
93265,1,1,1.0,stratified_80_20
93274,1,1,1.0,stratified_80_20
93275,1,1,1.0,stratified_80_20
93280,1,1,1.0,stratified_80_20
93294,1,1,1.0,stratified_80_20
93296,1,1,1.0,stratified_80_20
93299,1,1,1.0,stratified_80_20
93301,1,1,1.0,stratified_80_20
93315,1,1,1.0,stratified_80_20
93316,1,1,1.0,stratified_80_20
93319,1,1,1.0,stratified_80_20
93329,1,1,1.0,stratified_80_20
93336,1,1,1.0,stratified_80_20
93337,1,1,1.0,stratified_80_20
93338,1,1,1.0,stratified_80_20
93340,1,1,1.0,stratified_80_20
93348,1,1,1.0,stratified_80_20
93351,1,1,1.0,stratified_80_20
93353,1,1,1.0,stratified_80_20
93355,1,1,1.0,stratified_80_20
93362,1,1,1.0,stratified_80_20
93366,1,1,1.0,stratified_80_20
93369,1,1,1.0,stratified_80_20
93372,1,1,1.0,stratified_80_20
93373,1,1,1.0,stratified_80_20
93375,1,1,1.0,stratified_80_20
93378,1,1,1.0,stratified_80_20
93380,0,0,0.0,stratified_80_20
93385,1,1,1.0,stratified_80_20
93392,1,1,1.0,stratified_80_20
93397,1,1,1.0,stratified_80_20
93399,1,1,1.0,stratified_80_20
93405,1,1,1.0,stratified_80_20
93411,1,1,1.0,stratified_80_20
93412,1,1,1.0,stratified_80_20
93420,1,1,1.0,stratified_80_20
93422,1,1,1.0,stratified_80_20
93425,1,1,1.0,stratified_80_20
93439,1,1,1.0,stratified_80_20
93442,1,1,1.0,stratified_80_20
93451,0,0,0.0,stratified_80_20
93453,0,0,0.0,stratified_80_20
93461,1,1,1.0,stratified_80_20
93466,1,1,1.0,stratified_80_20
93467,1,1,1.0,stratified_80_20
93471,1,1,1.0,stratified_80_20
93481,1,1,1.0,stratified_80_20
93483,1,1,1.0,stratified_80_20
93489,1,1,1.0,stratified_80_20
93497,1,1,1.0,stratified_80_20
93502,1,1,1.0,stratified_80_20
93510,1,1,1.0,stratified_80_20
93511,1,1,1.0,stratified_80_20
93512,1,1,1.0,stratified_80_20
93517,1,1,1.0,stratified_80_20
93520,1,1,1.0,stratified_80_20
93521,1,1,1.0,stratified_80_20
93528,1,1,1.0,stratified_80_20
93530,1,1,1.0,stratified_80_20
93533,1,1,1.0,stratified_80_20
93536,1,1,1.0,stratified_80_20
93539,1,1,1.0,stratified_80_20
93542,1,1,1.0,stratified_80_20
93548,1,1,1.0,stratified_80_20
93566,1,1,1.0,stratified_80_20
93577,1,1,1.0,stratified_80_20
93578,1,1,1.0,stratified_80_20
93579,1,1,1.0,stratified_80_20
93581,1,1,1.0,stratified_80_20
93587,1,1,1.0,stratified_80_20
93588,1,1,1.0,stratified_80_20
93605,1,1,1.0,stratified_80_20
93608,1,1,1.0,stratified_80_20
93611,1,1,1.0,stratified_80_20
93615,1,1,1.0,stratified_80_20
93623,1,1,1.0,stratified_80_20
93626,1,1,1.0,stratified_80_20
93627,1,1,1.0,stratified_80_20
93639,1,1,1.0,stratified_80_20
93646,1,1,1.0,stratified_80_20
93655,1,1,1.0,stratified_80_20
93656,1,1,1.0,stratified_80_20
93660,1,1,1.0,stratified_80_20
93661,1,1,1.0,stratified_80_20
93665,1,1,1.0,stratified_80_20
93670,1,1,1.0,stratified_80_20
93675,1,1,1.0,stratified_80_20
93678,1,1,1.0,stratified_80_20
93680,1,1,1.0,stratified_80_20
93683,1,1,1.0,stratified_80_20
93698,1,1,1.0,stratified_80_20
93699,1,1,1.0,stratified_80_20
93704,1,1,1.0,stratified_80_20
93705,1,1,1.0,stratified_80_20
93713,1,1,1.0,stratified_80_20
93734,1,1,1.0,stratified_80_20
93736,1,1,1.0,stratified_80_20
93738,1,1,1.0,stratified_80_20
93740,1,1,1.0,stratified_80_20
93742,1,1,1.0,stratified_80_20
93754,1,1,1.0,stratified_80_20
93764,1,1,1.0,stratified_80_20
93765,1,1,1.0,stratified_80_20
93770,1,1,1.0,stratified_80_20
93776,1,1,1.0,stratified_80_20
93778,1,1,1.0,stratified_80_20
93783,1,1,1.0,stratified_80_20
93786,1,1,1.0,stratified_80_20
93787,1,1,1.0,stratified_80_20
93791,1,1,1.0,stratified_80_20
93796,1,1,1.0,stratified_80_20
93797,1,1,1.0,stratified_80_20
93804,1,1,1.0,stratified_80_20
93827,1,1,1.0,stratified_80_20
93833,1,1,1.0,stratified_80_20
93838,0,0,0.0,stratified_80_20
93840,1,1,1.0,stratified_80_20
93843,1,1,1.0,stratified_80_20
93851,1,1,1.0,stratified_80_20
93854,1,1,1.0,stratified_80_20
93861,1,1,1.0,stratified_80_20
93862,1,1,1.0,stratified_80_20
93865,1,1,1.0,stratified_80_20
93867,1,1,1.0,stratified_80_20
93868,1,1,1.0,stratified_80_20
93878,1,1,1.0,stratified_80_20
93904,1,1,1.0,stratified_80_20
93908,1,1,1.0,stratified_80_20
93911,1,1,1.0,stratified_80_20
93912,1,1,1.0,stratified_80_20
93918,1,1,1.0,stratified_80_20
93924,1,1,1.0,stratified_80_20
93936,1,1,1.0,stratified_80_20
93941,1,1,1.0,stratified_80_20
93942,1,1,1.0,stratified_80_20
93950,1,1,1.0,stratified_80_20
93956,1,1,1.0,stratified_80_20
93961,1,1,1.0,stratified_80_20
93967,1,1,1.0,stratified_80_20
93973,1,1,1.0,stratified_80_20
93975,1,1,1.0,stratified_80_20
93978,1,1,1.0,stratified_80_20
93981,1,1,1.0,stratified_80_20
93983,1,1,1.0,stratified_80_20
93988,1,1,1.0,stratified_80_20
93993,0,0,0.0,stratified_80_20
93995,0,0,0.0,stratified_80_20
93997,1,1,1.0,stratified_80_20
93998,0,0,0.0,stratified_80_20
94001,0,0,0.0,stratified_80_20
94004,1,1,1.0,stratified_80_20
94007,1,1,1.0,stratified_80_20
94019,0,0,0.0,stratified_80_20
94027,1,1,1.0,stratified_80_20
94033,1,1,1.0,stratified_80_20
94049,1,1,1.0,stratified_80_20
94060,1,1,1.0,stratified_80_20
94072,1,1,1.0,stratified_80_20
94074,1,1,1.0,stratified_80_20
94078,1,1,1.0,stratified_80_20
94083,1,1,1.0,stratified_80_20
94096,1,1,1.0,stratified_80_20
94100,1,1,1.0,stratified_80_20
94103,1,1,1.0,stratified_80_20
94111,1,1,1.0,stratified_80_20
94113,1,1,1.0,stratified_80_20
94131,1,1,1.0,stratified_80_20
94141,1,1,1.0,stratified_80_20
94143,1,1,1.0,stratified_80_20
94146,1,1,1.0,stratified_80_20
94149,1,1,1.0,stratified_80_20
94153,1,1,1.0,stratified_80_20
94158,1,1,1.0,stratified_80_20
94159,1,1,1.0,stratified_80_20
94162,1,1,1.0,stratified_80_20
94163,1,1,1.0,stratified_80_20
94165,1,1,1.0,stratified_80_20
94168,1,1,1.0,stratified_80_20
94175,0,0,0.0,stratified_80_20
94184,1,1,1.0,stratified_80_20
94189,1,1,1.0,stratified_80_20
94193,1,1,1.0,stratified_80_20
94194,0,0,0.0,stratified_80_20
94198,1,1,1.0,stratified_80_20
94199,1,1,1.0,stratified_80_20
94207,1,1,1.0,stratified_80_20
94222,1,1,1.0,stratified_80_20
94226,1,1,1.0,stratified_80_20
94235,1,1,1.0,stratified_80_20
94238,1,1,1.0,stratified_80_20
94246,1,1,1.0,stratified_80_20
94248,1,1,1.0,stratified_80_20
94251,1,1,1.0,stratified_80_20
94252,1,1,1.0,stratified_80_20
94253,1,1,1.0,stratified_80_20
94263,1,1,1.0,stratified_80_20
94266,1,1,1.0,stratified_80_20
94269,1,1,1.0,stratified_80_20
94271,1,1,1.0,stratified_80_20
94282,1,1,1.0,stratified_80_20
94287,0,0,0.0,stratified_80_20
94288,1,1,1.0,stratified_80_20
94289,1,1,1.0,stratified_80_20
94296,1,1,1.0,stratified_80_20
94299,1,1,1.0,stratified_80_20
94302,1,1,1.0,stratified_80_20
94304,1,1,1.0,stratified_80_20
94309,1,1,1.0,stratified_80_20
94312,1,1,1.0,stratified_80_20
94331,1,1,1.0,stratified_80_20
94334,1,1,1.0,stratified_80_20
94336,1,1,1.0,stratified_80_20
94340,1,1,1.0,stratified_80_20
94342,1,1,1.0,stratified_80_20
94344,1,1,1.0,stratified_80_20
94346,1,1,1.0,stratified_80_20
94354,1,1,1.0,stratified_80_20
94366,0,0,0.0,stratified_80_20
94367,1,1,1.0,stratified_80_20
94378,1,1,1.0,stratified_80_20
94383,1,1,1.0,stratified_80_20
94384,1,1,1.0,stratified_80_20
94388,1,1,1.0,stratified_80_20
94391,1,1,1.0,stratified_80_20
94394,1,1,1.0,stratified_80_20
94395,1,1,1.0,stratified_80_20
94399,1,1,1.0,stratified_80_20
94402,1,1,1.0,stratified_80_20
94406,1,1,1.0,stratified_80_20
94409,1,1,1.0,stratified_80_20
94414,1,1,1.0,stratified_80_20
94415,1,1,1.0,stratified_80_20
94419,1,1,1.0,stratified_80_20
94421,1,1,1.0,stratified_80_20
94426,1,1,1.0,stratified_80_20
94429,1,1,1.0,stratified_80_20
94432,1,1,1.0,stratified_80_20
94433,1,1,1.0,stratified_80_20
94435,1,1,1.0,stratified_80_20
94440,1,1,1.0,stratified_80_20
94441,1,1,1.0,stratified_80_20
94445,1,1,1.0,stratified_80_20
94447,1,1,1.0,stratified_80_20
94451,1,1,1.0,stratified_80_20
94452,1,1,1.0,stratified_80_20
94459,1,1,1.0,stratified_80_20
94462,1,1,1.0,stratified_80_20
94477,1,1,1.0,stratified_80_20
94479,1,1,1.0,stratified_80_20
94483,1,1,1.0,stratified_80_20
94490,1,1,1.0,stratified_80_20
94492,1,1,1.0,stratified_80_20
94495,1,1,1.0,stratified_80_20
94498,1,1,1.0,stratified_80_20
94503,1,1,1.0,stratified_80_20
94510,1,1,1.0,stratified_80_20
94516,1,1,1.0,stratified_80_20
94518,1,1,1.0,stratified_80_20
94524,1,1,1.0,stratified_80_20
94526,1,1,1.0,stratified_80_20
94534,1,1,1.0,stratified_80_20
94535,1,1,1.0,stratified_80_20
94537,1,1,1.0,stratified_80_20
94543,0,0,0.0,stratified_80_20
94544,1,1,1.0,stratified_80_20
94552,1,1,1.0,stratified_80_20
94555,1,1,1.0,stratified_80_20
94557,0,0,0.0,stratified_80_20
94560,1,1,1.0,stratified_80_20
94562,1,1,1.0,stratified_80_20
94575,1,1,1.0,stratified_80_20
94586,1,1,1.0,stratified_80_20
94587,1,1,1.0,stratified_80_20
94588,1,1,1.0,stratified_80_20
94589,1,1,1.0,stratified_80_20
94592,1,1,1.0,stratified_80_20
94608,1,1,1.0,stratified_80_20
94616,1,1,1.0,stratified_80_20
94622,1,1,1.0,stratified_80_20
94626,1,1,1.0,stratified_80_20
94628,1,1,1.0,stratified_80_20
94633,1,1,1.0,stratified_80_20
94636,1,1,1.0,stratified_80_20
94639,1,1,1.0,stratified_80_20
94645,1,1,1.0,stratified_80_20
94647,1,1,1.0,stratified_80_20
94656,1,1,1.0,stratified_80_20
94662,1,1,1.0,stratified_80_20
94677,1,1,1.0,stratified_80_20
94684,1,1,1.0,stratified_80_20
94685,1,1,1.0,stratified_80_20
94689,1,1,1.0,stratified_80_20
94704,1,1,1.0,stratified_80_20
94707,1,1,1.0,stratified_80_20
94708,1,1,1.0,stratified_80_20
94718,1,1,1.0,stratified_80_20
94723,1,1,1.0,stratified_80_20
94724,0,0,0.0,stratified_80_20
94732,1,1,1.0,stratified_80_20
94734,1,1,1.0,stratified_80_20
94735,1,1,1.0,stratified_80_20
94738,1,1,1.0,stratified_80_20
94741,0,0,0.0,stratified_80_20
94760,1,1,1.0,stratified_80_20
94762,1,1,1.0,stratified_80_20
94764,0,0,0.0,stratified_80_20
94767,1,1,1.0,stratified_80_20
94772,1,1,1.0,stratified_80_20
94774,1,1,1.0,stratified_80_20
94778,1,1,1.0,stratified_80_20
94780,1,1,1.0,stratified_80_20
94786,1,1,1.0,stratified_80_20
94791,1,1,1.0,stratified_80_20
94794,1,1,1.0,stratified_80_20
94796,1,1,1.0,stratified_80_20
94802,1,1,1.0,stratified_80_20
94803,1,1,1.0,stratified_80_20
94806,1,1,1.0,stratified_80_20
94815,1,1,1.0,stratified_80_20
94824,1,1,1.0,stratified_80_20
94825,1,1,1.0,stratified_80_20
94835,1,1,1.0,stratified_80_20
94838,1,1,1.0,stratified_80_20
94842,1,1,1.0,stratified_80_20
94845,1,1,1.0,stratified_80_20
94847,1,1,1.0,stratified_80_20
94856,1,1,1.0,stratified_80_20
94860,1,1,1.0,stratified_80_20
94862,1,1,1.0,stratified_80_20
94864,1,1,1.0,stratified_80_20
94873,1,1,1.0,stratified_80_20
94877,1,1,1.0,stratified_80_20
94881,1,1,1.0,stratified_80_20
94889,1,1,1.0,stratified_80_20
94891,1,1,1.0,stratified_80_20
94892,1,1,1.0,stratified_80_20
94893,1,1,1.0,stratified_80_20
94896,1,1,1.0,stratified_80_20
94897,1,1,1.0,stratified_80_20
94902,0,0,0.0,stratified_80_20
94904,1,1,1.0,stratified_80_20
94911,1,1,1.0,stratified_80_20
94912,1,1,1.0,stratified_80_20
94915,1,1,1.0,stratified_80_20
94918,1,1,1.0,stratified_80_20
94920,1,1,1.0,stratified_80_20
94922,1,1,1.0,stratified_80_20
94927,1,1,1.0,stratified_80_20
94933,1,1,1.0,stratified_80_20
94934,1,1,1.0,stratified_80_20
94945,1,1,1.0,stratified_80_20
94948,1,1,1.0,stratified_80_20
94949,0,0,0.0,stratified_80_20
94953,1,1,1.0,stratified_80_20
94957,1,1,1.0,stratified_80_20
94973,1,1,1.0,stratified_80_20
94975,1,1,1.0,stratified_80_20
94980,1,1,1.0,stratified_80_20
94984,1,1,1.0,stratified_80_20
94985,1,1,1.0,stratified_80_20
94989,1,1,1.0,stratified_80_20
95012,1,1,1.0,stratified_80_20
95015,1,1,1.0,stratified_80_20
95025,1,1,1.0,stratified_80_20
95028,1,1,1.0,stratified_80_20
95032,1,1,1.0,stratified_80_20
95042,1,1,1.0,stratified_80_20
95045,1,1,1.0,stratified_80_20
95046,1,1,1.0,stratified_80_20
95053,1,1,1.0,stratified_80_20
95056,1,1,1.0,stratified_80_20
95062,1,1,1.0,stratified_80_20
95065,1,1,1.0,stratified_80_20
95071,1,1,1.0,stratified_80_20
95075,1,1,1.0,stratified_80_20
95081,1,1,1.0,stratified_80_20
95085,0,0,0.0,stratified_80_20
95088,0,0,0.0,stratified_80_20
95090,0,0,0.0,stratified_80_20
95092,1,1,1.0,stratified_80_20
95101,1,1,1.0,stratified_80_20
95104,0,0,0.0,stratified_80_20
95107,1,1,1.0,stratified_80_20
95113,1,1,1.0,stratified_80_20
95116,1,1,1.0,stratified_80_20
95117,1,1,1.0,stratified_80_20
95122,1,1,1.0,stratified_80_20
95127,1,1,1.0,stratified_80_20
95130,1,1,1.0,stratified_80_20
95133,1,1,1.0,stratified_80_20
95136,1,1,1.0,stratified_80_20
95145,1,1,1.0,stratified_80_20
95151,1,1,1.0,stratified_80_20
95152,1,1,1.0,stratified_80_20
95153,1,1,1.0,stratified_80_20
95176,1,1,1.0,stratified_80_20
95177,1,1,1.0,stratified_80_20
95179,1,1,1.0,stratified_80_20
95181,1,1,1.0,stratified_80_20
95189,1,1,1.0,stratified_80_20
95194,1,1,1.0,stratified_80_20
95198,1,1,1.0,stratified_80_20
95203,1,1,1.0,stratified_80_20
95208,1,1,1.0,stratified_80_20
95212,0,0,0.0,stratified_80_20
95214,1,1,1.0,stratified_80_20
95215,1,1,1.0,stratified_80_20
95224,1,1,1.0,stratified_80_20
95225,1,1,1.0,stratified_80_20
95226,1,1,1.0,stratified_80_20
95232,1,1,1.0,stratified_80_20
95252,1,1,1.0,stratified_80_20
95263,1,1,1.0,stratified_80_20
95269,1,1,1.0,stratified_80_20
95270,0,0,0.0,stratified_80_20
95272,0,0,0.0,stratified_80_20
95275,0,0,0.0,stratified_80_20
95279,1,1,1.0,stratified_80_20
95280,1,1,1.0,stratified_80_20
95283,1,1,1.0,stratified_80_20
95284,1,1,1.0,stratified_80_20
95286,1,1,1.0,stratified_80_20
95297,1,1,1.0,stratified_80_20
95302,1,1,1.0,stratified_80_20
95305,1,1,1.0,stratified_80_20
95306,1,1,1.0,stratified_80_20
95308,1,1,1.0,stratified_80_20
95323,1,1,1.0,stratified_80_20
95335,1,1,1.0,stratified_80_20
95336,1,1,1.0,stratified_80_20
95347,1,1,1.0,stratified_80_20
95349,1,1,1.0,stratified_80_20
95352,1,1,1.0,stratified_80_20
95354,1,1,1.0,stratified_80_20
95356,1,1,1.0,stratified_80_20
95357,1,1,1.0,stratified_80_20
95358,1,1,1.0,stratified_80_20
95363,1,1,1.0,stratified_80_20
95373,1,1,1.0,stratified_80_20
95382,1,1,1.0,stratified_80_20
95390,1,1,1.0,stratified_80_20
95396,1,1,1.0,stratified_80_20
95404,1,1,1.0,stratified_80_20
95412,1,1,1.0,stratified_80_20
95415,1,1,1.0,stratified_80_20
95418,1,1,1.0,stratified_80_20
95427,1,1,1.0,stratified_80_20
95432,1,1,1.0,stratified_80_20
95441,1,1,1.0,stratified_80_20
95443,1,1,1.0,stratified_80_20
95446,1,1,1.0,stratified_80_20
95457,1,1,1.0,stratified_80_20
95459,1,1,1.0,stratified_80_20
95468,0,0,0.0,stratified_80_20
95470,1,1,1.0,stratified_80_20
95472,1,1,1.0,stratified_80_20
95473,1,1,1.0,stratified_80_20
95474,1,1,1.0,stratified_80_20
95476,1,1,1.0,stratified_80_20
95481,1,1,1.0,stratified_80_20
95490,1,1,1.0,stratified_80_20
95491,1,1,1.0,stratified_80_20
95496,1,1,1.0,stratified_80_20
95499,1,1,1.0,stratified_80_20
95510,1,1,1.0,stratified_80_20
95512,1,1,1.0,stratified_80_20
95529,1,1,1.0,stratified_80_20
95532,1,1,1.0,stratified_80_20
95538,1,1,1.0,stratified_80_20
95551,1,1,1.0,stratified_80_20
95565,1,1,1.0,stratified_80_20
95571,1,1,1.0,stratified_80_20
95576,1,1,1.0,stratified_80_20
95579,1,1,1.0,stratified_80_20
95584,1,1,1.0,stratified_80_20
95586,1,1,1.0,stratified_80_20
95588,1,1,1.0,stratified_80_20
95594,1,1,1.0,stratified_80_20
95596,1,1,1.0,stratified_80_20
95598,1,1,1.0,stratified_80_20
95600,1,1,1.0,stratified_80_20
95606,1,1,1.0,stratified_80_20
95611,1,1,1.0,stratified_80_20
95615,1,1,1.0,stratified_80_20
95627,1,1,1.0,stratified_80_20
95650,0,0,0.0,stratified_80_20
95662,1,1,1.0,stratified_80_20
95666,1,1,1.0,stratified_80_20
95681,1,1,1.0,stratified_80_20
95684,1,1,1.0,stratified_80_20
95695,1,1,1.0,stratified_80_20
95697,1,1,1.0,stratified_80_20
95699,1,1,1.0,stratified_80_20
95708,1,1,1.0,stratified_80_20
95709,1,1,1.0,stratified_80_20
95710,1,1,1.0,stratified_80_20
95712,1,1,1.0,stratified_80_20
95725,1,1,1.0,stratified_80_20
95729,1,1,1.0,stratified_80_20
95738,1,1,1.0,stratified_80_20
95739,1,1,1.0,stratified_80_20
95741,1,1,1.0,stratified_80_20
95744,1,1,1.0,stratified_80_20
95752,1,1,1.0,stratified_80_20
95757,1,1,1.0,stratified_80_20
95759,1,1,1.0,stratified_80_20
95761,1,1,1.0,stratified_80_20
95766,1,1,1.0,stratified_80_20
95779,1,1,1.0,stratified_80_20
95785,1,1,1.0,stratified_80_20
95788,1,1,1.0,stratified_80_20
95791,1,1,1.0,stratified_80_20
95794,1,1,1.0,stratified_80_20
95796,1,1,1.0,stratified_80_20
95797,1,1,1.0,stratified_80_20
95805,1,1,1.0,stratified_80_20
95811,1,1,1.0,stratified_80_20
95819,0,0,0.0,stratified_80_20
95821,0,0,0.0,stratified_80_20
95823,1,1,1.0,stratified_80_20
95824,1,1,1.0,stratified_80_20
95825,1,1,1.0,stratified_80_20
95828,1,1,1.0,stratified_80_20
95831,1,1,1.0,stratified_80_20
95832,1,1,1.0,stratified_80_20
95836,1,1,1.0,stratified_80_20
95837,1,1,1.0,stratified_80_20
95847,1,1,1.0,stratified_80_20
95849,1,1,1.0,stratified_80_20
95869,1,1,1.0,stratified_80_20
95879,1,1,1.0,stratified_80_20
95882,1,1,1.0,stratified_80_20
95884,1,1,1.0,stratified_80_20
95886,1,1,1.0,stratified_80_20
95888,1,1,1.0,stratified_80_20
95893,0,0,0.0,stratified_80_20
95895,1,1,1.0,stratified_80_20
95899,1,1,1.0,stratified_80_20
95900,1,1,1.0,stratified_80_20
95901,1,1,1.0,stratified_80_20
95903,1,1,1.0,stratified_80_20
95905,1,1,1.0,stratified_80_20
95916,1,1,1.0,stratified_80_20
95918,1,1,1.0,stratified_80_20
95919,1,1,1.0,stratified_80_20
95931,1,1,1.0,stratified_80_20
95943,1,1,1.0,stratified_80_20
95948,1,1,1.0,stratified_80_20
95952,1,1,1.0,stratified_80_20
95954,1,1,1.0,stratified_80_20
95956,1,1,1.0,stratified_80_20
95961,1,1,1.0,stratified_80_20
95963,1,1,1.0,stratified_80_20
95965,1,1,1.0,stratified_80_20
95970,1,1,1.0,stratified_80_20
95974,1,1,1.0,stratified_80_20
95978,1,1,1.0,stratified_80_20
95981,1,1,1.0,stratified_80_20
95990,1,1,1.0,stratified_80_20
95994,1,1,1.0,stratified_80_20
96006,1,1,1.0,stratified_80_20
96012,1,1,1.0,stratified_80_20
96020,1,1,1.0,stratified_80_20
96025,1,1,1.0,stratified_80_20
96027,1,1,1.0,stratified_80_20
96029,1,1,1.0,stratified_80_20
96039,1,1,1.0,stratified_80_20
96040,1,1,1.0,stratified_80_20
96044,1,1,1.0,stratified_80_20
96046,1,1,1.0,stratified_80_20
96048,1,1,1.0,stratified_80_20
96054,1,1,1.0,stratified_80_20
96055,1,1,1.0,stratified_80_20
96060,1,1,1.0,stratified_80_20
96071,1,1,1.0,stratified_80_20
96075,1,1,1.0,stratified_80_20
96076,1,1,1.0,stratified_80_20
96077,1,1,1.0,stratified_80_20
96083,1,1,1.0,stratified_80_20
96090,1,1,1.0,stratified_80_20
96093,1,1,1.0,stratified_80_20
96098,1,1,1.0,stratified_80_20
96106,1,1,1.0,stratified_80_20
96116,1,1,1.0,stratified_80_20
96129,1,1,1.0,stratified_80_20
96135,1,1,1.0,stratified_80_20
96139,1,1,1.0,stratified_80_20
96142,1,1,1.0,stratified_80_20
96154,1,1,1.0,stratified_80_20
96158,1,1,1.0,stratified_80_20
96175,1,1,1.0,stratified_80_20
96179,1,1,1.0,stratified_80_20
96189,1,1,1.0,stratified_80_20
96190,1,1,1.0,stratified_80_20
96197,1,1,1.0,stratified_80_20
96201,1,1,1.0,stratified_80_20
96207,1,1,1.0,stratified_80_20
96209,1,1,1.0,stratified_80_20
96216,1,1,1.0,stratified_80_20
96217,1,1,1.0,stratified_80_20
96218,1,1,1.0,stratified_80_20
96224,1,1,1.0,stratified_80_20
96227,1,1,1.0,stratified_80_20
96236,1,1,1.0,stratified_80_20
96247,1,1,1.0,stratified_80_20
96255,1,1,1.0,stratified_80_20
96260,1,1,1.0,stratified_80_20
96263,1,1,1.0,stratified_80_20
96264,1,1,1.0,stratified_80_20
96281,1,1,1.0,stratified_80_20
96286,1,1,1.0,stratified_80_20
96292,1,1,1.0,stratified_80_20
96298,1,1,1.0,stratified_80_20
96303,1,1,1.0,stratified_80_20
96305,1,1,1.0,stratified_80_20
96308,1,1,1.0,stratified_80_20
96317,1,1,1.0,stratified_80_20
96320,1,1,1.0,stratified_80_20
96331,1,1,1.0,stratified_80_20
96332,1,1,1.0,stratified_80_20
96336,1,1,1.0,stratified_80_20
96338,1,1,1.0,stratified_80_20
96340,1,1,1.0,stratified_80_20
96349,1,1,1.0,stratified_80_20
96352,1,1,1.0,stratified_80_20
96354,1,1,1.0,stratified_80_20
96355,1,1,1.0,stratified_80_20
96358,0,0,0.0,stratified_80_20
96362,1,1,1.0,stratified_80_20
96369,1,1,1.0,stratified_80_20
96379,0,0,0.0,stratified_80_20
96384,1,1,1.0,stratified_80_20
96388,1,1,1.0,stratified_80_20
96392,1,1,1.0,stratified_80_20
96397,1,1,1.0,stratified_80_20
96404,1,1,1.0,stratified_80_20
96429,1,1,1.0,stratified_80_20
96432,1,1,1.0,stratified_80_20
96439,1,1,1.0,stratified_80_20
96442,1,1,1.0,stratified_80_20
96445,1,1,1.0,stratified_80_20
96446,1,1,1.0,stratified_80_20
96452,1,1,1.0,stratified_80_20
96455,1,1,1.0,stratified_80_20
96457,1,1,1.0,stratified_80_20
96463,1,1,1.0,stratified_80_20
96470,1,1,1.0,stratified_80_20
96477,1,1,1.0,stratified_80_20
96490,1,1,1.0,stratified_80_20
96491,1,1,1.0,stratified_80_20
96498,1,1,1.0,stratified_80_20
96503,1,1,1.0,stratified_80_20
96507,1,1,1.0,stratified_80_20
96518,1,1,1.0,stratified_80_20
96520,1,1,1.0,stratified_80_20
96521,1,1,1.0,stratified_80_20
96530,1,1,1.0,stratified_80_20
96533,1,1,1.0,stratified_80_20
96534,1,1,1.0,stratified_80_20
96536,1,1,1.0,stratified_80_20
96537,1,1,1.0,stratified_80_20
96540,0,0,0.0,stratified_80_20
96542,0,0,0.0,stratified_80_20
96563,1,1,1.0,stratified_80_20
96565,1,1,1.0,stratified_80_20
96566,1,1,1.0,stratified_80_20
96570,1,1,1.0,stratified_80_20
96572,1,1,1.0,stratified_80_20
96582,1,1,1.0,stratified_80_20
96586,1,1,1.0,stratified_80_20
96588,1,1,1.0,stratified_80_20
96589,1,1,1.0,stratified_80_20
96591,1,1,1.0,stratified_80_20
96594,1,1,1.0,stratified_80_20
96595,1,1,1.0,stratified_80_20
96599,1,1,1.0,stratified_80_20
96603,1,1,1.0,stratified_80_20
96610,1,1,1.0,stratified_80_20
96629,1,1,1.0,stratified_80_20
96632,1,1,1.0,stratified_80_20
96641,1,1,1.0,stratified_80_20
96648,1,1,1.0,stratified_80_20
96654,1,1,1.0,stratified_80_20
96656,1,1,1.0,stratified_80_20
96659,1,1,1.0,stratified_80_20
96665,1,1,1.0,stratified_80_20
96667,1,1,1.0,stratified_80_20
96673,1,1,1.0,stratified_80_20
96674,1,1,1.0,stratified_80_20
96676,1,1,1.0,stratified_80_20
96682,1,1,1.0,stratified_80_20
96685,1,1,1.0,stratified_80_20
96687,1,1,1.0,stratified_80_20
96688,1,1,1.0,stratified_80_20
96693,1,1,1.0,stratified_80_20
96697,1,1,1.0,stratified_80_20
96704,1,1,1.0,stratified_80_20
96709,1,1,1.0,stratified_80_20
96710,1,1,1.0,stratified_80_20
96713,1,1,1.0,stratified_80_20
96714,1,1,1.0,stratified_80_20
96715,1,1,1.0,stratified_80_20
96723,0,0,0.0,stratified_80_20
96725,0,0,0.0,stratified_80_20
96733,1,1,1.0,stratified_80_20
96740,1,1,1.0,stratified_80_20
96746,1,1,1.0,stratified_80_20
96747,1,1,1.0,stratified_80_20
96752,1,1,1.0,stratified_80_20
96758,1,1,1.0,stratified_80_20
96777,0,0,0.0,stratified_80_20
96790,0,0,0.0,stratified_80_20
96796,0,0,0.0,stratified_80_20
96802,0,0,0.0,stratified_80_20
96805,0,0,0.0,stratified_80_20
96808,0,0,0.0,stratified_80_20
96810,0,0,0.0,stratified_80_20
96814,0,0,0.0,stratified_80_20
96815,0,0,0.0,stratified_80_20
96817,0,0,0.0,stratified_80_20
96819,0,0,0.0,stratified_80_20
96825,0,0,0.0,stratified_80_20
96832,0,0,0.0,stratified_80_20
96839,0,0,0.0,stratified_80_20
96847,0,0,0.0,stratified_80_20
96850,0,0,0.0,stratified_80_20
96854,0,0,0.0,stratified_80_20
96869,0,0,0.0,stratified_80_20
96874,0,0,0.0,stratified_80_20
96879,0,0,0.0,stratified_80_20
96885,0,0,0.0,stratified_80_20
96887,0,0,0.0,stratified_80_20
96905,0,0,0.0,stratified_80_20
96907,0,0,0.0,stratified_80_20
96909,0,0,0.0,stratified_80_20
96911,0,0,0.0,stratified_80_20
96914,0,0,0.0,stratified_80_20
96921,0,0,0.0,stratified_80_20
96922,0,0,0.0,stratified_80_20
96927,0,0,0.0,stratified_80_20
96930,0,0,0.0,stratified_80_20
96934,0,0,0.0,stratified_80_20
96939,0,0,0.0,stratified_80_20
96946,0,0,0.0,stratified_80_20
96954,0,0,0.0,stratified_80_20
96960,0,0,0.0,stratified_80_20
96966,0,0,0.0,stratified_80_20
96973,0,0,0.0,stratified_80_20
96975,0,0,0.0,stratified_80_20
96978,0,0,0.0,stratified_80_20
96989,0,0,0.0,stratified_80_20
96990,0,0,0.0,stratified_80_20
96991,0,0,0.0,stratified_80_20
97000,0,0,0.0,stratified_80_20
97004,0,0,0.0,stratified_80_20
97007,0,0,0.0,stratified_80_20
97010,0,0,0.0,stratified_80_20
97011,0,0,0.0,stratified_80_20
97018,0,0,0.0,stratified_80_20
97021,1,0,0.0,stratified_80_20
97024,0,0,0.0,stratified_80_20
97033,0,0,0.0,stratified_80_20
97044,0,0,0.0,stratified_80_20
97046,0,0,0.0,stratified_80_20
97047,0,0,0.0,stratified_80_20
97055,0,0,0.0,stratified_80_20
97056,0,0,0.0,stratified_80_20
97057,0,0,0.0,stratified_80_20
97059,0,0,0.0,stratified_80_20
97071,0,0,0.0,stratified_80_20
97072,0,0,0.0,stratified_80_20
97074,0,0,0.0,stratified_80_20
97076,0,0,0.0,stratified_80_20
97077,0,0,0.0,stratified_80_20
97099,0,0,0.0,stratified_80_20
97109,0,0,0.0,stratified_80_20
97111,0,0,0.0,stratified_80_20
97114,0,0,0.0,stratified_80_20
97118,0,0,0.0,stratified_80_20
97119,0,0,0.0,stratified_80_20
97121,0,0,0.0,stratified_80_20
97124,0,0,0.0,stratified_80_20
97134,0,0,0.0,stratified_80_20
97137,0,0,0.0,stratified_80_20
97143,0,0,0.0,stratified_80_20
97148,0,0,0.0,stratified_80_20
97153,0,0,0.0,stratified_80_20
97158,0,0,0.0,stratified_80_20
97159,0,0,0.0,stratified_80_20
97165,0,0,0.0,stratified_80_20
97166,0,0,0.0,stratified_80_20
97173,0,0,0.0,stratified_80_20
97180,0,0,0.0,stratified_80_20
97182,0,0,0.0,stratified_80_20
97190,0,0,0.0,stratified_80_20
97191,1,0,0.0,stratified_80_20
97193,0,0,0.0,stratified_80_20
97195,0,0,0.0,stratified_80_20
97198,0,0,0.0,stratified_80_20
97213,0,0,0.0,stratified_80_20
97215,0,0,0.0,stratified_80_20
97218,0,0,0.0,stratified_80_20
97220,0,0,0.0,stratified_80_20
97248,0,0,0.0,stratified_80_20
97256,0,0,0.0,stratified_80_20
97257,0,0,0.0,stratified_80_20
97265,0,0,0.0,stratified_80_20
97267,0,0,0.0,stratified_80_20
97278,0,0,0.0,stratified_80_20
97289,0,0,0.0,stratified_80_20
97292,0,0,0.0,stratified_80_20
97301,0,0,0.0,stratified_80_20
97305,0,0,0.0,stratified_80_20
97312,0,0,0.0,stratified_80_20
97315,0,0,0.0,stratified_80_20
97320,0,0,0.0,stratified_80_20
97321,0,0,0.0,stratified_80_20
97341,0,0,0.0,stratified_80_20
97346,0,0,0.0,stratified_80_20
97348,0,0,0.0,stratified_80_20
97351,0,0,0.0,stratified_80_20
97352,0,0,0.0,stratified_80_20
97354,0,0,0.0,stratified_80_20
97357,0,0,0.0,stratified_80_20
97360,0,0,0.0,stratified_80_20
97364,0,0,0.0,stratified_80_20
97378,0,0,0.0,stratified_80_20
97389,0,0,0.0,stratified_80_20
97393,0,0,0.0,stratified_80_20
97399,0,0,0.0,stratified_80_20
97403,0,0,0.0,stratified_80_20
97407,0,0,0.0,stratified_80_20
97411,0,0,0.0,stratified_80_20
97419,0,0,0.0,stratified_80_20
97423,0,0,0.0,stratified_80_20
97433,0,0,0.0,stratified_80_20
97435,0,0,0.0,stratified_80_20
97441,0,0,0.0,stratified_80_20
97443,0,0,0.0,stratified_80_20
97456,0,0,0.0,stratified_80_20
97457,0,0,0.0,stratified_80_20
97461,0,0,0.0,stratified_80_20
97463,0,0,0.0,stratified_80_20
97464,0,0,0.0,stratified_80_20
97466,0,0,0.0,stratified_80_20
97467,0,0,0.0,stratified_80_20
97485,0,0,0.0,stratified_80_20
97488,0,0,0.0,stratified_80_20
97492,0,0,0.0,stratified_80_20
97493,0,0,0.0,stratified_80_20
97498,0,0,0.0,stratified_80_20
97499,0,0,0.0,stratified_80_20
97501,0,0,0.0,stratified_80_20
97519,0,0,0.0,stratified_80_20
97526,0,0,0.0,stratified_80_20
97527,0,0,0.0,stratified_80_20
97528,0,0,0.0,stratified_80_20
97529,0,0,0.0,stratified_80_20
97532,0,0,0.0,stratified_80_20
97534,0,0,0.0,stratified_80_20
97537,0,0,0.0,stratified_80_20
97539,0,0,0.0,stratified_80_20
97543,0,0,0.0,stratified_80_20
97547,0,0,0.0,stratified_80_20
97551,0,0,0.0,stratified_80_20
97553,0,0,0.0,stratified_80_20
97557,0,0,0.0,stratified_80_20
97560,0,0,0.0,stratified_80_20
97564,0,0,0.0,stratified_80_20
97568,0,0,0.0,stratified_80_20
97571,0,0,0.0,stratified_80_20
97576,0,0,0.0,stratified_80_20
97582,0,0,0.0,stratified_80_20
97586,0,0,0.0,stratified_80_20
97588,0,0,0.0,stratified_80_20
97592,0,0,0.0,stratified_80_20
97595,0,0,0.0,stratified_80_20
97596,0,0,0.0,stratified_80_20
97599,0,0,0.0,stratified_80_20
97600,0,0,0.0,stratified_80_20
97603,0,0,0.0,stratified_80_20
97608,0,0,0.0,stratified_80_20
97609,0,0,0.0,stratified_80_20
97620,0,0,0.0,stratified_80_20
97622,0,0,0.0,stratified_80_20
97624,0,0,0.0,stratified_80_20
97625,0,0,0.0,stratified_80_20
97626,0,0,0.0,stratified_80_20
97627,0,0,0.0,stratified_80_20
97629,0,0,0.0,stratified_80_20
97632,0,0,0.0,stratified_80_20
97637,0,0,0.0,stratified_80_20
97645,0,0,0.0,stratified_80_20
97646,0,0,0.0,stratified_80_20
97651,0,0,0.0,stratified_80_20
97652,0,0,0.0,stratified_80_20
97658,0,0,0.0,stratified_80_20
97666,0,0,0.0,stratified_80_20
97679,0,0,0.0,stratified_80_20
97687,0,0,0.0,stratified_80_20
97694,0,0,0.0,stratified_80_20
97700,0,0,0.0,stratified_80_20
97707,0,0,0.0,stratified_80_20
97712,0,0,0.0,stratified_80_20
97714,0,0,0.0,stratified_80_20
97726,0,0,0.0,stratified_80_20
97730,0,0,0.0,stratified_80_20
97733,0,0,0.0,stratified_80_20
97751,0,0,0.0,stratified_80_20
97755,0,0,0.0,stratified_80_20
97759,0,0,0.0,stratified_80_20
97773,0,0,0.0,stratified_80_20
97774,0,0,0.0,stratified_80_20
97790,0,0,0.0,stratified_80_20
97793,0,0,0.0,stratified_80_20
97796,0,0,0.0,stratified_80_20
97810,0,0,0.0,stratified_80_20
97815,0,0,0.0,stratified_80_20
97816,0,0,0.0,stratified_80_20
97826,0,0,0.0,stratified_80_20
97827,0,0,0.0,stratified_80_20
97829,0,0,0.0,stratified_80_20
97832,0,0,0.0,stratified_80_20
97835,0,0,0.0,stratified_80_20
97847,0,0,0.0,stratified_80_20
97850,0,0,0.0,stratified_80_20
97858,0,0,0.0,stratified_80_20
97863,0,0,0.0,stratified_80_20
97872,0,0,0.0,stratified_80_20
97873,0,0,0.0,stratified_80_20
97876,0,0,0.0,stratified_80_20
97878,0,0,0.0,stratified_80_20
97880,0,0,0.0,stratified_80_20
97890,0,0,0.0,stratified_80_20
97892,0,0,0.0,stratified_80_20
97901,0,0,0.0,stratified_80_20
97909,0,0,0.0,stratified_80_20
97910,0,0,0.0,stratified_80_20
97911,0,0,0.0,stratified_80_20
97914,0,0,0.0,stratified_80_20
97921,0,0,0.0,stratified_80_20
97922,0,0,0.0,stratified_80_20
97924,0,0,0.0,stratified_80_20
97925,0,0,0.0,stratified_80_20
97926,0,0,0.0,stratified_80_20
97928,0,0,0.0,stratified_80_20
97933,0,0,0.0,stratified_80_20
97937,0,0,0.0,stratified_80_20
97939,0,0,0.0,stratified_80_20
97942,0,0,0.0,stratified_80_20
97946,0,0,0.0,stratified_80_20
97951,0,0,0.0,stratified_80_20
97953,0,0,0.0,stratified_80_20
97954,0,0,0.0,stratified_80_20
97955,0,0,0.0,stratified_80_20
97965,0,0,0.0,stratified_80_20
97966,0,0,0.0,stratified_80_20
97971,0,0,0.0,stratified_80_20
97974,0,0,0.0,stratified_80_20
97980,0,0,0.0,stratified_80_20
97981,0,0,0.0,stratified_80_20
97983,0,0,0.0,stratified_80_20
97984,0,0,0.0,stratified_80_20
97989,0,0,0.0,stratified_80_20
97992,0,0,0.0,stratified_80_20
97993,0,0,0.0,stratified_80_20
97994,0,0,0.0,stratified_80_20
97997,0,0,0.0,stratified_80_20
98000,0,0,0.0,stratified_80_20
98011,0,0,0.0,stratified_80_20
98012,0,0,0.0,stratified_80_20
98013,0,0,0.0,stratified_80_20
98018,0,0,0.0,stratified_80_20
98026,0,0,0.0,stratified_80_20
98027,0,0,0.0,stratified_80_20
98035,0,0,0.0,stratified_80_20
98045,0,0,0.0,stratified_80_20
98050,0,0,0.0,stratified_80_20
98062,0,0,0.0,stratified_80_20
98064,0,0,0.0,stratified_80_20
98072,0,0,0.0,stratified_80_20
98080,0,0,0.0,stratified_80_20
98085,0,0,0.0,stratified_80_20
98103,0,0,0.0,stratified_80_20
98105,0,0,0.0,stratified_80_20
98110,0,0,0.0,stratified_80_20
98116,0,0,0.0,stratified_80_20
98119,0,0,0.0,stratified_80_20
98123,0,0,0.0,stratified_80_20
98130,0,0,0.0,stratified_80_20
98140,0,0,0.0,stratified_80_20
98141,0,0,0.0,stratified_80_20
98145,0,0,0.0,stratified_80_20
98147,0,0,0.0,stratified_80_20
98150,0,0,0.0,stratified_80_20
98154,0,0,0.0,stratified_80_20
98159,0,0,0.0,stratified_80_20
98162,0,0,0.0,stratified_80_20
98169,0,0,0.0,stratified_80_20
98171,0,0,0.0,stratified_80_20
98172,0,0,0.0,stratified_80_20
98182,0,0,0.0,stratified_80_20
98188,0,0,0.0,stratified_80_20
98202,0,0,0.0,stratified_80_20
98207,0,0,0.0,stratified_80_20
98210,0,0,0.0,stratified_80_20
98212,0,0,0.0,stratified_80_20
98218,0,0,0.0,stratified_80_20
98228,0,0,0.0,stratified_80_20
98231,0,0,0.0,stratified_80_20
98239,0,0,0.0,stratified_80_20
98242,0,0,0.0,stratified_80_20
98245,0,0,0.0,stratified_80_20
98246,0,0,0.0,stratified_80_20
98249,0,0,0.0,stratified_80_20
98250,0,0,0.0,stratified_80_20
98252,0,0,0.0,stratified_80_20
98253,0,0,0.0,stratified_80_20
98266,0,0,0.0,stratified_80_20
98267,0,0,0.0,stratified_80_20
98271,0,0,0.0,stratified_80_20
98272,0,0,0.0,stratified_80_20
98281,0,0,0.0,stratified_80_20
98287,0,0,0.0,stratified_80_20
98293,0,0,0.0,stratified_80_20
98304,0,0,0.0,stratified_80_20
98305,0,0,0.0,stratified_80_20
98307,0,0,0.0,stratified_80_20
98309,0,0,0.0,stratified_80_20
98310,0,0,0.0,stratified_80_20
98314,0,0,0.0,stratified_80_20
98317,0,0,0.0,stratified_80_20
98322,0,0,0.0,stratified_80_20
98325,0,0,0.0,stratified_80_20
98328,0,0,0.0,stratified_80_20
98335,0,0,0.0,stratified_80_20
98337,0,0,0.0,stratified_80_20
98343,0,0,0.0,stratified_80_20
98347,0,0,0.0,stratified_80_20
98350,0,0,0.0,stratified_80_20
98354,0,0,0.0,stratified_80_20
98361,0,0,0.0,stratified_80_20
98363,0,0,0.0,stratified_80_20
98366,0,0,0.0,stratified_80_20
98368,0,0,0.0,stratified_80_20
98374,0,0,0.0,stratified_80_20
98380,0,0,0.0,stratified_80_20
98385,0,0,0.0,stratified_80_20
98389,0,0,0.0,stratified_80_20
98394,0,0,0.0,stratified_80_20
98397,0,0,0.0,stratified_80_20
98400,0,0,0.0,stratified_80_20
98411,0,0,0.0,stratified_80_20
98417,0,0,0.0,stratified_80_20
98421,0,0,0.0,stratified_80_20
98428,0,0,0.0,stratified_80_20
98430,0,0,0.0,stratified_80_20
98431,0,0,0.0,stratified_80_20
98433,0,0,0.0,stratified_80_20
98446,0,0,0.0,stratified_80_20
98451,0,0,0.0,stratified_80_20
98452,0,0,0.0,stratified_80_20
98453,0,0,0.0,stratified_80_20
98457,0,0,0.0,stratified_80_20
98465,0,0,0.0,stratified_80_20
98467,0,0,0.0,stratified_80_20
98475,0,0,0.0,stratified_80_20
98476,0,0,0.0,stratified_80_20
98479,0,0,0.0,stratified_80_20
98488,0,0,0.0,stratified_80_20
98491,0,0,0.0,stratified_80_20
98493,0,0,0.0,stratified_80_20
98499,0,0,0.0,stratified_80_20
98500,0,0,0.0,stratified_80_20
98503,0,0,0.0,stratified_80_20
98504,0,0,0.0,stratified_80_20
98512,0,0,0.0,stratified_80_20
98514,0,0,0.0,stratified_80_20
98515,0,0,0.0,stratified_80_20
98516,0,0,0.0,stratified_80_20
98522,0,0,0.0,stratified_80_20
98531,0,0,0.0,stratified_80_20
98539,0,0,0.0,stratified_80_20
98543,0,0,0.0,stratified_80_20
98544,0,0,0.0,stratified_80_20
98545,0,0,0.0,stratified_80_20
98547,0,0,0.0,stratified_80_20
98548,0,0,0.0,stratified_80_20
98552,0,0,0.0,stratified_80_20
98555,0,0,0.0,stratified_80_20
98559,0,0,0.0,stratified_80_20
98567,0,0,0.0,stratified_80_20
98580,0,0,0.0,stratified_80_20
98585,0,0,0.0,stratified_80_20
98587,0,0,0.0,stratified_80_20
98591,0,0,0.0,stratified_80_20
98596,0,0,0.0,stratified_80_20
98597,0,0,0.0,stratified_80_20
98601,0,0,0.0,stratified_80_20
98610,0,0,0.0,stratified_80_20
98617,0,0,0.0,stratified_80_20
98641,0,0,0.0,stratified_80_20
98653,0,0,0.0,stratified_80_20
98660,0,0,0.0,stratified_80_20
98678,0,0,0.0,stratified_80_20
98679,0,0,0.0,stratified_80_20
98680,0,0,0.0,stratified_80_20
98681,0,0,0.0,stratified_80_20
98685,0,0,0.0,stratified_80_20
98688,0,0,0.0,stratified_80_20
98689,0,0,0.0,stratified_80_20
98695,0,0,0.0,stratified_80_20
98696,0,0,0.0,stratified_80_20
98703,0,0,0.0,stratified_80_20
98709,0,0,0.0,stratified_80_20
98715,0,0,0.0,stratified_80_20
98722,0,0,0.0,stratified_80_20
98726,0,0,0.0,stratified_80_20
98730,0,0,0.0,stratified_80_20
98732,0,0,0.0,stratified_80_20
98737,0,0,0.0,stratified_80_20
98741,0,0,0.0,stratified_80_20
98750,0,0,0.0,stratified_80_20
98756,0,0,0.0,stratified_80_20
98761,0,0,0.0,stratified_80_20
98762,0,0,0.0,stratified_80_20
98765,0,0,0.0,stratified_80_20
98772,0,0,0.0,stratified_80_20
98781,0,0,0.0,stratified_80_20
98783,0,0,0.0,stratified_80_20
98792,0,0,0.0,stratified_80_20
98793,0,0,0.0,stratified_80_20
98795,0,0,0.0,stratified_80_20
98797,0,0,0.0,stratified_80_20
98798,0,0,0.0,stratified_80_20
98803,0,0,0.0,stratified_80_20
98807,0,0,0.0,stratified_80_20
98817,0,0,0.0,stratified_80_20
98819,0,0,0.0,stratified_80_20
98824,0,0,0.0,stratified_80_20
98826,0,0,0.0,stratified_80_20
98828,0,0,0.0,stratified_80_20
98832,0,0,0.0,stratified_80_20
98834,0,0,0.0,stratified_80_20
98835,0,0,0.0,stratified_80_20
98838,0,0,0.0,stratified_80_20
98841,0,0,0.0,stratified_80_20
98842,0,0,0.0,stratified_80_20
98863,0,0,0.0,stratified_80_20
98865,0,0,0.0,stratified_80_20
98891,0,0,0.0,stratified_80_20
98899,0,0,0.0,stratified_80_20
98900,0,0,0.0,stratified_80_20
98902,0,0,0.0,stratified_80_20
98908,0,0,0.0,stratified_80_20
98910,0,0,0.0,stratified_80_20
98911,0,0,0.0,stratified_80_20
98913,0,0,0.0,stratified_80_20
98931,0,0,0.0,stratified_80_20
98938,0,0,0.0,stratified_80_20
98939,0,0,0.0,stratified_80_20
98953,0,0,0.0,stratified_80_20
98955,0,0,0.0,stratified_80_20
98956,0,0,0.0,stratified_80_20
98959,0,0,0.0,stratified_80_20
98960,0,0,0.0,stratified_80_20
98962,0,0,0.0,stratified_80_20
98966,0,0,0.0,stratified_80_20
98967,0,0,0.0,stratified_80_20
98969,0,0,0.0,stratified_80_20
98979,0,0,0.0,stratified_80_20
98980,0,0,0.0,stratified_80_20
98981,0,0,0.0,stratified_80_20
98983,0,0,0.0,stratified_80_20
98984,0,0,0.0,stratified_80_20
98990,0,0,0.0,stratified_80_20
98991,0,0,0.0,stratified_80_20
98992,0,0,0.0,stratified_80_20
98997,0,0,0.0,stratified_80_20
99016,0,0,0.0,stratified_80_20
99020,0,0,0.0,stratified_80_20
99023,0,0,0.0,stratified_80_20
99024,0,0,0.0,stratified_80_20
99027,0,0,0.0,stratified_80_20
99031,0,0,0.0,stratified_80_20
99033,0,0,0.0,stratified_80_20
99034,0,0,0.0,stratified_80_20
99038,0,0,0.0,stratified_80_20
99041,0,0,0.0,stratified_80_20
99042,0,0,0.0,stratified_80_20
99043,0,0,0.0,stratified_80_20
99046,0,0,0.0,stratified_80_20
99049,0,0,0.0,stratified_80_20
99061,0,0,0.0,stratified_80_20
99062,0,0,0.0,stratified_80_20
99067,0,0,0.0,stratified_80_20
99070,0,0,0.0,stratified_80_20
99072,0,0,0.0,stratified_80_20
99078,0,0,0.0,stratified_80_20
99079,0,0,0.0,stratified_80_20
99082,0,0,0.0,stratified_80_20
99083,0,0,0.0,stratified_80_20
99086,0,0,0.0,stratified_80_20
99091,0,0,0.0,stratified_80_20
99104,0,0,0.0,stratified_80_20
99105,0,0,0.0,stratified_80_20
99118,0,0,0.0,stratified_80_20
99122,0,0,0.0,stratified_80_20
99128,0,0,0.0,stratified_80_20
99132,0,0,0.0,stratified_80_20
99136,0,0,0.0,stratified_80_20
99146,0,0,0.0,stratified_80_20
99158,0,0,0.0,stratified_80_20
99161,0,0,0.0,stratified_80_20
99164,0,0,0.0,stratified_80_20
99171,0,0,0.0,stratified_80_20
99172,0,0,0.0,stratified_80_20
99174,0,0,0.0,stratified_80_20
99175,0,0,0.0,stratified_80_20
99177,0,0,0.0,stratified_80_20
99178,0,0,0.0,stratified_80_20
99180,0,0,0.0,stratified_80_20
99182,0,0,0.0,stratified_80_20
99183,0,0,0.0,stratified_80_20
99195,0,0,0.0,stratified_80_20
99199,0,0,0.0,stratified_80_20
99201,0,0,0.0,stratified_80_20
99208,0,0,0.0,stratified_80_20
99209,0,0,0.0,stratified_80_20
99214,0,0,0.0,stratified_80_20
99227,0,0,0.0,stratified_80_20
99230,0,0,0.0,stratified_80_20
99234,0,0,0.0,stratified_80_20
99235,0,0,0.0,stratified_80_20
99238,0,0,0.0,stratified_80_20
99250,0,0,0.0,stratified_80_20
99252,0,0,0.0,stratified_80_20
99256,0,0,0.0,stratified_80_20
99272,0,0,0.0,stratified_80_20
99273,0,0,0.0,stratified_80_20
99278,0,0,0.0,stratified_80_20
99280,0,0,0.0,stratified_80_20
99286,0,0,0.0,stratified_80_20
99290,0,0,0.0,stratified_80_20
99293,0,0,0.0,stratified_80_20
99294,0,0,0.0,stratified_80_20
99295,0,0,0.0,stratified_80_20
99301,0,0,0.0,stratified_80_20
99304,0,0,0.0,stratified_80_20
99308,0,0,0.0,stratified_80_20
99311,0,0,0.0,stratified_80_20
99319,0,0,0.0,stratified_80_20
99322,0,0,0.0,stratified_80_20
99325,0,0,0.0,stratified_80_20
99326,0,0,0.0,stratified_80_20
99327,0,0,0.0,stratified_80_20
99333,0,0,0.0,stratified_80_20
99335,0,0,0.0,stratified_80_20
99340,0,0,0.0,stratified_80_20
99347,0,0,0.0,stratified_80_20
99349,0,0,0.0,stratified_80_20
99352,0,0,0.0,stratified_80_20
99353,0,0,0.0,stratified_80_20
99354,0,0,0.0,stratified_80_20
99363,0,0,0.0,stratified_80_20
99380,0,0,0.0,stratified_80_20
99387,0,0,0.0,stratified_80_20
99401,0,0,0.0,stratified_80_20
99403,0,0,0.0,stratified_80_20
99410,0,0,0.0,stratified_80_20
99414,0,0,0.0,stratified_80_20
99417,0,0,0.0,stratified_80_20
99426,0,0,0.0,stratified_80_20
99429,0,0,0.0,stratified_80_20
99430,0,0,0.0,stratified_80_20
99431,0,0,0.0,stratified_80_20
99433,0,0,0.0,stratified_80_20
99434,0,0,0.0,stratified_80_20
99439,0,0,0.0,stratified_80_20
99446,0,0,0.0,stratified_80_20
99455,0,0,0.0,stratified_80_20
99469,0,0,0.0,stratified_80_20
99485,0,0,0.0,stratified_80_20
99488,0,0,0.0,stratified_80_20
99490,0,0,0.0,stratified_80_20
99491,0,0,0.0,stratified_80_20
99492,0,0,0.0,stratified_80_20
99497,0,0,0.0,stratified_80_20
99500,0,0,0.0,stratified_80_20
99505,0,0,0.0,stratified_80_20
99508,0,0,0.0,stratified_80_20
99509,0,0,0.0,stratified_80_20
99525,0,0,0.0,stratified_80_20
99530,0,0,0.0,stratified_80_20
99534,0,0,0.0,stratified_80_20
99536,0,0,0.0,stratified_80_20
99540,0,0,0.0,stratified_80_20
99544,0,0,0.0,stratified_80_20
99546,0,0,0.0,stratified_80_20
99549,0,0,0.0,stratified_80_20
99552,0,0,0.0,stratified_80_20
99553,0,0,0.0,stratified_80_20
99554,0,0,0.0,stratified_80_20
99560,0,0,0.0,stratified_80_20
99567,0,0,0.0,stratified_80_20
99571,0,0,0.0,stratified_80_20
99576,0,0,0.0,stratified_80_20
99577,0,0,0.0,stratified_80_20
99581,0,0,0.0,stratified_80_20
99589,0,0,0.0,stratified_80_20
99595,0,0,0.0,stratified_80_20
99597,0,0,0.0,stratified_80_20
99605,0,0,0.0,stratified_80_20
99615,0,0,0.0,stratified_80_20
99620,0,0,0.0,stratified_80_20
99624,0,0,0.0,stratified_80_20
99625,0,0,0.0,stratified_80_20
99631,0,0,0.0,stratified_80_20
99635,0,0,0.0,stratified_80_20
99639,0,0,0.0,stratified_80_20
99643,0,0,0.0,stratified_80_20
99646,0,0,0.0,stratified_80_20
99653,0,0,0.0,stratified_80_20
99660,0,0,0.0,stratified_80_20
99664,0,0,0.0,stratified_80_20
99667,0,0,0.0,stratified_80_20
99672,0,0,0.0,stratified_80_20
99673,0,0,0.0,stratified_80_20
99676,0,0,0.0,stratified_80_20
99684,0,0,0.0,stratified_80_20
99688,0,0,0.0,stratified_80_20
99694,0,0,0.0,stratified_80_20
99695,0,0,0.0,stratified_80_20
99701,0,0,0.0,stratified_80_20
99713,0,0,0.0,stratified_80_20
99724,0,0,0.0,stratified_80_20
99729,0,0,0.0,stratified_80_20
99731,0,0,0.0,stratified_80_20
99732,0,0,0.0,stratified_80_20
99736,0,0,0.0,stratified_80_20
99743,0,0,0.0,stratified_80_20
99744,0,0,0.0,stratified_80_20
99748,0,0,0.0,stratified_80_20
99756,0,0,0.0,stratified_80_20
99758,0,0,0.0,stratified_80_20
99759,0,0,0.0,stratified_80_20
99761,0,0,0.0,stratified_80_20
99762,0,0,0.0,stratified_80_20
99767,0,0,0.0,stratified_80_20
99770,0,0,0.0,stratified_80_20
99772,0,0,0.0,stratified_80_20
99783,0,0,0.0,stratified_80_20
99799,0,0,0.0,stratified_80_20
99807,0,0,0.0,stratified_80_20
99810,0,0,0.0,stratified_80_20
99819,0,0,0.0,stratified_80_20
99824,0,0,0.0,stratified_80_20
99845,0,0,0.0,stratified_80_20
99865,0,0,0.0,stratified_80_20
99870,0,0,0.0,stratified_80_20
99880,0,0,0.0,stratified_80_20
99882,0,0,0.0,stratified_80_20
99886,0,0,0.0,stratified_80_20
99887,0,0,0.0,stratified_80_20
99890,0,0,0.0,stratified_80_20
99892,0,0,0.0,stratified_80_20
99898,0,0,0.0,stratified_80_20
99906,0,0,0.0,stratified_80_20
99914,0,0,0.0,stratified_80_20
99917,0,0,0.0,stratified_80_20
99922,0,0,0.0,stratified_80_20
99928,0,0,0.0,stratified_80_20
99932,0,0,0.0,stratified_80_20
99935,0,0,0.0,stratified_80_20
99938,0,0,0.0,stratified_80_20
99947,0,0,0.0,stratified_80_20
99948,0,0,0.0,stratified_80_20
99949,0,0,0.0,stratified_80_20
99956,0,0,0.0,stratified_80_20
99958,0,0,0.0,stratified_80_20
99963,0,0,0.0,stratified_80_20
99964,0,0,0.0,stratified_80_20
99968,0,0,0.0,stratified_80_20
99970,0,0,0.0,stratified_80_20
99974,0,0,0.0,stratified_80_20
99977,0,0,0.0,stratified_80_20
99978,0,0,0.0,stratified_80_20
99979,0,0,0.0,stratified_80_20
99990,0,0,0.0,stratified_80_20
99993,0,0,0.0,stratified_80_20
99997,0,0,0.0,stratified_80_20
99999,0,0,0.0,stratified_80_20
100002,0,0,0.0,stratified_80_20
100008,0,0,0.0,stratified_80_20
100009,0,0,0.0,stratified_80_20
100010,0,0,0.0,stratified_80_20
100011,0,0,0.0,stratified_80_20
100014,0,0,0.0,stratified_80_20
100016,0,0,0.0,stratified_80_20
100018,0,0,0.0,stratified_80_20
100022,0,0,0.0,stratified_80_20
100029,0,0,0.0,stratified_80_20
100037,0,0,0.0,stratified_80_20
100044,0,0,0.0,stratified_80_20
100045,0,0,0.0,stratified_80_20
100047,0,0,0.0,stratified_80_20
100049,0,0,0.0,stratified_80_20
100056,0,0,0.0,stratified_80_20
100058,0,0,0.0,stratified_80_20
100061,0,0,0.0,stratified_80_20
100063,0,0,0.0,stratified_80_20
100064,0,0,0.0,stratified_80_20
100070,0,0,0.0,stratified_80_20
100071,0,0,0.0,stratified_80_20
100072,0,0,0.0,stratified_80_20
100074,0,0,0.0,stratified_80_20
100081,0,0,0.0,stratified_80_20
100099,0,0,0.0,stratified_80_20
100101,0,0,0.0,stratified_80_20
100102,0,0,0.0,stratified_80_20
100104,0,0,0.0,stratified_80_20
100108,0,0,0.0,stratified_80_20
100123,0,0,0.0,stratified_80_20
100126,0,0,0.0,stratified_80_20
100146,0,0,0.0,stratified_80_20
100148,0,0,0.0,stratified_80_20
100149,0,0,0.0,stratified_80_20
100150,0,0,0.0,stratified_80_20
100154,0,0,0.0,stratified_80_20
100164,0,0,0.0,stratified_80_20
100165,0,0,0.0,stratified_80_20
100169,0,0,0.0,stratified_80_20
100172,0,0,0.0,stratified_80_20
100176,0,0,0.0,stratified_80_20
100183,0,0,0.0,stratified_80_20
100189,0,0,0.0,stratified_80_20
100195,0,0,0.0,stratified_80_20
100198,0,0,0.0,stratified_80_20
100205,0,0,0.0,stratified_80_20
100206,0,0,0.0,stratified_80_20
100211,0,0,0.0,stratified_80_20
100224,0,0,0.0,stratified_80_20
100241,0,0,0.0,stratified_80_20
100246,0,0,0.0,stratified_80_20
100248,0,0,0.0,stratified_80_20
100257,0,0,0.0,stratified_80_20
100261,0,0,0.0,stratified_80_20
100274,0,0,0.0,stratified_80_20
100276,0,0,0.0,stratified_80_20
100281,0,0,0.0,stratified_80_20
100289,0,0,0.0,stratified_80_20
100290,0,0,0.0,stratified_80_20
100291,0,0,0.0,stratified_80_20
100294,0,0,0.0,stratified_80_20
100295,0,0,0.0,stratified_80_20
100296,0,0,0.0,stratified_80_20
100299,0,0,0.0,stratified_80_20
100304,0,0,0.0,stratified_80_20
100311,0,0,0.0,stratified_80_20
100321,0,0,0.0,stratified_80_20
100323,0,0,0.0,stratified_80_20
100325,0,0,0.0,stratified_80_20
100331,0,0,0.0,stratified_80_20
100334,0,0,0.0,stratified_80_20
100338,0,0,0.0,stratified_80_20
100341,0,0,0.0,stratified_80_20
100344,0,0,0.0,stratified_80_20
100348,0,0,0.0,stratified_80_20
100363,0,0,0.0,stratified_80_20
100371,0,0,0.0,stratified_80_20
100374,0,0,0.0,stratified_80_20
100377,0,0,0.0,stratified_80_20
100381,0,0,0.0,stratified_80_20
100382,0,0,0.0,stratified_80_20
100387,0,0,0.0,stratified_80_20
100402,0,0,0.0,stratified_80_20
100403,0,0,0.0,stratified_80_20
100414,0,0,0.0,stratified_80_20
100416,0,0,0.0,stratified_80_20
100424,0,0,0.0,stratified_80_20
100426,0,0,0.0,stratified_80_20
100428,0,0,0.0,stratified_80_20
100429,0,0,0.0,stratified_80_20
100435,0,0,0.0,stratified_80_20
100464,0,0,0.0,stratified_80_20
100476,0,0,0.0,stratified_80_20
100488,0,0,0.0,stratified_80_20
100489,0,0,0.0,stratified_80_20
100511,0,0,0.0,stratified_80_20
100533,0,0,0.0,stratified_80_20
100536,0,0,0.0,stratified_80_20
100540,0,0,0.0,stratified_80_20
100545,0,0,0.0,stratified_80_20
100552,0,0,0.0,stratified_80_20
100562,0,0,0.0,stratified_80_20
100563,0,0,0.0,stratified_80_20
100564,0,0,0.0,stratified_80_20
100567,0,0,0.0,stratified_80_20
100572,0,0,0.0,stratified_80_20
100579,0,0,0.0,stratified_80_20
100583,0,0,0.0,stratified_80_20
100591,0,0,0.0,stratified_80_20
100595,0,0,0.0,stratified_80_20
100600,0,0,0.0,stratified_80_20
100622,0,0,0.0,stratified_80_20
100629,0,0,0.0,stratified_80_20
100630,0,0,0.0,stratified_80_20
100631,0,0,0.0,stratified_80_20
100632,0,0,0.0,stratified_80_20
100635,0,0,0.0,stratified_80_20
100658,0,0,0.0,stratified_80_20
100669,0,0,0.0,stratified_80_20
100671,0,0,0.0,stratified_80_20
100673,0,0,0.0,stratified_80_20
100674,0,0,0.0,stratified_80_20
100685,0,0,0.0,stratified_80_20
100690,0,0,0.0,stratified_80_20
100694,0,0,0.0,stratified_80_20
100707,0,0,0.0,stratified_80_20
100709,0,0,0.0,stratified_80_20
100712,0,0,0.0,stratified_80_20
100722,0,0,0.0,stratified_80_20
100728,0,0,0.0,stratified_80_20
100729,0,0,0.0,stratified_80_20
100731,0,0,0.0,stratified_80_20
100732,0,0,0.0,stratified_80_20
100733,0,0,0.0,stratified_80_20
100738,0,0,0.0,stratified_80_20
100740,0,0,0.0,stratified_80_20
100741,0,0,0.0,stratified_80_20
100744,0,0,0.0,stratified_80_20
100747,0,0,0.0,stratified_80_20
100758,0,0,0.0,stratified_80_20
100759,0,0,0.0,stratified_80_20
100760,0,0,0.0,stratified_80_20
100766,0,0,0.0,stratified_80_20
100770,0,0,0.0,stratified_80_20
100771,0,0,0.0,stratified_80_20
100773,0,0,0.0,stratified_80_20
100775,0,0,0.0,stratified_80_20
100784,0,0,0.0,stratified_80_20
100787,0,0,0.0,stratified_80_20
100790,0,0,0.0,stratified_80_20
100791,0,0,0.0,stratified_80_20
100792,0,0,0.0,stratified_80_20
100794,0,0,0.0,stratified_80_20
100795,0,0,0.0,stratified_80_20
100796,0,0,0.0,stratified_80_20
100803,0,0,0.0,stratified_80_20
100804,0,0,0.0,stratified_80_20
100805,0,0,0.0,stratified_80_20
100808,0,0,0.0,stratified_80_20
100811,0,0,0.0,stratified_80_20
100812,0,0,0.0,stratified_80_20
100815,0,0,0.0,stratified_80_20
100816,0,0,0.0,stratified_80_20
100819,0,0,0.0,stratified_80_20
100821,0,0,0.0,stratified_80_20
100835,0,0,0.0,stratified_80_20
100841,0,0,0.0,stratified_80_20
100845,0,0,0.0,stratified_80_20
100856,0,0,0.0,stratified_80_20
100858,0,0,0.0,stratified_80_20
100862,0,0,0.0,stratified_80_20
100867,0,0,0.0,stratified_80_20
100871,0,0,0.0,stratified_80_20
100876,0,0,0.0,stratified_80_20
100892,0,0,0.0,stratified_80_20
100895,0,0,0.0,stratified_80_20
100906,0,0,0.0,stratified_80_20
100910,0,0,0.0,stratified_80_20
100919,0,0,0.0,stratified_80_20
100925,0,0,0.0,stratified_80_20
100926,0,0,0.0,stratified_80_20
100928,0,0,0.0,stratified_80_20
100931,0,0,0.0,stratified_80_20
100946,0,0,0.0,stratified_80_20
100952,0,0,0.0,stratified_80_20
100960,0,0,0.0,stratified_80_20
100973,0,0,0.0,stratified_80_20
100978,0,0,0.0,stratified_80_20
100983,0,0,0.0,stratified_80_20
100984,0,0,0.0,stratified_80_20
100986,0,0,0.0,stratified_80_20
100987,0,0,0.0,stratified_80_20
100988,0,0,0.0,stratified_80_20
100992,0,0,0.0,stratified_80_20
100997,0,0,0.0,stratified_80_20
100998,0,0,0.0,stratified_80_20
101006,0,0,0.0,stratified_80_20
101013,0,0,0.0,stratified_80_20
101028,0,0,0.0,stratified_80_20
101034,0,0,0.0,stratified_80_20
101035,0,0,0.0,stratified_80_20
101040,0,0,0.0,stratified_80_20
101041,0,0,0.0,stratified_80_20
101043,0,0,0.0,stratified_80_20
101045,0,0,0.0,stratified_80_20
101049,0,0,0.0,stratified_80_20
101056,0,0,0.0,stratified_80_20
101058,0,0,0.0,stratified_80_20
101059,0,0,0.0,stratified_80_20
101064,0,0,0.0,stratified_80_20
101065,0,0,0.0,stratified_80_20
101072,0,0,0.0,stratified_80_20
101078,0,0,0.0,stratified_80_20
101108,0,0,0.0,stratified_80_20
101110,0,0,0.0,stratified_80_20
101112,0,0,0.0,stratified_80_20
101114,0,0,0.0,stratified_80_20
101117,0,0,0.0,stratified_80_20
101118,0,0,0.0,stratified_80_20
101126,0,0,0.0,stratified_80_20
101132,0,0,0.0,stratified_80_20
101135,0,0,0.0,stratified_80_20
101137,0,0,0.0,stratified_80_20
101138,0,0,0.0,stratified_80_20
101150,0,0,0.0,stratified_80_20
101156,0,0,0.0,stratified_80_20
101157,0,0,0.0,stratified_80_20
101166,0,0,0.0,stratified_80_20
101172,0,0,0.0,stratified_80_20
101176,0,0,0.0,stratified_80_20
101185,0,0,0.0,stratified_80_20
101193,0,0,0.0,stratified_80_20
101203,0,0,0.0,stratified_80_20
101206,0,0,0.0,stratified_80_20
101209,0,0,0.0,stratified_80_20
101224,0,0,0.0,stratified_80_20
101233,0,0,0.0,stratified_80_20
101239,0,0,0.0,stratified_80_20
101252,0,0,0.0,stratified_80_20
101256,0,0,0.0,stratified_80_20
101258,0,0,0.0,stratified_80_20
101262,0,0,0.0,stratified_80_20
101263,0,0,0.0,stratified_80_20
101278,0,0,0.0,stratified_80_20
101280,0,0,0.0,stratified_80_20
101283,0,0,0.0,stratified_80_20
101284,0,0,0.0,stratified_80_20
101290,0,0,0.0,stratified_80_20
101297,0,0,0.0,stratified_80_20
101299,0,0,0.0,stratified_80_20
101300,0,0,0.0,stratified_80_20
101303,0,0,0.0,stratified_80_20
101308,0,0,0.0,stratified_80_20
101314,0,0,0.0,stratified_80_20
101320,0,0,0.0,stratified_80_20
101330,0,0,0.0,stratified_80_20
101335,0,0,0.0,stratified_80_20
101339,0,0,0.0,stratified_80_20
101345,0,0,0.0,stratified_80_20
101362,0,0,0.0,stratified_80_20
101367,0,0,0.0,stratified_80_20
101370,0,0,0.0,stratified_80_20
101371,0,0,0.0,stratified_80_20
101376,0,0,0.0,stratified_80_20
101389,0,0,0.0,stratified_80_20
101391,0,0,0.0,stratified_80_20
101395,0,0,0.0,stratified_80_20
101399,0,0,0.0,stratified_80_20
101412,0,0,0.0,stratified_80_20
101414,0,0,0.0,stratified_80_20
101419,0,0,0.0,stratified_80_20
101421,0,0,0.0,stratified_80_20
101423,0,0,0.0,stratified_80_20
101433,0,0,0.0,stratified_80_20
101436,0,0,0.0,stratified_80_20
101437,0,0,0.0,stratified_80_20
101439,0,0,0.0,stratified_80_20
101443,0,0,0.0,stratified_80_20
101450,0,0,0.0,stratified_80_20
101463,0,0,0.0,stratified_80_20
101465,0,0,0.0,stratified_80_20
101469,0,0,0.0,stratified_80_20
101471,0,0,0.0,stratified_80_20
101476,0,0,0.0,stratified_80_20
101482,0,0,0.0,stratified_80_20
101484,0,0,0.0,stratified_80_20
101488,0,0,0.0,stratified_80_20
101493,0,0,0.0,stratified_80_20
101494,0,0,0.0,stratified_80_20
101500,0,0,0.0,stratified_80_20
101504,0,0,0.0,stratified_80_20
101519,0,0,0.0,stratified_80_20
101522,0,0,0.0,stratified_80_20
101526,0,0,0.0,stratified_80_20
101527,0,0,0.0,stratified_80_20
101533,0,0,0.0,stratified_80_20
101536,0,0,0.0,stratified_80_20
101537,0,0,0.0,stratified_80_20
101543,0,0,0.0,stratified_80_20
101544,0,0,0.0,stratified_80_20
101545,0,0,0.0,stratified_80_20
101549,0,0,0.0,stratified_80_20
101550,0,0,0.0,stratified_80_20
101555,0,0,0.0,stratified_80_20
101556,0,0,0.0,stratified_80_20
101557,0,0,0.0,stratified_80_20
101562,0,0,0.0,stratified_80_20
101567,0,0,0.0,stratified_80_20
101568,0,0,0.0,stratified_80_20
101569,0,0,0.0,stratified_80_20
101571,0,0,0.0,stratified_80_20
101577,0,0,0.0,stratified_80_20
101597,0,0,0.0,stratified_80_20
101599,0,0,0.0,stratified_80_20
101608,0,0,0.0,stratified_80_20
101610,0,0,0.0,stratified_80_20
101616,0,0,0.0,stratified_80_20
101619,0,0,0.0,stratified_80_20
101620,0,0,0.0,stratified_80_20
101624,0,0,0.0,stratified_80_20
101625,0,0,0.0,stratified_80_20
101627,0,0,0.0,stratified_80_20
101637,0,0,0.0,stratified_80_20
101647,0,0,0.0,stratified_80_20
101651,0,0,0.0,stratified_80_20
101655,0,0,0.0,stratified_80_20
101656,0,0,0.0,stratified_80_20
101658,0,0,0.0,stratified_80_20
101661,0,0,0.0,stratified_80_20
101662,0,0,0.0,stratified_80_20
101663,0,0,0.0,stratified_80_20
101668,0,0,0.0,stratified_80_20
101671,0,0,0.0,stratified_80_20
101675,0,0,0.0,stratified_80_20
101680,0,0,0.0,stratified_80_20
101684,0,0,0.0,stratified_80_20
101693,0,0,0.0,stratified_80_20
101694,0,0,0.0,stratified_80_20
101696,0,0,0.0,stratified_80_20
101697,0,0,0.0,stratified_80_20
101700,0,0,0.0,stratified_80_20
101703,0,0,0.0,stratified_80_20
101704,0,0,0.0,stratified_80_20
101705,0,0,0.0,stratified_80_20
101713,0,0,0.0,stratified_80_20
101717,0,0,0.0,stratified_80_20
101722,0,0,0.0,stratified_80_20
101723,0,0,0.0,stratified_80_20
101727,0,0,0.0,stratified_80_20
101732,0,0,0.0,stratified_80_20
101741,0,0,0.0,stratified_80_20
101749,0,0,0.0,stratified_80_20
101752,0,0,0.0,stratified_80_20
101754,0,0,0.0,stratified_80_20
101755,0,0,0.0,stratified_80_20
101756,0,0,0.0,stratified_80_20
101757,0,0,0.0,stratified_80_20
101758,0,0,0.0,stratified_80_20
101759,0,0,0.0,stratified_80_20
101765,0,0,0.0,stratified_80_20
101768,0,0,0.0,stratified_80_20
101770,0,0,0.0,stratified_80_20
101780,0,0,0.0,stratified_80_20
101783,0,0,0.0,stratified_80_20
101791,0,0,0.0,stratified_80_20
101801,0,0,0.0,stratified_80_20
101828,0,0,0.0,stratified_80_20
101836,0,0,0.0,stratified_80_20
101842,0,0,0.0,stratified_80_20
101844,0,0,0.0,stratified_80_20
101846,0,0,0.0,stratified_80_20
101850,0,0,0.0,stratified_80_20
101853,0,0,0.0,stratified_80_20
101855,0,0,0.0,stratified_80_20
101858,0,0,0.0,stratified_80_20
101860,0,0,0.0,stratified_80_20
101867,0,0,0.0,stratified_80_20
101871,0,0,0.0,stratified_80_20
101873,0,0,0.0,stratified_80_20
101880,0,0,0.0,stratified_80_20
101881,0,0,0.0,stratified_80_20
101882,0,0,0.0,stratified_80_20
101885,0,0,0.0,stratified_80_20
101887,0,0,0.0,stratified_80_20
101891,0,0,0.0,stratified_80_20
101896,0,0,0.0,stratified_80_20
101897,0,0,0.0,stratified_80_20
101899,0,0,0.0,stratified_80_20
101907,0,0,0.0,stratified_80_20
101916,0,0,0.0,stratified_80_20
101917,0,0,0.0,stratified_80_20
101920,0,0,0.0,stratified_80_20
101923,0,0,0.0,stratified_80_20
101926,0,0,0.0,stratified_80_20
101931,0,0,0.0,stratified_80_20
101933,0,0,0.0,stratified_80_20
101935,0,0,0.0,stratified_80_20
101939,0,0,0.0,stratified_80_20
101941,0,0,0.0,stratified_80_20
101942,0,0,0.0,stratified_80_20
101946,0,0,0.0,stratified_80_20
101948,0,0,0.0,stratified_80_20
101952,0,0,0.0,stratified_80_20
101962,0,0,0.0,stratified_80_20
101967,0,0,0.0,stratified_80_20
101968,0,0,0.0,stratified_80_20
101971,0,0,0.0,stratified_80_20
101972,0,0,0.0,stratified_80_20
101982,0,0,0.0,stratified_80_20
101988,0,0,0.0,stratified_80_20
101992,0,0,0.0,stratified_80_20
101996,0,0,0.0,stratified_80_20
101997,0,0,0.0,stratified_80_20
102020,0,0,0.0,stratified_80_20
102021,0,0,0.0,stratified_80_20
102022,0,0,0.0,stratified_80_20
102036,0,0,0.0,stratified_80_20
102038,0,0,0.0,stratified_80_20
102041,0,0,0.0,stratified_80_20
102047,0,0,0.0,stratified_80_20
102076,1,1,1.0,stratified_80_20
102078,1,1,1.0,stratified_80_20
102084,0,0,0.0,stratified_80_20
102091,0,0,0.0,stratified_80_20
102092,1,1,1.0,stratified_80_20
102100,0,0,0.0,stratified_80_20
102102,1,1,1.0,stratified_80_20
102103,0,0,0.0,stratified_80_20
102107,0,0,0.0,stratified_80_20
102109,0,0,0.0,stratified_80_20
102111,1,1,1.0,stratified_80_20
102113,1,1,1.0,stratified_80_20
102120,1,1,1.0,stratified_80_20
102121,0,0,0.0,stratified_80_20
102126,0,0,0.0,stratified_80_20
102132,0,0,0.0,stratified_80_20
102134,1,1,1.0,stratified_80_20
102165,0,0,0.0,stratified_80_20
102171,0,0,0.0,stratified_80_20
102174,1,1,1.0,stratified_80_20
102176,1,1,1.0,stratified_80_20
102177,1,1,1.0,stratified_80_20
102181,1,1,1.0,stratified_80_20
102182,1,1,1.0,stratified_80_20
102190,0,0,0.0,stratified_80_20
102193,0,0,0.0,stratified_80_20
102196,1,1,1.0,stratified_80_20
102203,1,1,1.0,stratified_80_20
102212,0,0,0.0,stratified_80_20
102213,0,0,0.0,stratified_80_20
102214,0,0,0.0,stratified_80_20
102225,0,0,0.0,stratified_80_20
102232,0,0,0.0,stratified_80_20
102238,1,1,1.0,stratified_80_20
102240,1,1,1.0,stratified_80_20
102246,1,1,1.0,stratified_80_20
102249,0,0,0.0,stratified_80_20
102251,0,0,0.0,stratified_80_20
102255,0,0,0.0,stratified_80_20
102259,0,0,0.0,stratified_80_20
102267,0,0,0.0,stratified_80_20
102271,1,1,1.0,stratified_80_20
102277,1,1,1.0,stratified_80_20
102278,0,0,0.0,stratified_80_20
102286,1,1,1.0,stratified_80_20
102288,0,0,0.0,stratified_80_20
102291,1,1,1.0,stratified_80_20
102294,1,1,1.0,stratified_80_20
102298,0,0,0.0,stratified_80_20
102301,0,0,0.0,stratified_80_20
102312,1,1,1.0,stratified_80_20
102323,0,0,0.0,stratified_80_20
102324,0,0,0.0,stratified_80_20
102329,1,1,1.0,stratified_80_20
102335,1,1,1.0,stratified_80_20
102338,0,0,0.0,stratified_80_20
102341,0,0,0.0,stratified_80_20
102342,1,1,1.0,stratified_80_20
102349,1,1,1.0,stratified_80_20
102358,0,0,0.0,stratified_80_20
102359,1,1,1.0,stratified_80_20
102361,0,0,0.0,stratified_80_20
102362,0,0,0.0,stratified_80_20
102369,1,1,1.0,stratified_80_20
102377,1,1,1.0,stratified_80_20
102379,0,0,0.0,stratified_80_20
102394,0,0,0.0,stratified_80_20
102396,1,1,1.0,stratified_80_20
102400,0,0,0.0,stratified_80_20
102402,0,0,0.0,stratified_80_20
102403,0,0,0.0,stratified_80_20
102404,0,0,0.0,stratified_80_20
102407,0,0,0.0,stratified_80_20
102408,1,1,1.0,stratified_80_20
102415,1,1,1.0,stratified_80_20
102418,1,1,1.0,stratified_80_20
102419,1,1,1.0,stratified_80_20
102423,0,0,0.0,stratified_80_20
102424,0,0,0.0,stratified_80_20
102425,0,0,0.0,stratified_80_20
102427,0,0,0.0,stratified_80_20
102431,1,1,1.0,stratified_80_20
102435,1,1,1.0,stratified_80_20
102446,0,0,0.0,stratified_80_20
102450,1,1,1.0,stratified_80_20
102460,1,1,1.0,stratified_80_20
102475,0,0,0.0,stratified_80_20
102479,1,1,1.0,stratified_80_20
102480,1,1,1.0,stratified_80_20
102483,0,0,0.0,stratified_80_20
102490,0,0,0.0,stratified_80_20
102491,1,1,1.0,stratified_80_20
102493,1,1,1.0,stratified_80_20
102498,1,1,1.0,stratified_80_20
102500,0,0,0.0,stratified_80_20
102511,0,0,0.0,stratified_80_20
102514,1,1,1.0,stratified_80_20
102527,0,0,0.0,stratified_80_20
102533,0,0,0.0,stratified_80_20
102537,1,1,1.0,stratified_80_20
102538,1,1,1.0,stratified_80_20
102542,1,1,1.0,stratified_80_20
102544,1,1,1.0,stratified_80_20
102553,1,1,1.0,stratified_80_20
102555,0,0,0.0,stratified_80_20
102557,1,1,1.0,stratified_80_20
102560,0,0,0.0,stratified_80_20
102562,0,0,0.0,stratified_80_20
102563,0,0,0.0,stratified_80_20
102569,1,1,1.0,stratified_80_20
102570,0,0,0.0,stratified_80_20
102576,0,0,0.0,stratified_80_20
102578,1,1,1.0,stratified_80_20
102580,0,0,0.0,stratified_80_20
102593,0,0,0.0,stratified_80_20
102600,1,1,1.0,stratified_80_20
102606,0,0,0.0,stratified_80_20
102612,0,0,0.0,stratified_80_20
102613,0,0,0.0,stratified_80_20
102616,0,0,0.0,stratified_80_20
102618,0,0,0.0,stratified_80_20
102619,0,0,0.0,stratified_80_20
102620,0,0,0.0,stratified_80_20
102624,1,1,1.0,stratified_80_20
102628,1,1,1.0,stratified_80_20
102632,0,0,0.0,stratified_80_20
102634,1,1,1.0,stratified_80_20
102641,0,0,0.0,stratified_80_20
102651,1,1,1.0,stratified_80_20
102659,0,0,0.0,stratified_80_20
102665,1,1,1.0,stratified_80_20
102679,0,0,0.0,stratified_80_20
102682,0,0,0.0,stratified_80_20
102684,0,0,0.0,stratified_80_20
102686,0,0,0.0,stratified_80_20
102690,1,1,1.0,stratified_80_20
102696,1,1,1.0,stratified_80_20
102703,1,1,1.0,stratified_80_20
102704,0,0,0.0,stratified_80_20
102707,0,0,0.0,stratified_80_20
102712,1,1,1.0,stratified_80_20
102715,1,1,1.0,stratified_80_20
102718,1,1,1.0,stratified_80_20
102729,0,0,0.0,stratified_80_20
102732,1,1,1.0,stratified_80_20
102733,1,1,1.0,stratified_80_20
102736,1,1,1.0,stratified_80_20
102740,1,1,1.0,stratified_80_20
102747,0,0,0.0,stratified_80_20
102752,1,1,1.0,stratified_80_20
102759,1,1,1.0,stratified_80_20
102763,0,0,0.0,stratified_80_20
102768,0,0,0.0,stratified_80_20
102771,0,0,0.0,stratified_80_20
102776,0,0,0.0,stratified_80_20
102789,0,0,0.0,stratified_80_20
102796,0,0,0.0,stratified_80_20
102797,1,1,1.0,stratified_80_20
102803,1,1,1.0,stratified_80_20
102811,0,0,0.0,stratified_80_20
102818,0,0,0.0,stratified_80_20
102819,1,1,1.0,stratified_80_20
102827,0,0,0.0,stratified_80_20
102833,0,0,0.0,stratified_80_20
102850,0,0,0.0,stratified_80_20
102852,0,0,0.0,stratified_80_20
102854,1,1,1.0,stratified_80_20
102855,1,1,1.0,stratified_80_20
102857,1,1,1.0,stratified_80_20
102861,1,1,1.0,stratified_80_20
102863,0,0,0.0,stratified_80_20
102864,1,1,1.0,stratified_80_20
102868,0,0,0.0,stratified_80_20
102869,0,0,0.0,stratified_80_20
102877,1,1,1.0,stratified_80_20
102889,0,0,0.0,stratified_80_20
102891,0,0,0.0,stratified_80_20
102892,0,0,0.0,stratified_80_20
102897,0,0,0.0,stratified_80_20
102898,1,1,1.0,stratified_80_20
102899,1,1,1.0,stratified_80_20
102909,1,1,1.0,stratified_80_20
102912,0,0,0.0,stratified_80_20
102923,1,1,1.0,stratified_80_20
102926,1,1,1.0,stratified_80_20
102929,1,1,1.0,stratified_80_20
102930,0,0,0.0,stratified_80_20
102935,0,0,0.0,stratified_80_20
102944,1,1,1.0,stratified_80_20
102946,1,1,1.0,stratified_80_20
102951,0,0,0.0,stratified_80_20
102958,0,0,0.0,stratified_80_20
102959,0,0,0.0,stratified_80_20
102961,1,1,1.0,stratified_80_20
102963,1,1,1.0,stratified_80_20
102964,1,1,1.0,stratified_80_20
102968,0,0,0.0,stratified_80_20
102986,0,0,0.0,stratified_80_20
102987,0,0,0.0,stratified_80_20
103004,0,0,0.0,stratified_80_20
103005,0,0,0.0,stratified_80_20
103006,0,0,0.0,stratified_80_20
103014,0,0,0.0,stratified_80_20
103017,0,0,0.0,stratified_80_20
103027,0,0,0.0,stratified_80_20
103051,0,0,0.0,stratified_80_20
103053,0,0,0.0,stratified_80_20
103058,0,0,0.0,stratified_80_20
103061,0,0,0.0,stratified_80_20
103070,0,0,0.0,stratified_80_20
103073,0,0,0.0,stratified_80_20
103074,0,0,0.0,stratified_80_20
103088,0,0,0.0,stratified_80_20
103095,0,0,0.0,stratified_80_20
103097,0,0,0.0,stratified_80_20
103099,0,0,0.0,stratified_80_20
103100,0,0,0.0,stratified_80_20
103103,0,0,0.0,stratified_80_20
103106,0,0,0.0,stratified_80_20
103108,0,0,0.0,stratified_80_20
103116,0,0,0.0,stratified_80_20
103120,0,0,0.0,stratified_80_20
103121,0,0,0.0,stratified_80_20
103126,0,0,0.0,stratified_80_20
103129,0,0,0.0,stratified_80_20
103130,0,0,0.0,stratified_80_20
103134,0,0,0.0,stratified_80_20
103141,0,0,0.0,stratified_80_20
103143,0,0,0.0,stratified_80_20
103144,0,0,0.0,stratified_80_20
103150,0,0,0.0,stratified_80_20
103153,0,0,0.0,stratified_80_20
103154,0,0,0.0,stratified_80_20
103166,0,0,0.0,stratified_80_20
103167,0,0,0.0,stratified_80_20
103170,0,0,0.0,stratified_80_20
103171,0,0,0.0,stratified_80_20
103179,0,0,0.0,stratified_80_20
103182,0,0,0.0,stratified_80_20
103184,0,0,0.0,stratified_80_20
103189,0,0,0.0,stratified_80_20
103195,0,0,0.0,stratified_80_20
103198,0,0,0.0,stratified_80_20
103207,0,0,0.0,stratified_80_20
103208,0,0,0.0,stratified_80_20
103210,0,0,0.0,stratified_80_20
103212,0,0,0.0,stratified_80_20
103214,0,0,0.0,stratified_80_20
103220,0,0,0.0,stratified_80_20
103230,0,0,0.0,stratified_80_20
103238,0,0,0.0,stratified_80_20
103242,0,0,0.0,stratified_80_20
103249,0,0,0.0,stratified_80_20
103250,0,0,0.0,stratified_80_20
103261,0,0,0.0,stratified_80_20
103267,0,0,0.0,stratified_80_20
103270,0,0,0.0,stratified_80_20
103271,0,0,0.0,stratified_80_20
103286,0,0,0.0,stratified_80_20
103310,0,0,0.0,stratified_80_20
103316,0,0,0.0,stratified_80_20
103317,0,0,0.0,stratified_80_20
103320,0,0,0.0,stratified_80_20
103328,0,0,0.0,stratified_80_20
103329,0,0,0.0,stratified_80_20
103330,0,0,0.0,stratified_80_20
103331,0,0,0.0,stratified_80_20
103333,0,0,0.0,stratified_80_20
103339,0,0,0.0,stratified_80_20
103346,0,0,0.0,stratified_80_20
103347,0,0,0.0,stratified_80_20
103348,0,0,0.0,stratified_80_20
103362,0,0,0.0,stratified_80_20
103363,0,0,0.0,stratified_80_20
103371,0,0,0.0,stratified_80_20
103374,0,0,0.0,stratified_80_20
103376,0,0,0.0,stratified_80_20
103379,0,0,0.0,stratified_80_20
103382,0,0,0.0,stratified_80_20
103388,0,0,0.0,stratified_80_20
103392,0,0,0.0,stratified_80_20
103401,0,0,0.0,stratified_80_20
103409,0,0,0.0,stratified_80_20
103410,0,0,0.0,stratified_80_20
103414,0,0,0.0,stratified_80_20
103418,0,0,0.0,stratified_80_20
103422,0,0,0.0,stratified_80_20
103438,0,0,0.0,stratified_80_20
103440,0,0,0.0,stratified_80_20
103443,0,0,0.0,stratified_80_20
103444,0,0,0.0,stratified_80_20
103448,0,0,0.0,stratified_80_20
103455,0,0,0.0,stratified_80_20
103462,0,0,0.0,stratified_80_20
103468,0,0,0.0,stratified_80_20
103492,0,0,0.0,stratified_80_20
103502,0,0,0.0,stratified_80_20
103504,0,0,0.0,stratified_80_20
103506,0,0,0.0,stratified_80_20
103509,0,0,0.0,stratified_80_20
103529,0,0,0.0,stratified_80_20
103534,0,0,0.0,stratified_80_20
103544,0,0,0.0,stratified_80_20
103547,0,0,0.0,stratified_80_20
103548,0,0,0.0,stratified_80_20
103566,0,0,0.0,stratified_80_20
103573,0,0,0.0,stratified_80_20
103578,0,0,0.0,stratified_80_20
103580,0,0,0.0,stratified_80_20
103590,0,0,0.0,stratified_80_20
103591,0,0,0.0,stratified_80_20
103606,0,0,0.0,stratified_80_20
103609,0,0,0.0,stratified_80_20
103614,0,0,0.0,stratified_80_20
103635,0,0,0.0,stratified_80_20
103655,0,0,0.0,stratified_80_20
103657,0,0,0.0,stratified_80_20
103660,0,0,0.0,stratified_80_20
103661,0,0,0.0,stratified_80_20
103662,0,0,0.0,stratified_80_20
103663,0,0,0.0,stratified_80_20
103664,0,0,0.0,stratified_80_20
103670,0,0,0.0,stratified_80_20
103673,0,0,0.0,stratified_80_20
103675,0,0,0.0,stratified_80_20
103677,0,0,0.0,stratified_80_20
103681,0,0,0.0,stratified_80_20
103686,0,0,0.0,stratified_80_20
103687,0,0,0.0,stratified_80_20
103689,0,0,0.0,stratified_80_20
103690,0,0,0.0,stratified_80_20
103693,0,0,0.0,stratified_80_20
103697,0,0,0.0,stratified_80_20
103702,0,0,0.0,stratified_80_20
103704,0,0,0.0,stratified_80_20
103705,0,0,0.0,stratified_80_20
103718,0,0,0.0,stratified_80_20
103725,0,0,0.0,stratified_80_20
103729,0,0,0.0,stratified_80_20
103744,0,0,0.0,stratified_80_20
103748,0,0,0.0,stratified_80_20
103761,0,0,0.0,stratified_80_20
103762,0,0,0.0,stratified_80_20
103764,0,0,0.0,stratified_80_20
103775,0,0,0.0,stratified_80_20
103777,0,0,0.0,stratified_80_20
103782,0,0,0.0,stratified_80_20
103785,0,0,0.0,stratified_80_20
103788,0,0,0.0,stratified_80_20
103794,0,0,0.0,stratified_80_20
103795,0,0,0.0,stratified_80_20
103812,0,0,0.0,stratified_80_20
103816,0,0,0.0,stratified_80_20
103820,0,0,0.0,stratified_80_20
103825,0,0,0.0,stratified_80_20
103826,0,0,0.0,stratified_80_20
103839,0,0,0.0,stratified_80_20
103844,0,0,0.0,stratified_80_20
103847,0,0,0.0,stratified_80_20
103850,0,0,0.0,stratified_80_20
103852,0,0,0.0,stratified_80_20
103853,0,0,0.0,stratified_80_20
103864,0,0,0.0,stratified_80_20
103866,0,0,0.0,stratified_80_20
103869,0,0,0.0,stratified_80_20
103871,0,0,0.0,stratified_80_20
103876,0,0,0.0,stratified_80_20
103895,0,0,0.0,stratified_80_20
103897,0,0,0.0,stratified_80_20
103908,0,0,0.0,stratified_80_20
103912,0,0,0.0,stratified_80_20
103913,0,0,0.0,stratified_80_20
103918,0,0,0.0,stratified_80_20
103925,0,0,0.0,stratified_80_20
103936,0,0,0.0,stratified_80_20
103939,0,0,0.0,stratified_80_20
103941,0,0,0.0,stratified_80_20
103947,0,0,0.0,stratified_80_20
103949,0,0,0.0,stratified_80_20
103956,0,0,0.0,stratified_80_20
103965,0,0,0.0,stratified_80_20
103966,0,0,0.0,stratified_80_20
103986,0,0,0.0,stratified_80_20
103994,0,0,0.0,stratified_80_20
104003,0,0,0.0,stratified_80_20
104005,0,0,0.0,stratified_80_20
104007,0,0,0.0,stratified_80_20
104013,0,0,0.0,stratified_80_20
104018,0,0,0.0,stratified_80_20
104023,0,0,0.0,stratified_80_20
104027,0,0,0.0,stratified_80_20
104028,0,0,0.0,stratified_80_20
104030,0,0,0.0,stratified_80_20
104032,0,0,0.0,stratified_80_20
104036,0,0,0.0,stratified_80_20
104043,0,0,0.0,stratified_80_20
104056,0,0,0.0,stratified_80_20
104059,0,0,0.0,stratified_80_20
104060,0,0,0.0,stratified_80_20
104071,0,0,0.0,stratified_80_20
104076,0,0,0.0,stratified_80_20
104079,0,0,0.0,stratified_80_20
104085,0,0,0.0,stratified_80_20
104086,0,0,0.0,stratified_80_20
104095,0,0,0.0,stratified_80_20
104100,0,0,0.0,stratified_80_20
104118,0,0,0.0,stratified_80_20
104119,0,0,0.0,stratified_80_20
104123,0,0,0.0,stratified_80_20
104124,0,0,0.0,stratified_80_20
104131,0,0,0.0,stratified_80_20
104133,0,0,0.0,stratified_80_20
104135,0,0,0.0,stratified_80_20
104151,0,0,0.0,stratified_80_20
104160,0,0,0.0,stratified_80_20
104162,0,0,0.0,stratified_80_20
104182,0,0,0.0,stratified_80_20
104186,0,0,0.0,stratified_80_20
104187,0,0,0.0,stratified_80_20
104188,0,0,0.0,stratified_80_20
104189,0,0,0.0,stratified_80_20
104195,0,0,0.0,stratified_80_20
104203,0,0,0.0,stratified_80_20
104206,0,0,0.0,stratified_80_20
104207,0,0,0.0,stratified_80_20
104208,0,0,0.0,stratified_80_20
104212,0,0,0.0,stratified_80_20
104216,0,0,0.0,stratified_80_20
104217,0,0,0.0,stratified_80_20
104224,0,0,0.0,stratified_80_20
104233,0,0,0.0,stratified_80_20
104238,0,0,0.0,stratified_80_20
104240,0,0,0.0,stratified_80_20
104242,0,0,0.0,stratified_80_20
104245,0,0,0.0,stratified_80_20
104260,0,0,0.0,stratified_80_20
104269,0,0,0.0,stratified_80_20
104270,0,0,0.0,stratified_80_20
104275,0,0,0.0,stratified_80_20
104290,0,0,0.0,stratified_80_20
104308,0,0,0.0,stratified_80_20
104314,0,0,0.0,stratified_80_20
104315,0,0,0.0,stratified_80_20
104317,0,0,0.0,stratified_80_20
104320,0,0,0.0,stratified_80_20
104323,0,0,0.0,stratified_80_20
104332,0,0,0.0,stratified_80_20
104335,0,0,0.0,stratified_80_20
104338,0,0,0.0,stratified_80_20
104340,0,0,0.0,stratified_80_20
104342,0,0,0.0,stratified_80_20
104344,0,0,0.0,stratified_80_20
104346,0,0,0.0,stratified_80_20
104354,0,0,0.0,stratified_80_20
104359,0,0,0.0,stratified_80_20
104361,0,0,0.0,stratified_80_20
104362,0,0,0.0,stratified_80_20
104363,0,0,0.0,stratified_80_20
104364,0,0,0.0,stratified_80_20
104365,0,0,0.0,stratified_80_20
104366,0,0,0.0,stratified_80_20
104367,0,0,0.0,stratified_80_20
104369,0,0,0.0,stratified_80_20
104374,0,0,0.0,stratified_80_20
104381,0,0,0.0,stratified_80_20
104382,0,0,0.0,stratified_80_20
104391,0,0,0.0,stratified_80_20
104396,0,0,0.0,stratified_80_20
104397,0,0,0.0,stratified_80_20
104400,0,0,0.0,stratified_80_20
104401,0,0,0.0,stratified_80_20
104403,0,0,0.0,stratified_80_20
104407,0,0,0.0,stratified_80_20
104410,0,0,0.0,stratified_80_20
104414,0,0,0.0,stratified_80_20
104426,0,0,0.0,stratified_80_20
104436,0,0,0.0,stratified_80_20
104440,0,0,0.0,stratified_80_20
104443,0,0,0.0,stratified_80_20
104445,0,0,0.0,stratified_80_20
104449,0,0,0.0,stratified_80_20
104455,0,0,0.0,stratified_80_20
104457,0,0,0.0,stratified_80_20
104460,0,0,0.0,stratified_80_20
104463,0,0,0.0,stratified_80_20
104469,0,0,0.0,stratified_80_20
104472,0,0,0.0,stratified_80_20
104478,0,0,0.0,stratified_80_20
104484,0,0,0.0,stratified_80_20
104487,0,0,0.0,stratified_80_20
104494,0,0,0.0,stratified_80_20
104495,0,0,0.0,stratified_80_20
104502,0,0,0.0,stratified_80_20
104506,0,0,0.0,stratified_80_20
104519,0,0,0.0,stratified_80_20
104526,0,0,0.0,stratified_80_20
104527,0,0,0.0,stratified_80_20
104536,0,0,0.0,stratified_80_20
104537,0,0,0.0,stratified_80_20
104547,0,0,0.0,stratified_80_20
104549,0,0,0.0,stratified_80_20
104552,0,0,0.0,stratified_80_20
104553,0,0,0.0,stratified_80_20
104555,0,0,0.0,stratified_80_20
104556,0,0,0.0,stratified_80_20
104575,0,0,0.0,stratified_80_20
104578,0,0,0.0,stratified_80_20
104579,0,0,0.0,stratified_80_20
104582,0,0,0.0,stratified_80_20
104583,0,0,0.0,stratified_80_20
104596,0,0,0.0,stratified_80_20
104601,0,0,0.0,stratified_80_20
104605,0,0,0.0,stratified_80_20
104606,0,0,0.0,stratified_80_20
104607,0,0,0.0,stratified_80_20
104610,0,0,0.0,stratified_80_20
104627,0,0,0.0,stratified_80_20
104629,0,0,0.0,stratified_80_20
104635,0,0,0.0,stratified_80_20
104636,0,0,0.0,stratified_80_20
104649,0,0,0.0,stratified_80_20
104661,0,0,0.0,stratified_80_20
104664,0,0,0.0,stratified_80_20
104665,0,0,0.0,stratified_80_20
104670,0,0,0.0,stratified_80_20
104676,0,0,0.0,stratified_80_20
104677,0,0,0.0,stratified_80_20
104693,0,0,0.0,stratified_80_20
104695,0,0,0.0,stratified_80_20
104699,0,0,0.0,stratified_80_20
104704,0,0,0.0,stratified_80_20
104708,0,0,0.0,stratified_80_20
104712,0,0,0.0,stratified_80_20
104720,0,0,0.0,stratified_80_20
104723,0,0,0.0,stratified_80_20
104725,0,0,0.0,stratified_80_20
104727,0,0,0.0,stratified_80_20
104736,0,0,0.0,stratified_80_20
104745,0,0,0.0,stratified_80_20
104761,0,0,0.0,stratified_80_20
104764,0,0,0.0,stratified_80_20
104767,0,0,0.0,stratified_80_20
104775,0,0,0.0,stratified_80_20
104777,0,0,0.0,stratified_80_20
104778,0,0,0.0,stratified_80_20
104782,0,0,0.0,stratified_80_20
104783,0,0,0.0,stratified_80_20
104789,0,0,0.0,stratified_80_20
104798,0,0,0.0,stratified_80_20
104801,0,0,0.0,stratified_80_20
104802,0,0,0.0,stratified_80_20
104807,0,0,0.0,stratified_80_20
104808,0,0,0.0,stratified_80_20
104810,0,0,0.0,stratified_80_20
104832,0,0,0.0,stratified_80_20
104835,0,0,0.0,stratified_80_20
104837,0,0,0.0,stratified_80_20
104839,0,0,0.0,stratified_80_20
104857,0,0,0.0,stratified_80_20
104859,0,0,0.0,stratified_80_20
104861,0,0,0.0,stratified_80_20
104863,0,0,0.0,stratified_80_20
104869,0,0,0.0,stratified_80_20
104870,0,0,0.0,stratified_80_20
104871,0,0,0.0,stratified_80_20
104872,0,0,0.0,stratified_80_20
104873,0,0,0.0,stratified_80_20
104879,0,0,0.0,stratified_80_20
104883,0,0,0.0,stratified_80_20
104893,0,0,0.0,stratified_80_20
104906,0,0,0.0,stratified_80_20
104913,0,0,0.0,stratified_80_20
104925,0,0,0.0,stratified_80_20
104930,0,0,0.0,stratified_80_20
104936,0,0,0.0,stratified_80_20
104940,0,0,0.0,stratified_80_20
104949,0,0,0.0,stratified_80_20
104955,0,0,0.0,stratified_80_20
104957,0,0,0.0,stratified_80_20
104960,0,0,0.0,stratified_80_20
104963,0,0,0.0,stratified_80_20
104964,0,0,0.0,stratified_80_20
104966,0,0,0.0,stratified_80_20
104967,0,0,0.0,stratified_80_20
104972,0,0,0.0,stratified_80_20
104976,0,0,0.0,stratified_80_20
104984,0,0,0.0,stratified_80_20
104987,0,0,0.0,stratified_80_20
104988,0,0,0.0,stratified_80_20
104989,0,0,0.0,stratified_80_20
104991,0,0,0.0,stratified_80_20
104993,0,0,0.0,stratified_80_20
104999,0,0,0.0,stratified_80_20
105004,0,0,0.0,stratified_80_20
105011,0,0,0.0,stratified_80_20
105014,0,0,0.0,stratified_80_20
105016,0,0,0.0,stratified_80_20
105021,0,0,0.0,stratified_80_20
105025,0,0,0.0,stratified_80_20
105027,0,0,0.0,stratified_80_20
105033,0,0,0.0,stratified_80_20
105044,0,0,0.0,stratified_80_20
105045,0,0,0.0,stratified_80_20
105049,0,0,0.0,stratified_80_20
105050,0,0,0.0,stratified_80_20
105055,0,0,0.0,stratified_80_20
105056,0,0,0.0,stratified_80_20
105057,0,0,0.0,stratified_80_20
105059,0,0,0.0,stratified_80_20
105064,0,0,0.0,stratified_80_20
105093,0,0,0.0,stratified_80_20
105100,0,0,0.0,stratified_80_20
105102,0,0,0.0,stratified_80_20
105114,0,0,0.0,stratified_80_20
105131,0,0,0.0,stratified_80_20
105133,0,0,0.0,stratified_80_20
105136,0,0,0.0,stratified_80_20
105137,0,0,0.0,stratified_80_20
105143,0,0,0.0,stratified_80_20
105153,0,0,0.0,stratified_80_20
105156,0,0,0.0,stratified_80_20
105171,0,0,0.0,stratified_80_20
105173,0,0,0.0,stratified_80_20
105175,0,0,0.0,stratified_80_20
105180,0,0,0.0,stratified_80_20
105181,0,0,0.0,stratified_80_20
105186,0,0,0.0,stratified_80_20
105189,0,0,0.0,stratified_80_20
105191,0,0,0.0,stratified_80_20
105214,0,0,0.0,stratified_80_20
105219,0,0,0.0,stratified_80_20
105226,0,0,0.0,stratified_80_20
105229,0,0,0.0,stratified_80_20
105230,0,0,0.0,stratified_80_20
105234,0,0,0.0,stratified_80_20
105237,0,0,0.0,stratified_80_20
105243,0,0,0.0,stratified_80_20
105244,0,0,0.0,stratified_80_20
105261,0,0,0.0,stratified_80_20
105265,0,0,0.0,stratified_80_20
105267,0,0,0.0,stratified_80_20
105268,0,0,0.0,stratified_80_20
105269,0,0,0.0,stratified_80_20
105270,0,0,0.0,stratified_80_20
105275,0,0,0.0,stratified_80_20
105276,0,0,0.0,stratified_80_20
105286,0,0,0.0,stratified_80_20
105304,0,0,0.0,stratified_80_20
105313,0,0,0.0,stratified_80_20
105319,0,0,0.0,stratified_80_20
105320,1,1,1.0,stratified_80_20
105322,1,1,1.0,stratified_80_20
105325,1,1,1.0,stratified_80_20
105328,0,0,0.0,stratified_80_20
105333,1,1,1.0,stratified_80_20
105340,0,0,0.0,stratified_80_20
105344,0,0,0.0,stratified_80_20
105353,0,0,0.0,stratified_80_20
105355,0,0,0.0,stratified_80_20
105357,0,0,0.0,stratified_80_20
105360,0,0,0.0,stratified_80_20
105367,0,0,0.0,stratified_80_20
105369,0,0,0.0,stratified_80_20
105370,0,0,0.0,stratified_80_20
105378,0,0,0.0,stratified_80_20
105381,0,0,0.0,stratified_80_20
105386,0,0,0.0,stratified_80_20
105387,0,0,0.0,stratified_80_20
105390,0,0,0.0,stratified_80_20
105391,0,0,0.0,stratified_80_20
105408,0,0,0.0,stratified_80_20
105410,0,0,0.0,stratified_80_20
105412,0,0,0.0,stratified_80_20
105419,0,0,0.0,stratified_80_20
105422,0,0,0.0,stratified_80_20
105424,0,0,0.0,stratified_80_20
105427,0,0,0.0,stratified_80_20
105434,0,0,0.0,stratified_80_20
105437,0,0,0.0,stratified_80_20
105441,0,0,0.0,stratified_80_20
105443,0,0,0.0,stratified_80_20
105444,0,0,0.0,stratified_80_20
105468,0,0,0.0,stratified_80_20
105469,0,0,0.0,stratified_80_20
105471,0,0,0.0,stratified_80_20
105474,0,0,0.0,stratified_80_20
105482,0,0,0.0,stratified_80_20
105485,0,0,0.0,stratified_80_20
105491,0,0,0.0,stratified_80_20
105494,0,0,0.0,stratified_80_20
105496,0,0,0.0,stratified_80_20
105501,0,0,0.0,stratified_80_20
105504,0,0,0.0,stratified_80_20
105509,0,0,0.0,stratified_80_20
105510,0,0,0.0,stratified_80_20
105512,0,0,0.0,stratified_80_20
105515,0,0,0.0,stratified_80_20
105516,0,0,0.0,stratified_80_20
105520,0,0,0.0,stratified_80_20
105526,0,0,0.0,stratified_80_20
105527,0,0,0.0,stratified_80_20
105536,0,0,0.0,stratified_80_20
105540,0,0,0.0,stratified_80_20
105546,0,0,0.0,stratified_80_20
105553,0,0,0.0,stratified_80_20
105560,0,0,0.0,stratified_80_20
105563,0,0,0.0,stratified_80_20
105566,0,0,0.0,stratified_80_20
105570,0,0,0.0,stratified_80_20
105578,0,0,0.0,stratified_80_20
105579,0,0,0.0,stratified_80_20
105582,0,0,0.0,stratified_80_20
105583,0,0,0.0,stratified_80_20
105587,0,0,0.0,stratified_80_20
105589,0,0,0.0,stratified_80_20
105591,0,0,0.0,stratified_80_20
105592,0,0,0.0,stratified_80_20
105594,0,0,0.0,stratified_80_20
105600,0,0,0.0,stratified_80_20
105601,0,0,0.0,stratified_80_20
105606,0,0,0.0,stratified_80_20
105609,0,0,0.0,stratified_80_20
105611,0,0,0.0,stratified_80_20
105617,0,0,0.0,stratified_80_20
105639,0,0,0.0,stratified_80_20
105643,0,0,0.0,stratified_80_20
105645,0,0,0.0,stratified_80_20
105661,0,0,0.0,stratified_80_20
105666,0,0,0.0,stratified_80_20
105674,0,0,0.0,stratified_80_20
105684,0,0,0.0,stratified_80_20
105687,0,0,0.0,stratified_80_20
105693,0,0,0.0,stratified_80_20
105696,0,0,0.0,stratified_80_20
105704,0,0,0.0,stratified_80_20
105708,0,0,0.0,stratified_80_20
105709,0,0,0.0,stratified_80_20
105722,0,0,0.0,stratified_80_20
105725,0,0,0.0,stratified_80_20
105727,0,0,0.0,stratified_80_20
105739,0,0,0.0,stratified_80_20
105754,0,0,0.0,stratified_80_20
105755,0,0,0.0,stratified_80_20
105757,0,0,0.0,stratified_80_20
105760,0,0,0.0,stratified_80_20
105765,0,0,0.0,stratified_80_20
105766,0,0,0.0,stratified_80_20
105771,0,0,0.0,stratified_80_20
105772,0,0,0.0,stratified_80_20
105783,0,0,0.0,stratified_80_20
105790,0,0,0.0,stratified_80_20
105795,0,0,0.0,stratified_80_20
105798,0,0,0.0,stratified_80_20
105801,0,0,0.0,stratified_80_20
105805,0,0,0.0,stratified_80_20
105810,0,0,0.0,stratified_80_20
105811,0,0,0.0,stratified_80_20
105812,0,0,0.0,stratified_80_20
105813,0,0,0.0,stratified_80_20
105817,0,0,0.0,stratified_80_20
105821,0,0,0.0,stratified_80_20
105828,0,0,0.0,stratified_80_20
105839,0,0,0.0,stratified_80_20
105841,0,0,0.0,stratified_80_20
105842,0,0,0.0,stratified_80_20
105845,0,0,0.0,stratified_80_20
105854,0,0,0.0,stratified_80_20
105860,0,0,0.0,stratified_80_20
105880,0,0,0.0,stratified_80_20
105882,0,0,0.0,stratified_80_20
105892,0,0,0.0,stratified_80_20
105897,0,0,0.0,stratified_80_20
105898,0,0,0.0,stratified_80_20
105899,0,0,0.0,stratified_80_20
105900,0,0,0.0,stratified_80_20
105903,0,0,0.0,stratified_80_20
105907,0,0,0.0,stratified_80_20
105911,0,0,0.0,stratified_80_20
105920,0,0,0.0,stratified_80_20
105931,0,0,0.0,stratified_80_20
105936,0,0,0.0,stratified_80_20
105937,0,0,0.0,stratified_80_20
105938,0,0,0.0,stratified_80_20
105949,0,0,0.0,stratified_80_20
105958,0,0,0.0,stratified_80_20
105960,0,0,0.0,stratified_80_20
105972,0,0,0.0,stratified_80_20
105977,0,0,0.0,stratified_80_20
105980,0,0,0.0,stratified_80_20
105982,0,0,0.0,stratified_80_20
105983,0,0,0.0,stratified_80_20
105994,0,0,0.0,stratified_80_20
106006,1,1,1.0,stratified_80_20
106008,0,0,0.0,stratified_80_20
106015,0,0,0.0,stratified_80_20
106020,0,0,0.0,stratified_80_20
106026,1,1,1.0,stratified_80_20
106028,1,1,1.0,stratified_80_20
106030,1,1,1.0,stratified_80_20
106033,1,0,0.0,stratified_80_20
106034,1,0,0.0,stratified_80_20
106035,0,0,0.0,stratified_80_20
106038,0,0,0.0,stratified_80_20
106047,0,0,0.0,stratified_80_20
106058,0,0,0.0,stratified_80_20
106063,0,0,0.0,stratified_80_20
106066,0,0,0.0,stratified_80_20
106068,0,0,0.0,stratified_80_20
106074,0,0,0.0,stratified_80_20
106079,0,0,0.0,stratified_80_20
106082,0,0,0.0,stratified_80_20
106089,0,0,0.0,stratified_80_20
106094,0,0,0.0,stratified_80_20
106096,0,0,0.0,stratified_80_20
106099,0,0,0.0,stratified_80_20
106102,0,0,0.0,stratified_80_20
106107,0,0,0.0,stratified_80_20
106116,0,0,0.0,stratified_80_20
106117,0,0,0.0,stratified_80_20
106119,0,0,0.0,stratified_80_20
106132,0,0,0.0,stratified_80_20
106147,0,0,0.0,stratified_80_20
106151,0,0,0.0,stratified_80_20
106152,0,0,0.0,stratified_80_20
106167,0,0,0.0,stratified_80_20
106168,0,0,0.0,stratified_80_20
106170,0,0,0.0,stratified_80_20
106172,0,0,0.0,stratified_80_20
106173,0,0,0.0,stratified_80_20
106180,0,0,0.0,stratified_80_20
106189,0,0,0.0,stratified_80_20
106194,0,0,0.0,stratified_80_20
106197,0,0,0.0,stratified_80_20
106198,0,0,0.0,stratified_80_20
106206,0,0,0.0,stratified_80_20
106211,0,0,0.0,stratified_80_20
106216,0,0,0.0,stratified_80_20
106221,0,0,0.0,stratified_80_20
106222,0,0,0.0,stratified_80_20
106230,0,0,0.0,stratified_80_20
106235,0,0,0.0,stratified_80_20
106236,0,0,0.0,stratified_80_20
106240,0,0,0.0,stratified_80_20
106242,0,0,0.0,stratified_80_20
106248,0,0,0.0,stratified_80_20
106250,0,0,0.0,stratified_80_20
106252,0,0,0.0,stratified_80_20
106254,0,0,0.0,stratified_80_20
106264,0,0,0.0,stratified_80_20
106271,0,0,0.0,stratified_80_20
106278,0,0,0.0,stratified_80_20
106279,0,0,0.0,stratified_80_20
106286,0,0,0.0,stratified_80_20
106290,0,0,0.0,stratified_80_20
106291,0,0,0.0,stratified_80_20
106299,0,0,0.0,stratified_80_20
106311,0,0,0.0,stratified_80_20
106312,0,0,0.0,stratified_80_20
106320,0,0,0.0,stratified_80_20
106330,0,0,0.0,stratified_80_20
106338,0,0,0.0,stratified_80_20
106346,0,0,0.0,stratified_80_20
106356,0,0,0.0,stratified_80_20
106357,0,0,0.0,stratified_80_20
106365,0,0,0.0,stratified_80_20
106366,0,0,0.0,stratified_80_20
106375,0,0,0.0,stratified_80_20
106382,0,0,0.0,stratified_80_20
106384,0,0,0.0,stratified_80_20
106389,0,0,0.0,stratified_80_20
106392,0,0,0.0,stratified_80_20
106393,0,0,0.0,stratified_80_20
106395,0,0,0.0,stratified_80_20
106398,0,0,0.0,stratified_80_20
106400,0,0,0.0,stratified_80_20
106406,0,0,0.0,stratified_80_20
106408,0,0,0.0,stratified_80_20
106409,0,0,0.0,stratified_80_20
106425,0,0,0.0,stratified_80_20
106429,0,0,0.0,stratified_80_20
106430,0,0,0.0,stratified_80_20
106432,0,0,0.0,stratified_80_20
106435,0,0,0.0,stratified_80_20
106436,0,0,0.0,stratified_80_20
106439,0,0,0.0,stratified_80_20
106452,0,0,0.0,stratified_80_20
106460,0,0,0.0,stratified_80_20
106464,0,0,0.0,stratified_80_20
106465,0,0,0.0,stratified_80_20
106471,0,0,0.0,stratified_80_20
106472,0,0,0.0,stratified_80_20
106474,0,0,0.0,stratified_80_20
106490,0,0,0.0,stratified_80_20
106492,0,0,0.0,stratified_80_20
106498,0,0,0.0,stratified_80_20
106509,0,0,0.0,stratified_80_20
106515,0,0,0.0,stratified_80_20
106520,0,0,0.0,stratified_80_20
106529,0,0,0.0,stratified_80_20
106538,0,0,0.0,stratified_80_20
106541,0,0,0.0,stratified_80_20
106550,0,0,0.0,stratified_80_20
106555,0,0,0.0,stratified_80_20
106557,0,0,0.0,stratified_80_20
106559,0,0,0.0,stratified_80_20
106562,0,0,0.0,stratified_80_20
106567,0,0,0.0,stratified_80_20
106576,0,0,0.0,stratified_80_20
106578,0,0,0.0,stratified_80_20
106579,0,0,0.0,stratified_80_20
106582,0,0,0.0,stratified_80_20
106584,0,0,0.0,stratified_80_20
106589,0,0,0.0,stratified_80_20
106594,0,0,0.0,stratified_80_20
106599,0,0,0.0,stratified_80_20
106600,0,0,0.0,stratified_80_20
106613,0,0,0.0,stratified_80_20
106616,0,0,0.0,stratified_80_20
106617,0,0,0.0,stratified_80_20
106623,0,0,0.0,stratified_80_20
106627,0,0,0.0,stratified_80_20
106630,0,0,0.0,stratified_80_20
106631,0,0,0.0,stratified_80_20
106632,0,1,1.0,stratified_80_20
106635,0,0,0.0,stratified_80_20
106638,0,0,0.0,stratified_80_20
106639,0,0,0.0,stratified_80_20
106641,0,0,0.0,stratified_80_20
106643,0,0,0.0,stratified_80_20
106651,0,0,0.0,stratified_80_20
106654,0,0,0.0,stratified_80_20
106656,0,0,0.0,stratified_80_20
106660,0,0,0.0,stratified_80_20
106662,0,0,0.0,stratified_80_20
106664,0,0,0.0,stratified_80_20
106674,0,0,0.0,stratified_80_20
106676,0,0,0.0,stratified_80_20
106678,0,0,0.0,stratified_80_20
106684,0,0,0.0,stratified_80_20
106695,0,0,0.0,stratified_80_20
106698,0,0,0.0,stratified_80_20
106706,0,0,0.0,stratified_80_20
106709,0,0,0.0,stratified_80_20
106712,0,0,0.0,stratified_80_20
106714,0,0,0.0,stratified_80_20
106722,0,0,0.0,stratified_80_20
106726,0,0,0.0,stratified_80_20
106728,0,0,0.0,stratified_80_20
106733,0,0,0.0,stratified_80_20
106735,0,0,0.0,stratified_80_20
106740,0,0,0.0,stratified_80_20
106743,0,0,0.0,stratified_80_20
106748,0,0,0.0,stratified_80_20
106751,0,0,0.0,stratified_80_20
106752,0,0,0.0,stratified_80_20
106756,0,0,0.0,stratified_80_20
106775,0,0,0.0,stratified_80_20
106778,0,0,0.0,stratified_80_20
106780,0,0,0.0,stratified_80_20
106789,0,0,0.0,stratified_80_20
106792,0,0,0.0,stratified_80_20
106794,0,0,0.0,stratified_80_20
106798,0,0,0.0,stratified_80_20
106801,0,0,0.0,stratified_80_20
106803,0,0,0.0,stratified_80_20
106804,0,0,0.0,stratified_80_20
106806,0,0,0.0,stratified_80_20
106818,0,0,0.0,stratified_80_20
106825,0,0,0.0,stratified_80_20
106827,0,0,0.0,stratified_80_20
106828,0,0,0.0,stratified_80_20
106830,0,0,0.0,stratified_80_20
106831,0,0,0.0,stratified_80_20
106856,0,0,0.0,stratified_80_20
106863,0,0,0.0,stratified_80_20
106867,0,0,0.0,stratified_80_20
106877,0,0,0.0,stratified_80_20
106882,0,0,0.0,stratified_80_20
106884,0,0,0.0,stratified_80_20
106887,0,0,0.0,stratified_80_20
106888,0,0,0.0,stratified_80_20
106890,0,0,0.0,stratified_80_20
106902,0,0,0.0,stratified_80_20
106904,0,0,0.0,stratified_80_20
106910,0,0,0.0,stratified_80_20
106913,0,0,0.0,stratified_80_20
106920,0,0,0.0,stratified_80_20
106926,0,0,0.0,stratified_80_20
106930,0,0,0.0,stratified_80_20
106933,0,0,0.0,stratified_80_20
106937,0,0,0.0,stratified_80_20
106940,0,0,0.0,stratified_80_20
106948,0,0,0.0,stratified_80_20
106953,0,0,0.0,stratified_80_20
106957,0,0,0.0,stratified_80_20
106965,0,0,0.0,stratified_80_20
106978,0,0,0.0,stratified_80_20
106980,0,0,0.0,stratified_80_20
106994,0,0,0.0,stratified_80_20
106995,0,0,0.0,stratified_80_20
106998,0,0,0.0,stratified_80_20
107004,0,0,0.0,stratified_80_20
107007,0,0,0.0,stratified_80_20
107010,0,0,0.0,stratified_80_20
107011,0,0,0.0,stratified_80_20
107017,0,0,0.0,stratified_80_20
107018,0,0,0.0,stratified_80_20
107030,0,0,0.0,stratified_80_20
107038,0,0,0.0,stratified_80_20
107039,0,0,0.0,stratified_80_20
107040,0,0,0.0,stratified_80_20
107044,0,0,0.0,stratified_80_20
107045,0,0,0.0,stratified_80_20
107048,0,0,0.0,stratified_80_20
107051,0,0,0.0,stratified_80_20
107068,0,0,0.0,stratified_80_20
107071,0,0,0.0,stratified_80_20
107077,0,0,0.0,stratified_80_20
107086,0,0,0.0,stratified_80_20
107091,0,0,0.0,stratified_80_20
107092,0,0,0.0,stratified_80_20
107094,0,0,0.0,stratified_80_20
107095,0,0,0.0,stratified_80_20
107096,0,0,0.0,stratified_80_20
107112,0,0,0.0,stratified_80_20
107113,0,0,0.0,stratified_80_20
107117,0,0,0.0,stratified_80_20
107119,0,0,0.0,stratified_80_20
107124,0,0,0.0,stratified_80_20
107127,0,0,0.0,stratified_80_20
107130,0,0,0.0,stratified_80_20
107136,0,0,0.0,stratified_80_20
107138,0,0,0.0,stratified_80_20
107139,0,0,0.0,stratified_80_20
107142,0,0,0.0,stratified_80_20
107144,0,0,0.0,stratified_80_20
107153,0,0,0.0,stratified_80_20
107161,0,0,0.0,stratified_80_20
107168,0,0,0.0,stratified_80_20
107173,0,0,0.0,stratified_80_20
107174,0,0,0.0,stratified_80_20
107176,0,0,0.0,stratified_80_20
107177,0,0,0.0,stratified_80_20
107178,0,0,0.0,stratified_80_20
107180,0,0,0.0,stratified_80_20
107181,0,0,0.0,stratified_80_20
107190,0,0,0.0,stratified_80_20
107193,0,0,0.0,stratified_80_20
107194,0,0,0.0,stratified_80_20
107199,0,0,0.0,stratified_80_20
107207,0,0,0.0,stratified_80_20
107209,0,0,0.0,stratified_80_20
107216,0,0,0.0,stratified_80_20
107228,0,0,0.0,stratified_80_20
107229,0,0,0.0,stratified_80_20
107231,0,0,0.0,stratified_80_20
107235,0,0,0.0,stratified_80_20
107244,0,0,0.0,stratified_80_20
107245,0,0,0.0,stratified_80_20
107246,0,0,0.0,stratified_80_20
107252,0,0,0.0,stratified_80_20
107264,0,0,0.0,stratified_80_20
107265,0,0,0.0,stratified_80_20
107266,0,0,0.0,stratified_80_20
107270,0,0,0.0,stratified_80_20
107274,0,0,0.0,stratified_80_20
107277,0,0,0.0,stratified_80_20
107278,0,0,0.0,stratified_80_20
107285,0,0,0.0,stratified_80_20
107296,0,0,0.0,stratified_80_20
107307,0,0,0.0,stratified_80_20
107310,0,0,0.0,stratified_80_20
107319,0,0,0.0,stratified_80_20
107320,0,0,0.0,stratified_80_20
107330,0,0,0.0,stratified_80_20
107335,0,0,0.0,stratified_80_20
107336,0,0,0.0,stratified_80_20
107343,0,0,0.0,stratified_80_20
107347,0,0,0.0,stratified_80_20
107348,0,0,0.0,stratified_80_20
107349,0,0,0.0,stratified_80_20
107361,0,0,0.0,stratified_80_20
107377,0,0,0.0,stratified_80_20
107379,0,0,0.0,stratified_80_20
107393,0,0,0.0,stratified_80_20
107395,0,0,0.0,stratified_80_20
107401,0,0,0.0,stratified_80_20
107404,0,0,0.0,stratified_80_20
107407,0,0,0.0,stratified_80_20
107415,0,0,0.0,stratified_80_20
107418,0,0,0.0,stratified_80_20
107420,0,0,0.0,stratified_80_20
107423,0,0,0.0,stratified_80_20
107427,0,0,0.0,stratified_80_20
107438,0,0,0.0,stratified_80_20
107449,0,0,0.0,stratified_80_20
107468,0,0,0.0,stratified_80_20
107476,0,0,0.0,stratified_80_20
107481,0,0,0.0,stratified_80_20
107484,0,0,0.0,stratified_80_20
107487,0,0,0.0,stratified_80_20
107491,0,0,0.0,stratified_80_20
107499,0,0,0.0,stratified_80_20
107501,0,0,0.0,stratified_80_20
107509,0,0,0.0,stratified_80_20
107513,0,0,0.0,stratified_80_20
107522,0,0,0.0,stratified_80_20
107532,0,0,0.0,stratified_80_20
107535,0,0,0.0,stratified_80_20
107537,0,0,0.0,stratified_80_20
107539,0,0,0.0,stratified_80_20
107543,0,0,0.0,stratified_80_20
107550,0,0,0.0,stratified_80_20
107553,0,0,0.0,stratified_80_20
107556,0,0,0.0,stratified_80_20
107559,0,0,0.0,stratified_80_20
107560,0,0,0.0,stratified_80_20
107565,0,0,0.0,stratified_80_20
107572,0,0,0.0,stratified_80_20
107574,0,0,0.0,stratified_80_20
107576,0,0,0.0,stratified_80_20
107582,0,0,0.0,stratified_80_20
107584,0,0,0.0,stratified_80_20
107597,0,0,0.0,stratified_80_20
107598,0,0,0.0,stratified_80_20
107600,0,0,0.0,stratified_80_20
107606,0,0,0.0,stratified_80_20
107608,0,0,0.0,stratified_80_20
107609,0,0,0.0,stratified_80_20
107612,0,0,0.0,stratified_80_20
107613,0,0,0.0,stratified_80_20
107619,0,0,0.0,stratified_80_20
107620,0,0,0.0,stratified_80_20
107622,0,0,0.0,stratified_80_20
107624,0,0,0.0,stratified_80_20
107627,0,0,0.0,stratified_80_20
107629,0,0,0.0,stratified_80_20
107635,0,0,0.0,stratified_80_20
107649,0,0,0.0,stratified_80_20
107661,0,0,0.0,stratified_80_20
107663,0,0,0.0,stratified_80_20
107667,0,0,0.0,stratified_80_20
107669,0,0,0.0,stratified_80_20
107670,0,0,0.0,stratified_80_20
107671,0,0,0.0,stratified_80_20
107672,0,0,0.0,stratified_80_20
107673,0,0,0.0,stratified_80_20
107676,0,0,0.0,stratified_80_20
107686,0,0,0.0,stratified_80_20
107697,0,0,0.0,stratified_80_20
107701,0,0,0.0,stratified_80_20
107706,0,0,0.0,stratified_80_20
107707,0,0,0.0,stratified_80_20
107716,0,0,0.0,stratified_80_20
107719,0,0,0.0,stratified_80_20
107720,0,0,0.0,stratified_80_20
107727,0,0,0.0,stratified_80_20
107731,0,0,0.0,stratified_80_20
107742,0,0,0.0,stratified_80_20
107750,0,0,0.0,stratified_80_20
107751,0,0,0.0,stratified_80_20
107756,0,0,0.0,stratified_80_20
107765,0,0,0.0,stratified_80_20
107767,0,0,0.0,stratified_80_20
107768,0,0,0.0,stratified_80_20
107769,0,0,0.0,stratified_80_20
107772,0,0,0.0,stratified_80_20
107782,0,0,0.0,stratified_80_20
107785,0,0,0.0,stratified_80_20
107786,0,0,0.0,stratified_80_20
107787,0,0,0.0,stratified_80_20
107792,0,0,0.0,stratified_80_20
107793,0,0,0.0,stratified_80_20
107796,0,0,0.0,stratified_80_20
107797,0,0,0.0,stratified_80_20
107799,0,0,0.0,stratified_80_20
107803,0,0,0.0,stratified_80_20
107805,0,0,0.0,stratified_80_20
107806,0,0,0.0,stratified_80_20
107808,0,0,0.0,stratified_80_20
107814,0,0,0.0,stratified_80_20
107818,0,0,0.0,stratified_80_20
107821,0,0,0.0,stratified_80_20
107826,0,0,0.0,stratified_80_20
107833,0,0,0.0,stratified_80_20
107848,0,0,0.0,stratified_80_20
107858,0,0,0.0,stratified_80_20
107863,0,0,0.0,stratified_80_20
107867,0,0,0.0,stratified_80_20
107873,0,0,0.0,stratified_80_20
107875,0,0,0.0,stratified_80_20
107877,0,0,0.0,stratified_80_20
107899,0,0,0.0,stratified_80_20
107907,0,0,0.0,stratified_80_20
107910,1,1,1.0,stratified_80_20
107918,1,1,1.0,stratified_80_20
107923,0,0,0.0,stratified_80_20
107929,0,0,0.0,stratified_80_20
107932,0,0,0.0,stratified_80_20
107937,0,0,0.0,stratified_80_20
107939,0,0,0.0,stratified_80_20
107940,0,0,0.0,stratified_80_20
107942,0,0,0.0,stratified_80_20
107944,1,1,1.0,stratified_80_20
107958,1,1,1.0,stratified_80_20
107962,0,0,0.0,stratified_80_20
107964,0,0,0.0,stratified_80_20
107967,0,0,0.0,stratified_80_20
107973,0,0,0.0,stratified_80_20
107975,0,0,0.0,stratified_80_20
107976,0,0,0.0,stratified_80_20
107981,1,1,1.0,stratified_80_20
107983,0,0,0.0,stratified_80_20
107984,1,1,1.0,stratified_80_20
107989,1,1,1.0,stratified_80_20
107992,0,0,0.0,stratified_80_20
107995,0,0,0.0,stratified_80_20
107998,0,0,0.0,stratified_80_20
108016,0,0,0.0,stratified_80_20
108022,0,0,0.0,stratified_80_20
108030,0,0,0.0,stratified_80_20
108032,0,0,0.0,stratified_80_20
108034,0,0,0.0,stratified_80_20
108036,0,0,0.0,stratified_80_20
108042,1,1,1.0,stratified_80_20
108047,1,1,1.0,stratified_80_20
108048,0,0,0.0,stratified_80_20
108049,1,1,1.0,stratified_80_20
108056,1,1,1.0,stratified_80_20
108058,0,0,0.0,stratified_80_20
108059,0,0,0.0,stratified_80_20
108068,0,0,0.0,stratified_80_20
108070,0,0,0.0,stratified_80_20
108087,0,0,0.0,stratified_80_20
108089,0,0,0.0,stratified_80_20
108090,0,0,0.0,stratified_80_20
108092,0,0,0.0,stratified_80_20
108095,0,0,0.0,stratified_80_20
108103,1,1,1.0,stratified_80_20
108106,0,0,0.0,stratified_80_20
108114,0,0,0.0,stratified_80_20
108116,0,0,0.0,stratified_80_20
108119,0,0,0.0,stratified_80_20
108122,0,0,0.0,stratified_80_20
108124,0,0,0.0,stratified_80_20
108144,0,0,0.0,stratified_80_20
108145,0,0,0.0,stratified_80_20
108149,0,0,0.0,stratified_80_20
108154,0,0,0.0,stratified_80_20
108158,0,0,0.0,stratified_80_20
108165,0,0,0.0,stratified_80_20
108167,0,0,0.0,stratified_80_20
108168,0,0,0.0,stratified_80_20
108172,0,0,0.0,stratified_80_20
108179,0,0,0.0,stratified_80_20
108183,0,0,0.0,stratified_80_20
108184,0,0,0.0,stratified_80_20
108186,0,0,0.0,stratified_80_20
108192,0,0,0.0,stratified_80_20
108194,0,0,0.0,stratified_80_20
108204,0,0,0.0,stratified_80_20
108210,0,0,0.0,stratified_80_20
108214,0,0,0.0,stratified_80_20
108217,0,0,0.0,stratified_80_20
108221,0,0,0.0,stratified_80_20
108226,0,0,0.0,stratified_80_20
108227,0,0,0.0,stratified_80_20
108228,0,0,0.0,stratified_80_20
108231,0,0,0.0,stratified_80_20
108232,0,0,0.0,stratified_80_20
108236,0,0,0.0,stratified_80_20
108239,0,0,0.0,stratified_80_20
108242,0,0,0.0,stratified_80_20
108247,0,0,0.0,stratified_80_20
108254,0,0,0.0,stratified_80_20
108255,0,0,0.0,stratified_80_20
108259,0,0,0.0,stratified_80_20
108261,0,0,0.0,stratified_80_20
108263,0,0,0.0,stratified_80_20
108267,0,0,0.0,stratified_80_20
108271,0,0,0.0,stratified_80_20
108272,0,0,0.0,stratified_80_20
108278,0,0,0.0,stratified_80_20
108298,0,0,0.0,stratified_80_20
108300,0,0,0.0,stratified_80_20
108302,0,0,0.0,stratified_80_20
108304,0,0,0.0,stratified_80_20
108305,0,0,0.0,stratified_80_20
108308,0,0,0.0,stratified_80_20
108315,0,0,0.0,stratified_80_20
108325,0,0,0.0,stratified_80_20
108328,0,0,0.0,stratified_80_20
108329,0,0,0.0,stratified_80_20
108336,0,0,0.0,stratified_80_20
108338,0,0,0.0,stratified_80_20
108339,0,0,0.0,stratified_80_20
108343,0,0,0.0,stratified_80_20
108351,0,0,0.0,stratified_80_20
108352,0,0,0.0,stratified_80_20
108353,0,0,0.0,stratified_80_20
108357,0,0,0.0,stratified_80_20
108359,0,0,0.0,stratified_80_20
108364,0,0,0.0,stratified_80_20
108368,0,0,0.0,stratified_80_20
108370,0,0,0.0,stratified_80_20
108377,0,0,0.0,stratified_80_20
108394,0,0,0.0,stratified_80_20
108402,0,0,0.0,stratified_80_20
108407,0,0,0.0,stratified_80_20
108409,0,0,0.0,stratified_80_20
108410,0,0,0.0,stratified_80_20
108413,0,0,0.0,stratified_80_20
108418,0,0,0.0,stratified_80_20
108419,0,0,0.0,stratified_80_20
108420,0,0,0.0,stratified_80_20
108431,0,0,0.0,stratified_80_20
108432,0,0,0.0,stratified_80_20
108433,0,0,0.0,stratified_80_20
108435,0,0,0.0,stratified_80_20
108437,0,0,0.0,stratified_80_20
108438,0,0,0.0,stratified_80_20
108443,0,0,0.0,stratified_80_20
108448,0,0,0.0,stratified_80_20
108450,0,0,0.0,stratified_80_20
108462,0,0,0.0,stratified_80_20
108465,0,0,0.0,stratified_80_20
108472,0,0,0.0,stratified_80_20
108473,0,0,0.0,stratified_80_20
108475,0,0,0.0,stratified_80_20
108480,0,0,0.0,stratified_80_20
108492,0,0,0.0,stratified_80_20
108493,0,0,0.0,stratified_80_20
108498,0,0,0.0,stratified_80_20
108510,0,0,0.0,stratified_80_20
108519,0,0,0.0,stratified_80_20
108546,0,0,0.0,stratified_80_20
108556,0,0,0.0,stratified_80_20
108558,0,0,0.0,stratified_80_20
108575,0,0,0.0,stratified_80_20
108588,0,0,0.0,stratified_80_20
108597,0,0,0.0,stratified_80_20
108607,0,0,0.0,stratified_80_20
108612,0,0,0.0,stratified_80_20
108616,0,0,0.0,stratified_80_20
108624,0,0,0.0,stratified_80_20
108630,0,0,0.0,stratified_80_20
108636,0,0,0.0,stratified_80_20
108638,0,0,0.0,stratified_80_20
108642,0,0,0.0,stratified_80_20
108648,0,0,0.0,stratified_80_20
108650,0,0,0.0,stratified_80_20
108652,0,0,0.0,stratified_80_20
108661,0,0,0.0,stratified_80_20
108666,0,0,0.0,stratified_80_20
108676,0,0,0.0,stratified_80_20
108677,0,0,0.0,stratified_80_20
108684,0,0,0.0,stratified_80_20
108686,0,0,0.0,stratified_80_20
108695,0,0,0.0,stratified_80_20
108696,0,0,0.0,stratified_80_20
108701,0,0,0.0,stratified_80_20
108704,0,0,0.0,stratified_80_20
108708,0,0,0.0,stratified_80_20
108710,0,0,0.0,stratified_80_20
108720,0,0,0.0,stratified_80_20
108721,0,0,0.0,stratified_80_20
108723,0,0,0.0,stratified_80_20
108726,0,0,0.0,stratified_80_20
108733,0,0,0.0,stratified_80_20
108735,0,0,0.0,stratified_80_20
108736,0,0,0.0,stratified_80_20
108740,0,0,0.0,stratified_80_20
108750,0,0,0.0,stratified_80_20
108752,0,0,0.0,stratified_80_20
108758,0,0,0.0,stratified_80_20
108768,0,0,0.0,stratified_80_20
108771,0,0,0.0,stratified_80_20
108772,0,0,0.0,stratified_80_20
108777,0,0,0.0,stratified_80_20
108782,0,0,0.0,stratified_80_20
108783,0,0,0.0,stratified_80_20
108790,0,0,0.0,stratified_80_20
108793,0,0,0.0,stratified_80_20
108799,0,0,0.0,stratified_80_20
108804,0,0,0.0,stratified_80_20
108805,0,0,0.0,stratified_80_20
108810,0,0,0.0,stratified_80_20
108821,0,0,0.0,stratified_80_20
108823,0,0,0.0,stratified_80_20
108826,0,0,0.0,stratified_80_20
108829,0,0,0.0,stratified_80_20
108848,0,0,0.0,stratified_80_20
108853,0,0,0.0,stratified_80_20
108859,0,0,0.0,stratified_80_20
108870,0,0,0.0,stratified_80_20
108883,0,0,0.0,stratified_80_20
108888,0,0,0.0,stratified_80_20
108890,0,0,0.0,stratified_80_20
108891,0,0,0.0,stratified_80_20
108895,0,0,0.0,stratified_80_20
108896,0,0,0.0,stratified_80_20
108902,0,0,0.0,stratified_80_20
108905,0,0,0.0,stratified_80_20
108911,0,0,0.0,stratified_80_20
108917,0,0,0.0,stratified_80_20
108918,0,0,0.0,stratified_80_20
108919,0,0,0.0,stratified_80_20
108932,0,0,0.0,stratified_80_20
108936,0,0,0.0,stratified_80_20
108940,0,0,0.0,stratified_80_20
108942,0,0,0.0,stratified_80_20
108947,0,0,0.0,stratified_80_20
108949,0,0,0.0,stratified_80_20
108951,0,0,0.0,stratified_80_20
108954,0,0,0.0,stratified_80_20
108955,0,0,0.0,stratified_80_20
108958,0,0,0.0,stratified_80_20
108976,0,0,0.0,stratified_80_20
108989,0,0,0.0,stratified_80_20
108990,0,0,0.0,stratified_80_20
109002,0,0,0.0,stratified_80_20
109004,0,0,0.0,stratified_80_20
109007,0,0,0.0,stratified_80_20
109014,0,0,0.0,stratified_80_20
109017,0,0,0.0,stratified_80_20
109023,0,0,0.0,stratified_80_20
109026,0,0,0.0,stratified_80_20
109032,0,0,0.0,stratified_80_20
109033,0,0,0.0,stratified_80_20
109036,0,0,0.0,stratified_80_20
109038,0,0,0.0,stratified_80_20
109039,0,0,0.0,stratified_80_20
109043,0,0,0.0,stratified_80_20
109046,0,0,0.0,stratified_80_20
109056,0,0,0.0,stratified_80_20
109058,0,0,0.0,stratified_80_20
109060,0,0,0.0,stratified_80_20
109061,0,0,0.0,stratified_80_20
109064,0,0,0.0,stratified_80_20
109067,0,0,0.0,stratified_80_20
109070,0,0,0.0,stratified_80_20
109081,0,0,0.0,stratified_80_20
109085,0,0,0.0,stratified_80_20
109087,0,0,0.0,stratified_80_20
109104,0,0,0.0,stratified_80_20
109133,0,0,0.0,stratified_80_20
109136,0,0,0.0,stratified_80_20
109147,0,0,0.0,stratified_80_20
109152,0,0,0.0,stratified_80_20
109159,0,0,0.0,stratified_80_20
109178,0,0,0.0,stratified_80_20
109181,0,0,0.0,stratified_80_20
109182,0,0,0.0,stratified_80_20
109184,0,0,0.0,stratified_80_20
109193,0,0,0.0,stratified_80_20
109195,0,0,0.0,stratified_80_20
109197,0,0,0.0,stratified_80_20
109213,0,0,0.0,stratified_80_20
109224,0,0,0.0,stratified_80_20
109230,0,0,0.0,stratified_80_20
109233,0,0,0.0,stratified_80_20
109240,0,0,0.0,stratified_80_20
109241,0,0,0.0,stratified_80_20
109255,0,0,0.0,stratified_80_20
109256,0,0,0.0,stratified_80_20
109263,0,0,0.0,stratified_80_20
109264,0,0,0.0,stratified_80_20
109268,0,0,0.0,stratified_80_20
109275,0,0,0.0,stratified_80_20
109281,0,0,0.0,stratified_80_20
109282,0,0,0.0,stratified_80_20
109290,0,0,0.0,stratified_80_20
109300,0,0,0.0,stratified_80_20
109313,0,0,0.0,stratified_80_20
109318,0,0,0.0,stratified_80_20
109330,0,0,0.0,stratified_80_20
109335,0,0,0.0,stratified_80_20
109345,0,0,0.0,stratified_80_20
109352,0,0,0.0,stratified_80_20
109356,0,0,0.0,stratified_80_20
109358,0,0,0.0,stratified_80_20
109362,0,0,0.0,stratified_80_20
109371,0,0,0.0,stratified_80_20
109372,0,0,0.0,stratified_80_20
109374,0,0,0.0,stratified_80_20
109375,0,0,0.0,stratified_80_20
109376,0,0,0.0,stratified_80_20
109380,0,0,0.0,stratified_80_20
109388,0,0,0.0,stratified_80_20
109389,0,0,0.0,stratified_80_20
109398,0,0,0.0,stratified_80_20
109407,0,0,0.0,stratified_80_20
109410,0,0,0.0,stratified_80_20
109419,0,0,0.0,stratified_80_20
109424,0,0,0.0,stratified_80_20
109426,0,0,0.0,stratified_80_20
109429,0,0,0.0,stratified_80_20
109435,0,0,0.0,stratified_80_20
109446,0,0,0.0,stratified_80_20
109449,0,0,0.0,stratified_80_20
109450,0,0,0.0,stratified_80_20
109454,0,0,0.0,stratified_80_20
109462,0,0,0.0,stratified_80_20
109471,0,0,0.0,stratified_80_20
109481,0,0,0.0,stratified_80_20
109488,0,0,0.0,stratified_80_20
109489,0,0,0.0,stratified_80_20
109490,0,0,0.0,stratified_80_20
109491,0,0,0.0,stratified_80_20
109500,0,0,0.0,stratified_80_20
109502,0,0,0.0,stratified_80_20
109508,0,0,0.0,stratified_80_20
109513,0,0,0.0,stratified_80_20
109522,0,0,0.0,stratified_80_20
109525,0,0,0.0,stratified_80_20
109527,0,0,0.0,stratified_80_20
109534,0,0,0.0,stratified_80_20
109542,0,0,0.0,stratified_80_20
109547,0,0,0.0,stratified_80_20
109549,0,0,0.0,stratified_80_20
109551,0,0,0.0,stratified_80_20
109555,0,0,0.0,stratified_80_20
109567,0,0,0.0,stratified_80_20
109578,0,0,0.0,stratified_80_20
109581,0,0,0.0,stratified_80_20
109586,0,0,0.0,stratified_80_20
109590,0,0,0.0,stratified_80_20
109603,0,0,0.0,stratified_80_20
109605,0,0,0.0,stratified_80_20
109609,0,0,0.0,stratified_80_20
109624,0,0,0.0,stratified_80_20
109625,0,0,0.0,stratified_80_20
109626,0,0,0.0,stratified_80_20
109634,0,0,0.0,stratified_80_20
109639,0,0,0.0,stratified_80_20
109647,0,0,0.0,stratified_80_20
109649,0,0,0.0,stratified_80_20
109652,0,0,0.0,stratified_80_20
109655,0,0,0.0,stratified_80_20
109660,0,0,0.0,stratified_80_20
109661,0,0,0.0,stratified_80_20
109667,0,0,0.0,stratified_80_20
109673,0,0,0.0,stratified_80_20
109677,0,0,0.0,stratified_80_20
109688,0,0,0.0,stratified_80_20
109693,0,0,0.0,stratified_80_20
109698,0,0,0.0,stratified_80_20
109709,0,0,0.0,stratified_80_20
109710,0,0,0.0,stratified_80_20
109711,0,0,0.0,stratified_80_20
109718,0,0,0.0,stratified_80_20
109721,0,0,0.0,stratified_80_20
109722,0,0,0.0,stratified_80_20
109725,0,0,0.0,stratified_80_20
109732,0,0,0.0,stratified_80_20
109734,0,0,0.0,stratified_80_20
109738,1,1,1.0,stratified_80_20
109739,0,0,0.0,stratified_80_20
109743,0,0,0.0,stratified_80_20
109744,0,0,0.0,stratified_80_20
109746,0,0,0.0,stratified_80_20
109753,0,0,0.0,stratified_80_20
109754,0,0,0.0,stratified_80_20
109756,0,0,0.0,stratified_80_20
109759,0,0,0.0,stratified_80_20
109763,0,0,0.0,stratified_80_20
109764,0,0,0.0,stratified_80_20
109769,0,0,0.0,stratified_80_20
109779,0,0,0.0,stratified_80_20
109785,0,0,0.0,stratified_80_20
109787,0,0,0.0,stratified_80_20
109797,0,0,0.0,stratified_80_20
109801,0,0,0.0,stratified_80_20
109802,0,0,0.0,stratified_80_20
109809,0,0,0.0,stratified_80_20
109818,0,0,0.0,stratified_80_20
109825,0,0,0.0,stratified_80_20
109835,0,0,0.0,stratified_80_20
109836,0,0,0.0,stratified_80_20
109839,0,0,0.0,stratified_80_20
109844,0,0,0.0,stratified_80_20
109854,0,0,0.0,stratified_80_20
109858,0,0,0.0,stratified_80_20
109860,0,0,0.0,stratified_80_20
109861,0,0,0.0,stratified_80_20
109863,0,0,0.0,stratified_80_20
109864,0,0,0.0,stratified_80_20
109877,0,0,0.0,stratified_80_20
109879,0,0,0.0,stratified_80_20
109882,0,0,0.0,stratified_80_20
109885,0,0,0.0,stratified_80_20
109886,0,0,0.0,stratified_80_20
109890,0,0,0.0,stratified_80_20
109894,0,0,0.0,stratified_80_20
109899,0,0,0.0,stratified_80_20
109902,0,0,0.0,stratified_80_20
109905,0,0,0.0,stratified_80_20
109907,0,0,0.0,stratified_80_20
109908,0,0,0.0,stratified_80_20
109909,0,0,0.0,stratified_80_20
109912,0,0,0.0,stratified_80_20
109915,0,0,0.0,stratified_80_20
109916,0,0,0.0,stratified_80_20
109920,0,0,0.0,stratified_80_20
109934,1,0,0.0,stratified_80_20
109936,0,0,0.0,stratified_80_20
109937,0,0,0.0,stratified_80_20
109939,0,0,0.0,stratified_80_20
109950,0,0,0.0,stratified_80_20
109953,0,0,0.0,stratified_80_20
109956,0,0,0.0,stratified_80_20
109959,0,0,0.0,stratified_80_20
109966,0,0,0.0,stratified_80_20
109971,0,0,0.0,stratified_80_20
109977,0,0,0.0,stratified_80_20
109985,0,0,0.0,stratified_80_20
109995,0,0,0.0,stratified_80_20
110005,0,0,0.0,stratified_80_20
110006,0,0,0.0,stratified_80_20
110015,0,0,0.0,stratified_80_20
110016,0,0,0.0,stratified_80_20
110025,0,0,0.0,stratified_80_20
110027,0,0,0.0,stratified_80_20
110029,0,0,0.0,stratified_80_20
110030,0,0,0.0,stratified_80_20
110035,0,0,0.0,stratified_80_20
110036,0,0,0.0,stratified_80_20
110040,0,0,0.0,stratified_80_20
110043,0,0,0.0,stratified_80_20
110045,0,0,0.0,stratified_80_20
110046,0,0,0.0,stratified_80_20
110058,0,0,0.0,stratified_80_20
110061,0,0,0.0,stratified_80_20
110065,0,0,0.0,stratified_80_20
110099,0,0,0.0,stratified_80_20
110104,0,0,0.0,stratified_80_20
110112,0,0,0.0,stratified_80_20
110116,0,0,0.0,stratified_80_20
110125,0,0,0.0,stratified_80_20
110143,0,0,0.0,stratified_80_20
110146,0,0,0.0,stratified_80_20
110152,0,0,0.0,stratified_80_20
110155,0,0,0.0,stratified_80_20
110156,0,0,0.0,stratified_80_20
110168,0,0,0.0,stratified_80_20
110189,0,0,0.0,stratified_80_20
110192,0,0,0.0,stratified_80_20
110203,0,0,0.0,stratified_80_20
110209,0,0,0.0,stratified_80_20
110219,0,0,0.0,stratified_80_20
110220,0,0,0.0,stratified_80_20
110231,0,0,0.0,stratified_80_20
110238,0,0,0.0,stratified_80_20
110242,0,0,0.0,stratified_80_20
110245,0,0,0.0,stratified_80_20
110250,0,0,0.0,stratified_80_20
110254,0,0,0.0,stratified_80_20
110261,0,0,0.0,stratified_80_20
110264,0,0,0.0,stratified_80_20
110267,0,0,0.0,stratified_80_20
110275,0,0,0.0,stratified_80_20
110278,0,0,0.0,stratified_80_20
110279,0,0,0.0,stratified_80_20
110281,0,0,0.0,stratified_80_20
110288,0,0,0.0,stratified_80_20
110289,0,0,0.0,stratified_80_20
110292,0,0,0.0,stratified_80_20
110297,0,0,0.0,stratified_80_20
110301,0,0,0.0,stratified_80_20
110306,0,0,0.0,stratified_80_20
110309,0,0,0.0,stratified_80_20
110315,0,0,0.0,stratified_80_20
110320,0,0,0.0,stratified_80_20
110331,0,0,0.0,stratified_80_20
110336,0,0,0.0,stratified_80_20
110346,0,0,0.0,stratified_80_20
110347,0,0,0.0,stratified_80_20
110349,0,0,0.0,stratified_80_20
110352,0,0,0.0,stratified_80_20
110363,0,0,0.0,stratified_80_20
110385,0,0,0.0,stratified_80_20
110393,0,0,0.0,stratified_80_20
110397,0,0,0.0,stratified_80_20
110401,0,0,0.0,stratified_80_20
110402,0,0,0.0,stratified_80_20
110410,0,0,0.0,stratified_80_20
110416,0,0,0.0,stratified_80_20
110427,0,0,0.0,stratified_80_20
110428,0,0,0.0,stratified_80_20
110431,0,0,0.0,stratified_80_20
110438,0,0,0.0,stratified_80_20
110451,0,0,0.0,stratified_80_20
110458,0,0,0.0,stratified_80_20
110481,0,0,0.0,stratified_80_20
110482,0,0,0.0,stratified_80_20
110485,0,0,0.0,stratified_80_20
110486,0,0,0.0,stratified_80_20
110496,0,0,0.0,stratified_80_20
110505,0,0,0.0,stratified_80_20
110515,0,0,0.0,stratified_80_20
110528,0,0,0.0,stratified_80_20
110530,0,0,0.0,stratified_80_20
110531,0,0,0.0,stratified_80_20
110546,0,0,0.0,stratified_80_20
110554,0,0,0.0,stratified_80_20
110555,0,0,0.0,stratified_80_20
110559,0,0,0.0,stratified_80_20
110564,0,0,0.0,stratified_80_20
110569,0,0,0.0,stratified_80_20
110577,0,0,0.0,stratified_80_20
110583,0,0,0.0,stratified_80_20
110585,0,0,0.0,stratified_80_20
110586,0,0,0.0,stratified_80_20
110588,0,0,0.0,stratified_80_20
110593,0,0,0.0,stratified_80_20
110597,0,0,0.0,stratified_80_20
110600,0,0,0.0,stratified_80_20
110603,0,0,0.0,stratified_80_20
110622,0,0,0.0,stratified_80_20
110633,0,0,0.0,stratified_80_20
110635,0,0,0.0,stratified_80_20
110637,0,0,0.0,stratified_80_20
110639,0,0,0.0,stratified_80_20
110641,0,0,0.0,stratified_80_20
110651,0,0,0.0,stratified_80_20
110658,0,0,0.0,stratified_80_20
110660,0,0,0.0,stratified_80_20
110680,0,0,0.0,stratified_80_20
110689,0,0,0.0,stratified_80_20
110708,0,0,0.0,stratified_80_20
110711,0,0,0.0,stratified_80_20
110732,0,0,0.0,stratified_80_20
110746,0,0,0.0,stratified_80_20
110749,0,0,0.0,stratified_80_20
110751,0,0,0.0,stratified_80_20
110752,0,0,0.0,stratified_80_20
110753,0,0,0.0,stratified_80_20
110756,0,0,0.0,stratified_80_20
110761,0,0,0.0,stratified_80_20
110766,0,0,0.0,stratified_80_20
110773,0,0,0.0,stratified_80_20
110775,0,0,0.0,stratified_80_20
110776,0,0,0.0,stratified_80_20
110782,0,0,0.0,stratified_80_20
110790,0,0,0.0,stratified_80_20
110800,0,0,0.0,stratified_80_20
110805,0,0,0.0,stratified_80_20
110810,0,0,0.0,stratified_80_20
110811,0,0,0.0,stratified_80_20
110813,0,0,0.0,stratified_80_20
110819,0,0,0.0,stratified_80_20
110820,0,0,0.0,stratified_80_20
110821,0,0,0.0,stratified_80_20
110826,0,0,0.0,stratified_80_20
110827,0,0,0.0,stratified_80_20
110828,0,0,0.0,stratified_80_20
110829,0,0,0.0,stratified_80_20
110840,0,0,0.0,stratified_80_20
110848,0,0,0.0,stratified_80_20
110851,0,0,0.0,stratified_80_20
110853,0,0,0.0,stratified_80_20
110856,0,0,0.0,stratified_80_20
110862,0,0,0.0,stratified_80_20
110863,0,0,0.0,stratified_80_20
110884,0,0,0.0,stratified_80_20
110887,0,0,0.0,stratified_80_20
110888,0,0,0.0,stratified_80_20
110896,0,0,0.0,stratified_80_20
110898,0,0,0.0,stratified_80_20
110903,0,0,0.0,stratified_80_20
110906,0,0,0.0,stratified_80_20
110910,0,0,0.0,stratified_80_20
110912,0,0,0.0,stratified_80_20
110917,0,0,0.0,stratified_80_20
110926,0,0,0.0,stratified_80_20
110931,0,0,0.0,stratified_80_20
110933,0,0,0.0,stratified_80_20
110936,0,0,0.0,stratified_80_20
110937,0,0,0.0,stratified_80_20
110946,0,0,0.0,stratified_80_20
110948,0,0,0.0,stratified_80_20
110951,0,0,0.0,stratified_80_20
110956,0,0,0.0,stratified_80_20
110961,0,0,0.0,stratified_80_20
110973,0,0,0.0,stratified_80_20
110979,0,0,0.0,stratified_80_20
110990,0,0,0.0,stratified_80_20
110999,0,0,0.0,stratified_80_20
111012,0,0,0.0,stratified_80_20
111013,0,0,0.0,stratified_80_20
111018,0,0,0.0,stratified_80_20
111022,0,0,0.0,stratified_80_20
111023,0,0,0.0,stratified_80_20
111027,0,0,0.0,stratified_80_20
111031,0,0,0.0,stratified_80_20
111042,0,0,0.0,stratified_80_20
111043,0,0,0.0,stratified_80_20
111045,0,0,0.0,stratified_80_20
111047,0,0,0.0,stratified_80_20
111053,0,0,0.0,stratified_80_20
111055,0,0,0.0,stratified_80_20
111060,0,0,0.0,stratified_80_20
111082,0,0,0.0,stratified_80_20
111084,0,0,0.0,stratified_80_20
111087,0,0,0.0,stratified_80_20
111091,0,0,0.0,stratified_80_20
111097,0,0,0.0,stratified_80_20
111102,0,0,0.0,stratified_80_20
111104,0,0,0.0,stratified_80_20
111112,0,0,0.0,stratified_80_20
111114,0,0,0.0,stratified_80_20
111126,0,0,0.0,stratified_80_20
111131,0,0,0.0,stratified_80_20
111144,0,0,0.0,stratified_80_20
111147,0,0,0.0,stratified_80_20
111150,0,0,0.0,stratified_80_20
111152,0,0,0.0,stratified_80_20
111160,0,0,0.0,stratified_80_20
111162,0,0,0.0,stratified_80_20
111175,0,0,0.0,stratified_80_20
111177,0,0,0.0,stratified_80_20
111182,0,0,0.0,stratified_80_20
111184,0,0,0.0,stratified_80_20
111192,0,0,0.0,stratified_80_20
111193,0,0,0.0,stratified_80_20
111194,0,0,0.0,stratified_80_20
111195,0,0,0.0,stratified_80_20
111202,0,0,0.0,stratified_80_20
111205,0,0,0.0,stratified_80_20
111214,0,0,0.0,stratified_80_20
111223,0,0,0.0,stratified_80_20
111228,0,0,0.0,stratified_80_20
111229,0,0,0.0,stratified_80_20
111237,0,0,0.0,stratified_80_20
111242,0,0,0.0,stratified_80_20
111246,0,0,0.0,stratified_80_20
111247,0,0,0.0,stratified_80_20
111250,0,0,0.0,stratified_80_20
111253,0,0,0.0,stratified_80_20
111257,0,0,0.0,stratified_80_20
111258,0,0,0.0,stratified_80_20
111260,0,0,0.0,stratified_80_20
111262,0,0,0.0,stratified_80_20
111264,0,0,0.0,stratified_80_20
111265,0,0,0.0,stratified_80_20
111275,0,0,0.0,stratified_80_20
111277,0,0,0.0,stratified_80_20
111282,0,0,0.0,stratified_80_20
111283,0,0,0.0,stratified_80_20
111285,0,0,0.0,stratified_80_20
111293,0,0,0.0,stratified_80_20
111299,0,0,0.0,stratified_80_20
111301,0,0,0.0,stratified_80_20
111303,0,0,0.0,stratified_80_20
111306,0,0,0.0,stratified_80_20
111313,0,0,0.0,stratified_80_20
111321,0,0,0.0,stratified_80_20
111333,0,0,0.0,stratified_80_20
111339,0,0,0.0,stratified_80_20
111340,0,0,0.0,stratified_80_20
111344,0,0,0.0,stratified_80_20
111350,0,0,0.0,stratified_80_20
111358,0,0,0.0,stratified_80_20
111361,0,0,0.0,stratified_80_20
111370,0,0,0.0,stratified_80_20
111372,0,0,0.0,stratified_80_20
111374,0,0,0.0,stratified_80_20
111380,0,0,0.0,stratified_80_20
111381,0,0,0.0,stratified_80_20
111394,0,0,0.0,stratified_80_20
111395,0,0,0.0,stratified_80_20
111398,0,0,0.0,stratified_80_20
111402,0,0,0.0,stratified_80_20
111410,0,0,0.0,stratified_80_20
111413,0,0,0.0,stratified_80_20
111427,0,0,0.0,stratified_80_20
111441,0,0,0.0,stratified_80_20
111459,0,0,0.0,stratified_80_20
111466,0,0,0.0,stratified_80_20
111467,0,0,0.0,stratified_80_20
111482,0,0,0.0,stratified_80_20
111487,0,0,0.0,stratified_80_20
111490,0,0,0.0,stratified_80_20
111493,0,0,0.0,stratified_80_20
111494,0,0,0.0,stratified_80_20
111498,0,0,0.0,stratified_80_20
111505,0,0,0.0,stratified_80_20
111511,0,0,0.0,stratified_80_20
111512,0,0,0.0,stratified_80_20
111514,0,0,0.0,stratified_80_20
111515,0,0,0.0,stratified_80_20
111522,0,0,0.0,stratified_80_20
111527,0,0,0.0,stratified_80_20
111529,0,0,0.0,stratified_80_20
111533,0,0,0.0,stratified_80_20
111537,0,0,0.0,stratified_80_20
111555,0,0,0.0,stratified_80_20
111557,0,0,0.0,stratified_80_20
111565,0,0,0.0,stratified_80_20
111566,0,0,0.0,stratified_80_20
111580,0,0,0.0,stratified_80_20
111582,0,0,0.0,stratified_80_20
111589,0,0,0.0,stratified_80_20
111625,0,0,0.0,stratified_80_20
111627,0,0,0.0,stratified_80_20
111629,0,0,0.0,stratified_80_20
111634,0,0,0.0,stratified_80_20
111642,0,0,0.0,stratified_80_20
111651,0,0,0.0,stratified_80_20
111657,0,0,0.0,stratified_80_20
111659,0,0,0.0,stratified_80_20
111664,0,0,0.0,stratified_80_20
111668,0,0,0.0,stratified_80_20
111676,0,0,0.0,stratified_80_20
111693,0,0,0.0,stratified_80_20
111695,0,0,0.0,stratified_80_20
111697,0,0,0.0,stratified_80_20
111700,0,0,0.0,stratified_80_20
111705,1,1,1.0,stratified_80_20
111712,0,0,0.0,stratified_80_20
111714,0,0,0.0,stratified_80_20
111717,0,0,0.0,stratified_80_20
111719,0,0,0.0,stratified_80_20
111725,0,0,0.0,stratified_80_20
111726,0,0,0.0,stratified_80_20
111733,0,0,0.0,stratified_80_20
111741,0,0,0.0,stratified_80_20
111754,0,0,0.0,stratified_80_20
111759,0,0,0.0,stratified_80_20
111761,0,0,0.0,stratified_80_20
111768,0,0,0.0,stratified_80_20
111787,0,0,0.0,stratified_80_20
111790,0,0,0.0,stratified_80_20
111805,0,0,0.0,stratified_80_20
111806,0,0,0.0,stratified_80_20
111809,0,0,0.0,stratified_80_20
111818,0,0,0.0,stratified_80_20
111819,0,0,0.0,stratified_80_20
111821,0,0,0.0,stratified_80_20
111823,0,0,0.0,stratified_80_20
111827,0,0,0.0,stratified_80_20
111846,0,0,0.0,stratified_80_20
111849,0,0,0.0,stratified_80_20
111852,0,0,0.0,stratified_80_20
111853,0,0,0.0,stratified_80_20
111854,0,0,0.0,stratified_80_20
111855,0,0,0.0,stratified_80_20
111857,0,0,0.0,stratified_80_20
111863,0,0,0.0,stratified_80_20
111866,0,0,0.0,stratified_80_20
111867,0,0,0.0,stratified_80_20
111873,0,0,0.0,stratified_80_20
111887,0,0,0.0,stratified_80_20
111888,0,0,0.0,stratified_80_20
111892,0,0,0.0,stratified_80_20
111896,0,0,0.0,stratified_80_20
111899,0,0,0.0,stratified_80_20
111902,0,0,0.0,stratified_80_20
111903,0,0,0.0,stratified_80_20
111905,0,0,0.0,stratified_80_20
111908,0,0,0.0,stratified_80_20
111913,0,0,0.0,stratified_80_20
111914,0,0,0.0,stratified_80_20
111916,0,0,0.0,stratified_80_20
111924,0,0,0.0,stratified_80_20
111927,0,0,0.0,stratified_80_20
111934,0,0,0.0,stratified_80_20
111935,0,0,0.0,stratified_80_20
111937,0,0,0.0,stratified_80_20
111938,0,0,0.0,stratified_80_20
111945,0,0,0.0,stratified_80_20
111963,0,0,0.0,stratified_80_20
111970,0,0,0.0,stratified_80_20
111972,0,0,0.0,stratified_80_20
111973,0,0,0.0,stratified_80_20
111978,0,0,0.0,stratified_80_20
111995,0,0,0.0,stratified_80_20
111998,0,0,0.0,stratified_80_20
111999,0,0,0.0,stratified_80_20
112002,0,0,0.0,stratified_80_20
112006,0,0,0.0,stratified_80_20
112011,0,0,0.0,stratified_80_20
112015,0,0,0.0,stratified_80_20
112018,0,0,0.0,stratified_80_20
112025,0,0,0.0,stratified_80_20
112041,0,0,0.0,stratified_80_20
112043,0,0,0.0,stratified_80_20
112053,0,0,0.0,stratified_80_20
112055,0,0,0.0,stratified_80_20
112056,0,0,0.0,stratified_80_20
112063,0,0,0.0,stratified_80_20
112065,0,0,0.0,stratified_80_20
112072,0,0,0.0,stratified_80_20
112075,0,0,0.0,stratified_80_20
112079,0,0,0.0,stratified_80_20
112087,0,0,0.0,stratified_80_20
112092,0,0,0.0,stratified_80_20
112093,0,0,0.0,stratified_80_20
112094,0,0,0.0,stratified_80_20
112104,0,0,0.0,stratified_80_20
112105,0,0,0.0,stratified_80_20
112107,0,0,0.0,stratified_80_20
112120,0,0,0.0,stratified_80_20
112122,0,0,0.0,stratified_80_20
112137,0,0,0.0,stratified_80_20
112142,0,0,0.0,stratified_80_20
112143,0,0,0.0,stratified_80_20
112147,0,0,0.0,stratified_80_20
112159,0,0,0.0,stratified_80_20
112176,0,0,0.0,stratified_80_20
112199,0,0,0.0,stratified_80_20
112203,0,0,0.0,stratified_80_20
112205,0,0,0.0,stratified_80_20
112209,0,0,0.0,stratified_80_20
112215,0,0,0.0,stratified_80_20
112223,0,0,0.0,stratified_80_20
112224,0,0,0.0,stratified_80_20
112230,0,0,0.0,stratified_80_20
112235,0,0,0.0,stratified_80_20
112240,0,0,0.0,stratified_80_20
112246,0,0,0.0,stratified_80_20
112247,0,0,0.0,stratified_80_20
112253,0,0,0.0,stratified_80_20
112257,0,0,0.0,stratified_80_20
112262,0,0,0.0,stratified_80_20
112263,0,0,0.0,stratified_80_20
112266,0,0,0.0,stratified_80_20
112273,0,0,0.0,stratified_80_20
112274,0,0,0.0,stratified_80_20
112276,0,0,0.0,stratified_80_20
112283,0,0,0.0,stratified_80_20
112285,0,0,0.0,stratified_80_20
112295,0,0,0.0,stratified_80_20
112299,0,0,0.0,stratified_80_20
112301,0,0,0.0,stratified_80_20
112305,0,0,0.0,stratified_80_20
112311,0,0,0.0,stratified_80_20
112314,0,0,0.0,stratified_80_20
112316,0,0,0.0,stratified_80_20
112317,0,0,0.0,stratified_80_20
112330,0,0,0.0,stratified_80_20
112331,0,0,0.0,stratified_80_20
112332,0,0,0.0,stratified_80_20
112334,0,0,0.0,stratified_80_20
112336,0,0,0.0,stratified_80_20
112341,0,0,0.0,stratified_80_20
112352,0,0,0.0,stratified_80_20
112356,0,0,0.0,stratified_80_20
112368,0,0,0.0,stratified_80_20
112369,0,0,0.0,stratified_80_20
112387,0,0,0.0,stratified_80_20
112389,0,0,0.0,stratified_80_20
112391,0,0,0.0,stratified_80_20
112392,0,0,0.0,stratified_80_20
112395,0,0,0.0,stratified_80_20
112401,0,0,0.0,stratified_80_20
112411,0,0,0.0,stratified_80_20
112414,0,0,0.0,stratified_80_20
112421,0,0,0.0,stratified_80_20
112423,0,0,0.0,stratified_80_20
112430,0,0,0.0,stratified_80_20
112439,0,0,0.0,stratified_80_20
112447,0,0,0.0,stratified_80_20
112469,0,0,0.0,stratified_80_20
112470,0,0,0.0,stratified_80_20
112471,0,0,0.0,stratified_80_20
112473,0,0,0.0,stratified_80_20
112475,0,0,0.0,stratified_80_20
112481,0,0,0.0,stratified_80_20
112482,0,0,0.0,stratified_80_20
112485,0,0,0.0,stratified_80_20
112494,0,0,0.0,stratified_80_20
112495,0,0,0.0,stratified_80_20
112506,0,0,0.0,stratified_80_20
112509,0,0,0.0,stratified_80_20
112510,0,0,0.0,stratified_80_20
112518,0,0,0.0,stratified_80_20
112520,0,0,0.0,stratified_80_20
112525,0,0,0.0,stratified_80_20
112529,0,0,0.0,stratified_80_20
112532,0,0,0.0,stratified_80_20
112547,0,0,0.0,stratified_80_20
112555,0,0,0.0,stratified_80_20
112557,0,0,0.0,stratified_80_20
112559,0,0,0.0,stratified_80_20
112563,0,0,0.0,stratified_80_20
112569,0,0,0.0,stratified_80_20
112572,0,0,0.0,stratified_80_20
112584,0,0,0.0,stratified_80_20
112587,0,0,0.0,stratified_80_20
112588,0,0,0.0,stratified_80_20
112594,0,0,0.0,stratified_80_20
112596,0,0,0.0,stratified_80_20
112599,0,0,0.0,stratified_80_20
112606,0,0,0.0,stratified_80_20
112612,0,0,0.0,stratified_80_20
112620,0,0,0.0,stratified_80_20
112621,0,0,0.0,stratified_80_20
112622,0,0,0.0,stratified_80_20
112624,0,0,0.0,stratified_80_20
112625,0,0,0.0,stratified_80_20
112637,0,0,0.0,stratified_80_20
112642,0,0,0.0,stratified_80_20
112643,0,0,0.0,stratified_80_20
112644,0,0,0.0,stratified_80_20
112648,0,0,0.0,stratified_80_20
112649,0,0,0.0,stratified_80_20
112653,0,0,0.0,stratified_80_20
112656,0,0,0.0,stratified_80_20
112657,0,0,0.0,stratified_80_20
112658,0,0,0.0,stratified_80_20
112659,0,0,0.0,stratified_80_20
112668,0,0,0.0,stratified_80_20
112671,0,0,0.0,stratified_80_20
112676,0,0,0.0,stratified_80_20
112677,0,0,0.0,stratified_80_20
112685,0,0,0.0,stratified_80_20
112688,0,0,0.0,stratified_80_20
112689,0,0,0.0,stratified_80_20
112690,0,0,0.0,stratified_80_20
112691,0,0,0.0,stratified_80_20
112694,0,0,0.0,stratified_80_20
112697,0,0,0.0,stratified_80_20
112699,0,0,0.0,stratified_80_20
112701,0,0,0.0,stratified_80_20
112702,0,0,0.0,stratified_80_20
112703,0,0,0.0,stratified_80_20
112710,0,0,0.0,stratified_80_20
112716,0,0,0.0,stratified_80_20
112717,0,0,0.0,stratified_80_20
112719,0,0,0.0,stratified_80_20
112721,0,0,0.0,stratified_80_20
112732,0,0,0.0,stratified_80_20
112738,0,0,0.0,stratified_80_20
112750,0,0,0.0,stratified_80_20
112761,0,0,0.0,stratified_80_20
112762,0,0,0.0,stratified_80_20
112771,0,0,0.0,stratified_80_20
112774,0,0,0.0,stratified_80_20
112782,0,0,0.0,stratified_80_20
112795,0,0,0.0,stratified_80_20
112800,0,0,0.0,stratified_80_20
112804,0,0,0.0,stratified_80_20
112806,0,0,0.0,stratified_80_20
112819,0,0,0.0,stratified_80_20
112826,0,0,0.0,stratified_80_20
112827,0,0,0.0,stratified_80_20
112830,0,0,0.0,stratified_80_20
112839,0,0,0.0,stratified_80_20
112854,0,0,0.0,stratified_80_20
112867,0,0,0.0,stratified_80_20
112868,0,0,0.0,stratified_80_20
112872,0,0,0.0,stratified_80_20
112876,0,0,0.0,stratified_80_20
112884,0,0,0.0,stratified_80_20
112907,0,0,0.0,stratified_80_20
112914,0,0,0.0,stratified_80_20
112915,0,0,0.0,stratified_80_20
112917,0,0,0.0,stratified_80_20
112921,0,0,0.0,stratified_80_20
112923,0,0,0.0,stratified_80_20
112924,0,0,0.0,stratified_80_20
112931,0,0,0.0,stratified_80_20
112932,0,0,0.0,stratified_80_20
112933,0,0,0.0,stratified_80_20
112943,0,0,0.0,stratified_80_20
112947,0,0,0.0,stratified_80_20
112951,0,0,0.0,stratified_80_20
112954,0,0,0.0,stratified_80_20
112955,0,0,0.0,stratified_80_20
112963,0,0,0.0,stratified_80_20
112971,0,0,0.0,stratified_80_20
112974,0,0,0.0,stratified_80_20
112986,0,0,0.0,stratified_80_20
112989,0,0,0.0,stratified_80_20
112992,0,0,0.0,stratified_80_20
112999,0,0,0.0,stratified_80_20
113003,0,0,0.0,stratified_80_20
113004,0,0,0.0,stratified_80_20
113007,0,0,0.0,stratified_80_20
113011,0,0,0.0,stratified_80_20
113012,0,0,0.0,stratified_80_20
113015,0,0,0.0,stratified_80_20
113019,0,0,0.0,stratified_80_20
113020,0,0,0.0,stratified_80_20
113022,0,0,0.0,stratified_80_20
113047,0,0,0.0,stratified_80_20
113056,0,0,0.0,stratified_80_20
113066,0,0,0.0,stratified_80_20
113083,0,0,0.0,stratified_80_20
113087,0,0,0.0,stratified_80_20
113092,0,0,0.0,stratified_80_20
113093,0,0,0.0,stratified_80_20
113094,0,0,0.0,stratified_80_20
113095,0,0,0.0,stratified_80_20
113106,0,0,0.0,stratified_80_20
113107,0,0,0.0,stratified_80_20
113112,0,0,0.0,stratified_80_20
113113,0,0,0.0,stratified_80_20
113131,0,0,0.0,stratified_80_20
113141,0,0,0.0,stratified_80_20
113142,0,0,0.0,stratified_80_20
113150,0,0,0.0,stratified_80_20
113152,0,0,0.0,stratified_80_20
113163,0,0,0.0,stratified_80_20
113170,0,0,0.0,stratified_80_20
113181,0,0,0.0,stratified_80_20
113184,0,0,0.0,stratified_80_20
113193,0,0,0.0,stratified_80_20
113204,0,0,0.0,stratified_80_20
113209,0,0,0.0,stratified_80_20
113211,0,0,0.0,stratified_80_20
113221,0,0,0.0,stratified_80_20
113235,0,0,0.0,stratified_80_20
113241,0,0,0.0,stratified_80_20
113247,0,0,0.0,stratified_80_20
113250,0,0,0.0,stratified_80_20
113253,0,0,0.0,stratified_80_20
113254,0,0,0.0,stratified_80_20
113260,0,0,0.0,stratified_80_20
113262,0,0,0.0,stratified_80_20
113264,0,0,0.0,stratified_80_20
113268,0,0,0.0,stratified_80_20
113271,0,0,0.0,stratified_80_20
113285,0,0,0.0,stratified_80_20
113311,0,0,0.0,stratified_80_20
113317,0,0,0.0,stratified_80_20
113323,0,0,0.0,stratified_80_20
113329,0,0,0.0,stratified_80_20
113331,0,0,0.0,stratified_80_20
113332,0,0,0.0,stratified_80_20
113333,0,0,0.0,stratified_80_20
113342,0,0,0.0,stratified_80_20
113345,0,0,0.0,stratified_80_20
113349,0,0,0.0,stratified_80_20
113350,0,0,0.0,stratified_80_20
113352,0,0,0.0,stratified_80_20
113356,0,0,0.0,stratified_80_20
113376,0,0,0.0,stratified_80_20
113377,0,0,0.0,stratified_80_20
113383,0,0,0.0,stratified_80_20
113386,0,0,0.0,stratified_80_20
113393,0,0,0.0,stratified_80_20
113400,0,0,0.0,stratified_80_20
113403,0,0,0.0,stratified_80_20
113406,0,0,0.0,stratified_80_20
113410,0,0,0.0,stratified_80_20
113420,0,0,0.0,stratified_80_20
113421,0,0,0.0,stratified_80_20
113425,0,0,0.0,stratified_80_20
113428,0,0,0.0,stratified_80_20
113429,0,0,0.0,stratified_80_20
113437,0,0,0.0,stratified_80_20
113438,0,0,0.0,stratified_80_20
113439,0,0,0.0,stratified_80_20
113446,0,0,0.0,stratified_80_20
113454,0,0,0.0,stratified_80_20
113457,0,0,0.0,stratified_80_20
113459,0,0,0.0,stratified_80_20
113460,0,0,0.0,stratified_80_20
113465,0,0,0.0,stratified_80_20
113467,0,0,0.0,stratified_80_20
113476,0,0,0.0,stratified_80_20
113478,0,0,0.0,stratified_80_20
113482,0,0,0.0,stratified_80_20
113486,0,0,0.0,stratified_80_20
113488,0,0,0.0,stratified_80_20
113496,0,0,0.0,stratified_80_20
113501,0,0,0.0,stratified_80_20
113502,0,0,0.0,stratified_80_20
113504,0,0,0.0,stratified_80_20
113510,0,0,0.0,stratified_80_20
113514,0,0,0.0,stratified_80_20
113517,0,0,0.0,stratified_80_20
113520,0,0,0.0,stratified_80_20
113523,0,0,0.0,stratified_80_20
113527,0,0,0.0,stratified_80_20
113528,0,0,0.0,stratified_80_20
113530,0,0,0.0,stratified_80_20
113546,0,0,0.0,stratified_80_20
113554,0,0,0.0,stratified_80_20
113556,0,0,0.0,stratified_80_20
113558,0,0,0.0,stratified_80_20
113560,0,0,0.0,stratified_80_20
113561,0,0,0.0,stratified_80_20
113565,0,0,0.0,stratified_80_20
113567,0,0,0.0,stratified_80_20
113571,0,0,0.0,stratified_80_20
113572,0,0,0.0,stratified_80_20
113578,0,0,0.0,stratified_80_20
113586,0,0,0.0,stratified_80_20
113596,0,0,0.0,stratified_80_20
113599,0,0,0.0,stratified_80_20
113610,0,0,0.0,stratified_80_20
113611,0,0,0.0,stratified_80_20
113614,0,0,0.0,stratified_80_20
113617,0,0,0.0,stratified_80_20
113629,0,0,0.0,stratified_80_20
113631,0,0,0.0,stratified_80_20
113634,0,0,0.0,stratified_80_20
113635,0,0,0.0,stratified_80_20
113636,0,0,0.0,stratified_80_20
113637,0,0,0.0,stratified_80_20
113640,0,0,0.0,stratified_80_20
113643,0,0,0.0,stratified_80_20
113646,0,0,0.0,stratified_80_20
113650,0,0,0.0,stratified_80_20
113652,0,0,0.0,stratified_80_20
113660,0,0,0.0,stratified_80_20
113667,0,0,0.0,stratified_80_20
113678,0,0,0.0,stratified_80_20
113689,0,0,0.0,stratified_80_20
113690,0,0,0.0,stratified_80_20
113694,0,0,0.0,stratified_80_20
113697,0,0,0.0,stratified_80_20
113700,0,0,0.0,stratified_80_20
113701,0,0,0.0,stratified_80_20
113702,0,0,0.0,stratified_80_20
113704,0,0,0.0,stratified_80_20
113709,0,0,0.0,stratified_80_20
113711,0,0,0.0,stratified_80_20
113715,0,0,0.0,stratified_80_20
113718,0,0,0.0,stratified_80_20
113721,0,0,0.0,stratified_80_20
113736,0,0,0.0,stratified_80_20
113737,0,0,0.0,stratified_80_20
113742,0,0,0.0,stratified_80_20
113744,0,0,0.0,stratified_80_20
113760,0,0,0.0,stratified_80_20
113761,1,1,1.0,stratified_80_20
113765,1,1,1.0,stratified_80_20
113767,1,1,1.0,stratified_80_20
113768,1,1,1.0,stratified_80_20
113770,0,0,0.0,stratified_80_20
113771,0,0,0.0,stratified_80_20
113776,1,1,1.0,stratified_80_20
113777,1,1,1.0,stratified_80_20
113785,0,0,0.0,stratified_80_20
113796,0,0,0.0,stratified_80_20
113797,0,0,0.0,stratified_80_20
113803,0,0,0.0,stratified_80_20
113807,0,0,0.0,stratified_80_20
113808,0,0,0.0,stratified_80_20
113809,0,0,0.0,stratified_80_20
113812,0,0,0.0,stratified_80_20
113818,0,0,0.0,stratified_80_20
113832,0,0,0.0,stratified_80_20
113833,0,0,0.0,stratified_80_20
113840,0,0,0.0,stratified_80_20
113846,0,0,0.0,stratified_80_20
113849,0,0,0.0,stratified_80_20
113852,0,0,0.0,stratified_80_20
113854,0,0,0.0,stratified_80_20
113856,0,0,0.0,stratified_80_20
113866,0,0,0.0,stratified_80_20
113867,0,0,0.0,stratified_80_20
113873,0,0,0.0,stratified_80_20
113879,0,0,0.0,stratified_80_20
113885,0,0,0.0,stratified_80_20
113887,0,0,0.0,stratified_80_20
113892,0,0,0.0,stratified_80_20
113894,0,0,0.0,stratified_80_20
113897,0,0,0.0,stratified_80_20
113900,0,0,0.0,stratified_80_20
113906,0,0,0.0,stratified_80_20
113915,0,0,0.0,stratified_80_20
113917,0,0,0.0,stratified_80_20
113926,0,0,0.0,stratified_80_20
113927,0,0,0.0,stratified_80_20
113929,0,0,0.0,stratified_80_20
113932,0,0,0.0,stratified_80_20
113948,0,0,0.0,stratified_80_20
113966,0,0,0.0,stratified_80_20
113969,0,0,0.0,stratified_80_20
113978,0,0,0.0,stratified_80_20
113984,0,0,0.0,stratified_80_20
113997,0,0,0.0,stratified_80_20
113998,0,0,0.0,stratified_80_20
113999,0,0,0.0,stratified_80_20
114004,0,0,0.0,stratified_80_20
114014,0,0,0.0,stratified_80_20
114025,0,0,0.0,stratified_80_20
114028,0,0,0.0,stratified_80_20
114030,0,0,0.0,stratified_80_20
114031,0,0,0.0,stratified_80_20
114049,0,0,0.0,stratified_80_20
114057,0,0,0.0,stratified_80_20
114066,0,0,0.0,stratified_80_20
114079,0,0,0.0,stratified_80_20
114081,0,0,0.0,stratified_80_20
114099,0,0,0.0,stratified_80_20
114101,0,0,0.0,stratified_80_20
114103,0,0,0.0,stratified_80_20
114107,0,0,0.0,stratified_80_20
114112,0,0,0.0,stratified_80_20
114118,0,0,0.0,stratified_80_20
114121,0,0,0.0,stratified_80_20
114131,0,0,0.0,stratified_80_20
114135,0,0,0.0,stratified_80_20
114137,0,0,0.0,stratified_80_20
114138,0,0,0.0,stratified_80_20
114147,0,0,0.0,stratified_80_20
114151,0,0,0.0,stratified_80_20
114154,0,0,0.0,stratified_80_20
114155,0,0,0.0,stratified_80_20
114160,0,0,0.0,stratified_80_20
114163,0,0,0.0,stratified_80_20
114164,0,0,0.0,stratified_80_20
114166,0,0,0.0,stratified_80_20
114167,0,0,0.0,stratified_80_20
114169,0,0,0.0,stratified_80_20
114173,0,0,0.0,stratified_80_20
114176,0,0,0.0,stratified_80_20
114187,0,0,0.0,stratified_80_20
114190,0,0,0.0,stratified_80_20
114196,0,0,0.0,stratified_80_20
114198,0,0,0.0,stratified_80_20
114201,0,0,0.0,stratified_80_20
114204,0,0,0.0,stratified_80_20
114208,0,0,0.0,stratified_80_20
114215,0,0,0.0,stratified_80_20
114224,0,0,0.0,stratified_80_20
114225,0,0,0.0,stratified_80_20
114230,0,0,0.0,stratified_80_20
114236,0,0,0.0,stratified_80_20
114238,0,0,0.0,stratified_80_20
114246,0,0,0.0,stratified_80_20
114249,0,0,0.0,stratified_80_20
114250,0,0,0.0,stratified_80_20
114257,0,0,0.0,stratified_80_20
114260,0,0,0.0,stratified_80_20
114262,0,0,0.0,stratified_80_20
114266,0,0,0.0,stratified_80_20
114271,0,0,0.0,stratified_80_20
114275,0,0,0.0,stratified_80_20
114278,0,0,0.0,stratified_80_20
114280,0,0,0.0,stratified_80_20
114283,0,0,0.0,stratified_80_20
114289,0,0,0.0,stratified_80_20
114291,0,0,0.0,stratified_80_20
114296,0,0,0.0,stratified_80_20
114301,0,0,0.0,stratified_80_20
114308,0,0,0.0,stratified_80_20
114317,0,0,0.0,stratified_80_20
114326,0,0,0.0,stratified_80_20
114330,0,0,0.0,stratified_80_20
114333,0,0,0.0,stratified_80_20
114335,0,0,0.0,stratified_80_20
114337,0,0,0.0,stratified_80_20
114339,0,0,0.0,stratified_80_20
114354,0,0,0.0,stratified_80_20
114361,0,0,0.0,stratified_80_20
114366,0,0,0.0,stratified_80_20
114368,0,0,0.0,stratified_80_20
114382,0,0,0.0,stratified_80_20
114386,0,0,0.0,stratified_80_20
114390,0,0,0.0,stratified_80_20
114394,0,0,0.0,stratified_80_20
114395,0,0,0.0,stratified_80_20
114396,0,0,0.0,stratified_80_20
114401,0,0,0.0,stratified_80_20
114403,0,0,0.0,stratified_80_20
114404,0,0,0.0,stratified_80_20
114408,0,0,0.0,stratified_80_20
114410,0,0,0.0,stratified_80_20
114418,0,0,0.0,stratified_80_20
114422,0,0,0.0,stratified_80_20
114425,0,0,0.0,stratified_80_20
114427,0,0,0.0,stratified_80_20
114429,0,0,0.0,stratified_80_20
114432,0,0,0.0,stratified_80_20
114436,0,0,0.0,stratified_80_20
114442,0,0,0.0,stratified_80_20
114447,0,0,0.0,stratified_80_20
114456,0,0,0.0,stratified_80_20
114457,0,0,0.0,stratified_80_20
114458,0,0,0.0,stratified_80_20
114471,0,0,0.0,stratified_80_20
114474,0,0,0.0,stratified_80_20
114475,0,0,0.0,stratified_80_20
114477,0,0,0.0,stratified_80_20
114485,0,0,0.0,stratified_80_20
114492,0,0,0.0,stratified_80_20
114493,0,0,0.0,stratified_80_20
114497,0,0,0.0,stratified_80_20
114499,0,0,0.0,stratified_80_20
114515,0,0,0.0,stratified_80_20
114516,0,0,0.0,stratified_80_20
114522,0,0,0.0,stratified_80_20
114553,0,0,0.0,stratified_80_20
114560,0,0,0.0,stratified_80_20
114563,0,0,0.0,stratified_80_20
114564,0,0,0.0,stratified_80_20
114580,0,0,0.0,stratified_80_20
114586,0,0,0.0,stratified_80_20
114590,0,0,0.0,stratified_80_20
114596,0,0,0.0,stratified_80_20
114599,0,0,0.0,stratified_80_20
114602,0,0,0.0,stratified_80_20
114611,0,0,0.0,stratified_80_20
114613,0,0,0.0,stratified_80_20
114619,0,0,0.0,stratified_80_20
114622,0,0,0.0,stratified_80_20
114627,0,0,0.0,stratified_80_20
114628,0,0,0.0,stratified_80_20
114638,0,0,0.0,stratified_80_20
114644,0,0,0.0,stratified_80_20
114653,0,0,0.0,stratified_80_20
114658,0,0,0.0,stratified_80_20
114661,0,0,0.0,stratified_80_20
114662,0,0,0.0,stratified_80_20
114667,0,0,0.0,stratified_80_20
114677,0,0,0.0,stratified_80_20
114678,0,0,0.0,stratified_80_20
114680,0,0,0.0,stratified_80_20
114692,0,0,0.0,stratified_80_20
114700,0,0,0.0,stratified_80_20
114701,0,0,0.0,stratified_80_20
114703,0,0,0.0,stratified_80_20
114705,0,0,0.0,stratified_80_20
114707,0,0,0.0,stratified_80_20
114708,0,0,0.0,stratified_80_20
114711,0,0,0.0,stratified_80_20
114722,0,0,0.0,stratified_80_20
114723,0,0,0.0,stratified_80_20
114725,0,0,0.0,stratified_80_20
114726,0,0,0.0,stratified_80_20
114739,0,0,0.0,stratified_80_20
114740,0,0,0.0,stratified_80_20
114741,0,0,0.0,stratified_80_20
114743,0,0,0.0,stratified_80_20
114745,0,0,0.0,stratified_80_20
114758,0,0,0.0,stratified_80_20
114764,0,0,0.0,stratified_80_20
114788,0,0,0.0,stratified_80_20
114790,0,0,0.0,stratified_80_20
114793,0,0,0.0,stratified_80_20
114803,0,0,0.0,stratified_80_20
114808,0,0,0.0,stratified_80_20
114810,0,0,0.0,stratified_80_20
114819,0,0,0.0,stratified_80_20
114821,0,0,0.0,stratified_80_20
114822,0,0,0.0,stratified_80_20
114831,0,0,0.0,stratified_80_20
114839,0,0,0.0,stratified_80_20
114859,0,0,0.0,stratified_80_20
114860,0,0,0.0,stratified_80_20
114865,0,0,0.0,stratified_80_20
114869,0,0,0.0,stratified_80_20
114871,0,0,0.0,stratified_80_20
114876,0,0,0.0,stratified_80_20
114877,0,0,0.0,stratified_80_20
114880,0,0,0.0,stratified_80_20
114886,0,0,0.0,stratified_80_20
114887,0,0,0.0,stratified_80_20
114888,0,0,0.0,stratified_80_20
114891,0,0,0.0,stratified_80_20
114897,0,0,0.0,stratified_80_20
114899,0,0,0.0,stratified_80_20
114900,0,0,0.0,stratified_80_20
114909,0,0,0.0,stratified_80_20
114912,0,0,0.0,stratified_80_20
114914,0,0,0.0,stratified_80_20
114916,0,0,0.0,stratified_80_20
114918,0,0,0.0,stratified_80_20
114921,0,0,0.0,stratified_80_20
114922,0,0,0.0,stratified_80_20
114927,0,0,0.0,stratified_80_20
114935,0,0,0.0,stratified_80_20
114937,0,0,0.0,stratified_80_20
114951,0,0,0.0,stratified_80_20
114952,0,0,0.0,stratified_80_20
114961,0,0,0.0,stratified_80_20
114963,0,0,0.0,stratified_80_20
114964,0,0,0.0,stratified_80_20
114977,0,0,0.0,stratified_80_20
114979,0,0,0.0,stratified_80_20
114983,0,0,0.0,stratified_80_20
114986,0,0,0.0,stratified_80_20
114988,0,0,0.0,stratified_80_20
114989,0,0,0.0,stratified_80_20
114995,0,0,0.0,stratified_80_20
115002,0,0,0.0,stratified_80_20
115003,0,0,0.0,stratified_80_20
115009,0,0,0.0,stratified_80_20
115014,0,0,0.0,stratified_80_20
115027,0,0,0.0,stratified_80_20
115028,0,0,0.0,stratified_80_20
115030,0,0,0.0,stratified_80_20
115036,0,0,0.0,stratified_80_20
115037,0,0,0.0,stratified_80_20
115039,0,0,0.0,stratified_80_20
115042,0,0,0.0,stratified_80_20
115045,0,0,0.0,stratified_80_20
115049,0,0,0.0,stratified_80_20
115078,0,0,0.0,stratified_80_20
115081,0,0,0.0,stratified_80_20
115084,0,0,0.0,stratified_80_20
115092,0,0,0.0,stratified_80_20
115097,0,0,0.0,stratified_80_20
115100,0,0,0.0,stratified_80_20
115101,0,0,0.0,stratified_80_20
115110,0,0,0.0,stratified_80_20
115113,0,0,0.0,stratified_80_20
115127,0,0,0.0,stratified_80_20
115128,0,0,0.0,stratified_80_20
115137,0,0,0.0,stratified_80_20
115142,0,0,0.0,stratified_80_20
115143,0,0,0.0,stratified_80_20
115144,0,0,0.0,stratified_80_20
115150,0,0,0.0,stratified_80_20
115153,0,0,0.0,stratified_80_20
115155,0,0,0.0,stratified_80_20
115156,0,0,0.0,stratified_80_20
115159,0,0,0.0,stratified_80_20
115167,0,0,0.0,stratified_80_20
115171,0,0,0.0,stratified_80_20
115176,0,0,0.0,stratified_80_20
115180,0,0,0.0,stratified_80_20
115186,0,0,0.0,stratified_80_20
115188,0,0,0.0,stratified_80_20
115189,0,0,0.0,stratified_80_20
115192,0,0,0.0,stratified_80_20
115212,0,0,0.0,stratified_80_20
115226,0,0,0.0,stratified_80_20
115236,0,0,0.0,stratified_80_20
115252,0,0,0.0,stratified_80_20
115257,0,0,0.0,stratified_80_20
115259,0,0,0.0,stratified_80_20
115266,0,0,0.0,stratified_80_20
115270,0,0,0.0,stratified_80_20
115271,0,0,0.0,stratified_80_20
115272,0,0,0.0,stratified_80_20
115275,0,0,0.0,stratified_80_20
115288,0,0,0.0,stratified_80_20
115289,0,0,0.0,stratified_80_20
115290,0,0,0.0,stratified_80_20
115291,0,0,0.0,stratified_80_20
115300,0,0,0.0,stratified_80_20
115304,0,0,0.0,stratified_80_20
115311,0,0,0.0,stratified_80_20
115326,0,0,0.0,stratified_80_20
115336,0,0,0.0,stratified_80_20
115338,0,0,0.0,stratified_80_20
115346,0,0,0.0,stratified_80_20
115354,0,0,0.0,stratified_80_20
115357,0,0,0.0,stratified_80_20
115358,0,0,0.0,stratified_80_20
115363,0,0,0.0,stratified_80_20
115365,0,0,0.0,stratified_80_20
115372,0,0,0.0,stratified_80_20
115373,0,0,0.0,stratified_80_20
115376,0,0,0.0,stratified_80_20
115380,0,0,0.0,stratified_80_20
115381,0,0,0.0,stratified_80_20
115400,0,0,0.0,stratified_80_20
115403,0,0,0.0,stratified_80_20
115407,0,0,0.0,stratified_80_20
115412,0,0,0.0,stratified_80_20
115413,0,0,0.0,stratified_80_20
115419,0,0,0.0,stratified_80_20
115423,0,0,0.0,stratified_80_20
115436,0,0,0.0,stratified_80_20
115437,0,0,0.0,stratified_80_20
115451,0,0,0.0,stratified_80_20
115452,0,0,0.0,stratified_80_20
115454,0,0,0.0,stratified_80_20
115455,0,0,0.0,stratified_80_20
115458,0,0,0.0,stratified_80_20
115463,0,0,0.0,stratified_80_20
115477,0,0,0.0,stratified_80_20
115494,0,0,0.0,stratified_80_20
115504,0,0,0.0,stratified_80_20
115506,0,0,0.0,stratified_80_20
115513,0,0,0.0,stratified_80_20
115515,0,0,0.0,stratified_80_20
115526,0,0,0.0,stratified_80_20
115529,0,0,0.0,stratified_80_20
115543,0,0,0.0,stratified_80_20
115544,0,0,0.0,stratified_80_20
115552,0,0,0.0,stratified_80_20
115554,0,0,0.0,stratified_80_20
115559,0,0,0.0,stratified_80_20
115561,0,0,0.0,stratified_80_20
115566,0,0,0.0,stratified_80_20
115575,0,0,0.0,stratified_80_20
115577,0,0,0.0,stratified_80_20
115581,0,0,0.0,stratified_80_20
115585,0,0,0.0,stratified_80_20
115586,0,0,0.0,stratified_80_20
115598,0,0,0.0,stratified_80_20
115599,0,0,0.0,stratified_80_20
115600,0,0,0.0,stratified_80_20
115602,0,0,0.0,stratified_80_20
115603,0,0,0.0,stratified_80_20
115604,0,0,0.0,stratified_80_20
115607,0,0,0.0,stratified_80_20
115611,0,0,0.0,stratified_80_20
115629,0,0,0.0,stratified_80_20
115632,0,0,0.0,stratified_80_20
115636,0,0,0.0,stratified_80_20
115642,0,0,0.0,stratified_80_20
115647,0,0,0.0,stratified_80_20
115651,0,0,0.0,stratified_80_20
115654,0,0,0.0,stratified_80_20
115669,0,0,0.0,stratified_80_20
115671,0,0,0.0,stratified_80_20
115672,0,0,0.0,stratified_80_20
115681,0,0,0.0,stratified_80_20
115695,0,0,0.0,stratified_80_20
115698,0,0,0.0,stratified_80_20
115703,0,0,0.0,stratified_80_20
115704,0,0,0.0,stratified_80_20
115705,0,0,0.0,stratified_80_20
115706,0,0,0.0,stratified_80_20
115719,0,0,0.0,stratified_80_20
115734,0,0,0.0,stratified_80_20
115736,0,0,0.0,stratified_80_20
115738,0,0,0.0,stratified_80_20
115745,0,0,0.0,stratified_80_20
115752,0,0,0.0,stratified_80_20
115756,0,0,0.0,stratified_80_20
115758,0,0,0.0,stratified_80_20
115769,0,0,0.0,stratified_80_20
115789,0,0,0.0,stratified_80_20
115792,0,0,0.0,stratified_80_20
115796,0,0,0.0,stratified_80_20
115801,0,0,0.0,stratified_80_20
115807,0,0,0.0,stratified_80_20
115818,0,0,0.0,stratified_80_20
115822,0,0,0.0,stratified_80_20
115831,0,0,0.0,stratified_80_20
115843,0,0,0.0,stratified_80_20
115844,0,0,0.0,stratified_80_20
115845,0,0,0.0,stratified_80_20
115853,0,0,0.0,stratified_80_20
115869,0,0,0.0,stratified_80_20
115870,0,0,0.0,stratified_80_20
115880,0,0,0.0,stratified_80_20
115882,0,0,0.0,stratified_80_20
115887,0,0,0.0,stratified_80_20
115897,0,0,0.0,stratified_80_20
115899,0,0,0.0,stratified_80_20
115900,0,0,0.0,stratified_80_20
115903,0,0,0.0,stratified_80_20
115907,0,0,0.0,stratified_80_20
115908,0,0,0.0,stratified_80_20
115910,0,0,0.0,stratified_80_20
115913,0,0,0.0,stratified_80_20
115916,0,0,0.0,stratified_80_20
115921,0,0,0.0,stratified_80_20
115931,0,0,0.0,stratified_80_20
115932,0,0,0.0,stratified_80_20
115934,0,0,0.0,stratified_80_20
115943,0,0,0.0,stratified_80_20
115944,0,0,0.0,stratified_80_20
115948,0,0,0.0,stratified_80_20
115949,0,0,0.0,stratified_80_20
115950,0,0,0.0,stratified_80_20
115961,0,0,0.0,stratified_80_20
115972,0,0,0.0,stratified_80_20
115976,0,0,0.0,stratified_80_20
115979,0,0,0.0,stratified_80_20
115984,0,0,0.0,stratified_80_20
115987,0,0,0.0,stratified_80_20
116000,0,0,0.0,stratified_80_20
116002,0,0,0.0,stratified_80_20
116006,0,0,0.0,stratified_80_20
116008,0,0,0.0,stratified_80_20
116012,0,0,0.0,stratified_80_20
116013,0,0,0.0,stratified_80_20
116019,0,0,0.0,stratified_80_20
116020,0,0,0.0,stratified_80_20
116023,0,0,0.0,stratified_80_20
116033,0,0,0.0,stratified_80_20
116034,0,0,0.0,stratified_80_20
116035,0,0,0.0,stratified_80_20
116048,0,0,0.0,stratified_80_20
116053,0,0,0.0,stratified_80_20
116062,0,0,0.0,stratified_80_20
116066,0,0,0.0,stratified_80_20
116067,0,0,0.0,stratified_80_20
116070,0,0,0.0,stratified_80_20
116082,0,0,0.0,stratified_80_20
116090,0,0,0.0,stratified_80_20
116093,0,0,0.0,stratified_80_20
116097,0,0,0.0,stratified_80_20
116099,0,0,0.0,stratified_80_20
116102,0,0,0.0,stratified_80_20
116114,0,0,0.0,stratified_80_20
116116,0,0,0.0,stratified_80_20
116125,0,0,0.0,stratified_80_20
116126,0,0,0.0,stratified_80_20
116132,0,0,0.0,stratified_80_20
116135,0,0,0.0,stratified_80_20
116142,0,0,0.0,stratified_80_20
116162,0,0,0.0,stratified_80_20
116164,0,0,0.0,stratified_80_20
116166,0,0,0.0,stratified_80_20
116169,0,0,0.0,stratified_80_20
116171,0,0,0.0,stratified_80_20
116175,0,0,0.0,stratified_80_20
116176,0,0,0.0,stratified_80_20
116179,0,0,0.0,stratified_80_20
116180,0,0,0.0,stratified_80_20
116187,0,0,0.0,stratified_80_20
116188,0,0,0.0,stratified_80_20
116194,0,0,0.0,stratified_80_20
116196,0,0,0.0,stratified_80_20
116201,0,0,0.0,stratified_80_20
116212,0,0,0.0,stratified_80_20
116213,0,0,0.0,stratified_80_20
116221,0,0,0.0,stratified_80_20
116227,0,0,0.0,stratified_80_20
116228,0,0,0.0,stratified_80_20
116229,0,0,0.0,stratified_80_20
116233,0,0,0.0,stratified_80_20
116234,0,0,0.0,stratified_80_20
116236,0,0,0.0,stratified_80_20
116243,0,0,0.0,stratified_80_20
116244,0,0,0.0,stratified_80_20
116253,0,0,0.0,stratified_80_20
116257,0,0,0.0,stratified_80_20
116259,0,0,0.0,stratified_80_20
116260,0,0,0.0,stratified_80_20
116266,0,0,0.0,stratified_80_20
116274,0,0,0.0,stratified_80_20
116278,0,0,0.0,stratified_80_20
116279,0,0,0.0,stratified_80_20
116295,0,0,0.0,stratified_80_20
116301,0,0,0.0,stratified_80_20
116302,0,0,0.0,stratified_80_20
116303,0,0,0.0,stratified_80_20
116309,0,0,0.0,stratified_80_20
116312,0,0,0.0,stratified_80_20
116314,0,0,0.0,stratified_80_20
116324,0,0,0.0,stratified_80_20
116339,0,0,0.0,stratified_80_20
116343,0,0,0.0,stratified_80_20
116348,0,0,0.0,stratified_80_20
116349,0,0,0.0,stratified_80_20
116351,0,0,0.0,stratified_80_20
116352,0,0,0.0,stratified_80_20
116355,0,0,0.0,stratified_80_20
116356,0,0,0.0,stratified_80_20
116360,0,0,0.0,stratified_80_20
116362,0,0,0.0,stratified_80_20
116364,0,0,0.0,stratified_80_20
116373,0,0,0.0,stratified_80_20
116376,0,0,0.0,stratified_80_20
116378,0,0,0.0,stratified_80_20
116380,0,0,0.0,stratified_80_20
116383,0,0,0.0,stratified_80_20
116386,0,0,0.0,stratified_80_20
116387,0,0,0.0,stratified_80_20
116388,0,0,0.0,stratified_80_20
116390,0,0,0.0,stratified_80_20
116393,0,0,0.0,stratified_80_20
116398,0,0,0.0,stratified_80_20
116405,0,0,0.0,stratified_80_20
116406,0,0,0.0,stratified_80_20
116409,0,0,0.0,stratified_80_20
116411,0,0,0.0,stratified_80_20
116426,0,0,0.0,stratified_80_20
116433,0,0,0.0,stratified_80_20
116434,0,0,0.0,stratified_80_20
116445,0,0,0.0,stratified_80_20
116448,0,0,0.0,stratified_80_20
116449,0,0,0.0,stratified_80_20
116455,0,0,0.0,stratified_80_20
116461,0,0,0.0,stratified_80_20
116462,0,0,0.0,stratified_80_20
116464,0,0,0.0,stratified_80_20
116465,0,0,0.0,stratified_80_20
116468,0,0,0.0,stratified_80_20
116472,0,0,0.0,stratified_80_20
116473,0,0,0.0,stratified_80_20
116489,0,0,0.0,stratified_80_20
116493,0,0,0.0,stratified_80_20
116496,0,0,0.0,stratified_80_20
116497,0,0,0.0,stratified_80_20
116499,0,0,0.0,stratified_80_20
116502,0,0,0.0,stratified_80_20
116512,0,0,0.0,stratified_80_20
116513,0,0,0.0,stratified_80_20
116516,0,0,0.0,stratified_80_20
116531,0,0,0.0,stratified_80_20
116532,0,0,0.0,stratified_80_20
116535,0,0,0.0,stratified_80_20
116539,0,0,0.0,stratified_80_20
116541,0,0,0.0,stratified_80_20
116542,0,0,0.0,stratified_80_20
116547,0,0,0.0,stratified_80_20
116551,0,0,0.0,stratified_80_20
116556,0,0,0.0,stratified_80_20
116566,0,0,0.0,stratified_80_20
116567,0,0,0.0,stratified_80_20
116573,0,0,0.0,stratified_80_20
116574,0,0,0.0,stratified_80_20
116577,0,0,0.0,stratified_80_20
116582,0,0,0.0,stratified_80_20
116591,0,0,0.0,stratified_80_20
116594,0,0,0.0,stratified_80_20
116605,0,0,0.0,stratified_80_20
116609,0,0,0.0,stratified_80_20
116611,0,0,0.0,stratified_80_20
116618,0,0,0.0,stratified_80_20
116628,0,0,0.0,stratified_80_20
116629,0,0,0.0,stratified_80_20
116631,0,0,0.0,stratified_80_20
116646,0,0,0.0,stratified_80_20
116647,0,0,0.0,stratified_80_20
116652,0,0,0.0,stratified_80_20
116653,0,0,0.0,stratified_80_20
116656,0,0,0.0,stratified_80_20
116669,0,0,0.0,stratified_80_20
116673,0,0,0.0,stratified_80_20
116674,0,0,0.0,stratified_80_20
116675,0,0,0.0,stratified_80_20
116678,0,0,0.0,stratified_80_20
116679,0,0,0.0,stratified_80_20
116681,0,0,0.0,stratified_80_20
116694,0,0,0.0,stratified_80_20
116697,0,0,0.0,stratified_80_20
116700,0,0,0.0,stratified_80_20
116712,0,0,0.0,stratified_80_20
116723,0,0,0.0,stratified_80_20
116734,0,0,0.0,stratified_80_20
116738,0,0,0.0,stratified_80_20
116740,0,0,0.0,stratified_80_20
116745,0,0,0.0,stratified_80_20
116746,0,0,0.0,stratified_80_20
116750,0,0,0.0,stratified_80_20
116752,0,0,0.0,stratified_80_20
116757,0,0,0.0,stratified_80_20
116760,0,0,0.0,stratified_80_20
116765,0,0,0.0,stratified_80_20
116772,0,0,0.0,stratified_80_20
116787,0,0,0.0,stratified_80_20
116790,0,0,0.0,stratified_80_20
116791,0,0,0.0,stratified_80_20
116793,0,0,0.0,stratified_80_20
116808,0,0,0.0,stratified_80_20
116809,0,0,0.0,stratified_80_20
116810,0,0,0.0,stratified_80_20
116813,0,0,0.0,stratified_80_20
116814,0,0,0.0,stratified_80_20
116821,0,0,0.0,stratified_80_20
116823,0,0,0.0,stratified_80_20
116828,0,0,0.0,stratified_80_20
116829,0,0,0.0,stratified_80_20
116831,0,0,0.0,stratified_80_20
116833,0,0,0.0,stratified_80_20
116841,0,0,0.0,stratified_80_20
116844,0,0,0.0,stratified_80_20
116847,0,0,0.0,stratified_80_20
116855,0,0,0.0,stratified_80_20
116860,0,0,0.0,stratified_80_20
116867,0,0,0.0,stratified_80_20
116868,0,0,0.0,stratified_80_20
116872,0,0,0.0,stratified_80_20
116877,0,0,0.0,stratified_80_20
116889,0,0,0.0,stratified_80_20
116895,0,0,0.0,stratified_80_20
116898,0,0,0.0,stratified_80_20
116907,0,0,0.0,stratified_80_20
116909,0,0,0.0,stratified_80_20
116913,0,0,0.0,stratified_80_20
116914,0,0,0.0,stratified_80_20
116915,0,0,0.0,stratified_80_20
116920,0,0,0.0,stratified_80_20
116921,0,0,0.0,stratified_80_20
116925,0,0,0.0,stratified_80_20
116928,0,0,0.0,stratified_80_20
116959,0,0,0.0,stratified_80_20
116965,0,0,0.0,stratified_80_20
116967,0,0,0.0,stratified_80_20
116968,0,0,0.0,stratified_80_20
116969,0,0,0.0,stratified_80_20
116974,0,0,0.0,stratified_80_20
116978,0,0,0.0,stratified_80_20
116979,0,0,0.0,stratified_80_20
116982,0,0,0.0,stratified_80_20
116983,0,0,0.0,stratified_80_20
116987,0,0,0.0,stratified_80_20
117000,0,0,0.0,stratified_80_20
117011,0,0,0.0,stratified_80_20
117012,0,0,0.0,stratified_80_20
117023,0,0,0.0,stratified_80_20
117034,0,0,0.0,stratified_80_20
117035,0,0,0.0,stratified_80_20
117037,0,0,0.0,stratified_80_20
117046,0,0,0.0,stratified_80_20
117051,0,0,0.0,stratified_80_20
117052,0,0,0.0,stratified_80_20
117056,0,0,0.0,stratified_80_20
117058,0,0,0.0,stratified_80_20
117065,0,0,0.0,stratified_80_20
117066,0,0,0.0,stratified_80_20
117070,0,0,0.0,stratified_80_20
117072,0,0,0.0,stratified_80_20
117074,0,0,0.0,stratified_80_20
117078,0,0,0.0,stratified_80_20
117083,0,0,0.0,stratified_80_20
117102,0,0,0.0,stratified_80_20
117106,0,0,0.0,stratified_80_20
117108,0,0,0.0,stratified_80_20
117109,0,0,0.0,stratified_80_20
117110,0,0,0.0,stratified_80_20
117123,0,0,0.0,stratified_80_20
117125,0,0,0.0,stratified_80_20
117126,0,0,0.0,stratified_80_20
117131,0,0,0.0,stratified_80_20
117137,0,0,0.0,stratified_80_20
117138,0,0,0.0,stratified_80_20
117142,0,0,0.0,stratified_80_20
117144,0,0,0.0,stratified_80_20
117147,0,0,0.0,stratified_80_20
117153,0,0,0.0,stratified_80_20
117159,0,0,0.0,stratified_80_20
117160,0,0,0.0,stratified_80_20
117164,0,0,0.0,stratified_80_20
117165,0,0,0.0,stratified_80_20
117178,0,0,0.0,stratified_80_20
117179,0,0,0.0,stratified_80_20
117181,0,0,0.0,stratified_80_20
117183,0,0,0.0,stratified_80_20
117184,0,0,0.0,stratified_80_20
117186,0,0,0.0,stratified_80_20
117188,0,0,0.0,stratified_80_20
117193,0,0,0.0,stratified_80_20
117198,0,0,0.0,stratified_80_20
117199,0,0,0.0,stratified_80_20
117207,0,0,0.0,stratified_80_20
117211,0,0,0.0,stratified_80_20
117212,0,0,0.0,stratified_80_20
117216,0,0,0.0,stratified_80_20
117224,0,0,0.0,stratified_80_20
117226,0,0,0.0,stratified_80_20
117227,0,0,0.0,stratified_80_20
117230,0,0,0.0,stratified_80_20
117233,0,0,0.0,stratified_80_20
117246,0,0,0.0,stratified_80_20
117253,0,0,0.0,stratified_80_20
117258,0,0,0.0,stratified_80_20
117272,0,0,0.0,stratified_80_20
117276,0,0,0.0,stratified_80_20
117282,0,0,0.0,stratified_80_20
117295,0,0,0.0,stratified_80_20
117296,0,0,0.0,stratified_80_20
117301,0,0,0.0,stratified_80_20
117310,0,0,0.0,stratified_80_20
117314,0,0,0.0,stratified_80_20
117315,0,0,0.0,stratified_80_20
117321,0,0,0.0,stratified_80_20
117324,0,0,0.0,stratified_80_20
117328,0,0,0.0,stratified_80_20
117335,0,0,0.0,stratified_80_20
117342,0,0,0.0,stratified_80_20
117347,0,0,0.0,stratified_80_20
117351,0,0,0.0,stratified_80_20
117352,0,0,0.0,stratified_80_20
117360,0,0,0.0,stratified_80_20
117364,0,0,0.0,stratified_80_20
117369,0,0,0.0,stratified_80_20
117370,0,0,0.0,stratified_80_20
117373,0,0,0.0,stratified_80_20
117377,0,0,0.0,stratified_80_20
117379,0,0,0.0,stratified_80_20
117381,0,0,0.0,stratified_80_20
117385,0,0,0.0,stratified_80_20
117397,0,0,0.0,stratified_80_20
117405,0,0,0.0,stratified_80_20
117413,0,0,0.0,stratified_80_20
117418,0,0,0.0,stratified_80_20
117420,0,0,0.0,stratified_80_20
117422,0,0,0.0,stratified_80_20
117426,0,0,0.0,stratified_80_20
117428,0,0,0.0,stratified_80_20
117430,0,0,0.0,stratified_80_20
117435,0,0,0.0,stratified_80_20
117462,0,0,0.0,stratified_80_20
117466,0,0,0.0,stratified_80_20
117473,0,0,0.0,stratified_80_20
117474,0,0,0.0,stratified_80_20
117475,0,0,0.0,stratified_80_20
117481,0,0,0.0,stratified_80_20
117486,0,0,0.0,stratified_80_20
117488,0,0,0.0,stratified_80_20
117491,0,0,0.0,stratified_80_20
117492,0,0,0.0,stratified_80_20
117493,0,0,0.0,stratified_80_20
117515,0,0,0.0,stratified_80_20
117517,0,0,0.0,stratified_80_20
117521,0,0,0.0,stratified_80_20
117524,0,0,0.0,stratified_80_20
117527,0,0,0.0,stratified_80_20
117531,0,0,0.0,stratified_80_20
117533,0,0,0.0,stratified_80_20
117546,0,0,0.0,stratified_80_20
117558,0,0,0.0,stratified_80_20
117559,0,0,0.0,stratified_80_20
117563,0,0,0.0,stratified_80_20
117567,0,0,0.0,stratified_80_20
117575,0,0,0.0,stratified_80_20
117591,0,0,0.0,stratified_80_20
117603,0,0,0.0,stratified_80_20
117604,0,0,0.0,stratified_80_20
117606,0,0,0.0,stratified_80_20
117608,0,0,0.0,stratified_80_20
117614,0,0,0.0,stratified_80_20
117617,0,0,0.0,stratified_80_20
117618,0,0,0.0,stratified_80_20
117620,0,0,0.0,stratified_80_20
117627,0,0,0.0,stratified_80_20
117628,0,0,0.0,stratified_80_20
117631,0,0,0.0,stratified_80_20
117640,0,0,0.0,stratified_80_20
117642,0,0,0.0,stratified_80_20
117643,0,0,0.0,stratified_80_20
117645,0,0,0.0,stratified_80_20
117647,0,0,0.0,stratified_80_20
117655,0,0,0.0,stratified_80_20
117656,0,0,0.0,stratified_80_20
117666,0,0,0.0,stratified_80_20
117667,0,0,0.0,stratified_80_20
117677,0,0,0.0,stratified_80_20
117680,0,0,0.0,stratified_80_20
117682,0,0,0.0,stratified_80_20
117692,0,0,0.0,stratified_80_20
117695,0,0,0.0,stratified_80_20
117697,0,0,0.0,stratified_80_20
117704,0,0,0.0,stratified_80_20
117705,0,0,0.0,stratified_80_20
117712,0,0,0.0,stratified_80_20
117719,0,0,0.0,stratified_80_20
117722,0,0,0.0,stratified_80_20
117724,0,0,0.0,stratified_80_20
117725,0,0,0.0,stratified_80_20
117727,0,0,0.0,stratified_80_20
117730,0,0,0.0,stratified_80_20
117733,0,0,0.0,stratified_80_20
117752,0,0,0.0,stratified_80_20
117755,0,0,0.0,stratified_80_20
117767,0,0,0.0,stratified_80_20
117778,0,0,0.0,stratified_80_20
117779,0,0,0.0,stratified_80_20
117782,0,0,0.0,stratified_80_20
117794,0,0,0.0,stratified_80_20
117795,0,0,0.0,stratified_80_20
117815,0,0,0.0,stratified_80_20
117818,0,0,0.0,stratified_80_20
117829,0,0,0.0,stratified_80_20
117830,0,0,0.0,stratified_80_20
117835,0,0,0.0,stratified_80_20
117838,0,0,0.0,stratified_80_20
117839,0,0,0.0,stratified_80_20
117853,0,0,0.0,stratified_80_20
117857,0,0,0.0,stratified_80_20
117858,0,0,0.0,stratified_80_20
117860,0,0,0.0,stratified_80_20
117865,0,0,0.0,stratified_80_20
117876,0,0,0.0,stratified_80_20
117882,0,0,0.0,stratified_80_20
117899,0,0,0.0,stratified_80_20
117902,0,0,0.0,stratified_80_20
117920,0,0,0.0,stratified_80_20
117933,0,0,0.0,stratified_80_20
117935,0,0,0.0,stratified_80_20
117936,0,0,0.0,stratified_80_20
117943,0,0,0.0,stratified_80_20
117955,0,0,0.0,stratified_80_20
117958,0,0,0.0,stratified_80_20
117969,0,0,0.0,stratified_80_20
117972,0,0,0.0,stratified_80_20
117976,0,0,0.0,stratified_80_20
117987,0,0,0.0,stratified_80_20
117997,0,0,0.0,stratified_80_20
117998,0,0,0.0,stratified_80_20
118005,0,0,0.0,stratified_80_20
118008,0,0,0.0,stratified_80_20
118009,0,0,0.0,stratified_80_20
118012,0,0,0.0,stratified_80_20
118019,0,0,0.0,stratified_80_20
118024,0,0,0.0,stratified_80_20
118030,0,0,0.0,stratified_80_20
118031,0,0,0.0,stratified_80_20
118033,0,0,0.0,stratified_80_20
118039,0,0,0.0,stratified_80_20
118049,0,0,0.0,stratified_80_20
118050,0,0,0.0,stratified_80_20
118062,0,0,0.0,stratified_80_20
118066,0,0,0.0,stratified_80_20
118067,0,0,0.0,stratified_80_20
118072,0,0,0.0,stratified_80_20
118073,0,0,0.0,stratified_80_20
118078,0,0,0.0,stratified_80_20
118079,0,0,0.0,stratified_80_20
118080,0,0,0.0,stratified_80_20
118089,0,0,0.0,stratified_80_20
118097,0,0,0.0,stratified_80_20
118099,0,0,0.0,stratified_80_20
118100,0,0,0.0,stratified_80_20
118101,0,0,0.0,stratified_80_20
118104,0,0,0.0,stratified_80_20
118107,0,0,0.0,stratified_80_20
118112,0,0,0.0,stratified_80_20
118116,0,0,0.0,stratified_80_20
118132,0,0,0.0,stratified_80_20
118137,0,0,0.0,stratified_80_20
118146,0,0,0.0,stratified_80_20
118150,0,0,0.0,stratified_80_20
118156,0,0,0.0,stratified_80_20
118162,0,0,0.0,stratified_80_20
118166,0,0,0.0,stratified_80_20
118168,0,0,0.0,stratified_80_20
118181,0,0,0.0,stratified_80_20
118182,0,0,0.0,stratified_80_20
118188,0,0,0.0,stratified_80_20
118192,0,0,0.0,stratified_80_20
118201,0,0,0.0,stratified_80_20
118204,0,0,0.0,stratified_80_20
118211,0,0,0.0,stratified_80_20
118223,0,0,0.0,stratified_80_20
118224,0,0,0.0,stratified_80_20
118229,0,0,0.0,stratified_80_20
118231,0,0,0.0,stratified_80_20
118235,0,0,0.0,stratified_80_20
118247,0,0,0.0,stratified_80_20
118249,0,0,0.0,stratified_80_20
118250,0,0,0.0,stratified_80_20
118255,0,0,0.0,stratified_80_20
118256,0,0,0.0,stratified_80_20
118259,0,0,0.0,stratified_80_20
118266,0,0,0.0,stratified_80_20
118275,0,0,0.0,stratified_80_20
118278,0,0,0.0,stratified_80_20
118289,0,0,0.0,stratified_80_20
118291,0,0,0.0,stratified_80_20
118300,0,0,0.0,stratified_80_20
118303,0,0,0.0,stratified_80_20
118306,0,0,0.0,stratified_80_20
118307,0,0,0.0,stratified_80_20
118309,0,0,0.0,stratified_80_20
118311,0,0,0.0,stratified_80_20
118314,0,0,0.0,stratified_80_20
118317,0,0,0.0,stratified_80_20
118318,0,0,0.0,stratified_80_20
118321,0,0,0.0,stratified_80_20
118333,0,0,0.0,stratified_80_20
118341,0,0,0.0,stratified_80_20
118350,0,0,0.0,stratified_80_20
118352,0,0,0.0,stratified_80_20
118353,0,0,0.0,stratified_80_20
118358,0,0,0.0,stratified_80_20
118359,0,0,0.0,stratified_80_20
118372,0,0,0.0,stratified_80_20
118373,0,0,0.0,stratified_80_20
118378,0,0,0.0,stratified_80_20
118387,0,0,0.0,stratified_80_20
118388,0,0,0.0,stratified_80_20
118390,0,0,0.0,stratified_80_20
118402,0,0,0.0,stratified_80_20
118407,0,0,0.0,stratified_80_20
118411,0,0,0.0,stratified_80_20
118417,0,0,0.0,stratified_80_20
118419,0,0,0.0,stratified_80_20
118422,0,0,0.0,stratified_80_20
118430,0,0,0.0,stratified_80_20
118432,0,0,0.0,stratified_80_20
118433,0,0,0.0,stratified_80_20
118437,0,0,0.0,stratified_80_20
118440,0,0,0.0,stratified_80_20
118454,0,0,0.0,stratified_80_20
118467,0,0,0.0,stratified_80_20
118468,0,0,0.0,stratified_80_20
118472,0,0,0.0,stratified_80_20
118484,0,0,0.0,stratified_80_20
118487,0,0,0.0,stratified_80_20
118488,0,0,0.0,stratified_80_20
118490,0,0,0.0,stratified_80_20
118499,0,0,0.0,stratified_80_20
118500,0,0,0.0,stratified_80_20
118502,0,0,0.0,stratified_80_20
118504,0,0,0.0,stratified_80_20
118510,0,0,0.0,stratified_80_20
118521,0,0,0.0,stratified_80_20
118528,0,0,0.0,stratified_80_20
118531,0,0,0.0,stratified_80_20
118535,0,0,0.0,stratified_80_20
118543,0,0,0.0,stratified_80_20
118545,0,0,0.0,stratified_80_20
118547,0,0,0.0,stratified_80_20
118569,0,0,0.0,stratified_80_20
118573,0,0,0.0,stratified_80_20
118581,0,0,0.0,stratified_80_20
118587,0,0,0.0,stratified_80_20
118588,0,0,0.0,stratified_80_20
118611,0,0,0.0,stratified_80_20
118617,0,0,0.0,stratified_80_20
118618,0,0,0.0,stratified_80_20
118629,0,0,0.0,stratified_80_20
118634,0,0,0.0,stratified_80_20
118641,0,0,0.0,stratified_80_20
118651,0,0,0.0,stratified_80_20
118653,0,0,0.0,stratified_80_20
118659,0,0,0.0,stratified_80_20
118660,0,0,0.0,stratified_80_20
118664,0,0,0.0,stratified_80_20
118677,0,0,0.0,stratified_80_20
118678,0,0,0.0,stratified_80_20
118679,0,0,0.0,stratified_80_20
118693,0,0,0.0,stratified_80_20
118702,0,0,0.0,stratified_80_20
118708,0,0,0.0,stratified_80_20
118716,0,0,0.0,stratified_80_20
118717,0,0,0.0,stratified_80_20
118720,0,0,0.0,stratified_80_20
118721,0,0,0.0,stratified_80_20
118722,0,0,0.0,stratified_80_20
118724,0,0,0.0,stratified_80_20
118726,0,0,0.0,stratified_80_20
118728,0,0,0.0,stratified_80_20
118731,0,0,0.0,stratified_80_20
118732,0,0,0.0,stratified_80_20
118746,0,0,0.0,stratified_80_20
118747,0,0,0.0,stratified_80_20
118758,0,0,0.0,stratified_80_20
118759,0,0,0.0,stratified_80_20
118763,0,0,0.0,stratified_80_20
118777,0,0,0.0,stratified_80_20
118779,0,0,0.0,stratified_80_20
118793,0,0,0.0,stratified_80_20
118796,0,0,0.0,stratified_80_20
118798,0,0,0.0,stratified_80_20
118800,0,0,0.0,stratified_80_20
118805,0,0,0.0,stratified_80_20
118818,0,0,0.0,stratified_80_20
118819,0,0,0.0,stratified_80_20
118820,0,0,0.0,stratified_80_20
118832,0,0,0.0,stratified_80_20
118835,0,0,0.0,stratified_80_20
118841,0,0,0.0,stratified_80_20
118842,0,0,0.0,stratified_80_20
118844,0,0,0.0,stratified_80_20
118850,0,0,0.0,stratified_80_20
118852,0,0,0.0,stratified_80_20
118854,0,0,0.0,stratified_80_20
118855,0,0,0.0,stratified_80_20
118858,0,0,0.0,stratified_80_20
118859,0,0,0.0,stratified_80_20
118860,0,0,0.0,stratified_80_20
118863,0,0,0.0,stratified_80_20
118864,0,0,0.0,stratified_80_20
118865,0,0,0.0,stratified_80_20
118869,0,0,0.0,stratified_80_20
118873,0,0,0.0,stratified_80_20
118883,0,0,0.0,stratified_80_20
118887,0,0,0.0,stratified_80_20
118890,0,0,0.0,stratified_80_20
118898,0,0,0.0,stratified_80_20
118900,0,0,0.0,stratified_80_20
118901,0,0,0.0,stratified_80_20
118905,0,0,0.0,stratified_80_20
118907,0,0,0.0,stratified_80_20
118919,0,0,0.0,stratified_80_20
118920,0,0,0.0,stratified_80_20
118922,0,0,0.0,stratified_80_20
118929,0,0,0.0,stratified_80_20
118931,0,0,0.0,stratified_80_20
118932,0,0,0.0,stratified_80_20
118942,0,0,0.0,stratified_80_20
118944,0,0,0.0,stratified_80_20
118946,0,0,0.0,stratified_80_20
118954,0,0,0.0,stratified_80_20
118961,0,0,0.0,stratified_80_20
118962,0,0,0.0,stratified_80_20
118973,0,0,0.0,stratified_80_20
118993,0,0,0.0,stratified_80_20
118998,0,0,0.0,stratified_80_20
118999,0,0,0.0,stratified_80_20
119002,0,0,0.0,stratified_80_20
119005,0,0,0.0,stratified_80_20
119007,0,0,0.0,stratified_80_20
119010,0,0,0.0,stratified_80_20
119015,0,0,0.0,stratified_80_20
119016,0,0,0.0,stratified_80_20
119017,0,0,0.0,stratified_80_20
119018,0,0,0.0,stratified_80_20
119024,0,0,0.0,stratified_80_20
119027,0,0,0.0,stratified_80_20
119028,0,0,0.0,stratified_80_20
119035,0,0,0.0,stratified_80_20
119048,0,0,0.0,stratified_80_20
119049,0,0,0.0,stratified_80_20
119056,0,0,0.0,stratified_80_20
119059,0,0,0.0,stratified_80_20
119064,0,0,0.0,stratified_80_20
119065,0,0,0.0,stratified_80_20
119068,0,0,0.0,stratified_80_20
119076,0,0,0.0,stratified_80_20
119079,0,0,0.0,stratified_80_20
119083,0,0,0.0,stratified_80_20
119086,0,0,0.0,stratified_80_20
119091,0,0,0.0,stratified_80_20
119098,0,0,0.0,stratified_80_20
119110,0,0,0.0,stratified_80_20
119117,0,0,0.0,stratified_80_20
119118,0,0,0.0,stratified_80_20
119125,0,0,0.0,stratified_80_20
119126,0,0,0.0,stratified_80_20
119130,0,0,0.0,stratified_80_20
119132,0,0,0.0,stratified_80_20
119134,0,0,0.0,stratified_80_20
119135,0,0,0.0,stratified_80_20
119140,0,0,0.0,stratified_80_20
119155,0,0,0.0,stratified_80_20
119162,0,0,0.0,stratified_80_20
119165,0,0,0.0,stratified_80_20
119169,0,0,0.0,stratified_80_20
119173,0,0,0.0,stratified_80_20
119182,0,0,0.0,stratified_80_20
119184,0,0,0.0,stratified_80_20
119186,0,0,0.0,stratified_80_20
119190,0,0,0.0,stratified_80_20
119196,0,0,0.0,stratified_80_20
119200,0,0,0.0,stratified_80_20
119219,0,0,0.0,stratified_80_20
119228,0,0,0.0,stratified_80_20
119230,0,0,0.0,stratified_80_20
119245,0,0,0.0,stratified_80_20
119255,0,0,0.0,stratified_80_20
119256,0,0,0.0,stratified_80_20
119262,0,0,0.0,stratified_80_20
119265,0,0,0.0,stratified_80_20
119267,0,0,0.0,stratified_80_20
119280,0,0,0.0,stratified_80_20
119285,0,0,0.0,stratified_80_20
119293,0,0,0.0,stratified_80_20
119296,0,0,0.0,stratified_80_20
119297,0,0,0.0,stratified_80_20
119310,0,0,0.0,stratified_80_20
119313,0,0,0.0,stratified_80_20
119323,0,0,0.0,stratified_80_20
119331,0,0,0.0,stratified_80_20
119334,0,0,0.0,stratified_80_20
119340,0,0,0.0,stratified_80_20
119341,0,0,0.0,stratified_80_20
119347,0,0,0.0,stratified_80_20
119353,0,0,0.0,stratified_80_20
119354,0,0,0.0,stratified_80_20
119355,0,0,0.0,stratified_80_20
119356,0,0,0.0,stratified_80_20
119358,0,0,0.0,stratified_80_20
119365,0,0,0.0,stratified_80_20
119367,0,0,0.0,stratified_80_20
119379,0,0,0.0,stratified_80_20
119387,0,0,0.0,stratified_80_20
119405,0,0,0.0,stratified_80_20
119409,0,0,0.0,stratified_80_20
119414,0,0,0.0,stratified_80_20
119415,0,0,0.0,stratified_80_20
119424,0,0,0.0,stratified_80_20
119428,0,0,0.0,stratified_80_20
119429,0,0,0.0,stratified_80_20
119437,0,0,0.0,stratified_80_20
119441,0,0,0.0,stratified_80_20
119443,0,0,0.0,stratified_80_20
119445,0,0,0.0,stratified_80_20
119451,0,0,0.0,stratified_80_20
119454,0,0,0.0,stratified_80_20
119463,0,0,0.0,stratified_80_20
119470,0,0,0.0,stratified_80_20
119473,0,0,0.0,stratified_80_20
119478,0,0,0.0,stratified_80_20
119490,0,0,0.0,stratified_80_20
119492,0,0,0.0,stratified_80_20
119505,0,0,0.0,stratified_80_20
119510,0,0,0.0,stratified_80_20
119512,0,0,0.0,stratified_80_20
119513,0,0,0.0,stratified_80_20
119514,0,0,0.0,stratified_80_20
119523,0,0,0.0,stratified_80_20
119531,0,0,0.0,stratified_80_20
119534,0,0,0.0,stratified_80_20
119540,0,0,0.0,stratified_80_20
119549,0,0,0.0,stratified_80_20
119551,0,0,0.0,stratified_80_20
119553,0,0,0.0,stratified_80_20
119554,0,0,0.0,stratified_80_20
119559,0,0,0.0,stratified_80_20
119565,0,0,0.0,stratified_80_20
119568,0,0,0.0,stratified_80_20
119571,0,0,0.0,stratified_80_20
119580,0,0,0.0,stratified_80_20
119585,0,0,0.0,stratified_80_20
119599,0,0,0.0,stratified_80_20
119601,0,0,0.0,stratified_80_20
119602,0,0,0.0,stratified_80_20
119603,0,0,0.0,stratified_80_20
119611,0,0,0.0,stratified_80_20
119612,0,0,0.0,stratified_80_20
119628,0,0,0.0,stratified_80_20
119641,0,0,0.0,stratified_80_20
119663,0,0,0.0,stratified_80_20
119664,0,0,0.0,stratified_80_20
119665,0,0,0.0,stratified_80_20
119669,0,0,0.0,stratified_80_20
119671,0,0,0.0,stratified_80_20
119676,0,0,0.0,stratified_80_20
119686,0,0,0.0,stratified_80_20
119687,0,0,0.0,stratified_80_20
119690,0,0,0.0,stratified_80_20
119695,0,0,0.0,stratified_80_20
119701,0,0,0.0,stratified_80_20
119702,0,0,0.0,stratified_80_20
119704,0,0,0.0,stratified_80_20
119706,0,0,0.0,stratified_80_20
119713,0,0,0.0,stratified_80_20
119715,0,0,0.0,stratified_80_20
119720,0,0,0.0,stratified_80_20
119725,0,0,0.0,stratified_80_20
119728,0,0,0.0,stratified_80_20
119729,0,0,0.0,stratified_80_20
119732,0,0,0.0,stratified_80_20
119737,0,0,0.0,stratified_80_20
119738,0,0,0.0,stratified_80_20
119740,0,0,0.0,stratified_80_20
119742,0,0,0.0,stratified_80_20
119743,0,0,0.0,stratified_80_20
119753,0,0,0.0,stratified_80_20
119763,0,0,0.0,stratified_80_20
119769,0,0,0.0,stratified_80_20
119774,0,0,0.0,stratified_80_20
119777,0,0,0.0,stratified_80_20
119786,0,0,0.0,stratified_80_20
119789,0,0,0.0,stratified_80_20
119796,0,0,0.0,stratified_80_20
119811,0,0,0.0,stratified_80_20
119814,0,0,0.0,stratified_80_20
119825,0,0,0.0,stratified_80_20
119828,0,0,0.0,stratified_80_20
119831,0,0,0.0,stratified_80_20
119832,0,0,0.0,stratified_80_20
119834,0,0,0.0,stratified_80_20
119838,0,0,0.0,stratified_80_20
119842,0,0,0.0,stratified_80_20
119843,0,0,0.0,stratified_80_20
119847,0,0,0.0,stratified_80_20
119848,0,0,0.0,stratified_80_20
119861,0,0,0.0,stratified_80_20
119869,0,0,0.0,stratified_80_20
119870,0,0,0.0,stratified_80_20
119895,0,0,0.0,stratified_80_20
119896,0,0,0.0,stratified_80_20
119899,0,0,0.0,stratified_80_20
119903,0,0,0.0,stratified_80_20
119908,0,0,0.0,stratified_80_20
119909,0,0,0.0,stratified_80_20
119911,0,0,0.0,stratified_80_20
119921,0,0,0.0,stratified_80_20
119925,0,0,0.0,stratified_80_20
119926,0,0,0.0,stratified_80_20
119937,0,0,0.0,stratified_80_20
119938,0,0,0.0,stratified_80_20
119943,0,0,0.0,stratified_80_20
119946,0,0,0.0,stratified_80_20
119960,0,0,0.0,stratified_80_20
119962,0,0,0.0,stratified_80_20
119964,0,0,0.0,stratified_80_20
119966,0,0,0.0,stratified_80_20
119970,0,0,0.0,stratified_80_20
119971,0,0,0.0,stratified_80_20
119972,0,0,0.0,stratified_80_20
119985,0,0,0.0,stratified_80_20
119993,0,0,0.0,stratified_80_20
120002,0,0,0.0,stratified_80_20
120013,0,0,0.0,stratified_80_20
120033,0,0,0.0,stratified_80_20
120041,0,0,0.0,stratified_80_20
120043,0,0,0.0,stratified_80_20
120048,0,0,0.0,stratified_80_20
120049,0,0,0.0,stratified_80_20
120057,0,0,0.0,stratified_80_20
120058,0,0,0.0,stratified_80_20
120061,0,0,0.0,stratified_80_20
120062,0,0,0.0,stratified_80_20
120069,0,0,0.0,stratified_80_20
120074,0,0,0.0,stratified_80_20
120075,0,0,0.0,stratified_80_20
120079,0,0,0.0,stratified_80_20
120083,0,0,0.0,stratified_80_20
120092,0,0,0.0,stratified_80_20
120093,0,0,0.0,stratified_80_20
120099,0,0,0.0,stratified_80_20
120104,0,0,0.0,stratified_80_20
120107,0,0,0.0,stratified_80_20
120120,0,0,0.0,stratified_80_20
120121,0,0,0.0,stratified_80_20
120125,0,0,0.0,stratified_80_20
120128,0,0,0.0,stratified_80_20
120135,0,0,0.0,stratified_80_20
120136,0,0,0.0,stratified_80_20
120137,0,0,0.0,stratified_80_20
120150,0,0,0.0,stratified_80_20
120151,0,0,0.0,stratified_80_20
120153,0,0,0.0,stratified_80_20
120164,0,0,0.0,stratified_80_20
120166,0,0,0.0,stratified_80_20
120171,0,0,0.0,stratified_80_20
120180,0,0,0.0,stratified_80_20
120181,0,0,0.0,stratified_80_20
120182,0,0,0.0,stratified_80_20
120184,0,0,0.0,stratified_80_20
120203,0,0,0.0,stratified_80_20
120208,0,0,0.0,stratified_80_20
120211,0,0,0.0,stratified_80_20
120215,0,0,0.0,stratified_80_20
120224,0,0,0.0,stratified_80_20
120226,0,0,0.0,stratified_80_20
120234,0,0,0.0,stratified_80_20
120237,0,0,0.0,stratified_80_20
120250,0,0,0.0,stratified_80_20
120262,0,0,0.0,stratified_80_20
120265,0,0,0.0,stratified_80_20
120270,0,0,0.0,stratified_80_20
120275,0,0,0.0,stratified_80_20
120279,0,0,0.0,stratified_80_20
120284,0,0,0.0,stratified_80_20
120289,0,0,0.0,stratified_80_20
120291,0,0,0.0,stratified_80_20
120296,0,0,0.0,stratified_80_20
120302,0,0,0.0,stratified_80_20
120305,0,0,0.0,stratified_80_20
120314,0,0,0.0,stratified_80_20
120315,0,0,0.0,stratified_80_20
120316,0,0,0.0,stratified_80_20
120328,0,0,0.0,stratified_80_20
120349,0,0,0.0,stratified_80_20
120363,0,0,0.0,stratified_80_20
120369,0,0,0.0,stratified_80_20
120388,0,0,0.0,stratified_80_20
120392,0,0,0.0,stratified_80_20
120395,0,0,0.0,stratified_80_20
120398,0,0,0.0,stratified_80_20
120402,0,0,0.0,stratified_80_20
120407,0,0,0.0,stratified_80_20
120413,0,0,0.0,stratified_80_20
120416,0,0,0.0,stratified_80_20
120417,0,0,0.0,stratified_80_20
120426,0,0,0.0,stratified_80_20
120427,0,0,0.0,stratified_80_20
120441,0,0,0.0,stratified_80_20
120443,0,0,0.0,stratified_80_20
120454,0,0,0.0,stratified_80_20
120473,0,0,0.0,stratified_80_20
120476,0,0,0.0,stratified_80_20
120481,0,0,0.0,stratified_80_20
120483,0,0,0.0,stratified_80_20
120488,0,0,0.0,stratified_80_20
120491,0,0,0.0,stratified_80_20
120516,0,0,0.0,stratified_80_20
120523,0,0,0.0,stratified_80_20
120524,0,0,0.0,stratified_80_20
120528,0,0,0.0,stratified_80_20
120531,0,0,0.0,stratified_80_20
120536,0,0,0.0,stratified_80_20
120538,0,0,0.0,stratified_80_20
120542,0,0,0.0,stratified_80_20
120544,0,0,0.0,stratified_80_20
120545,0,0,0.0,stratified_80_20
120548,0,0,0.0,stratified_80_20
120573,0,0,0.0,stratified_80_20
120574,0,0,0.0,stratified_80_20
120577,0,0,0.0,stratified_80_20
120580,0,0,0.0,stratified_80_20
120583,0,0,0.0,stratified_80_20
120589,0,0,0.0,stratified_80_20
120595,0,0,0.0,stratified_80_20
120605,0,0,0.0,stratified_80_20
120620,0,0,0.0,stratified_80_20
120629,0,0,0.0,stratified_80_20
120630,0,0,0.0,stratified_80_20
120637,0,0,0.0,stratified_80_20
120642,0,0,0.0,stratified_80_20
120647,0,0,0.0,stratified_80_20
120648,0,0,0.0,stratified_80_20
120656,0,0,0.0,stratified_80_20
120657,0,0,0.0,stratified_80_20
120659,0,0,0.0,stratified_80_20
120660,0,0,0.0,stratified_80_20
120669,0,0,0.0,stratified_80_20
120676,0,0,0.0,stratified_80_20
120700,0,0,0.0,stratified_80_20
120711,0,0,0.0,stratified_80_20
120718,0,0,0.0,stratified_80_20
120720,0,0,0.0,stratified_80_20
120723,0,0,0.0,stratified_80_20
120725,0,0,0.0,stratified_80_20
120726,0,0,0.0,stratified_80_20
120741,0,0,0.0,stratified_80_20
120745,0,0,0.0,stratified_80_20
120747,0,0,0.0,stratified_80_20
120749,0,0,0.0,stratified_80_20
120753,0,0,0.0,stratified_80_20
120754,0,0,0.0,stratified_80_20
120755,0,0,0.0,stratified_80_20
120757,0,0,0.0,stratified_80_20
120764,0,0,0.0,stratified_80_20
120766,0,0,0.0,stratified_80_20
120768,0,0,0.0,stratified_80_20
120770,0,0,0.0,stratified_80_20
120771,0,0,0.0,stratified_80_20
120772,0,0,0.0,stratified_80_20
120782,0,0,0.0,stratified_80_20
120789,0,0,0.0,stratified_80_20
120798,0,0,0.0,stratified_80_20
120799,0,0,0.0,stratified_80_20
120800,0,0,0.0,stratified_80_20
120801,0,0,0.0,stratified_80_20
120812,0,0,0.0,stratified_80_20
120814,0,0,0.0,stratified_80_20
120818,0,0,0.0,stratified_80_20
120823,0,0,0.0,stratified_80_20
120824,0,0,0.0,stratified_80_20
120830,0,0,0.0,stratified_80_20
120831,0,0,0.0,stratified_80_20
120837,0,0,0.0,stratified_80_20
120841,0,0,0.0,stratified_80_20
120842,0,0,0.0,stratified_80_20
120843,0,0,0.0,stratified_80_20
120844,0,0,0.0,stratified_80_20
120854,0,0,0.0,stratified_80_20
120862,0,0,0.0,stratified_80_20
120866,0,0,0.0,stratified_80_20
120867,0,0,0.0,stratified_80_20
120869,0,0,0.0,stratified_80_20
120871,0,0,0.0,stratified_80_20
120873,0,0,0.0,stratified_80_20
120875,0,0,0.0,stratified_80_20
120877,0,0,0.0,stratified_80_20
120878,0,0,0.0,stratified_80_20
120881,0,0,0.0,stratified_80_20
120882,0,0,0.0,stratified_80_20
120884,0,0,0.0,stratified_80_20
120887,0,0,0.0,stratified_80_20
120900,0,0,0.0,stratified_80_20
120906,0,0,0.0,stratified_80_20
120909,0,0,0.0,stratified_80_20
120913,0,0,0.0,stratified_80_20
120917,0,0,0.0,stratified_80_20
120918,0,0,0.0,stratified_80_20
120922,0,0,0.0,stratified_80_20
120932,0,0,0.0,stratified_80_20
120939,0,0,0.0,stratified_80_20
120941,0,0,0.0,stratified_80_20
120942,0,0,0.0,stratified_80_20
120943,0,0,0.0,stratified_80_20
120944,0,0,0.0,stratified_80_20
120947,0,0,0.0,stratified_80_20
120952,0,0,0.0,stratified_80_20
120954,0,0,0.0,stratified_80_20
120956,0,0,0.0,stratified_80_20
120957,0,0,0.0,stratified_80_20
120959,0,0,0.0,stratified_80_20
120961,0,0,0.0,stratified_80_20
120964,0,0,0.0,stratified_80_20
120971,0,0,0.0,stratified_80_20
120980,0,0,0.0,stratified_80_20
120993,0,0,0.0,stratified_80_20
120994,0,0,0.0,stratified_80_20
120997,0,0,0.0,stratified_80_20
121005,0,0,0.0,stratified_80_20
121011,0,0,0.0,stratified_80_20
121016,0,0,0.0,stratified_80_20
121017,0,0,0.0,stratified_80_20
121019,0,0,0.0,stratified_80_20
121024,0,0,0.0,stratified_80_20
121026,0,0,0.0,stratified_80_20
121033,0,0,0.0,stratified_80_20
121038,0,0,0.0,stratified_80_20
121043,0,0,0.0,stratified_80_20
121046,0,0,0.0,stratified_80_20
121047,0,0,0.0,stratified_80_20
121048,0,0,0.0,stratified_80_20
121052,0,0,0.0,stratified_80_20
121057,0,0,0.0,stratified_80_20
121060,0,0,0.0,stratified_80_20
121066,0,0,0.0,stratified_80_20
121069,0,0,0.0,stratified_80_20
121075,0,0,0.0,stratified_80_20
121080,0,0,0.0,stratified_80_20
121090,0,0,0.0,stratified_80_20
121101,0,0,0.0,stratified_80_20
121105,0,0,0.0,stratified_80_20
121106,0,0,0.0,stratified_80_20
121124,0,0,0.0,stratified_80_20
121156,0,0,0.0,stratified_80_20
121175,0,0,0.0,stratified_80_20
121183,0,0,0.0,stratified_80_20
121188,1,1,1.0,stratified_80_20
121189,1,1,1.0,stratified_80_20
121193,0,0,0.0,stratified_80_20
121195,0,0,0.0,stratified_80_20
121200,0,0,0.0,stratified_80_20
121201,0,0,0.0,stratified_80_20
121210,0,0,0.0,stratified_80_20
121211,0,0,0.0,stratified_80_20
121214,0,0,0.0,stratified_80_20
121220,0,0,0.0,stratified_80_20
121226,0,0,0.0,stratified_80_20
121227,0,0,0.0,stratified_80_20
121232,0,0,0.0,stratified_80_20
121233,0,0,0.0,stratified_80_20
121235,0,0,0.0,stratified_80_20
121238,0,0,0.0,stratified_80_20
121245,0,0,0.0,stratified_80_20
121249,0,0,0.0,stratified_80_20
121252,0,0,0.0,stratified_80_20
121258,0,0,0.0,stratified_80_20
121260,0,0,0.0,stratified_80_20
121262,0,0,0.0,stratified_80_20
121263,0,0,0.0,stratified_80_20
121267,0,0,0.0,stratified_80_20
121285,0,0,0.0,stratified_80_20
121287,0,0,0.0,stratified_80_20
121288,0,0,0.0,stratified_80_20
121289,0,0,0.0,stratified_80_20
121291,0,0,0.0,stratified_80_20
121295,0,0,0.0,stratified_80_20
121301,0,0,0.0,stratified_80_20
121315,0,0,0.0,stratified_80_20
121319,0,0,0.0,stratified_80_20
121322,0,0,0.0,stratified_80_20
121327,0,0,0.0,stratified_80_20
121329,0,0,0.0,stratified_80_20
121330,0,0,0.0,stratified_80_20
121338,0,0,0.0,stratified_80_20
121339,0,0,0.0,stratified_80_20
121343,0,0,0.0,stratified_80_20
121370,0,0,0.0,stratified_80_20
121376,0,0,0.0,stratified_80_20
121377,0,0,0.0,stratified_80_20
121380,0,0,0.0,stratified_80_20
121388,0,0,0.0,stratified_80_20
121393,0,0,0.0,stratified_80_20
121400,0,0,0.0,stratified_80_20
121402,0,0,0.0,stratified_80_20
121406,0,0,0.0,stratified_80_20
121409,0,0,0.0,stratified_80_20
121431,0,0,0.0,stratified_80_20
121433,0,0,0.0,stratified_80_20
121439,0,0,0.0,stratified_80_20
121441,0,0,0.0,stratified_80_20
121452,0,0,0.0,stratified_80_20
121458,0,0,0.0,stratified_80_20
121466,0,0,0.0,stratified_80_20
121469,0,0,0.0,stratified_80_20
121471,0,0,0.0,stratified_80_20
121474,0,0,0.0,stratified_80_20
121477,0,0,0.0,stratified_80_20
121482,0,0,0.0,stratified_80_20
121483,0,0,0.0,stratified_80_20
121491,0,0,0.0,stratified_80_20
121501,0,0,0.0,stratified_80_20
121502,0,0,0.0,stratified_80_20
121504,0,0,0.0,stratified_80_20
121505,0,0,0.0,stratified_80_20
121508,0,0,0.0,stratified_80_20
121514,0,0,0.0,stratified_80_20
121523,0,0,0.0,stratified_80_20
121528,0,0,0.0,stratified_80_20
121534,0,0,0.0,stratified_80_20
121536,0,0,0.0,stratified_80_20
121538,0,0,0.0,stratified_80_20
121541,0,0,0.0,stratified_80_20
121542,0,0,0.0,stratified_80_20
121549,0,0,0.0,stratified_80_20
121552,0,0,0.0,stratified_80_20
121560,0,0,0.0,stratified_80_20
121567,0,0,0.0,stratified_80_20
121569,0,0,0.0,stratified_80_20
121571,0,0,0.0,stratified_80_20
121575,0,0,0.0,stratified_80_20
121585,0,0,0.0,stratified_80_20
121587,0,0,0.0,stratified_80_20
121589,0,0,0.0,stratified_80_20
121595,0,0,0.0,stratified_80_20
121597,0,0,0.0,stratified_80_20
121604,0,0,0.0,stratified_80_20
121612,0,0,0.0,stratified_80_20
121613,0,0,0.0,stratified_80_20
121623,0,0,0.0,stratified_80_20
121633,0,0,0.0,stratified_80_20
121639,0,0,0.0,stratified_80_20
121645,0,0,0.0,stratified_80_20
121646,0,0,0.0,stratified_80_20
121647,0,0,0.0,stratified_80_20
121650,0,0,0.0,stratified_80_20
121656,0,0,0.0,stratified_80_20
121672,0,0,0.0,stratified_80_20
121676,0,0,0.0,stratified_80_20
121683,0,0,0.0,stratified_80_20
121690,0,0,0.0,stratified_80_20
121696,0,0,0.0,stratified_80_20
121698,0,0,0.0,stratified_80_20
121704,0,0,0.0,stratified_80_20
121707,0,0,0.0,stratified_80_20
121713,0,0,0.0,stratified_80_20
121719,0,0,0.0,stratified_80_20
121723,0,0,0.0,stratified_80_20
121730,0,0,0.0,stratified_80_20
121732,0,0,0.0,stratified_80_20
121741,0,0,0.0,stratified_80_20
121742,0,0,0.0,stratified_80_20
121753,0,0,0.0,stratified_80_20
121754,0,0,0.0,stratified_80_20
121759,0,0,0.0,stratified_80_20
121779,0,0,0.0,stratified_80_20
121785,0,0,0.0,stratified_80_20
121786,0,0,0.0,stratified_80_20
121789,0,0,0.0,stratified_80_20
121792,0,0,0.0,stratified_80_20
121794,0,0,0.0,stratified_80_20
121799,0,0,0.0,stratified_80_20
121803,0,0,0.0,stratified_80_20
121804,0,0,0.0,stratified_80_20
121809,0,0,0.0,stratified_80_20
121816,0,0,0.0,stratified_80_20
121818,0,0,0.0,stratified_80_20
121820,0,0,0.0,stratified_80_20
121827,0,0,0.0,stratified_80_20
121834,0,0,0.0,stratified_80_20
121835,0,0,0.0,stratified_80_20
121841,0,0,0.0,stratified_80_20
121845,0,0,0.0,stratified_80_20
121850,0,0,0.0,stratified_80_20
121851,0,0,0.0,stratified_80_20
121862,0,0,0.0,stratified_80_20
121870,0,0,0.0,stratified_80_20
121874,0,0,0.0,stratified_80_20
121875,0,0,0.0,stratified_80_20
121878,0,0,0.0,stratified_80_20
121884,0,0,0.0,stratified_80_20
121889,0,0,0.0,stratified_80_20
121890,0,0,0.0,stratified_80_20
121899,0,0,0.0,stratified_80_20
121900,0,0,0.0,stratified_80_20
121903,0,0,0.0,stratified_80_20
121904,0,0,0.0,stratified_80_20
121910,0,0,0.0,stratified_80_20
121912,0,0,0.0,stratified_80_20
121913,0,0,0.0,stratified_80_20
121915,0,0,0.0,stratified_80_20
121917,0,0,0.0,stratified_80_20
121922,0,0,0.0,stratified_80_20
121926,0,0,0.0,stratified_80_20
121927,0,0,0.0,stratified_80_20
121934,0,0,0.0,stratified_80_20
121935,0,0,0.0,stratified_80_20
121936,0,0,0.0,stratified_80_20
121939,0,0,0.0,stratified_80_20
121953,0,0,0.0,stratified_80_20
121957,0,0,0.0,stratified_80_20
121969,0,0,0.0,stratified_80_20
121971,0,0,0.0,stratified_80_20
121972,0,0,0.0,stratified_80_20
121973,0,0,0.0,stratified_80_20
121976,0,0,0.0,stratified_80_20
121977,0,0,0.0,stratified_80_20
121984,0,0,0.0,stratified_80_20
121987,0,0,0.0,stratified_80_20
121990,0,0,0.0,stratified_80_20
121992,0,0,0.0,stratified_80_20
122009,0,0,0.0,stratified_80_20
122010,0,0,0.0,stratified_80_20
122012,0,0,0.0,stratified_80_20
122017,0,0,0.0,stratified_80_20
122023,0,0,0.0,stratified_80_20
122027,0,0,0.0,stratified_80_20
122030,0,0,0.0,stratified_80_20
122037,0,0,0.0,stratified_80_20
122045,0,0,0.0,stratified_80_20
122047,0,0,0.0,stratified_80_20
122052,0,0,0.0,stratified_80_20
122053,0,0,0.0,stratified_80_20
122059,0,0,0.0,stratified_80_20
122077,0,0,0.0,stratified_80_20
122079,0,0,0.0,stratified_80_20
122082,0,0,0.0,stratified_80_20
122084,0,0,0.0,stratified_80_20
122087,0,0,0.0,stratified_80_20
122094,0,0,0.0,stratified_80_20
122096,0,0,0.0,stratified_80_20
122100,0,0,0.0,stratified_80_20
122119,0,0,0.0,stratified_80_20
122129,0,0,0.0,stratified_80_20
122133,0,0,0.0,stratified_80_20
122140,0,0,0.0,stratified_80_20
122142,0,0,0.0,stratified_80_20
122149,0,0,0.0,stratified_80_20
122156,0,0,0.0,stratified_80_20
122165,0,0,0.0,stratified_80_20
122172,0,0,0.0,stratified_80_20
122174,0,0,0.0,stratified_80_20
122180,0,0,0.0,stratified_80_20
122191,0,0,0.0,stratified_80_20
122192,0,0,0.0,stratified_80_20
122196,0,0,0.0,stratified_80_20
122197,0,0,0.0,stratified_80_20
122210,0,0,0.0,stratified_80_20
122211,0,0,0.0,stratified_80_20
122212,0,0,0.0,stratified_80_20
122225,0,0,0.0,stratified_80_20
122229,0,0,0.0,stratified_80_20
122242,0,0,0.0,stratified_80_20
122256,0,0,0.0,stratified_80_20
122257,0,0,0.0,stratified_80_20
122269,0,0,0.0,stratified_80_20
122270,0,0,0.0,stratified_80_20
122274,0,0,0.0,stratified_80_20
122277,0,0,0.0,stratified_80_20
122278,0,0,0.0,stratified_80_20
122280,0,0,0.0,stratified_80_20
122281,0,0,0.0,stratified_80_20
122291,0,0,0.0,stratified_80_20
122294,0,0,0.0,stratified_80_20
122297,0,0,0.0,stratified_80_20
122304,0,0,0.0,stratified_80_20
122307,0,0,0.0,stratified_80_20
122326,0,0,0.0,stratified_80_20
122327,0,0,0.0,stratified_80_20
122330,0,0,0.0,stratified_80_20
122331,0,0,0.0,stratified_80_20
122332,0,0,0.0,stratified_80_20
122334,0,0,0.0,stratified_80_20
122340,0,0,0.0,stratified_80_20
122341,0,0,0.0,stratified_80_20
122361,0,0,0.0,stratified_80_20
122362,0,0,0.0,stratified_80_20
122366,0,0,0.0,stratified_80_20
122368,0,0,0.0,stratified_80_20
122374,0,0,0.0,stratified_80_20
122375,0,0,0.0,stratified_80_20
122379,0,0,0.0,stratified_80_20
122381,0,0,0.0,stratified_80_20
122391,0,0,0.0,stratified_80_20
122394,0,0,0.0,stratified_80_20
122398,0,0,0.0,stratified_80_20
122400,0,0,0.0,stratified_80_20
122413,0,0,0.0,stratified_80_20
122419,0,0,0.0,stratified_80_20
122425,0,0,0.0,stratified_80_20
122430,0,0,0.0,stratified_80_20
122432,0,0,0.0,stratified_80_20
122434,0,0,0.0,stratified_80_20
122440,0,0,0.0,stratified_80_20
122443,0,0,0.0,stratified_80_20
122452,0,0,0.0,stratified_80_20
122455,0,0,0.0,stratified_80_20
122456,0,0,0.0,stratified_80_20
122463,0,0,0.0,stratified_80_20
122483,0,0,0.0,stratified_80_20
122484,0,0,0.0,stratified_80_20
122487,0,0,0.0,stratified_80_20
122496,0,0,0.0,stratified_80_20
122497,0,0,0.0,stratified_80_20
122498,0,0,0.0,stratified_80_20
122510,0,0,0.0,stratified_80_20
122512,0,0,0.0,stratified_80_20
122514,0,0,0.0,stratified_80_20
122524,0,0,0.0,stratified_80_20
122536,0,0,0.0,stratified_80_20
122544,0,0,0.0,stratified_80_20
122556,0,0,0.0,stratified_80_20
122561,0,0,0.0,stratified_80_20
122567,0,0,0.0,stratified_80_20
122572,0,0,0.0,stratified_80_20
122586,0,0,0.0,stratified_80_20
122588,0,0,0.0,stratified_80_20
122589,0,0,0.0,stratified_80_20
122590,0,0,0.0,stratified_80_20
122597,0,0,0.0,stratified_80_20
122599,0,0,0.0,stratified_80_20
122613,0,0,0.0,stratified_80_20
122617,0,0,0.0,stratified_80_20
122633,0,0,0.0,stratified_80_20
122635,0,0,0.0,stratified_80_20
122639,0,0,0.0,stratified_80_20
122649,0,0,0.0,stratified_80_20
122660,0,0,0.0,stratified_80_20
122671,0,0,0.0,stratified_80_20
122676,0,0,0.0,stratified_80_20
122694,0,0,0.0,stratified_80_20
122699,0,0,0.0,stratified_80_20
122701,0,0,0.0,stratified_80_20
122703,0,0,0.0,stratified_80_20
122704,0,0,0.0,stratified_80_20
122709,0,0,0.0,stratified_80_20
122724,0,0,0.0,stratified_80_20
122735,0,0,0.0,stratified_80_20
122756,0,0,0.0,stratified_80_20
122761,0,0,0.0,stratified_80_20
122762,0,0,0.0,stratified_80_20
122766,0,0,0.0,stratified_80_20
122769,0,0,0.0,stratified_80_20
122774,0,0,0.0,stratified_80_20
122781,0,0,0.0,stratified_80_20
122784,0,0,0.0,stratified_80_20
122793,0,0,0.0,stratified_80_20
122798,0,0,0.0,stratified_80_20
122804,0,0,0.0,stratified_80_20
122808,0,0,0.0,stratified_80_20
122816,0,0,0.0,stratified_80_20
122823,0,0,0.0,stratified_80_20
122827,0,0,0.0,stratified_80_20
122832,0,0,0.0,stratified_80_20
122843,0,0,0.0,stratified_80_20
122847,0,0,0.0,stratified_80_20
122848,0,0,0.0,stratified_80_20
122850,0,0,0.0,stratified_80_20
122851,0,0,0.0,stratified_80_20
122852,0,0,0.0,stratified_80_20
122854,0,0,0.0,stratified_80_20
122855,0,0,0.0,stratified_80_20
122861,0,0,0.0,stratified_80_20
122865,0,0,0.0,stratified_80_20
122867,0,0,0.0,stratified_80_20
122890,0,0,0.0,stratified_80_20
122893,0,0,0.0,stratified_80_20
122896,0,0,0.0,stratified_80_20
122905,0,0,0.0,stratified_80_20
122907,0,0,0.0,stratified_80_20
122908,0,0,0.0,stratified_80_20
122910,0,0,0.0,stratified_80_20
122920,0,0,0.0,stratified_80_20
122921,0,0,0.0,stratified_80_20
122925,0,0,0.0,stratified_80_20
122935,0,0,0.0,stratified_80_20
122936,0,0,0.0,stratified_80_20
122959,0,0,0.0,stratified_80_20
122973,0,0,0.0,stratified_80_20
122978,0,0,0.0,stratified_80_20
122980,0,0,0.0,stratified_80_20
122984,0,0,0.0,stratified_80_20
122985,0,0,0.0,stratified_80_20
122991,0,0,0.0,stratified_80_20
122999,0,0,0.0,stratified_80_20
123007,0,0,0.0,stratified_80_20
123010,0,0,0.0,stratified_80_20
123012,0,0,0.0,stratified_80_20
123020,0,0,0.0,stratified_80_20
123033,0,0,0.0,stratified_80_20
123035,0,0,0.0,stratified_80_20
123037,0,0,0.0,stratified_80_20
123049,0,0,0.0,stratified_80_20
123051,0,0,0.0,stratified_80_20
123067,0,0,0.0,stratified_80_20
123069,0,0,0.0,stratified_80_20
123071,0,0,0.0,stratified_80_20
123086,0,0,0.0,stratified_80_20
123087,0,0,0.0,stratified_80_20
123101,0,0,0.0,stratified_80_20
123102,0,0,0.0,stratified_80_20
123106,0,0,0.0,stratified_80_20
123110,0,0,0.0,stratified_80_20
123111,0,0,0.0,stratified_80_20
123114,0,0,0.0,stratified_80_20
123119,0,0,0.0,stratified_80_20
123120,0,0,0.0,stratified_80_20
123136,0,0,0.0,stratified_80_20
123143,0,0,0.0,stratified_80_20
123150,0,0,0.0,stratified_80_20
123165,0,0,0.0,stratified_80_20
123170,0,0,0.0,stratified_80_20
123186,0,0,0.0,stratified_80_20
123191,0,0,0.0,stratified_80_20
123193,0,0,0.0,stratified_80_20
123194,0,0,0.0,stratified_80_20
123196,0,0,0.0,stratified_80_20
123200,0,0,0.0,stratified_80_20
123202,0,0,0.0,stratified_80_20
123208,0,0,0.0,stratified_80_20
123209,0,0,0.0,stratified_80_20
123212,0,0,0.0,stratified_80_20
123214,0,0,0.0,stratified_80_20
123216,0,0,0.0,stratified_80_20
123218,0,0,0.0,stratified_80_20
123222,0,0,0.0,stratified_80_20
123223,0,0,0.0,stratified_80_20
123225,0,0,0.0,stratified_80_20
123232,0,0,0.0,stratified_80_20
123233,0,0,0.0,stratified_80_20
123235,0,0,0.0,stratified_80_20
123249,0,0,0.0,stratified_80_20
123254,0,0,0.0,stratified_80_20
123269,0,0,0.0,stratified_80_20
123270,0,0,0.0,stratified_80_20
123272,0,0,0.0,stratified_80_20
123277,0,0,0.0,stratified_80_20
123282,0,0,0.0,stratified_80_20
123285,0,0,0.0,stratified_80_20
123298,0,0,0.0,stratified_80_20
123299,0,0,0.0,stratified_80_20
123302,0,0,0.0,stratified_80_20
123304,0,0,0.0,stratified_80_20
123311,0,0,0.0,stratified_80_20
123319,0,0,0.0,stratified_80_20
123325,0,0,0.0,stratified_80_20
123328,0,0,0.0,stratified_80_20
123333,0,0,0.0,stratified_80_20
123334,0,0,0.0,stratified_80_20
123338,0,0,0.0,stratified_80_20
123340,0,0,0.0,stratified_80_20
123341,0,0,0.0,stratified_80_20
123348,0,0,0.0,stratified_80_20
123351,0,0,0.0,stratified_80_20
123357,0,0,0.0,stratified_80_20
123358,0,0,0.0,stratified_80_20
123369,0,0,0.0,stratified_80_20
123373,0,0,0.0,stratified_80_20
123380,0,0,0.0,stratified_80_20
123384,0,0,0.0,stratified_80_20
123385,0,0,0.0,stratified_80_20
123388,0,0,0.0,stratified_80_20
123396,0,0,0.0,stratified_80_20
123403,0,0,0.0,stratified_80_20
123404,0,0,0.0,stratified_80_20
123406,0,0,0.0,stratified_80_20
123410,0,0,0.0,stratified_80_20
123414,0,0,0.0,stratified_80_20
123422,0,0,0.0,stratified_80_20
123423,0,0,0.0,stratified_80_20
123431,0,0,0.0,stratified_80_20
123433,0,0,0.0,stratified_80_20
123434,0,0,0.0,stratified_80_20
123443,0,0,0.0,stratified_80_20
123447,0,0,0.0,stratified_80_20
123452,0,0,0.0,stratified_80_20
123453,0,0,0.0,stratified_80_20
123455,0,0,0.0,stratified_80_20
123457,0,0,0.0,stratified_80_20
123462,0,0,0.0,stratified_80_20
123475,0,0,0.0,stratified_80_20
123476,0,0,0.0,stratified_80_20
123487,0,0,0.0,stratified_80_20
123488,0,0,0.0,stratified_80_20
123493,0,0,0.0,stratified_80_20
123494,0,0,0.0,stratified_80_20
123496,0,0,0.0,stratified_80_20
123498,0,0,0.0,stratified_80_20
123506,0,0,0.0,stratified_80_20
123513,0,0,0.0,stratified_80_20
123518,0,0,0.0,stratified_80_20
123519,0,0,0.0,stratified_80_20
123524,0,0,0.0,stratified_80_20
123526,0,0,0.0,stratified_80_20
123528,0,0,0.0,stratified_80_20
123534,0,0,0.0,stratified_80_20
123535,0,0,0.0,stratified_80_20
123536,0,0,0.0,stratified_80_20
123540,0,0,0.0,stratified_80_20
123542,0,0,0.0,stratified_80_20
123549,0,0,0.0,stratified_80_20
123553,0,0,0.0,stratified_80_20
123560,0,0,0.0,stratified_80_20
123565,0,0,0.0,stratified_80_20
123568,0,0,0.0,stratified_80_20
123573,0,0,0.0,stratified_80_20
123576,0,0,0.0,stratified_80_20
123588,0,0,0.0,stratified_80_20
123590,0,0,0.0,stratified_80_20
123594,0,0,0.0,stratified_80_20
123595,0,0,0.0,stratified_80_20
123598,0,0,0.0,stratified_80_20
123600,0,0,0.0,stratified_80_20
123603,0,0,0.0,stratified_80_20
123604,0,0,0.0,stratified_80_20
123609,0,0,0.0,stratified_80_20
123612,0,0,0.0,stratified_80_20
123614,0,0,0.0,stratified_80_20
123616,0,0,0.0,stratified_80_20
123617,0,0,0.0,stratified_80_20
123619,0,0,0.0,stratified_80_20
123621,0,0,0.0,stratified_80_20
123624,0,0,0.0,stratified_80_20
123630,0,0,0.0,stratified_80_20
123633,0,0,0.0,stratified_80_20
123644,0,0,0.0,stratified_80_20
123649,0,0,0.0,stratified_80_20
123653,0,0,0.0,stratified_80_20
123661,0,0,0.0,stratified_80_20
123666,0,0,0.0,stratified_80_20
123673,0,0,0.0,stratified_80_20
123687,0,0,0.0,stratified_80_20
123688,0,0,0.0,stratified_80_20
123693,0,0,0.0,stratified_80_20
123695,0,0,0.0,stratified_80_20
123703,0,0,0.0,stratified_80_20
123709,0,0,0.0,stratified_80_20
123710,0,0,0.0,stratified_80_20
123719,0,0,0.0,stratified_80_20
123726,0,0,0.0,stratified_80_20
123728,0,0,0.0,stratified_80_20
123731,0,0,0.0,stratified_80_20
123735,0,0,0.0,stratified_80_20
123739,0,0,0.0,stratified_80_20
123740,0,0,0.0,stratified_80_20
123745,0,0,0.0,stratified_80_20
123752,0,0,0.0,stratified_80_20
123757,0,0,0.0,stratified_80_20
123760,0,0,0.0,stratified_80_20
123770,0,0,0.0,stratified_80_20
123782,0,0,0.0,stratified_80_20
123784,0,0,0.0,stratified_80_20
123785,0,0,0.0,stratified_80_20
123787,0,0,0.0,stratified_80_20
123796,0,0,0.0,stratified_80_20
123798,0,0,0.0,stratified_80_20
123814,0,0,0.0,stratified_80_20
123819,0,0,0.0,stratified_80_20
123828,0,0,0.0,stratified_80_20
123830,0,0,0.0,stratified_80_20
123835,0,0,0.0,stratified_80_20
123837,0,0,0.0,stratified_80_20
123845,0,0,0.0,stratified_80_20
123866,0,0,0.0,stratified_80_20
123869,0,0,0.0,stratified_80_20
123871,0,0,0.0,stratified_80_20
123881,0,0,0.0,stratified_80_20
123883,0,0,0.0,stratified_80_20
123889,0,0,0.0,stratified_80_20
123892,0,0,0.0,stratified_80_20
123894,0,0,0.0,stratified_80_20
123895,0,0,0.0,stratified_80_20
123898,0,0,0.0,stratified_80_20
123903,0,0,0.0,stratified_80_20
123907,0,0,0.0,stratified_80_20
123911,0,0,0.0,stratified_80_20
123913,0,0,0.0,stratified_80_20
123919,0,0,0.0,stratified_80_20
123921,0,0,0.0,stratified_80_20
123924,0,0,0.0,stratified_80_20
123929,0,0,0.0,stratified_80_20
123936,0,0,0.0,stratified_80_20
123937,0,0,0.0,stratified_80_20
123945,0,0,0.0,stratified_80_20
123947,0,0,0.0,stratified_80_20
123951,0,0,0.0,stratified_80_20
123961,0,0,0.0,stratified_80_20
123964,0,0,0.0,stratified_80_20
123968,0,0,0.0,stratified_80_20
123970,0,0,0.0,stratified_80_20
123971,0,0,0.0,stratified_80_20
123973,0,0,0.0,stratified_80_20
123975,0,0,0.0,stratified_80_20
123980,0,0,0.0,stratified_80_20
123988,0,0,0.0,stratified_80_20
123997,0,0,0.0,stratified_80_20
123999,0,0,0.0,stratified_80_20
124004,0,0,0.0,stratified_80_20
124010,0,0,0.0,stratified_80_20
124017,0,0,0.0,stratified_80_20
124019,0,0,0.0,stratified_80_20
124037,0,0,0.0,stratified_80_20
124051,0,0,0.0,stratified_80_20
124055,0,0,0.0,stratified_80_20
124062,0,0,0.0,stratified_80_20
124066,0,0,0.0,stratified_80_20
124067,0,0,0.0,stratified_80_20
124069,0,0,0.0,stratified_80_20
124076,0,0,0.0,stratified_80_20
124077,0,0,0.0,stratified_80_20
124084,0,0,0.0,stratified_80_20
124088,0,0,0.0,stratified_80_20
124094,0,0,0.0,stratified_80_20
124095,0,0,0.0,stratified_80_20
124109,0,0,0.0,stratified_80_20
124112,0,0,0.0,stratified_80_20
124119,0,0,0.0,stratified_80_20
124122,0,0,0.0,stratified_80_20
124127,0,0,0.0,stratified_80_20
124129,0,0,0.0,stratified_80_20
124130,0,0,0.0,stratified_80_20
124133,0,0,0.0,stratified_80_20
124149,0,0,0.0,stratified_80_20
124154,0,0,0.0,stratified_80_20
124157,0,0,0.0,stratified_80_20
124172,0,0,0.0,stratified_80_20
124174,0,0,0.0,stratified_80_20
124183,0,0,0.0,stratified_80_20
124197,0,0,0.0,stratified_80_20
124203,0,0,0.0,stratified_80_20
124207,0,0,0.0,stratified_80_20
124211,0,0,0.0,stratified_80_20
124212,0,0,0.0,stratified_80_20
124213,0,0,0.0,stratified_80_20
124217,0,0,0.0,stratified_80_20
124224,0,0,0.0,stratified_80_20
124225,0,0,0.0,stratified_80_20
124227,0,0,0.0,stratified_80_20
124235,0,0,0.0,stratified_80_20
124239,0,0,0.0,stratified_80_20
124240,0,0,0.0,stratified_80_20
124241,0,0,0.0,stratified_80_20
124243,0,0,0.0,stratified_80_20
124247,0,0,0.0,stratified_80_20
124251,0,0,0.0,stratified_80_20
124254,0,0,0.0,stratified_80_20
124283,0,0,0.0,stratified_80_20
124308,0,0,0.0,stratified_80_20
124320,0,0,0.0,stratified_80_20
124321,0,0,0.0,stratified_80_20
124322,0,0,0.0,stratified_80_20
124331,0,0,0.0,stratified_80_20
124336,0,0,0.0,stratified_80_20
124339,0,0,0.0,stratified_80_20
124346,0,0,0.0,stratified_80_20
124350,0,0,0.0,stratified_80_20
124353,0,0,0.0,stratified_80_20
124355,0,0,0.0,stratified_80_20
124368,0,0,0.0,stratified_80_20
124377,0,0,0.0,stratified_80_20
124379,0,0,0.0,stratified_80_20
124380,0,0,0.0,stratified_80_20
124386,0,0,0.0,stratified_80_20
124391,0,0,0.0,stratified_80_20
124392,0,0,0.0,stratified_80_20
124400,0,0,0.0,stratified_80_20
124401,0,0,0.0,stratified_80_20
124407,0,0,0.0,stratified_80_20
124416,0,0,0.0,stratified_80_20
124421,0,0,0.0,stratified_80_20
124424,0,0,0.0,stratified_80_20
124425,0,0,0.0,stratified_80_20
124436,0,0,0.0,stratified_80_20
124446,0,0,0.0,stratified_80_20
124457,0,0,0.0,stratified_80_20
124458,0,0,0.0,stratified_80_20
124465,0,0,0.0,stratified_80_20
124467,0,0,0.0,stratified_80_20
124471,0,0,0.0,stratified_80_20
124476,0,0,0.0,stratified_80_20
124483,0,0,0.0,stratified_80_20
124496,0,0,0.0,stratified_80_20
124499,0,0,0.0,stratified_80_20
124503,0,0,0.0,stratified_80_20
124507,0,0,0.0,stratified_80_20
124510,0,0,0.0,stratified_80_20
124511,0,0,0.0,stratified_80_20
124512,0,0,0.0,stratified_80_20
124514,0,0,0.0,stratified_80_20
124521,0,0,0.0,stratified_80_20
124529,0,0,0.0,stratified_80_20
124536,0,0,0.0,stratified_80_20
124551,0,0,0.0,stratified_80_20
124558,0,0,0.0,stratified_80_20
124562,0,0,0.0,stratified_80_20
124574,0,0,0.0,stratified_80_20
124578,0,0,0.0,stratified_80_20
124586,0,0,0.0,stratified_80_20
124590,0,0,0.0,stratified_80_20
124610,0,0,0.0,stratified_80_20
124612,0,0,0.0,stratified_80_20
124618,0,0,0.0,stratified_80_20
124619,0,0,0.0,stratified_80_20
124625,0,0,0.0,stratified_80_20
124628,0,0,0.0,stratified_80_20
124630,0,0,0.0,stratified_80_20
124640,0,0,0.0,stratified_80_20
124642,0,0,0.0,stratified_80_20
124650,0,0,0.0,stratified_80_20
124652,0,0,0.0,stratified_80_20
124658,0,0,0.0,stratified_80_20
124660,0,0,0.0,stratified_80_20
124681,0,0,0.0,stratified_80_20
124683,0,0,0.0,stratified_80_20
124684,0,0,0.0,stratified_80_20
124685,0,0,0.0,stratified_80_20
124688,0,0,0.0,stratified_80_20
124690,0,0,0.0,stratified_80_20
124693,0,0,0.0,stratified_80_20
124694,0,0,0.0,stratified_80_20
124701,0,0,0.0,stratified_80_20
124705,0,0,0.0,stratified_80_20
124711,0,0,0.0,stratified_80_20
124714,0,0,0.0,stratified_80_20
124716,0,0,0.0,stratified_80_20
124718,0,0,0.0,stratified_80_20
124729,0,0,0.0,stratified_80_20
124731,0,0,0.0,stratified_80_20
124734,0,0,0.0,stratified_80_20
124736,0,0,0.0,stratified_80_20
124742,0,0,0.0,stratified_80_20
124743,0,0,0.0,stratified_80_20
124751,0,0,0.0,stratified_80_20
124752,0,0,0.0,stratified_80_20
124755,0,0,0.0,stratified_80_20
124769,0,0,0.0,stratified_80_20
124770,0,0,0.0,stratified_80_20
124771,0,0,0.0,stratified_80_20
124778,0,0,0.0,stratified_80_20
124780,0,0,0.0,stratified_80_20
124785,0,0,0.0,stratified_80_20
124796,0,0,0.0,stratified_80_20
124797,0,0,0.0,stratified_80_20
124804,0,0,0.0,stratified_80_20
124807,0,0,0.0,stratified_80_20
124809,0,0,0.0,stratified_80_20
124824,0,0,0.0,stratified_80_20
124828,0,0,0.0,stratified_80_20
124834,0,0,0.0,stratified_80_20
124836,0,0,0.0,stratified_80_20
124846,0,0,0.0,stratified_80_20
124861,0,0,0.0,stratified_80_20
124864,0,0,0.0,stratified_80_20
124866,0,0,0.0,stratified_80_20
124867,0,0,0.0,stratified_80_20
124870,0,0,0.0,stratified_80_20
124874,0,0,0.0,stratified_80_20
124884,0,0,0.0,stratified_80_20
124886,0,0,0.0,stratified_80_20
124888,0,0,0.0,stratified_80_20
124896,0,0,0.0,stratified_80_20
124897,0,0,0.0,stratified_80_20
124898,0,0,0.0,stratified_80_20
124900,0,0,0.0,stratified_80_20
124907,0,0,0.0,stratified_80_20
124910,0,0,0.0,stratified_80_20
124918,0,0,0.0,stratified_80_20
124922,0,0,0.0,stratified_80_20
124923,0,0,0.0,stratified_80_20
124931,0,0,0.0,stratified_80_20
124932,0,0,0.0,stratified_80_20
124939,0,0,0.0,stratified_80_20
124943,0,0,0.0,stratified_80_20
124962,0,0,0.0,stratified_80_20
124965,0,0,0.0,stratified_80_20
124973,0,0,0.0,stratified_80_20
124976,0,0,0.0,stratified_80_20
124978,0,0,0.0,stratified_80_20
124986,0,0,0.0,stratified_80_20
124995,0,0,0.0,stratified_80_20
124997,0,0,0.0,stratified_80_20
125003,0,0,0.0,stratified_80_20
125008,0,0,0.0,stratified_80_20
125011,0,0,0.0,stratified_80_20
125012,0,0,0.0,stratified_80_20
125016,0,0,0.0,stratified_80_20
125020,0,0,0.0,stratified_80_20
125028,0,0,0.0,stratified_80_20
125038,0,0,0.0,stratified_80_20
125044,0,0,0.0,stratified_80_20
125058,0,0,0.0,stratified_80_20
125059,0,0,0.0,stratified_80_20
125063,0,0,0.0,stratified_80_20
125068,0,0,0.0,stratified_80_20
125069,0,0,0.0,stratified_80_20
125070,0,0,0.0,stratified_80_20
125072,0,0,0.0,stratified_80_20
125080,0,0,0.0,stratified_80_20
125089,0,0,0.0,stratified_80_20
125092,0,0,0.0,stratified_80_20
125103,0,0,0.0,stratified_80_20
125107,0,0,0.0,stratified_80_20
125113,0,0,0.0,stratified_80_20
125115,0,0,0.0,stratified_80_20
125122,0,0,0.0,stratified_80_20
125125,0,0,0.0,stratified_80_20
125128,0,0,0.0,stratified_80_20
125129,0,0,0.0,stratified_80_20
125130,0,0,0.0,stratified_80_20
125134,0,0,0.0,stratified_80_20
125136,0,0,0.0,stratified_80_20
125138,0,0,0.0,stratified_80_20
125140,0,0,0.0,stratified_80_20
125143,0,0,0.0,stratified_80_20
125146,0,0,0.0,stratified_80_20
125150,0,0,0.0,stratified_80_20
125153,0,0,0.0,stratified_80_20
125156,0,0,0.0,stratified_80_20
125164,0,0,0.0,stratified_80_20
125167,0,0,0.0,stratified_80_20
125168,0,0,0.0,stratified_80_20
125173,0,0,0.0,stratified_80_20
125185,0,0,0.0,stratified_80_20
125187,0,0,0.0,stratified_80_20
125189,0,0,0.0,stratified_80_20
125190,0,0,0.0,stratified_80_20
125191,0,0,0.0,stratified_80_20
125194,0,0,0.0,stratified_80_20
125199,0,0,0.0,stratified_80_20
125203,0,0,0.0,stratified_80_20
125204,0,0,0.0,stratified_80_20
125211,0,0,0.0,stratified_80_20
125217,0,0,0.0,stratified_80_20
125218,0,0,0.0,stratified_80_20
125220,0,0,0.0,stratified_80_20
125221,0,0,0.0,stratified_80_20
125241,0,0,0.0,stratified_80_20
125242,0,0,0.0,stratified_80_20
125248,0,0,0.0,stratified_80_20
125250,0,0,0.0,stratified_80_20
125257,0,0,0.0,stratified_80_20
125258,0,0,0.0,stratified_80_20
125260,0,0,0.0,stratified_80_20
125271,0,0,0.0,stratified_80_20
125276,0,0,0.0,stratified_80_20
125284,0,0,0.0,stratified_80_20
125285,0,0,0.0,stratified_80_20
125289,0,0,0.0,stratified_80_20
125297,0,0,0.0,stratified_80_20
125301,0,0,0.0,stratified_80_20
125303,0,0,0.0,stratified_80_20
125306,0,0,0.0,stratified_80_20
125323,0,0,0.0,stratified_80_20
125330,0,0,0.0,stratified_80_20
125335,0,0,0.0,stratified_80_20
125339,0,0,0.0,stratified_80_20
125342,0,0,0.0,stratified_80_20
125350,0,0,0.0,stratified_80_20
125360,0,0,0.0,stratified_80_20
125361,0,0,0.0,stratified_80_20
125362,0,0,0.0,stratified_80_20
125374,0,0,0.0,stratified_80_20
125375,0,0,0.0,stratified_80_20
125378,0,0,0.0,stratified_80_20
125383,0,0,0.0,stratified_80_20
125384,0,0,0.0,stratified_80_20
125387,0,0,0.0,stratified_80_20
125389,0,0,0.0,stratified_80_20
125392,0,0,0.0,stratified_80_20
125393,0,0,0.0,stratified_80_20
125398,0,0,0.0,stratified_80_20
125399,0,0,0.0,stratified_80_20
125406,0,0,0.0,stratified_80_20
125414,0,0,0.0,stratified_80_20
125419,0,0,0.0,stratified_80_20
125422,0,0,0.0,stratified_80_20
125444,0,0,0.0,stratified_80_20
125447,0,0,0.0,stratified_80_20
125450,0,0,0.0,stratified_80_20
125455,0,0,0.0,stratified_80_20
125457,0,0,0.0,stratified_80_20
125460,0,0,0.0,stratified_80_20
125471,0,0,0.0,stratified_80_20
125472,0,0,0.0,stratified_80_20
125476,0,0,0.0,stratified_80_20
125482,0,0,0.0,stratified_80_20
125485,0,0,0.0,stratified_80_20
125491,0,0,0.0,stratified_80_20
125496,0,0,0.0,stratified_80_20
125502,0,0,0.0,stratified_80_20
125511,0,0,0.0,stratified_80_20
125513,0,0,0.0,stratified_80_20
125517,0,0,0.0,stratified_80_20
125521,0,0,0.0,stratified_80_20
125529,0,0,0.0,stratified_80_20
125533,0,0,0.0,stratified_80_20
125542,0,0,0.0,stratified_80_20
125547,0,0,0.0,stratified_80_20
125548,0,0,0.0,stratified_80_20
125569,0,0,0.0,stratified_80_20
125571,0,0,0.0,stratified_80_20
125573,0,0,0.0,stratified_80_20
125578,0,0,0.0,stratified_80_20
125580,0,0,0.0,stratified_80_20
125585,0,0,0.0,stratified_80_20
125588,0,0,0.0,stratified_80_20
125590,0,0,0.0,stratified_80_20
125592,0,0,0.0,stratified_80_20
125599,0,0,0.0,stratified_80_20
125602,0,0,0.0,stratified_80_20
125604,0,0,0.0,stratified_80_20
125616,0,0,0.0,stratified_80_20
125617,0,0,0.0,stratified_80_20
125630,0,0,0.0,stratified_80_20
125631,0,0,0.0,stratified_80_20
125636,0,0,0.0,stratified_80_20
125640,0,0,0.0,stratified_80_20
125646,0,0,0.0,stratified_80_20
125649,0,0,0.0,stratified_80_20
125652,0,0,0.0,stratified_80_20
125656,0,0,0.0,stratified_80_20
125657,0,0,0.0,stratified_80_20
125658,0,0,0.0,stratified_80_20
125659,0,0,0.0,stratified_80_20
125662,0,0,0.0,stratified_80_20
125665,0,0,0.0,stratified_80_20
125669,0,0,0.0,stratified_80_20
125670,0,0,0.0,stratified_80_20
125676,0,0,0.0,stratified_80_20
125685,0,0,0.0,stratified_80_20
125686,0,0,0.0,stratified_80_20
125688,0,0,0.0,stratified_80_20
125690,0,0,0.0,stratified_80_20
125695,0,0,0.0,stratified_80_20
125703,0,0,0.0,stratified_80_20
125704,0,0,0.0,stratified_80_20
125707,0,0,0.0,stratified_80_20
125708,0,0,0.0,stratified_80_20
125709,0,0,0.0,stratified_80_20
125722,0,0,0.0,stratified_80_20
125725,0,0,0.0,stratified_80_20
125731,0,0,0.0,stratified_80_20
125732,0,0,0.0,stratified_80_20
125733,0,0,0.0,stratified_80_20
125736,0,0,0.0,stratified_80_20
125737,0,0,0.0,stratified_80_20
125744,0,0,0.0,stratified_80_20
125748,0,0,0.0,stratified_80_20
125749,0,0,0.0,stratified_80_20
125763,0,0,0.0,stratified_80_20
125768,0,0,0.0,stratified_80_20
125770,0,0,0.0,stratified_80_20
125775,0,0,0.0,stratified_80_20
125776,0,0,0.0,stratified_80_20
125777,0,0,0.0,stratified_80_20
125790,0,0,0.0,stratified_80_20
125791,0,0,0.0,stratified_80_20
125795,0,0,0.0,stratified_80_20
125796,0,0,0.0,stratified_80_20
125799,0,0,0.0,stratified_80_20
125801,0,0,0.0,stratified_80_20
125811,0,0,0.0,stratified_80_20
125814,0,0,0.0,stratified_80_20
125821,0,0,0.0,stratified_80_20
125822,0,0,0.0,stratified_80_20
125825,0,0,0.0,stratified_80_20
125828,0,0,0.0,stratified_80_20
125829,0,0,0.0,stratified_80_20
125848,0,0,0.0,stratified_80_20
125852,0,0,0.0,stratified_80_20
125853,0,0,0.0,stratified_80_20
125863,0,0,0.0,stratified_80_20
125864,0,0,0.0,stratified_80_20
125871,0,0,0.0,stratified_80_20
125878,0,0,0.0,stratified_80_20
125881,0,0,0.0,stratified_80_20
125893,0,0,0.0,stratified_80_20
125897,0,0,0.0,stratified_80_20
125901,0,0,0.0,stratified_80_20
125905,0,0,0.0,stratified_80_20
125907,0,0,0.0,stratified_80_20
125911,0,0,0.0,stratified_80_20
125913,0,0,0.0,stratified_80_20
125917,0,0,0.0,stratified_80_20
125921,0,0,0.0,stratified_80_20
125927,0,0,0.0,stratified_80_20
125930,0,0,0.0,stratified_80_20
125942,0,0,0.0,stratified_80_20
125946,0,0,0.0,stratified_80_20
125947,0,0,0.0,stratified_80_20
125951,0,0,0.0,stratified_80_20
125959,0,0,0.0,stratified_80_20
125965,0,0,0.0,stratified_80_20
125970,0,0,0.0,stratified_80_20
125982,0,0,0.0,stratified_80_20
125984,0,0,0.0,stratified_80_20
125985,0,0,0.0,stratified_80_20
125986,0,0,0.0,stratified_80_20
125996,0,0,0.0,stratified_80_20
125999,0,0,0.0,stratified_80_20
126001,0,0,0.0,stratified_80_20
126008,0,0,0.0,stratified_80_20
126016,0,0,0.0,stratified_80_20
126025,0,0,0.0,stratified_80_20
126026,0,0,0.0,stratified_80_20
126028,0,0,0.0,stratified_80_20
126029,0,0,0.0,stratified_80_20
126034,0,0,0.0,stratified_80_20
126035,0,0,0.0,stratified_80_20
126039,0,0,0.0,stratified_80_20
126045,0,0,0.0,stratified_80_20
126047,0,0,0.0,stratified_80_20
126048,0,0,0.0,stratified_80_20
126049,0,0,0.0,stratified_80_20
126051,0,0,0.0,stratified_80_20
126056,0,0,0.0,stratified_80_20
126057,0,0,0.0,stratified_80_20
126064,0,0,0.0,stratified_80_20
126067,0,0,0.0,stratified_80_20
126069,0,0,0.0,stratified_80_20
126072,0,0,0.0,stratified_80_20
126082,0,0,0.0,stratified_80_20
126086,0,0,0.0,stratified_80_20
126087,0,0,0.0,stratified_80_20
126089,0,0,0.0,stratified_80_20
126095,0,0,0.0,stratified_80_20
126104,0,0,0.0,stratified_80_20
126106,0,0,0.0,stratified_80_20
126124,0,0,0.0,stratified_80_20
126130,0,0,0.0,stratified_80_20
126131,0,0,0.0,stratified_80_20
126133,0,0,0.0,stratified_80_20
126136,0,0,0.0,stratified_80_20
126147,0,0,0.0,stratified_80_20
126153,0,0,0.0,stratified_80_20
126161,0,0,0.0,stratified_80_20
126162,0,0,0.0,stratified_80_20
126163,0,0,0.0,stratified_80_20
126166,0,0,0.0,stratified_80_20
126169,0,0,0.0,stratified_80_20
126173,0,0,0.0,stratified_80_20
126175,0,0,0.0,stratified_80_20
126178,0,0,0.0,stratified_80_20
126187,0,0,0.0,stratified_80_20
126189,0,0,0.0,stratified_80_20
126190,0,0,0.0,stratified_80_20
126192,0,0,0.0,stratified_80_20
126195,0,0,0.0,stratified_80_20
126205,0,0,0.0,stratified_80_20
126212,0,0,0.0,stratified_80_20
126217,0,0,0.0,stratified_80_20
126225,0,0,0.0,stratified_80_20
126229,0,0,0.0,stratified_80_20
126239,0,0,0.0,stratified_80_20
126240,0,0,0.0,stratified_80_20
126250,0,0,0.0,stratified_80_20
126251,0,0,0.0,stratified_80_20
126259,0,0,0.0,stratified_80_20
126262,0,0,0.0,stratified_80_20
126266,0,0,0.0,stratified_80_20
126270,0,0,0.0,stratified_80_20
126275,0,0,0.0,stratified_80_20
126278,0,0,0.0,stratified_80_20
126286,0,0,0.0,stratified_80_20
126290,0,0,0.0,stratified_80_20
126291,0,0,0.0,stratified_80_20
126292,0,0,0.0,stratified_80_20
126293,0,0,0.0,stratified_80_20
126294,0,0,0.0,stratified_80_20
126298,0,0,0.0,stratified_80_20
126304,0,0,0.0,stratified_80_20
126311,0,0,0.0,stratified_80_20
126327,0,0,0.0,stratified_80_20
126328,0,0,0.0,stratified_80_20
126333,0,0,0.0,stratified_80_20
126334,0,0,0.0,stratified_80_20
126336,0,0,0.0,stratified_80_20
126345,0,0,0.0,stratified_80_20
126346,0,0,0.0,stratified_80_20
126348,0,0,0.0,stratified_80_20
126370,0,0,0.0,stratified_80_20
126377,0,0,0.0,stratified_80_20
126382,0,0,0.0,stratified_80_20
126385,0,0,0.0,stratified_80_20
126419,0,0,0.0,stratified_80_20
126425,0,0,0.0,stratified_80_20
126427,0,0,0.0,stratified_80_20
126435,0,0,0.0,stratified_80_20
126437,0,0,0.0,stratified_80_20
126447,0,0,0.0,stratified_80_20
126469,0,0,0.0,stratified_80_20
126485,0,0,0.0,stratified_80_20
126488,0,0,0.0,stratified_80_20
126494,0,0,0.0,stratified_80_20
126508,0,0,0.0,stratified_80_20
126522,0,0,0.0,stratified_80_20
126524,0,0,0.0,stratified_80_20
126527,0,0,0.0,stratified_80_20
126531,0,0,0.0,stratified_80_20
126533,0,0,0.0,stratified_80_20
126535,0,0,0.0,stratified_80_20
126545,0,0,0.0,stratified_80_20
126559,0,0,0.0,stratified_80_20
126562,0,0,0.0,stratified_80_20
126567,0,0,0.0,stratified_80_20
126569,0,0,0.0,stratified_80_20
126570,0,0,0.0,stratified_80_20
126576,0,0,0.0,stratified_80_20
126578,0,0,0.0,stratified_80_20
126585,0,0,0.0,stratified_80_20
126588,0,0,0.0,stratified_80_20
126602,0,0,0.0,stratified_80_20
126607,0,0,0.0,stratified_80_20
126609,0,0,0.0,stratified_80_20
126610,0,0,0.0,stratified_80_20
126616,0,0,0.0,stratified_80_20
126618,0,0,0.0,stratified_80_20
126628,0,0,0.0,stratified_80_20
126629,0,0,0.0,stratified_80_20
126632,0,0,0.0,stratified_80_20
126633,0,0,0.0,stratified_80_20
126634,0,0,0.0,stratified_80_20
126635,0,0,0.0,stratified_80_20
126639,0,0,0.0,stratified_80_20
126653,0,0,0.0,stratified_80_20
126655,0,0,0.0,stratified_80_20
126656,0,0,0.0,stratified_80_20
126661,0,0,0.0,stratified_80_20
126662,0,0,0.0,stratified_80_20
126672,0,0,0.0,stratified_80_20
126679,0,0,0.0,stratified_80_20
126687,0,0,0.0,stratified_80_20
126688,0,0,0.0,stratified_80_20
126705,0,0,0.0,stratified_80_20
126723,0,0,0.0,stratified_80_20
126732,0,0,0.0,stratified_80_20
126735,0,0,0.0,stratified_80_20
126737,0,0,0.0,stratified_80_20
126746,0,0,0.0,stratified_80_20
126747,0,0,0.0,stratified_80_20
126750,0,0,0.0,stratified_80_20
126751,0,0,0.0,stratified_80_20
126754,0,0,0.0,stratified_80_20
126759,0,0,0.0,stratified_80_20
126772,0,0,0.0,stratified_80_20
126773,0,0,0.0,stratified_80_20
126790,0,0,0.0,stratified_80_20
126800,0,0,0.0,stratified_80_20
126803,0,0,0.0,stratified_80_20
126808,0,0,0.0,stratified_80_20
126809,0,0,0.0,stratified_80_20
126816,0,0,0.0,stratified_80_20
126822,0,0,0.0,stratified_80_20
126828,0,0,0.0,stratified_80_20
126831,0,0,0.0,stratified_80_20
126832,0,0,0.0,stratified_80_20
126835,0,0,0.0,stratified_80_20
126853,0,0,0.0,stratified_80_20
126863,0,0,0.0,stratified_80_20
126864,0,0,0.0,stratified_80_20
126865,0,0,0.0,stratified_80_20
126868,0,0,0.0,stratified_80_20
126879,0,0,0.0,stratified_80_20
126885,0,0,0.0,stratified_80_20
126886,0,0,0.0,stratified_80_20
126888,0,0,0.0,stratified_80_20
126892,0,0,0.0,stratified_80_20
126893,0,0,0.0,stratified_80_20
126895,0,0,0.0,stratified_80_20
126897,0,0,0.0,stratified_80_20
126899,0,0,0.0,stratified_80_20
126900,0,0,0.0,stratified_80_20
126905,0,0,0.0,stratified_80_20
126908,0,0,0.0,stratified_80_20
126916,0,0,0.0,stratified_80_20
126918,0,0,0.0,stratified_80_20
126923,0,0,0.0,stratified_80_20
126932,0,0,0.0,stratified_80_20
126934,0,0,0.0,stratified_80_20
126936,0,0,0.0,stratified_80_20
126937,0,0,0.0,stratified_80_20
126939,0,0,0.0,stratified_80_20
126946,0,0,0.0,stratified_80_20
126965,0,0,0.0,stratified_80_20
126968,0,0,0.0,stratified_80_20
126973,0,0,0.0,stratified_80_20
126974,0,0,0.0,stratified_80_20
126979,0,0,0.0,stratified_80_20
126985,0,0,0.0,stratified_80_20
126992,0,0,0.0,stratified_80_20
127004,0,0,0.0,stratified_80_20
127008,0,0,0.0,stratified_80_20
127039,0,0,0.0,stratified_80_20
127041,0,0,0.0,stratified_80_20
127046,0,0,0.0,stratified_80_20
127048,0,0,0.0,stratified_80_20
127055,0,0,0.0,stratified_80_20
127062,0,0,0.0,stratified_80_20
127067,0,0,0.0,stratified_80_20
127084,0,0,0.0,stratified_80_20
127085,0,0,0.0,stratified_80_20
127090,0,0,0.0,stratified_80_20
127099,0,0,0.0,stratified_80_20
127107,0,0,0.0,stratified_80_20
127108,0,0,0.0,stratified_80_20
127117,0,0,0.0,stratified_80_20
127122,0,0,0.0,stratified_80_20
127123,0,0,0.0,stratified_80_20
127124,0,0,0.0,stratified_80_20
127145,0,0,0.0,stratified_80_20
127146,0,0,0.0,stratified_80_20
127161,0,0,0.0,stratified_80_20
127171,0,0,0.0,stratified_80_20
127172,0,0,0.0,stratified_80_20
127180,0,0,0.0,stratified_80_20
127183,0,0,0.0,stratified_80_20
127188,0,0,0.0,stratified_80_20
127190,0,0,0.0,stratified_80_20
127193,0,0,0.0,stratified_80_20
127194,0,0,0.0,stratified_80_20
127196,0,0,0.0,stratified_80_20
127201,0,0,0.0,stratified_80_20
127202,0,0,0.0,stratified_80_20
127203,0,0,0.0,stratified_80_20
127211,0,0,0.0,stratified_80_20
127214,0,0,0.0,stratified_80_20
127215,0,0,0.0,stratified_80_20
127218,0,0,0.0,stratified_80_20
127228,0,0,0.0,stratified_80_20
127241,0,0,0.0,stratified_80_20
127246,0,0,0.0,stratified_80_20
127250,0,0,0.0,stratified_80_20
127251,0,0,0.0,stratified_80_20
127256,0,0,0.0,stratified_80_20
127258,0,0,0.0,stratified_80_20
127259,0,0,0.0,stratified_80_20
127261,0,0,0.0,stratified_80_20
127262,0,0,0.0,stratified_80_20
127273,0,0,0.0,stratified_80_20
127291,0,0,0.0,stratified_80_20
127292,0,0,0.0,stratified_80_20
127299,0,0,0.0,stratified_80_20
127301,0,0,0.0,stratified_80_20
127305,0,0,0.0,stratified_80_20
127311,0,0,0.0,stratified_80_20
127315,0,0,0.0,stratified_80_20
127324,0,0,0.0,stratified_80_20
127325,0,0,0.0,stratified_80_20
127326,0,0,0.0,stratified_80_20
127327,0,0,0.0,stratified_80_20
127335,0,0,0.0,stratified_80_20
127338,0,0,0.0,stratified_80_20
127339,0,0,0.0,stratified_80_20
127344,0,0,0.0,stratified_80_20
127351,0,0,0.0,stratified_80_20
127366,0,0,0.0,stratified_80_20
127371,0,0,0.0,stratified_80_20
127374,0,0,0.0,stratified_80_20
127375,0,0,0.0,stratified_80_20
127377,0,0,0.0,stratified_80_20
127378,0,0,0.0,stratified_80_20
127380,0,0,0.0,stratified_80_20
127392,0,0,0.0,stratified_80_20
127408,0,0,0.0,stratified_80_20
127409,0,0,0.0,stratified_80_20
127413,0,0,0.0,stratified_80_20
127414,0,0,0.0,stratified_80_20
127418,0,0,0.0,stratified_80_20
127420,0,0,0.0,stratified_80_20
127425,0,0,0.0,stratified_80_20
127427,0,0,0.0,stratified_80_20
127437,0,0,0.0,stratified_80_20
127438,0,0,0.0,stratified_80_20
127445,0,0,0.0,stratified_80_20
127447,0,0,0.0,stratified_80_20
127449,0,0,0.0,stratified_80_20
127450,0,0,0.0,stratified_80_20
127454,0,0,0.0,stratified_80_20
127477,0,0,0.0,stratified_80_20
127479,0,0,0.0,stratified_80_20
127482,0,0,0.0,stratified_80_20
127484,0,0,0.0,stratified_80_20
127486,0,0,0.0,stratified_80_20
127487,0,0,0.0,stratified_80_20
127488,0,0,0.0,stratified_80_20
127490,0,0,0.0,stratified_80_20
127492,0,0,0.0,stratified_80_20
127500,0,0,0.0,stratified_80_20
127507,0,0,0.0,stratified_80_20
127509,0,0,0.0,stratified_80_20
127513,0,0,0.0,stratified_80_20
127514,0,0,0.0,stratified_80_20
127523,0,0,0.0,stratified_80_20
127526,0,0,0.0,stratified_80_20
127534,0,0,0.0,stratified_80_20
127535,0,0,0.0,stratified_80_20
127541,0,0,0.0,stratified_80_20
127545,0,0,0.0,stratified_80_20
127561,0,0,0.0,stratified_80_20
127565,0,0,0.0,stratified_80_20
127572,0,0,0.0,stratified_80_20
127575,0,0,0.0,stratified_80_20
127584,0,0,0.0,stratified_80_20
127586,0,0,0.0,stratified_80_20
127588,0,0,0.0,stratified_80_20
127594,0,0,0.0,stratified_80_20
127596,0,0,0.0,stratified_80_20
127600,0,0,0.0,stratified_80_20
127603,0,0,0.0,stratified_80_20
127610,0,0,0.0,stratified_80_20
127611,0,0,0.0,stratified_80_20
127622,0,0,0.0,stratified_80_20
127635,0,0,0.0,stratified_80_20
127636,0,0,0.0,stratified_80_20
127640,0,0,0.0,stratified_80_20
127645,0,0,0.0,stratified_80_20
127647,0,0,0.0,stratified_80_20
127659,0,0,0.0,stratified_80_20
127660,0,0,0.0,stratified_80_20
127663,0,0,0.0,stratified_80_20
127666,0,0,0.0,stratified_80_20
127673,0,0,0.0,stratified_80_20
127680,0,0,0.0,stratified_80_20
127684,0,0,0.0,stratified_80_20
127685,0,0,0.0,stratified_80_20
127704,0,0,0.0,stratified_80_20
127718,0,0,0.0,stratified_80_20
127727,0,0,0.0,stratified_80_20
127729,0,0,0.0,stratified_80_20
127731,0,0,0.0,stratified_80_20
127737,0,0,0.0,stratified_80_20
127741,0,0,0.0,stratified_80_20
127744,0,0,0.0,stratified_80_20
127748,0,0,0.0,stratified_80_20
127751,0,0,0.0,stratified_80_20
127752,0,0,0.0,stratified_80_20
127754,0,0,0.0,stratified_80_20
127755,0,0,0.0,stratified_80_20
127756,0,0,0.0,stratified_80_20
127758,0,0,0.0,stratified_80_20
127767,0,0,0.0,stratified_80_20
127772,0,0,0.0,stratified_80_20
127774,0,0,0.0,stratified_80_20
127787,0,0,0.0,stratified_80_20
127792,0,0,0.0,stratified_80_20
127796,0,0,0.0,stratified_80_20
127802,0,0,0.0,stratified_80_20
127816,0,0,0.0,stratified_80_20
127818,0,0,0.0,stratified_80_20
127820,0,0,0.0,stratified_80_20
127825,0,0,0.0,stratified_80_20
127832,0,0,0.0,stratified_80_20
127838,0,0,0.0,stratified_80_20
127839,0,0,0.0,stratified_80_20
127845,0,0,0.0,stratified_80_20
127848,0,0,0.0,stratified_80_20
127851,0,0,0.0,stratified_80_20
127856,0,0,0.0,stratified_80_20
127864,0,0,0.0,stratified_80_20
127866,0,0,0.0,stratified_80_20
127870,0,0,0.0,stratified_80_20
127872,0,0,0.0,stratified_80_20
127875,0,0,0.0,stratified_80_20
127879,0,0,0.0,stratified_80_20
127891,0,0,0.0,stratified_80_20
127895,0,0,0.0,stratified_80_20
127896,0,0,0.0,stratified_80_20
127899,0,0,0.0,stratified_80_20
127904,0,0,0.0,stratified_80_20
127909,0,0,0.0,stratified_80_20
127910,0,0,0.0,stratified_80_20
127911,0,0,0.0,stratified_80_20
127918,0,0,0.0,stratified_80_20
127951,0,0,0.0,stratified_80_20
127955,0,0,0.0,stratified_80_20
127959,0,0,0.0,stratified_80_20
127962,0,0,0.0,stratified_80_20
127965,0,0,0.0,stratified_80_20
127969,0,0,0.0,stratified_80_20
127973,0,0,0.0,stratified_80_20
127981,0,0,0.0,stratified_80_20
127983,0,0,0.0,stratified_80_20
127995,0,0,0.0,stratified_80_20
127999,0,0,0.0,stratified_80_20
128007,0,0,0.0,stratified_80_20
128008,0,0,0.0,stratified_80_20
128019,0,0,0.0,stratified_80_20
128020,0,0,0.0,stratified_80_20
128021,0,0,0.0,stratified_80_20
128023,0,0,0.0,stratified_80_20
128024,0,0,0.0,stratified_80_20
128027,0,0,0.0,stratified_80_20
128033,0,0,0.0,stratified_80_20
128038,0,0,0.0,stratified_80_20
128039,0,0,0.0,stratified_80_20
128050,0,0,0.0,stratified_80_20
128051,0,0,0.0,stratified_80_20
128053,0,0,0.0,stratified_80_20
128074,0,0,0.0,stratified_80_20
128075,0,0,0.0,stratified_80_20
128082,0,0,0.0,stratified_80_20
128083,0,0,0.0,stratified_80_20
128085,0,0,0.0,stratified_80_20
128086,0,0,0.0,stratified_80_20
128102,0,0,0.0,stratified_80_20
128109,0,0,0.0,stratified_80_20
128116,0,0,0.0,stratified_80_20
128117,0,0,0.0,stratified_80_20
128119,0,0,0.0,stratified_80_20
128124,0,0,0.0,stratified_80_20
128125,0,0,0.0,stratified_80_20
128127,0,0,0.0,stratified_80_20
128130,0,0,0.0,stratified_80_20
128141,0,0,0.0,stratified_80_20
128149,0,0,0.0,stratified_80_20
128161,0,0,0.0,stratified_80_20
128172,0,0,0.0,stratified_80_20
128173,0,0,0.0,stratified_80_20
128187,0,0,0.0,stratified_80_20
128194,0,0,0.0,stratified_80_20
128201,0,0,0.0,stratified_80_20
128210,0,0,0.0,stratified_80_20
128212,0,0,0.0,stratified_80_20
128213,0,0,0.0,stratified_80_20
128223,0,0,0.0,stratified_80_20
128228,0,0,0.0,stratified_80_20
128231,0,0,0.0,stratified_80_20
128239,0,0,0.0,stratified_80_20
128246,0,0,0.0,stratified_80_20
128248,0,0,0.0,stratified_80_20
128251,0,0,0.0,stratified_80_20
128252,0,0,0.0,stratified_80_20
128256,0,0,0.0,stratified_80_20
128260,0,0,0.0,stratified_80_20
128261,0,0,0.0,stratified_80_20
128263,0,0,0.0,stratified_80_20
128265,0,0,0.0,stratified_80_20
128268,0,0,0.0,stratified_80_20
128269,0,0,0.0,stratified_80_20
128281,0,0,0.0,stratified_80_20
128287,0,0,0.0,stratified_80_20
128288,0,0,0.0,stratified_80_20
128305,0,0,0.0,stratified_80_20
128314,0,0,0.0,stratified_80_20
128316,0,0,0.0,stratified_80_20
128317,0,0,0.0,stratified_80_20
128324,0,0,0.0,stratified_80_20
128326,0,0,0.0,stratified_80_20
128328,0,0,0.0,stratified_80_20
128329,0,0,0.0,stratified_80_20
128332,0,0,0.0,stratified_80_20
128338,0,0,0.0,stratified_80_20
128347,0,0,0.0,stratified_80_20
128348,0,0,0.0,stratified_80_20
128349,0,0,0.0,stratified_80_20
128354,0,0,0.0,stratified_80_20
128356,0,0,0.0,stratified_80_20
128361,0,0,0.0,stratified_80_20
128364,0,0,0.0,stratified_80_20
128369,0,0,0.0,stratified_80_20
128372,0,0,0.0,stratified_80_20
128373,0,0,0.0,stratified_80_20
128378,0,0,0.0,stratified_80_20
128387,0,0,0.0,stratified_80_20
128391,0,0,0.0,stratified_80_20
128393,0,0,0.0,stratified_80_20
128394,0,0,0.0,stratified_80_20
128400,0,0,0.0,stratified_80_20
128401,0,0,0.0,stratified_80_20
128405,0,0,0.0,stratified_80_20
128408,0,0,0.0,stratified_80_20
128423,0,0,0.0,stratified_80_20
128424,0,0,0.0,stratified_80_20
128429,0,0,0.0,stratified_80_20
128430,0,0,0.0,stratified_80_20
128435,0,0,0.0,stratified_80_20
128440,0,0,0.0,stratified_80_20
128447,0,0,0.0,stratified_80_20
128452,0,0,0.0,stratified_80_20
128461,0,0,0.0,stratified_80_20
128463,0,0,0.0,stratified_80_20
128466,0,0,0.0,stratified_80_20
128468,0,0,0.0,stratified_80_20
128471,0,0,0.0,stratified_80_20
128479,0,0,0.0,stratified_80_20
128481,0,0,0.0,stratified_80_20
128488,0,0,0.0,stratified_80_20
128493,0,0,0.0,stratified_80_20
128501,0,0,0.0,stratified_80_20
128509,0,0,0.0,stratified_80_20
128515,0,0,0.0,stratified_80_20
128520,0,0,0.0,stratified_80_20
128527,0,0,0.0,stratified_80_20
128537,0,0,0.0,stratified_80_20
128541,0,0,0.0,stratified_80_20
128546,0,0,0.0,stratified_80_20
128560,0,0,0.0,stratified_80_20
128564,0,0,0.0,stratified_80_20
128568,0,0,0.0,stratified_80_20
128575,0,0,0.0,stratified_80_20
128577,0,0,0.0,stratified_80_20
128585,0,0,0.0,stratified_80_20
128593,0,0,0.0,stratified_80_20
128594,0,0,0.0,stratified_80_20
128601,0,0,0.0,stratified_80_20
128605,0,0,0.0,stratified_80_20
128617,0,0,0.0,stratified_80_20
128618,0,0,0.0,stratified_80_20
128620,0,0,0.0,stratified_80_20
128629,0,0,0.0,stratified_80_20
128635,0,0,0.0,stratified_80_20
128637,0,0,0.0,stratified_80_20
128649,0,0,0.0,stratified_80_20
128652,0,0,0.0,stratified_80_20
128654,0,0,0.0,stratified_80_20
128659,0,0,0.0,stratified_80_20
128660,0,0,0.0,stratified_80_20
128663,0,0,0.0,stratified_80_20
128664,0,0,0.0,stratified_80_20
128668,0,0,0.0,stratified_80_20
128670,0,0,0.0,stratified_80_20
128674,0,0,0.0,stratified_80_20
128679,0,0,0.0,stratified_80_20
128682,0,0,0.0,stratified_80_20
128694,0,0,0.0,stratified_80_20
128695,0,0,0.0,stratified_80_20
128697,0,0,0.0,stratified_80_20
128702,0,0,0.0,stratified_80_20
128704,0,0,0.0,stratified_80_20
128706,0,0,0.0,stratified_80_20
128708,0,0,0.0,stratified_80_20
128716,0,0,0.0,stratified_80_20
128719,0,0,0.0,stratified_80_20
128722,0,0,0.0,stratified_80_20
128727,0,0,0.0,stratified_80_20
128729,0,0,0.0,stratified_80_20
128730,0,0,0.0,stratified_80_20
128738,0,0,0.0,stratified_80_20
128739,0,0,0.0,stratified_80_20
128741,0,0,0.0,stratified_80_20
128750,0,0,0.0,stratified_80_20
128753,0,0,0.0,stratified_80_20
128757,0,0,0.0,stratified_80_20
128764,0,0,0.0,stratified_80_20
128767,0,0,0.0,stratified_80_20
128771,0,0,0.0,stratified_80_20
128780,0,0,0.0,stratified_80_20
128781,0,0,0.0,stratified_80_20
128782,0,0,0.0,stratified_80_20
128783,0,0,0.0,stratified_80_20
128786,0,0,0.0,stratified_80_20
128792,0,0,0.0,stratified_80_20
128794,0,0,0.0,stratified_80_20
128802,0,0,0.0,stratified_80_20
128804,0,0,0.0,stratified_80_20
128809,0,0,0.0,stratified_80_20
128810,0,0,0.0,stratified_80_20
128811,0,0,0.0,stratified_80_20
128812,0,0,0.0,stratified_80_20
128815,0,0,0.0,stratified_80_20
128818,0,0,0.0,stratified_80_20
128821,0,0,0.0,stratified_80_20
128824,0,0,0.0,stratified_80_20
128830,0,0,0.0,stratified_80_20
128834,0,0,0.0,stratified_80_20
128848,0,0,0.0,stratified_80_20
128850,0,0,0.0,stratified_80_20
128871,0,0,0.0,stratified_80_20
128875,0,0,0.0,stratified_80_20
128880,0,0,0.0,stratified_80_20
128889,0,0,0.0,stratified_80_20
128893,0,0,0.0,stratified_80_20
128898,0,0,0.0,stratified_80_20
128899,0,0,0.0,stratified_80_20
128901,0,0,0.0,stratified_80_20
128931,0,0,0.0,stratified_80_20
128947,0,0,0.0,stratified_80_20
128955,0,0,0.0,stratified_80_20
128961,0,0,0.0,stratified_80_20
128967,0,0,0.0,stratified_80_20
128970,0,0,0.0,stratified_80_20
128984,0,0,0.0,stratified_80_20
128986,0,0,0.0,stratified_80_20
128988,0,0,0.0,stratified_80_20
128990,0,0,0.0,stratified_80_20
128997,0,0,0.0,stratified_80_20
129013,0,0,0.0,stratified_80_20
129019,0,0,0.0,stratified_80_20
129020,0,0,0.0,stratified_80_20
129028,0,0,0.0,stratified_80_20
129033,0,0,0.0,stratified_80_20
129035,0,0,0.0,stratified_80_20
129040,0,0,0.0,stratified_80_20
129042,0,0,0.0,stratified_80_20
129043,0,0,0.0,stratified_80_20
129049,0,0,0.0,stratified_80_20
129052,0,0,0.0,stratified_80_20
129056,0,0,0.0,stratified_80_20
129066,0,0,0.0,stratified_80_20
129069,0,0,0.0,stratified_80_20
129071,0,0,0.0,stratified_80_20
129077,0,0,0.0,stratified_80_20
129079,0,0,0.0,stratified_80_20
129084,0,0,0.0,stratified_80_20
129086,0,0,0.0,stratified_80_20
129087,0,0,0.0,stratified_80_20
129089,0,0,0.0,stratified_80_20
129092,0,0,0.0,stratified_80_20
129095,0,0,0.0,stratified_80_20
129097,0,0,0.0,stratified_80_20
129103,0,0,0.0,stratified_80_20
129107,0,0,0.0,stratified_80_20
129109,0,0,0.0,stratified_80_20
129110,0,0,0.0,stratified_80_20
129135,0,0,0.0,stratified_80_20
129146,0,0,0.0,stratified_80_20
129153,0,0,0.0,stratified_80_20
129155,0,0,0.0,stratified_80_20
129156,0,0,0.0,stratified_80_20
129160,0,0,0.0,stratified_80_20
129161,0,0,0.0,stratified_80_20
129163,0,0,0.0,stratified_80_20
129168,0,0,0.0,stratified_80_20
129171,0,0,0.0,stratified_80_20
129181,0,0,0.0,stratified_80_20
129186,0,0,0.0,stratified_80_20
129193,0,0,0.0,stratified_80_20
129195,0,0,0.0,stratified_80_20
129196,0,0,0.0,stratified_80_20
129198,0,0,0.0,stratified_80_20
129200,0,0,0.0,stratified_80_20
129213,0,0,0.0,stratified_80_20
129218,0,0,0.0,stratified_80_20
129219,0,0,0.0,stratified_80_20
129220,0,0,0.0,stratified_80_20
129222,0,0,0.0,stratified_80_20
129223,0,0,0.0,stratified_80_20
129227,0,0,0.0,stratified_80_20
129229,0,0,0.0,stratified_80_20
129236,0,0,0.0,stratified_80_20
129238,0,0,0.0,stratified_80_20
129247,0,0,0.0,stratified_80_20
129250,0,0,0.0,stratified_80_20
129252,0,0,0.0,stratified_80_20
129254,0,0,0.0,stratified_80_20
129259,0,0,0.0,stratified_80_20
129261,0,0,0.0,stratified_80_20
129263,0,0,0.0,stratified_80_20
129271,0,0,0.0,stratified_80_20
129276,0,0,0.0,stratified_80_20
129298,0,0,0.0,stratified_80_20
129302,0,0,0.0,stratified_80_20
129307,0,0,0.0,stratified_80_20
129312,0,0,0.0,stratified_80_20
129314,0,0,0.0,stratified_80_20
129319,0,0,0.0,stratified_80_20
129321,0,0,0.0,stratified_80_20
129328,0,0,0.0,stratified_80_20
129346,0,0,0.0,stratified_80_20
129354,0,0,0.0,stratified_80_20
129358,0,0,0.0,stratified_80_20
129361,0,0,0.0,stratified_80_20
129379,0,0,0.0,stratified_80_20
129380,0,0,0.0,stratified_80_20
129383,0,0,0.0,stratified_80_20
129385,0,0,0.0,stratified_80_20
129388,0,0,0.0,stratified_80_20
129399,0,0,0.0,stratified_80_20
129406,0,0,0.0,stratified_80_20
129416,0,0,0.0,stratified_80_20
129419,0,0,0.0,stratified_80_20
129422,0,0,0.0,stratified_80_20
129431,0,0,0.0,stratified_80_20
129439,0,0,0.0,stratified_80_20
129456,0,0,0.0,stratified_80_20
129460,0,0,0.0,stratified_80_20
129461,0,0,0.0,stratified_80_20
129463,0,0,0.0,stratified_80_20
129465,0,0,0.0,stratified_80_20
129471,0,0,0.0,stratified_80_20
129476,0,0,0.0,stratified_80_20
129479,0,0,0.0,stratified_80_20
129480,0,0,0.0,stratified_80_20
129484,0,0,0.0,stratified_80_20
129487,0,0,0.0,stratified_80_20
129488,0,0,0.0,stratified_80_20
129490,0,0,0.0,stratified_80_20
129509,0,0,0.0,stratified_80_20
129523,0,0,0.0,stratified_80_20
129526,0,0,0.0,stratified_80_20
129539,0,0,0.0,stratified_80_20
129545,0,0,0.0,stratified_80_20
129548,0,0,0.0,stratified_80_20
129551,0,0,0.0,stratified_80_20
129554,0,0,0.0,stratified_80_20
129559,0,0,0.0,stratified_80_20
129562,0,0,0.0,stratified_80_20
129565,0,0,0.0,stratified_80_20
129570,0,0,0.0,stratified_80_20
129571,0,0,0.0,stratified_80_20
129572,0,0,0.0,stratified_80_20
129583,0,0,0.0,stratified_80_20
129584,0,0,0.0,stratified_80_20
129588,0,0,0.0,stratified_80_20
129597,0,0,0.0,stratified_80_20
129599,0,0,0.0,stratified_80_20
129605,0,0,0.0,stratified_80_20
129607,0,0,0.0,stratified_80_20
129610,0,0,0.0,stratified_80_20
129613,0,0,0.0,stratified_80_20
129618,0,0,0.0,stratified_80_20
129620,0,0,0.0,stratified_80_20
129625,0,0,0.0,stratified_80_20
129627,0,0,0.0,stratified_80_20
129634,0,0,0.0,stratified_80_20
129640,0,0,0.0,stratified_80_20
129648,0,0,0.0,stratified_80_20
129649,0,0,0.0,stratified_80_20
129651,0,0,0.0,stratified_80_20
129654,0,0,0.0,stratified_80_20
129655,0,0,0.0,stratified_80_20
129671,0,0,0.0,stratified_80_20
129676,0,0,0.0,stratified_80_20
129678,0,0,0.0,stratified_80_20
129682,0,0,0.0,stratified_80_20
129688,0,0,0.0,stratified_80_20
129690,0,0,0.0,stratified_80_20
129697,0,0,0.0,stratified_80_20
129699,0,0,0.0,stratified_80_20
129700,0,0,0.0,stratified_80_20
129704,0,0,0.0,stratified_80_20
129711,0,0,0.0,stratified_80_20
129713,0,0,0.0,stratified_80_20
129726,0,0,0.0,stratified_80_20
129729,0,0,0.0,stratified_80_20
129743,0,0,0.0,stratified_80_20
129755,0,0,0.0,stratified_80_20
129770,0,0,0.0,stratified_80_20
129771,0,0,0.0,stratified_80_20
129784,0,0,0.0,stratified_80_20
129787,0,0,0.0,stratified_80_20
129789,0,0,0.0,stratified_80_20
129810,0,0,0.0,stratified_80_20
129814,0,0,0.0,stratified_80_20
129816,0,0,0.0,stratified_80_20
129830,0,0,0.0,stratified_80_20
129832,0,0,0.0,stratified_80_20
129835,0,0,0.0,stratified_80_20
129838,0,0,0.0,stratified_80_20
129847,0,0,0.0,stratified_80_20
129856,0,0,0.0,stratified_80_20
129858,0,0,0.0,stratified_80_20
129872,0,0,0.0,stratified_80_20
129875,0,0,0.0,stratified_80_20
129877,0,0,0.0,stratified_80_20
129885,0,0,0.0,stratified_80_20
129887,0,0,0.0,stratified_80_20
129899,0,0,0.0,stratified_80_20
129902,0,0,0.0,stratified_80_20
129905,0,0,0.0,stratified_80_20
129910,0,0,0.0,stratified_80_20
129911,0,0,0.0,stratified_80_20
129912,0,0,0.0,stratified_80_20
129915,0,0,0.0,stratified_80_20
129919,0,0,0.0,stratified_80_20
129923,0,0,0.0,stratified_80_20
129925,0,0,0.0,stratified_80_20
129927,0,0,0.0,stratified_80_20
129932,0,0,0.0,stratified_80_20
129935,0,0,0.0,stratified_80_20
129941,0,0,0.0,stratified_80_20
129942,0,0,0.0,stratified_80_20
129946,0,0,0.0,stratified_80_20
129950,0,0,0.0,stratified_80_20
129952,0,0,0.0,stratified_80_20
129960,0,0,0.0,stratified_80_20
129961,0,0,0.0,stratified_80_20
129963,0,0,0.0,stratified_80_20
129964,0,0,0.0,stratified_80_20
129968,0,0,0.0,stratified_80_20
129972,0,0,0.0,stratified_80_20
129976,0,0,0.0,stratified_80_20
129980,0,0,0.0,stratified_80_20
129982,0,0,0.0,stratified_80_20
129983,0,0,0.0,stratified_80_20
129988,0,0,0.0,stratified_80_20
129995,0,0,0.0,stratified_80_20
129998,0,0,0.0,stratified_80_20
129999,0,0,0.0,stratified_80_20
130004,0,0,0.0,stratified_80_20
130007,0,0,0.0,stratified_80_20
130009,0,0,0.0,stratified_80_20
130017,0,0,0.0,stratified_80_20
130018,0,0,0.0,stratified_80_20
130025,0,0,0.0,stratified_80_20
130029,0,0,0.0,stratified_80_20
130030,0,0,0.0,stratified_80_20
130035,0,0,0.0,stratified_80_20
130040,0,0,0.0,stratified_80_20
130058,0,0,0.0,stratified_80_20
130069,0,0,0.0,stratified_80_20
130083,0,0,0.0,stratified_80_20
130091,0,0,0.0,stratified_80_20
130094,0,0,0.0,stratified_80_20
130099,0,0,0.0,stratified_80_20
130105,0,0,0.0,stratified_80_20
130108,0,0,0.0,stratified_80_20
130115,0,0,0.0,stratified_80_20
130117,0,0,0.0,stratified_80_20
130119,0,0,0.0,stratified_80_20
130122,0,0,0.0,stratified_80_20
130136,0,0,0.0,stratified_80_20
130139,0,0,0.0,stratified_80_20
130147,0,0,0.0,stratified_80_20
130149,0,0,0.0,stratified_80_20
130152,0,0,0.0,stratified_80_20
130155,0,0,0.0,stratified_80_20
130158,0,0,0.0,stratified_80_20
130166,0,0,0.0,stratified_80_20
130167,0,0,0.0,stratified_80_20
130169,0,0,0.0,stratified_80_20
130171,0,0,0.0,stratified_80_20
130174,0,0,0.0,stratified_80_20
130183,0,0,0.0,stratified_80_20
130185,0,0,0.0,stratified_80_20
130193,0,0,0.0,stratified_80_20
130197,0,0,0.0,stratified_80_20
130221,0,0,0.0,stratified_80_20
130222,0,0,0.0,stratified_80_20
130226,0,0,0.0,stratified_80_20
130228,0,0,0.0,stratified_80_20
130235,0,0,0.0,stratified_80_20
130243,0,0,0.0,stratified_80_20
130258,0,0,0.0,stratified_80_20
130264,0,0,0.0,stratified_80_20
130271,0,0,0.0,stratified_80_20
130276,0,0,0.0,stratified_80_20
130278,0,0,0.0,stratified_80_20
130284,0,0,0.0,stratified_80_20
130293,0,0,0.0,stratified_80_20
130294,0,0,0.0,stratified_80_20
130303,0,0,0.0,stratified_80_20
130304,0,0,0.0,stratified_80_20
130318,0,0,0.0,stratified_80_20
130326,0,0,0.0,stratified_80_20
130327,0,0,0.0,stratified_80_20
130330,0,0,0.0,stratified_80_20
130337,0,0,0.0,stratified_80_20
130342,0,0,0.0,stratified_80_20
130343,0,0,0.0,stratified_80_20
130345,0,0,0.0,stratified_80_20
130346,0,0,0.0,stratified_80_20
130358,0,0,0.0,stratified_80_20
130360,0,0,0.0,stratified_80_20
130366,0,0,0.0,stratified_80_20
130367,0,0,0.0,stratified_80_20
130370,0,0,0.0,stratified_80_20
130378,0,0,0.0,stratified_80_20
130379,0,0,0.0,stratified_80_20
130382,0,0,0.0,stratified_80_20
130384,0,0,0.0,stratified_80_20
130386,0,0,0.0,stratified_80_20
130388,0,0,0.0,stratified_80_20
130399,0,0,0.0,stratified_80_20
130402,0,0,0.0,stratified_80_20
130407,0,0,0.0,stratified_80_20
130416,0,0,0.0,stratified_80_20
130419,0,0,0.0,stratified_80_20
130428,0,0,0.0,stratified_80_20
130430,0,0,0.0,stratified_80_20
130435,0,0,0.0,stratified_80_20
130445,0,0,0.0,stratified_80_20
130453,0,0,0.0,stratified_80_20
130462,0,0,0.0,stratified_80_20
130464,0,0,0.0,stratified_80_20
130465,0,0,0.0,stratified_80_20
130469,0,0,0.0,stratified_80_20
130472,0,0,0.0,stratified_80_20
130473,0,0,0.0,stratified_80_20
130478,0,0,0.0,stratified_80_20
130488,0,0,0.0,stratified_80_20
130492,0,0,0.0,stratified_80_20
130495,0,0,0.0,stratified_80_20
130504,0,0,0.0,stratified_80_20
130506,0,0,0.0,stratified_80_20
130510,0,0,0.0,stratified_80_20
130517,0,0,0.0,stratified_80_20
130533,0,0,0.0,stratified_80_20
130538,0,0,0.0,stratified_80_20
130542,0,0,0.0,stratified_80_20
130544,0,0,0.0,stratified_80_20
130548,0,0,0.0,stratified_80_20
130549,0,0,0.0,stratified_80_20
130555,0,0,0.0,stratified_80_20
130556,0,0,0.0,stratified_80_20
130561,0,0,0.0,stratified_80_20
130577,0,0,0.0,stratified_80_20
130583,0,0,0.0,stratified_80_20
130589,0,0,0.0,stratified_80_20
130599,0,0,0.0,stratified_80_20
130602,0,0,0.0,stratified_80_20
130609,0,0,0.0,stratified_80_20
130616,0,0,0.0,stratified_80_20
130619,0,0,0.0,stratified_80_20
130620,0,0,0.0,stratified_80_20
130627,0,0,0.0,stratified_80_20
130629,0,0,0.0,stratified_80_20
130631,0,0,0.0,stratified_80_20
130634,0,0,0.0,stratified_80_20
130646,0,0,0.0,stratified_80_20
130652,0,0,0.0,stratified_80_20
130664,0,0,0.0,stratified_80_20
130665,0,0,0.0,stratified_80_20
130670,0,0,0.0,stratified_80_20
130673,0,0,0.0,stratified_80_20
130678,0,0,0.0,stratified_80_20
130683,0,0,0.0,stratified_80_20
130688,0,0,0.0,stratified_80_20
130689,0,0,0.0,stratified_80_20
130690,0,0,0.0,stratified_80_20
130691,0,0,0.0,stratified_80_20
130692,0,0,0.0,stratified_80_20
130696,0,0,0.0,stratified_80_20
130698,0,0,0.0,stratified_80_20
130700,0,0,0.0,stratified_80_20
130704,0,0,0.0,stratified_80_20
130707,0,0,0.0,stratified_80_20
130710,0,0,0.0,stratified_80_20
130712,0,0,0.0,stratified_80_20
130716,0,0,0.0,stratified_80_20
130727,0,0,0.0,stratified_80_20
130730,0,0,0.0,stratified_80_20
130731,0,0,0.0,stratified_80_20
130740,0,0,0.0,stratified_80_20
130746,0,0,0.0,stratified_80_20
130757,0,0,0.0,stratified_80_20
130764,0,0,0.0,stratified_80_20
130767,0,0,0.0,stratified_80_20
130768,0,0,0.0,stratified_80_20
130770,0,0,0.0,stratified_80_20
130784,0,0,0.0,stratified_80_20
130789,0,0,0.0,stratified_80_20
130790,0,0,0.0,stratified_80_20
130793,0,0,0.0,stratified_80_20
130795,0,0,0.0,stratified_80_20
130800,0,0,0.0,stratified_80_20
130802,0,0,0.0,stratified_80_20
130804,0,0,0.0,stratified_80_20
130814,0,0,0.0,stratified_80_20
130831,0,0,0.0,stratified_80_20
130837,0,0,0.0,stratified_80_20
130842,0,0,0.0,stratified_80_20
130844,0,0,0.0,stratified_80_20
130846,0,0,0.0,stratified_80_20
130848,0,0,0.0,stratified_80_20
130851,0,0,0.0,stratified_80_20
130856,0,0,0.0,stratified_80_20
130857,0,0,0.0,stratified_80_20
130859,0,0,0.0,stratified_80_20
130863,0,0,0.0,stratified_80_20
130866,0,0,0.0,stratified_80_20
130875,0,0,0.0,stratified_80_20
130884,0,0,0.0,stratified_80_20
130890,0,0,0.0,stratified_80_20
130891,0,0,0.0,stratified_80_20
130895,0,0,0.0,stratified_80_20
130896,0,0,0.0,stratified_80_20
130905,0,0,0.0,stratified_80_20
130908,0,0,0.0,stratified_80_20
130909,0,0,0.0,stratified_80_20
130913,0,0,0.0,stratified_80_20
130915,0,0,0.0,stratified_80_20
130926,0,0,0.0,stratified_80_20
130942,0,0,0.0,stratified_80_20
130944,0,0,0.0,stratified_80_20
130947,0,0,0.0,stratified_80_20
130955,0,0,0.0,stratified_80_20
130961,0,0,0.0,stratified_80_20
130962,0,0,0.0,stratified_80_20
130965,0,0,0.0,stratified_80_20
130973,0,0,0.0,stratified_80_20
130974,0,0,0.0,stratified_80_20
130986,0,0,0.0,stratified_80_20
130996,0,0,0.0,stratified_80_20
131013,0,0,0.0,stratified_80_20
131014,0,0,0.0,stratified_80_20
131019,0,0,0.0,stratified_80_20
131028,0,0,0.0,stratified_80_20
131038,0,0,0.0,stratified_80_20
131040,0,0,0.0,stratified_80_20
131046,0,0,0.0,stratified_80_20
131054,0,0,0.0,stratified_80_20
131061,0,0,0.0,stratified_80_20
131062,0,0,0.0,stratified_80_20
131069,0,0,0.0,stratified_80_20
131072,0,0,0.0,stratified_80_20
131073,0,0,0.0,stratified_80_20
131084,0,0,0.0,stratified_80_20
131087,0,0,0.0,stratified_80_20
131098,0,0,0.0,stratified_80_20
131099,0,0,0.0,stratified_80_20
131101,0,0,0.0,stratified_80_20
131113,0,0,0.0,stratified_80_20
131122,0,0,0.0,stratified_80_20
131128,0,0,0.0,stratified_80_20
131131,0,0,0.0,stratified_80_20
131132,0,0,0.0,stratified_80_20
131143,0,0,0.0,stratified_80_20
131153,0,0,0.0,stratified_80_20
131159,0,0,0.0,stratified_80_20
131166,0,0,0.0,stratified_80_20
131169,0,0,0.0,stratified_80_20
131170,0,0,0.0,stratified_80_20
131176,0,0,0.0,stratified_80_20
131179,0,0,0.0,stratified_80_20
131189,0,0,0.0,stratified_80_20
131193,0,0,0.0,stratified_80_20
131195,0,0,0.0,stratified_80_20
131198,0,0,0.0,stratified_80_20
131204,0,0,0.0,stratified_80_20
131208,0,0,0.0,stratified_80_20
131210,0,0,0.0,stratified_80_20
131219,0,0,0.0,stratified_80_20
131220,0,0,0.0,stratified_80_20
131222,0,0,0.0,stratified_80_20
131227,0,0,0.0,stratified_80_20
131231,0,0,0.0,stratified_80_20
131232,0,0,0.0,stratified_80_20
131236,0,0,0.0,stratified_80_20
131239,0,0,0.0,stratified_80_20
131240,0,0,0.0,stratified_80_20
131256,0,0,0.0,stratified_80_20
131261,0,0,0.0,stratified_80_20
131267,0,0,0.0,stratified_80_20
131275,0,0,0.0,stratified_80_20
131278,0,0,0.0,stratified_80_20
131280,0,0,0.0,stratified_80_20
131285,0,0,0.0,stratified_80_20
131287,0,0,0.0,stratified_80_20
131293,0,0,0.0,stratified_80_20
131296,0,0,0.0,stratified_80_20
131297,0,0,0.0,stratified_80_20
131298,0,0,0.0,stratified_80_20
131300,0,0,0.0,stratified_80_20
131302,0,0,0.0,stratified_80_20
131305,0,0,0.0,stratified_80_20
131306,0,0,0.0,stratified_80_20
131318,0,0,0.0,stratified_80_20
131319,0,0,0.0,stratified_80_20
131320,0,0,0.0,stratified_80_20
131321,0,0,0.0,stratified_80_20
131324,0,0,0.0,stratified_80_20
131331,0,0,0.0,stratified_80_20
131339,0,0,0.0,stratified_80_20
131346,0,0,0.0,stratified_80_20
131349,0,0,0.0,stratified_80_20
131359,0,0,0.0,stratified_80_20
131360,0,0,0.0,stratified_80_20
131364,0,0,0.0,stratified_80_20
131365,0,0,0.0,stratified_80_20
131366,0,0,0.0,stratified_80_20
131369,0,0,0.0,stratified_80_20
131373,0,0,0.0,stratified_80_20
131380,0,0,0.0,stratified_80_20
131381,0,0,0.0,stratified_80_20
131384,0,0,0.0,stratified_80_20
131394,0,0,0.0,stratified_80_20
131396,0,0,0.0,stratified_80_20
131399,0,0,0.0,stratified_80_20
131400,0,0,0.0,stratified_80_20
131417,0,0,0.0,stratified_80_20
131425,0,0,0.0,stratified_80_20
131438,0,0,0.0,stratified_80_20
131447,0,0,0.0,stratified_80_20
131450,0,0,0.0,stratified_80_20
131458,0,0,0.0,stratified_80_20
131462,0,0,0.0,stratified_80_20
131463,0,0,0.0,stratified_80_20
131466,0,0,0.0,stratified_80_20
131468,0,0,0.0,stratified_80_20
131469,0,0,0.0,stratified_80_20
131480,0,0,0.0,stratified_80_20
131497,0,0,0.0,stratified_80_20
131499,0,0,0.0,stratified_80_20
131512,0,0,0.0,stratified_80_20
131521,0,0,0.0,stratified_80_20
131529,0,0,0.0,stratified_80_20
131550,0,0,0.0,stratified_80_20
131563,0,0,0.0,stratified_80_20
131567,0,0,0.0,stratified_80_20
131574,0,0,0.0,stratified_80_20
131584,0,0,0.0,stratified_80_20
131589,0,0,0.0,stratified_80_20
131606,0,0,0.0,stratified_80_20
131609,0,0,0.0,stratified_80_20
131613,0,0,0.0,stratified_80_20
131619,0,0,0.0,stratified_80_20
131627,0,0,0.0,stratified_80_20
131628,0,0,0.0,stratified_80_20
131630,0,0,0.0,stratified_80_20
131633,0,0,0.0,stratified_80_20
131635,0,0,0.0,stratified_80_20
131640,0,0,0.0,stratified_80_20
131646,0,0,0.0,stratified_80_20
131650,0,0,0.0,stratified_80_20
131653,0,0,0.0,stratified_80_20
131657,0,0,0.0,stratified_80_20
131662,0,0,0.0,stratified_80_20
131671,0,0,0.0,stratified_80_20
131679,0,0,0.0,stratified_80_20
131683,0,0,0.0,stratified_80_20
131684,0,0,0.0,stratified_80_20
131690,0,0,0.0,stratified_80_20
131701,0,0,0.0,stratified_80_20
131703,0,0,0.0,stratified_80_20
131704,0,0,0.0,stratified_80_20
131707,0,0,0.0,stratified_80_20
131725,0,0,0.0,stratified_80_20
131727,0,0,0.0,stratified_80_20
131729,0,0,0.0,stratified_80_20
131730,0,0,0.0,stratified_80_20
131739,0,0,0.0,stratified_80_20
131742,0,0,0.0,stratified_80_20
131745,0,0,0.0,stratified_80_20
131750,0,0,0.0,stratified_80_20
131751,0,0,0.0,stratified_80_20
131752,0,0,0.0,stratified_80_20
131759,0,0,0.0,stratified_80_20
131760,0,0,0.0,stratified_80_20
131767,0,0,0.0,stratified_80_20
131768,0,0,0.0,stratified_80_20
131770,0,0,0.0,stratified_80_20
131778,0,0,0.0,stratified_80_20
131781,0,0,0.0,stratified_80_20
131784,0,0,0.0,stratified_80_20
131786,0,0,0.0,stratified_80_20
131793,0,0,0.0,stratified_80_20
131795,0,0,0.0,stratified_80_20
131797,0,0,0.0,stratified_80_20
131798,0,0,0.0,stratified_80_20
131822,0,0,0.0,stratified_80_20
131824,0,0,0.0,stratified_80_20
131837,0,0,0.0,stratified_80_20
131841,0,0,0.0,stratified_80_20
131845,0,0,0.0,stratified_80_20
131848,0,0,0.0,stratified_80_20
131853,0,0,0.0,stratified_80_20
131858,0,0,0.0,stratified_80_20
131859,0,0,0.0,stratified_80_20
131863,0,0,0.0,stratified_80_20
131864,0,0,0.0,stratified_80_20
131879,0,0,0.0,stratified_80_20
131886,0,0,0.0,stratified_80_20
131887,0,0,0.0,stratified_80_20
131892,0,0,0.0,stratified_80_20
131901,0,0,0.0,stratified_80_20
131903,0,0,0.0,stratified_80_20
131909,0,0,0.0,stratified_80_20
131910,0,0,0.0,stratified_80_20
131924,0,0,0.0,stratified_80_20
131925,0,0,0.0,stratified_80_20
131929,0,0,0.0,stratified_80_20
131931,0,0,0.0,stratified_80_20
131937,0,0,0.0,stratified_80_20
131938,0,0,0.0,stratified_80_20
131943,0,0,0.0,stratified_80_20
131946,0,0,0.0,stratified_80_20
131951,0,0,0.0,stratified_80_20
131959,0,0,0.0,stratified_80_20
131962,0,0,0.0,stratified_80_20
131963,0,0,0.0,stratified_80_20
131966,0,0,0.0,stratified_80_20
131968,0,0,0.0,stratified_80_20
131970,0,0,0.0,stratified_80_20
131973,0,0,0.0,stratified_80_20
131977,0,0,0.0,stratified_80_20
131979,0,0,0.0,stratified_80_20
131986,0,0,0.0,stratified_80_20
131990,0,0,0.0,stratified_80_20
131997,0,0,0.0,stratified_80_20
131998,0,0,0.0,stratified_80_20
131999,0,0,0.0,stratified_80_20
132005,0,0,0.0,stratified_80_20
132015,0,0,0.0,stratified_80_20
132016,0,0,0.0,stratified_80_20
132022,0,0,0.0,stratified_80_20
132024,0,0,0.0,stratified_80_20
132027,0,0,0.0,stratified_80_20
132030,0,0,0.0,stratified_80_20
132034,0,0,0.0,stratified_80_20
132043,0,0,0.0,stratified_80_20
132049,0,0,0.0,stratified_80_20
132053,0,0,0.0,stratified_80_20
132069,0,0,0.0,stratified_80_20
132074,0,0,0.0,stratified_80_20
132076,0,0,0.0,stratified_80_20
132078,0,0,0.0,stratified_80_20
132080,0,0,0.0,stratified_80_20
132088,0,0,0.0,stratified_80_20
132095,0,0,0.0,stratified_80_20
132096,0,0,0.0,stratified_80_20
132100,0,0,0.0,stratified_80_20
132107,0,0,0.0,stratified_80_20
132110,0,0,0.0,stratified_80_20
132116,0,0,0.0,stratified_80_20
132119,0,0,0.0,stratified_80_20
132126,0,0,0.0,stratified_80_20
132131,0,0,0.0,stratified_80_20
132132,0,0,0.0,stratified_80_20
132133,0,0,0.0,stratified_80_20
132142,0,0,0.0,stratified_80_20
132144,0,0,0.0,stratified_80_20
132156,0,0,0.0,stratified_80_20
132165,0,0,0.0,stratified_80_20
132175,0,0,0.0,stratified_80_20
132182,0,0,0.0,stratified_80_20
132184,0,0,0.0,stratified_80_20
132189,0,0,0.0,stratified_80_20
132191,0,0,0.0,stratified_80_20
132193,0,0,0.0,stratified_80_20
132208,0,0,0.0,stratified_80_20
132210,0,0,0.0,stratified_80_20
132212,0,0,0.0,stratified_80_20
132237,0,0,0.0,stratified_80_20
132239,0,0,0.0,stratified_80_20
132240,0,0,0.0,stratified_80_20
132243,0,0,0.0,stratified_80_20
132247,0,0,0.0,stratified_80_20
132249,0,0,0.0,stratified_80_20
132254,0,0,0.0,stratified_80_20
132256,0,0,0.0,stratified_80_20
132257,0,0,0.0,stratified_80_20
132266,0,0,0.0,stratified_80_20
132269,0,0,0.0,stratified_80_20
132272,0,0,0.0,stratified_80_20
132273,0,0,0.0,stratified_80_20
132277,0,0,0.0,stratified_80_20
132278,0,0,0.0,stratified_80_20
132282,0,0,0.0,stratified_80_20
132283,0,0,0.0,stratified_80_20
132285,0,0,0.0,stratified_80_20
132300,0,0,0.0,stratified_80_20
132301,0,0,0.0,stratified_80_20
132302,0,0,0.0,stratified_80_20
132309,0,0,0.0,stratified_80_20
132320,0,0,0.0,stratified_80_20
132321,0,0,0.0,stratified_80_20
132322,0,0,0.0,stratified_80_20
132323,0,0,0.0,stratified_80_20
132329,0,0,0.0,stratified_80_20
132334,0,0,0.0,stratified_80_20
132341,0,0,0.0,stratified_80_20
132342,0,0,0.0,stratified_80_20
132354,0,0,0.0,stratified_80_20
132355,0,0,0.0,stratified_80_20
132358,0,0,0.0,stratified_80_20
132362,0,0,0.0,stratified_80_20
132365,0,0,0.0,stratified_80_20
132372,0,0,0.0,stratified_80_20
132378,0,0,0.0,stratified_80_20
132379,0,0,0.0,stratified_80_20
132381,0,0,0.0,stratified_80_20
132382,0,0,0.0,stratified_80_20
132383,0,0,0.0,stratified_80_20
132384,0,0,0.0,stratified_80_20
132388,0,0,0.0,stratified_80_20
132391,0,0,0.0,stratified_80_20
132392,0,0,0.0,stratified_80_20
132396,0,0,0.0,stratified_80_20
132403,0,0,0.0,stratified_80_20
132406,0,0,0.0,stratified_80_20
132409,0,0,0.0,stratified_80_20
132410,0,0,0.0,stratified_80_20
132412,0,0,0.0,stratified_80_20
132413,0,0,0.0,stratified_80_20
132430,0,0,0.0,stratified_80_20
132433,0,0,0.0,stratified_80_20
132441,0,0,0.0,stratified_80_20
132451,0,0,0.0,stratified_80_20
132463,0,0,0.0,stratified_80_20
132466,0,0,0.0,stratified_80_20
132475,0,0,0.0,stratified_80_20
132479,0,0,0.0,stratified_80_20
132482,0,0,0.0,stratified_80_20
132483,0,0,0.0,stratified_80_20
132487,0,0,0.0,stratified_80_20
132492,0,0,0.0,stratified_80_20
132493,0,0,0.0,stratified_80_20
132499,0,0,0.0,stratified_80_20
132502,0,0,0.0,stratified_80_20
132506,0,0,0.0,stratified_80_20
132507,0,0,0.0,stratified_80_20
132511,0,0,0.0,stratified_80_20
132518,0,0,0.0,stratified_80_20
132522,0,0,0.0,stratified_80_20
132525,0,0,0.0,stratified_80_20
132536,0,0,0.0,stratified_80_20
132545,0,0,0.0,stratified_80_20
132554,0,0,0.0,stratified_80_20
132556,0,0,0.0,stratified_80_20
132558,0,0,0.0,stratified_80_20
132563,0,0,0.0,stratified_80_20
132565,0,0,0.0,stratified_80_20
132574,0,0,0.0,stratified_80_20
132579,0,0,0.0,stratified_80_20
132591,0,0,0.0,stratified_80_20
132595,0,0,0.0,stratified_80_20
132596,0,0,0.0,stratified_80_20
132611,0,0,0.0,stratified_80_20
132614,0,0,0.0,stratified_80_20
132615,0,0,0.0,stratified_80_20
132616,0,0,0.0,stratified_80_20
132623,0,0,0.0,stratified_80_20
132624,0,0,0.0,stratified_80_20
132625,0,0,0.0,stratified_80_20
132635,0,0,0.0,stratified_80_20
132653,0,0,0.0,stratified_80_20
132661,0,0,0.0,stratified_80_20
132670,0,0,0.0,stratified_80_20
132678,0,0,0.0,stratified_80_20
132681,0,0,0.0,stratified_80_20
132682,0,0,0.0,stratified_80_20
132699,0,0,0.0,stratified_80_20
132701,0,0,0.0,stratified_80_20
132708,0,0,0.0,stratified_80_20
132709,0,0,0.0,stratified_80_20
132712,0,0,0.0,stratified_80_20
132714,0,0,0.0,stratified_80_20
132715,0,0,0.0,stratified_80_20
132718,0,0,0.0,stratified_80_20
132728,0,0,0.0,stratified_80_20
132743,0,0,0.0,stratified_80_20
132746,0,0,0.0,stratified_80_20
132759,0,0,0.0,stratified_80_20
132769,0,0,0.0,stratified_80_20
132781,0,0,0.0,stratified_80_20
132793,0,0,0.0,stratified_80_20
132799,0,0,0.0,stratified_80_20
132804,0,0,0.0,stratified_80_20
132805,0,0,0.0,stratified_80_20
132806,0,0,0.0,stratified_80_20
132812,0,0,0.0,stratified_80_20
132813,0,0,0.0,stratified_80_20
132820,0,0,0.0,stratified_80_20
132842,0,0,0.0,stratified_80_20
132847,0,0,0.0,stratified_80_20
132852,0,0,0.0,stratified_80_20
132857,0,0,0.0,stratified_80_20
132858,0,0,0.0,stratified_80_20
132860,0,0,0.0,stratified_80_20
132876,0,0,0.0,stratified_80_20
132880,0,0,0.0,stratified_80_20
132885,0,0,0.0,stratified_80_20
132903,0,0,0.0,stratified_80_20
132904,0,0,0.0,stratified_80_20
132905,0,0,0.0,stratified_80_20
132906,0,0,0.0,stratified_80_20
132918,0,0,0.0,stratified_80_20
132921,0,0,0.0,stratified_80_20
132931,0,0,0.0,stratified_80_20
132938,0,0,0.0,stratified_80_20
132955,0,0,0.0,stratified_80_20
132975,0,0,0.0,stratified_80_20
132982,0,0,0.0,stratified_80_20
132983,0,0,0.0,stratified_80_20
132984,0,0,0.0,stratified_80_20
132992,0,0,0.0,stratified_80_20
132999,0,0,0.0,stratified_80_20
133003,0,0,0.0,stratified_80_20
133007,0,0,0.0,stratified_80_20
133011,0,0,0.0,stratified_80_20
133016,0,0,0.0,stratified_80_20
133022,0,0,0.0,stratified_80_20
133032,0,0,0.0,stratified_80_20
133039,0,0,0.0,stratified_80_20
133045,0,0,0.0,stratified_80_20
133049,0,0,0.0,stratified_80_20
133054,0,0,0.0,stratified_80_20
133064,0,0,0.0,stratified_80_20
133069,0,0,0.0,stratified_80_20
133073,0,0,0.0,stratified_80_20
133074,0,0,0.0,stratified_80_20
133079,0,0,0.0,stratified_80_20
133081,0,0,0.0,stratified_80_20
133087,0,0,0.0,stratified_80_20
133089,0,0,0.0,stratified_80_20
133091,0,0,0.0,stratified_80_20
133093,0,0,0.0,stratified_80_20
133096,0,0,0.0,stratified_80_20
133099,0,0,0.0,stratified_80_20
133101,0,0,0.0,stratified_80_20
133102,0,0,0.0,stratified_80_20
133120,0,0,0.0,stratified_80_20
133122,0,0,0.0,stratified_80_20
133140,0,0,0.0,stratified_80_20
133151,0,0,0.0,stratified_80_20
133154,0,0,0.0,stratified_80_20
133160,0,0,0.0,stratified_80_20
133164,0,0,0.0,stratified_80_20
133165,0,0,0.0,stratified_80_20
133170,0,0,0.0,stratified_80_20
133171,0,0,0.0,stratified_80_20
133172,0,0,0.0,stratified_80_20
133182,0,0,0.0,stratified_80_20
133190,0,0,0.0,stratified_80_20
133191,0,0,0.0,stratified_80_20
133195,0,0,0.0,stratified_80_20
133196,0,0,0.0,stratified_80_20
133206,0,0,0.0,stratified_80_20
133208,0,0,0.0,stratified_80_20
133209,0,0,0.0,stratified_80_20
133210,0,0,0.0,stratified_80_20
133211,0,0,0.0,stratified_80_20
133216,0,0,0.0,stratified_80_20
133224,0,0,0.0,stratified_80_20
133225,0,0,0.0,stratified_80_20
133229,0,0,0.0,stratified_80_20
133231,0,0,0.0,stratified_80_20
133232,0,0,0.0,stratified_80_20
133233,0,0,0.0,stratified_80_20
133238,0,0,0.0,stratified_80_20
133239,0,0,0.0,stratified_80_20
133255,0,0,0.0,stratified_80_20
133264,0,0,0.0,stratified_80_20
133273,0,0,0.0,stratified_80_20
133277,0,0,0.0,stratified_80_20
133280,0,0,0.0,stratified_80_20
133283,0,0,0.0,stratified_80_20
133287,0,0,0.0,stratified_80_20
133289,0,0,0.0,stratified_80_20
133290,0,0,0.0,stratified_80_20
133298,0,0,0.0,stratified_80_20
133299,0,0,0.0,stratified_80_20
133301,0,0,0.0,stratified_80_20
133307,0,0,0.0,stratified_80_20
133310,0,0,0.0,stratified_80_20
133311,0,0,0.0,stratified_80_20
133312,0,0,0.0,stratified_80_20
133314,0,0,0.0,stratified_80_20
133324,0,0,0.0,stratified_80_20
133326,0,0,0.0,stratified_80_20
133331,0,0,0.0,stratified_80_20
133334,0,0,0.0,stratified_80_20
133338,0,0,0.0,stratified_80_20
133355,0,0,0.0,stratified_80_20
133360,0,0,0.0,stratified_80_20
133364,0,0,0.0,stratified_80_20
133366,0,0,0.0,stratified_80_20
133371,0,0,0.0,stratified_80_20
133372,0,0,0.0,stratified_80_20
133389,0,0,0.0,stratified_80_20
133398,0,0,0.0,stratified_80_20
133403,0,0,0.0,stratified_80_20
133412,0,0,0.0,stratified_80_20
133414,0,0,0.0,stratified_80_20
133420,0,0,0.0,stratified_80_20
133436,0,0,0.0,stratified_80_20
133439,0,0,0.0,stratified_80_20
133441,0,0,0.0,stratified_80_20
133448,0,0,0.0,stratified_80_20
133450,0,0,0.0,stratified_80_20
133453,0,0,0.0,stratified_80_20
133464,0,0,0.0,stratified_80_20
133465,0,0,0.0,stratified_80_20
133475,0,0,0.0,stratified_80_20
133483,0,0,0.0,stratified_80_20
133485,0,0,0.0,stratified_80_20
133493,0,0,0.0,stratified_80_20
133497,0,0,0.0,stratified_80_20
133502,0,0,0.0,stratified_80_20
133506,0,0,0.0,stratified_80_20
133510,0,0,0.0,stratified_80_20
133511,0,0,0.0,stratified_80_20
133512,0,0,0.0,stratified_80_20
133517,0,0,0.0,stratified_80_20
133518,0,0,0.0,stratified_80_20
133524,0,0,0.0,stratified_80_20
133532,0,0,0.0,stratified_80_20
133534,0,0,0.0,stratified_80_20
133536,0,0,0.0,stratified_80_20
133538,0,0,0.0,stratified_80_20
133541,0,0,0.0,stratified_80_20
133546,0,0,0.0,stratified_80_20
133568,0,0,0.0,stratified_80_20
133578,0,0,0.0,stratified_80_20
133586,0,0,0.0,stratified_80_20
133591,0,0,0.0,stratified_80_20
133592,0,0,0.0,stratified_80_20
133595,0,0,0.0,stratified_80_20
133600,0,0,0.0,stratified_80_20
133601,0,0,0.0,stratified_80_20
133609,0,0,0.0,stratified_80_20
133621,0,0,0.0,stratified_80_20
133649,0,0,0.0,stratified_80_20
133661,0,0,0.0,stratified_80_20
133662,0,0,0.0,stratified_80_20
133664,0,0,0.0,stratified_80_20
133669,0,0,0.0,stratified_80_20
133674,0,0,0.0,stratified_80_20
133682,0,0,0.0,stratified_80_20
133688,0,0,0.0,stratified_80_20
133698,0,0,0.0,stratified_80_20
133702,0,0,0.0,stratified_80_20
133706,0,0,0.0,stratified_80_20
133714,0,0,0.0,stratified_80_20
133717,0,0,0.0,stratified_80_20
133719,0,0,0.0,stratified_80_20
133721,0,0,0.0,stratified_80_20
133723,0,0,0.0,stratified_80_20
133726,0,0,0.0,stratified_80_20
133727,0,0,0.0,stratified_80_20
133742,0,0,0.0,stratified_80_20
133747,0,0,0.0,stratified_80_20
133753,0,0,0.0,stratified_80_20
133756,0,0,0.0,stratified_80_20
133759,0,0,0.0,stratified_80_20
133770,0,0,0.0,stratified_80_20
133773,0,0,0.0,stratified_80_20
133791,0,0,0.0,stratified_80_20
133794,0,0,0.0,stratified_80_20
133798,0,0,0.0,stratified_80_20
133801,0,0,0.0,stratified_80_20
133806,0,0,0.0,stratified_80_20
133808,0,0,0.0,stratified_80_20
133813,0,0,0.0,stratified_80_20
133814,0,0,0.0,stratified_80_20
133816,0,0,0.0,stratified_80_20
133818,0,0,0.0,stratified_80_20
133821,0,0,0.0,stratified_80_20
133822,0,0,0.0,stratified_80_20
133824,0,0,0.0,stratified_80_20
133825,0,0,0.0,stratified_80_20
133831,0,0,0.0,stratified_80_20
133834,0,0,0.0,stratified_80_20
133840,0,0,0.0,stratified_80_20
133845,0,0,0.0,stratified_80_20
133849,0,0,0.0,stratified_80_20
133855,0,0,0.0,stratified_80_20
133857,0,0,0.0,stratified_80_20
133865,0,0,0.0,stratified_80_20
133868,0,0,0.0,stratified_80_20
133869,0,0,0.0,stratified_80_20
133877,0,0,0.0,stratified_80_20
133883,0,0,0.0,stratified_80_20
133888,0,0,0.0,stratified_80_20
133899,0,0,0.0,stratified_80_20
133900,0,0,0.0,stratified_80_20
133906,0,0,0.0,stratified_80_20
133913,0,0,0.0,stratified_80_20
133931,0,0,0.0,stratified_80_20
133961,0,0,0.0,stratified_80_20
133963,0,0,0.0,stratified_80_20
133969,0,0,0.0,stratified_80_20
133976,0,0,0.0,stratified_80_20
133977,0,0,0.0,stratified_80_20
133979,0,0,0.0,stratified_80_20
133983,0,0,0.0,stratified_80_20
133987,0,0,0.0,stratified_80_20
134000,0,0,0.0,stratified_80_20
134010,0,0,0.0,stratified_80_20
134014,0,0,0.0,stratified_80_20
134016,0,0,0.0,stratified_80_20
134020,0,0,0.0,stratified_80_20
134027,0,0,0.0,stratified_80_20
134029,0,0,0.0,stratified_80_20
134034,0,0,0.0,stratified_80_20
134038,0,0,0.0,stratified_80_20
134040,0,0,0.0,stratified_80_20
134042,0,0,0.0,stratified_80_20
134045,0,0,0.0,stratified_80_20
134048,0,0,0.0,stratified_80_20
134055,0,0,0.0,stratified_80_20
134065,0,0,0.0,stratified_80_20
134067,0,0,0.0,stratified_80_20
134070,0,0,0.0,stratified_80_20
134073,0,0,0.0,stratified_80_20
134074,0,0,0.0,stratified_80_20
134077,0,0,0.0,stratified_80_20
134085,0,0,0.0,stratified_80_20
134088,0,0,0.0,stratified_80_20
134093,0,0,0.0,stratified_80_20
134094,0,0,0.0,stratified_80_20
134100,0,0,0.0,stratified_80_20
134103,0,0,0.0,stratified_80_20
134109,0,0,0.0,stratified_80_20
134116,0,0,0.0,stratified_80_20
134118,0,0,0.0,stratified_80_20
134122,0,0,0.0,stratified_80_20
134126,0,0,0.0,stratified_80_20
134130,0,0,0.0,stratified_80_20
134139,0,0,0.0,stratified_80_20
134140,0,0,0.0,stratified_80_20
134147,0,0,0.0,stratified_80_20
134151,0,0,0.0,stratified_80_20
134157,0,0,0.0,stratified_80_20
134159,0,0,0.0,stratified_80_20
134166,0,0,0.0,stratified_80_20
134175,0,0,0.0,stratified_80_20
134180,0,0,0.0,stratified_80_20
134189,0,0,0.0,stratified_80_20
134191,0,0,0.0,stratified_80_20
134193,0,0,0.0,stratified_80_20
134201,0,0,0.0,stratified_80_20
134202,0,0,0.0,stratified_80_20
134203,0,0,0.0,stratified_80_20
134205,0,0,0.0,stratified_80_20
134213,0,0,0.0,stratified_80_20
134214,0,0,0.0,stratified_80_20
134217,0,0,0.0,stratified_80_20
134220,0,0,0.0,stratified_80_20
134222,0,0,0.0,stratified_80_20
134236,0,0,0.0,stratified_80_20
134238,0,0,0.0,stratified_80_20
134239,0,0,0.0,stratified_80_20
134245,0,0,0.0,stratified_80_20
134247,0,0,0.0,stratified_80_20
134250,0,0,0.0,stratified_80_20
134255,0,0,0.0,stratified_80_20
134259,0,0,0.0,stratified_80_20
134265,0,0,0.0,stratified_80_20
134267,0,0,0.0,stratified_80_20
134279,0,0,0.0,stratified_80_20
134283,0,0,0.0,stratified_80_20
134287,0,0,0.0,stratified_80_20
134289,0,0,0.0,stratified_80_20
134295,0,0,0.0,stratified_80_20
134301,0,0,0.0,stratified_80_20
134305,0,0,0.0,stratified_80_20
134308,0,0,0.0,stratified_80_20
134319,0,0,0.0,stratified_80_20
134320,0,0,0.0,stratified_80_20
134321,0,0,0.0,stratified_80_20
134322,0,0,0.0,stratified_80_20
134324,0,0,0.0,stratified_80_20
134325,0,0,0.0,stratified_80_20
134327,0,0,0.0,stratified_80_20
134332,0,0,0.0,stratified_80_20
134335,0,0,0.0,stratified_80_20
134341,0,0,0.0,stratified_80_20
134358,0,0,0.0,stratified_80_20
134359,0,0,0.0,stratified_80_20
134364,0,0,0.0,stratified_80_20
134366,0,0,0.0,stratified_80_20
134368,0,0,0.0,stratified_80_20
134369,0,0,0.0,stratified_80_20
134380,0,0,0.0,stratified_80_20
134389,0,0,0.0,stratified_80_20
134390,0,0,0.0,stratified_80_20
134391,0,0,0.0,stratified_80_20
134397,0,0,0.0,stratified_80_20
134410,0,0,0.0,stratified_80_20
134413,0,0,0.0,stratified_80_20
134420,0,0,0.0,stratified_80_20
134421,0,0,0.0,stratified_80_20
134422,0,0,0.0,stratified_80_20
134426,0,0,0.0,stratified_80_20
134428,0,0,0.0,stratified_80_20
134432,0,0,0.0,stratified_80_20
134440,0,0,0.0,stratified_80_20
134443,0,0,0.0,stratified_80_20
134450,0,0,0.0,stratified_80_20
134466,0,0,0.0,stratified_80_20
134473,0,0,0.0,stratified_80_20
134476,0,0,0.0,stratified_80_20
134477,0,0,0.0,stratified_80_20
134483,0,0,0.0,stratified_80_20
134493,0,0,0.0,stratified_80_20
134502,0,0,0.0,stratified_80_20
134504,0,0,0.0,stratified_80_20
134507,0,0,0.0,stratified_80_20
134512,0,0,0.0,stratified_80_20
134524,0,0,0.0,stratified_80_20
134525,0,0,0.0,stratified_80_20
134527,0,0,0.0,stratified_80_20
134531,0,0,0.0,stratified_80_20
134533,0,0,0.0,stratified_80_20
134536,0,0,0.0,stratified_80_20
134539,0,0,0.0,stratified_80_20
134543,0,0,0.0,stratified_80_20
134562,0,0,0.0,stratified_80_20
134568,0,0,0.0,stratified_80_20
134576,0,0,0.0,stratified_80_20
134579,0,0,0.0,stratified_80_20
134580,0,0,0.0,stratified_80_20
134590,0,0,0.0,stratified_80_20
134591,0,0,0.0,stratified_80_20
134592,0,0,0.0,stratified_80_20
134596,0,0,0.0,stratified_80_20
134607,0,0,0.0,stratified_80_20
134611,0,0,0.0,stratified_80_20
134613,0,0,0.0,stratified_80_20
134616,0,0,0.0,stratified_80_20
134620,0,0,0.0,stratified_80_20
134625,0,0,0.0,stratified_80_20
134629,0,0,0.0,stratified_80_20
134632,0,0,0.0,stratified_80_20
134637,0,0,0.0,stratified_80_20
134639,0,0,0.0,stratified_80_20
134641,0,0,0.0,stratified_80_20
134643,0,0,0.0,stratified_80_20
134648,0,0,0.0,stratified_80_20
134651,0,0,0.0,stratified_80_20
134652,0,0,0.0,stratified_80_20
134661,0,0,0.0,stratified_80_20
134672,0,0,0.0,stratified_80_20
134673,0,0,0.0,stratified_80_20
134678,0,0,0.0,stratified_80_20
134686,0,0,0.0,stratified_80_20
134687,0,0,0.0,stratified_80_20
134689,0,0,0.0,stratified_80_20
134697,0,0,0.0,stratified_80_20
134702,0,0,0.0,stratified_80_20
134703,0,0,0.0,stratified_80_20
134706,0,0,0.0,stratified_80_20
134707,0,0,0.0,stratified_80_20
134710,0,0,0.0,stratified_80_20
134715,0,0,0.0,stratified_80_20
134716,0,0,0.0,stratified_80_20
134722,0,0,0.0,stratified_80_20
134723,0,0,0.0,stratified_80_20
134725,0,0,0.0,stratified_80_20
134727,0,0,0.0,stratified_80_20
134730,0,0,0.0,stratified_80_20
134732,0,0,0.0,stratified_80_20
134735,0,0,0.0,stratified_80_20
134736,0,0,0.0,stratified_80_20
134737,0,0,0.0,stratified_80_20
134740,0,0,0.0,stratified_80_20
134742,0,0,0.0,stratified_80_20
134744,0,0,0.0,stratified_80_20
134745,0,0,0.0,stratified_80_20
134749,0,0,0.0,stratified_80_20
134751,0,0,0.0,stratified_80_20
134767,0,0,0.0,stratified_80_20
134782,0,0,0.0,stratified_80_20
134786,0,0,0.0,stratified_80_20
134789,0,0,0.0,stratified_80_20
134791,0,0,0.0,stratified_80_20
134797,0,0,0.0,stratified_80_20
134803,0,0,0.0,stratified_80_20
134806,0,0,0.0,stratified_80_20
134815,0,0,0.0,stratified_80_20
134827,0,0,0.0,stratified_80_20
134831,0,0,0.0,stratified_80_20
134835,0,0,0.0,stratified_80_20
134839,0,0,0.0,stratified_80_20
134846,0,0,0.0,stratified_80_20
134854,0,0,0.0,stratified_80_20
134866,0,0,0.0,stratified_80_20
134869,0,0,0.0,stratified_80_20
134878,0,0,0.0,stratified_80_20
134886,0,0,0.0,stratified_80_20
134893,0,0,0.0,stratified_80_20
134897,0,0,0.0,stratified_80_20
134899,0,0,0.0,stratified_80_20
134900,0,0,0.0,stratified_80_20
134919,0,0,0.0,stratified_80_20
134932,0,0,0.0,stratified_80_20
134935,0,0,0.0,stratified_80_20
134939,0,0,0.0,stratified_80_20
134940,0,0,0.0,stratified_80_20
134942,0,0,0.0,stratified_80_20
134945,0,0,0.0,stratified_80_20
134946,0,0,0.0,stratified_80_20
134953,0,0,0.0,stratified_80_20
134959,0,0,0.0,stratified_80_20
134966,0,0,0.0,stratified_80_20
134969,0,0,0.0,stratified_80_20
134971,0,0,0.0,stratified_80_20
134973,0,0,0.0,stratified_80_20
134974,0,0,0.0,stratified_80_20
134975,0,0,0.0,stratified_80_20
134981,0,0,0.0,stratified_80_20
134990,0,0,0.0,stratified_80_20
135001,0,0,0.0,stratified_80_20
135015,0,0,0.0,stratified_80_20
135020,0,0,0.0,stratified_80_20
135027,0,0,0.0,stratified_80_20
135035,0,0,0.0,stratified_80_20
135042,0,0,0.0,stratified_80_20
135054,0,0,0.0,stratified_80_20
135055,0,0,0.0,stratified_80_20
135059,0,0,0.0,stratified_80_20
135061,0,0,0.0,stratified_80_20
135072,0,0,0.0,stratified_80_20
135078,0,0,0.0,stratified_80_20
135079,0,0,0.0,stratified_80_20
135086,0,0,0.0,stratified_80_20
135088,0,0,0.0,stratified_80_20
135090,0,0,0.0,stratified_80_20
135092,0,0,0.0,stratified_80_20
135094,0,0,0.0,stratified_80_20
135099,0,0,0.0,stratified_80_20
135103,0,0,0.0,stratified_80_20
135104,0,0,0.0,stratified_80_20
135107,0,0,0.0,stratified_80_20
135108,0,0,0.0,stratified_80_20
135109,0,0,0.0,stratified_80_20
135121,0,0,0.0,stratified_80_20
135124,0,0,0.0,stratified_80_20
135125,0,0,0.0,stratified_80_20
135127,0,0,0.0,stratified_80_20
135132,0,0,0.0,stratified_80_20
135149,0,0,0.0,stratified_80_20
135150,0,0,0.0,stratified_80_20
135152,0,0,0.0,stratified_80_20
135154,0,0,0.0,stratified_80_20
135164,0,0,0.0,stratified_80_20
135169,0,0,0.0,stratified_80_20
135175,0,0,0.0,stratified_80_20
135179,0,0,0.0,stratified_80_20
135185,0,0,0.0,stratified_80_20
135197,0,0,0.0,stratified_80_20
135200,0,0,0.0,stratified_80_20
135221,0,0,0.0,stratified_80_20
135222,0,0,0.0,stratified_80_20
135223,0,0,0.0,stratified_80_20
135224,0,0,0.0,stratified_80_20
135225,0,0,0.0,stratified_80_20
135226,0,0,0.0,stratified_80_20
135227,0,0,0.0,stratified_80_20
135230,0,0,0.0,stratified_80_20
135232,0,0,0.0,stratified_80_20
135235,0,0,0.0,stratified_80_20
135240,0,0,0.0,stratified_80_20
135244,0,0,0.0,stratified_80_20
135247,0,0,0.0,stratified_80_20
135259,0,0,0.0,stratified_80_20
135261,0,0,0.0,stratified_80_20
135264,0,0,0.0,stratified_80_20
135275,0,0,0.0,stratified_80_20
135278,0,0,0.0,stratified_80_20
135282,0,0,0.0,stratified_80_20
135284,0,0,0.0,stratified_80_20
135288,0,0,0.0,stratified_80_20
135289,0,0,0.0,stratified_80_20
135291,0,0,0.0,stratified_80_20
135298,0,0,0.0,stratified_80_20
135299,0,0,0.0,stratified_80_20
135306,0,0,0.0,stratified_80_20
135324,0,0,0.0,stratified_80_20
135332,0,0,0.0,stratified_80_20
135339,0,0,0.0,stratified_80_20
135344,0,0,0.0,stratified_80_20
135357,0,0,0.0,stratified_80_20
135362,0,0,0.0,stratified_80_20
135365,0,0,0.0,stratified_80_20
135368,0,0,0.0,stratified_80_20
135386,0,0,0.0,stratified_80_20
135389,0,0,0.0,stratified_80_20
135393,0,0,0.0,stratified_80_20
135400,0,0,0.0,stratified_80_20
135401,0,0,0.0,stratified_80_20
135405,0,0,0.0,stratified_80_20
135413,0,0,0.0,stratified_80_20
135415,0,0,0.0,stratified_80_20
135417,0,0,0.0,stratified_80_20
135418,0,0,0.0,stratified_80_20
135426,0,0,0.0,stratified_80_20
135434,0,0,0.0,stratified_80_20
135435,0,0,0.0,stratified_80_20
135449,0,0,0.0,stratified_80_20
135452,0,0,0.0,stratified_80_20
135462,0,0,0.0,stratified_80_20
135463,0,0,0.0,stratified_80_20
135470,0,0,0.0,stratified_80_20
135471,0,0,0.0,stratified_80_20
135474,0,0,0.0,stratified_80_20
135476,0,0,0.0,stratified_80_20
135477,0,0,0.0,stratified_80_20
135478,0,0,0.0,stratified_80_20
135481,0,0,0.0,stratified_80_20
135482,0,0,0.0,stratified_80_20
135483,0,0,0.0,stratified_80_20
135487,0,0,0.0,stratified_80_20
135490,0,0,0.0,stratified_80_20
135496,0,0,0.0,stratified_80_20
135497,0,0,0.0,stratified_80_20
135503,0,0,0.0,stratified_80_20
135508,0,0,0.0,stratified_80_20
135510,0,0,0.0,stratified_80_20
135511,0,0,0.0,stratified_80_20
135512,0,0,0.0,stratified_80_20
135520,0,0,0.0,stratified_80_20
135527,0,0,0.0,stratified_80_20
135531,0,0,0.0,stratified_80_20
135534,0,0,0.0,stratified_80_20
135537,0,0,0.0,stratified_80_20
135541,0,0,0.0,stratified_80_20
135543,0,0,0.0,stratified_80_20
135544,0,0,0.0,stratified_80_20
135547,0,0,0.0,stratified_80_20
135550,0,0,0.0,stratified_80_20
135557,0,0,0.0,stratified_80_20
135560,0,0,0.0,stratified_80_20
135562,0,0,0.0,stratified_80_20
135567,0,0,0.0,stratified_80_20
135570,0,0,0.0,stratified_80_20
135574,0,0,0.0,stratified_80_20
135577,0,0,0.0,stratified_80_20
135583,0,0,0.0,stratified_80_20
135585,0,0,0.0,stratified_80_20
135598,0,0,0.0,stratified_80_20
135601,0,0,0.0,stratified_80_20
135605,0,0,0.0,stratified_80_20
135607,0,0,0.0,stratified_80_20
135608,0,0,0.0,stratified_80_20
135609,0,0,0.0,stratified_80_20
135610,0,0,0.0,stratified_80_20
135612,0,0,0.0,stratified_80_20
135617,0,0,0.0,stratified_80_20
135621,0,0,0.0,stratified_80_20
135622,0,0,0.0,stratified_80_20
135631,0,0,0.0,stratified_80_20
135632,0,0,0.0,stratified_80_20
135635,0,0,0.0,stratified_80_20
135646,0,0,0.0,stratified_80_20
135654,0,0,0.0,stratified_80_20
135666,0,0,0.0,stratified_80_20
135667,0,0,0.0,stratified_80_20
135671,0,0,0.0,stratified_80_20
135677,0,0,0.0,stratified_80_20
135684,0,0,0.0,stratified_80_20
135688,0,0,0.0,stratified_80_20
135691,0,0,0.0,stratified_80_20
135696,0,0,0.0,stratified_80_20
135697,0,0,0.0,stratified_80_20
135699,0,0,0.0,stratified_80_20
135703,0,0,0.0,stratified_80_20
135710,0,0,0.0,stratified_80_20
135724,0,0,0.0,stratified_80_20
135730,0,0,0.0,stratified_80_20
135744,0,0,0.0,stratified_80_20
135749,0,0,0.0,stratified_80_20
135759,0,0,0.0,stratified_80_20
135763,0,0,0.0,stratified_80_20
135764,0,0,0.0,stratified_80_20
135771,0,0,0.0,stratified_80_20
135772,0,0,0.0,stratified_80_20
135777,0,0,0.0,stratified_80_20
135788,0,0,0.0,stratified_80_20
135789,0,0,0.0,stratified_80_20
135790,0,0,0.0,stratified_80_20
135803,0,0,0.0,stratified_80_20
135806,0,0,0.0,stratified_80_20
135816,0,0,0.0,stratified_80_20
135817,0,0,0.0,stratified_80_20
135820,0,0,0.0,stratified_80_20
135824,0,0,0.0,stratified_80_20
135832,0,0,0.0,stratified_80_20
135836,0,0,0.0,stratified_80_20
135837,0,0,0.0,stratified_80_20
135839,0,0,0.0,stratified_80_20
135842,0,0,0.0,stratified_80_20
135844,0,0,0.0,stratified_80_20
135848,0,0,0.0,stratified_80_20
135852,0,0,0.0,stratified_80_20
135853,0,0,0.0,stratified_80_20
135857,0,0,0.0,stratified_80_20
135869,0,0,0.0,stratified_80_20
135886,0,0,0.0,stratified_80_20
135902,0,0,0.0,stratified_80_20
135913,0,0,0.0,stratified_80_20
135929,0,0,0.0,stratified_80_20
135940,0,0,0.0,stratified_80_20
135945,0,0,0.0,stratified_80_20
135949,0,0,0.0,stratified_80_20
135950,0,0,0.0,stratified_80_20
135954,0,0,0.0,stratified_80_20
135956,0,0,0.0,stratified_80_20
135962,0,0,0.0,stratified_80_20
135970,0,0,0.0,stratified_80_20
135972,0,0,0.0,stratified_80_20
135980,0,0,0.0,stratified_80_20
135981,0,0,0.0,stratified_80_20
135984,0,0,0.0,stratified_80_20
135985,0,0,0.0,stratified_80_20
135990,0,0,0.0,stratified_80_20
135991,0,0,0.0,stratified_80_20
135993,0,0,0.0,stratified_80_20
136007,0,0,0.0,stratified_80_20
136014,0,0,0.0,stratified_80_20
136027,0,0,0.0,stratified_80_20
136029,0,0,0.0,stratified_80_20
136032,0,0,0.0,stratified_80_20
136042,0,0,0.0,stratified_80_20
136043,0,0,0.0,stratified_80_20
136047,0,0,0.0,stratified_80_20
136051,0,0,0.0,stratified_80_20
136053,0,0,0.0,stratified_80_20
136058,0,0,0.0,stratified_80_20
136059,0,0,0.0,stratified_80_20
136062,0,0,0.0,stratified_80_20
136067,0,0,0.0,stratified_80_20
136071,0,0,0.0,stratified_80_20
136076,0,0,0.0,stratified_80_20
136079,0,0,0.0,stratified_80_20
136097,0,0,0.0,stratified_80_20
136103,0,0,0.0,stratified_80_20
136105,0,0,0.0,stratified_80_20
136116,0,0,0.0,stratified_80_20
136121,0,0,0.0,stratified_80_20
136130,0,0,0.0,stratified_80_20
136136,0,0,0.0,stratified_80_20
136144,0,0,0.0,stratified_80_20
136155,0,0,0.0,stratified_80_20
136156,0,0,0.0,stratified_80_20
136157,0,0,0.0,stratified_80_20
136160,0,0,0.0,stratified_80_20
136165,0,0,0.0,stratified_80_20
136167,0,0,0.0,stratified_80_20
136178,0,0,0.0,stratified_80_20
136179,0,0,0.0,stratified_80_20
136181,0,0,0.0,stratified_80_20
136182,0,0,0.0,stratified_80_20
136215,0,0,0.0,stratified_80_20
136217,0,0,0.0,stratified_80_20
136218,0,0,0.0,stratified_80_20
136220,0,0,0.0,stratified_80_20
136224,0,0,0.0,stratified_80_20
136229,0,0,0.0,stratified_80_20
136237,0,0,0.0,stratified_80_20
136238,0,0,0.0,stratified_80_20
136240,0,0,0.0,stratified_80_20
136246,0,0,0.0,stratified_80_20
136256,0,0,0.0,stratified_80_20
136259,0,0,0.0,stratified_80_20
136269,0,0,0.0,stratified_80_20
136270,0,0,0.0,stratified_80_20
136273,0,0,0.0,stratified_80_20
136281,0,0,0.0,stratified_80_20
136294,0,0,0.0,stratified_80_20
136303,0,0,0.0,stratified_80_20
136309,0,0,0.0,stratified_80_20
136316,0,0,0.0,stratified_80_20
136318,0,0,0.0,stratified_80_20
136336,0,0,0.0,stratified_80_20
136342,0,0,0.0,stratified_80_20
136343,0,0,0.0,stratified_80_20
136346,0,0,0.0,stratified_80_20
136354,0,0,0.0,stratified_80_20
136355,0,0,0.0,stratified_80_20
136357,0,0,0.0,stratified_80_20
136361,0,0,0.0,stratified_80_20
136364,0,0,0.0,stratified_80_20
136365,0,0,0.0,stratified_80_20
136366,0,0,0.0,stratified_80_20
136369,0,0,0.0,stratified_80_20
136382,0,0,0.0,stratified_80_20
136392,0,0,0.0,stratified_80_20
136400,0,0,0.0,stratified_80_20
136404,0,0,0.0,stratified_80_20
136427,0,0,0.0,stratified_80_20
136429,0,0,0.0,stratified_80_20
136432,0,0,0.0,stratified_80_20
136433,0,0,0.0,stratified_80_20
136441,0,0,0.0,stratified_80_20
136442,0,0,0.0,stratified_80_20
136443,0,0,0.0,stratified_80_20
136463,0,0,0.0,stratified_80_20
136464,0,0,0.0,stratified_80_20
136465,0,0,0.0,stratified_80_20
136467,0,0,0.0,stratified_80_20
136476,0,0,0.0,stratified_80_20
136479,0,0,0.0,stratified_80_20
136486,0,0,0.0,stratified_80_20
136489,0,0,0.0,stratified_80_20
136490,0,0,0.0,stratified_80_20
136498,0,0,0.0,stratified_80_20
136500,0,0,0.0,stratified_80_20
136501,0,0,0.0,stratified_80_20
136504,0,0,0.0,stratified_80_20
136507,0,0,0.0,stratified_80_20
136512,0,0,0.0,stratified_80_20
136516,0,0,0.0,stratified_80_20
136522,0,0,0.0,stratified_80_20
136538,0,0,0.0,stratified_80_20
136545,0,0,0.0,stratified_80_20
136546,0,0,0.0,stratified_80_20
136547,0,0,0.0,stratified_80_20
136549,0,0,0.0,stratified_80_20
136552,0,0,0.0,stratified_80_20
136553,0,0,0.0,stratified_80_20
136554,0,0,0.0,stratified_80_20
136568,0,0,0.0,stratified_80_20
136574,0,0,0.0,stratified_80_20
136576,0,0,0.0,stratified_80_20
136577,0,0,0.0,stratified_80_20
136582,0,0,0.0,stratified_80_20
136584,0,0,0.0,stratified_80_20
136588,0,0,0.0,stratified_80_20
136599,0,0,0.0,stratified_80_20
136617,0,0,0.0,stratified_80_20
136626,0,0,0.0,stratified_80_20
136630,0,0,0.0,stratified_80_20
136631,0,0,0.0,stratified_80_20
136637,0,0,0.0,stratified_80_20
136650,0,0,0.0,stratified_80_20
136654,0,0,0.0,stratified_80_20
136658,0,0,0.0,stratified_80_20
136665,0,0,0.0,stratified_80_20
136672,0,0,0.0,stratified_80_20
136679,0,0,0.0,stratified_80_20
136687,0,0,0.0,stratified_80_20
136705,0,0,0.0,stratified_80_20
136706,0,0,0.0,stratified_80_20
136709,0,0,0.0,stratified_80_20
136730,0,0,0.0,stratified_80_20
136731,0,0,0.0,stratified_80_20
136732,0,0,0.0,stratified_80_20
136737,0,0,0.0,stratified_80_20
136740,0,0,0.0,stratified_80_20
136746,0,0,0.0,stratified_80_20
136748,0,0,0.0,stratified_80_20
136749,0,0,0.0,stratified_80_20
136753,0,0,0.0,stratified_80_20
136754,0,0,0.0,stratified_80_20
136755,0,0,0.0,stratified_80_20
136757,0,0,0.0,stratified_80_20
136770,0,0,0.0,stratified_80_20
136774,0,0,0.0,stratified_80_20
136789,0,0,0.0,stratified_80_20
136790,0,0,0.0,stratified_80_20
136793,0,0,0.0,stratified_80_20
136794,0,0,0.0,stratified_80_20
136802,0,0,0.0,stratified_80_20
136807,0,0,0.0,stratified_80_20
136809,0,0,0.0,stratified_80_20
136812,0,0,0.0,stratified_80_20
136817,0,0,0.0,stratified_80_20
136818,0,0,0.0,stratified_80_20
136821,0,0,0.0,stratified_80_20
136825,0,0,0.0,stratified_80_20
136828,0,0,0.0,stratified_80_20
136830,0,0,0.0,stratified_80_20
136831,0,0,0.0,stratified_80_20
136838,0,0,0.0,stratified_80_20
136846,0,0,0.0,stratified_80_20
136889,0,0,0.0,stratified_80_20
136902,0,0,0.0,stratified_80_20
136903,0,0,0.0,stratified_80_20
136907,0,0,0.0,stratified_80_20
136910,0,0,0.0,stratified_80_20
136912,0,0,0.0,stratified_80_20
136917,0,0,0.0,stratified_80_20
136918,0,0,0.0,stratified_80_20
136921,0,0,0.0,stratified_80_20
136922,0,0,0.0,stratified_80_20
136924,0,0,0.0,stratified_80_20
136931,0,0,0.0,stratified_80_20
136935,0,0,0.0,stratified_80_20
136938,0,0,0.0,stratified_80_20
136951,0,0,0.0,stratified_80_20
136957,0,0,0.0,stratified_80_20
136958,0,0,0.0,stratified_80_20
136959,0,0,0.0,stratified_80_20
136962,0,0,0.0,stratified_80_20
136967,0,0,0.0,stratified_80_20
136975,0,0,0.0,stratified_80_20
136978,0,0,0.0,stratified_80_20
136988,0,0,0.0,stratified_80_20
136990,0,0,0.0,stratified_80_20
137001,0,0,0.0,stratified_80_20
137004,0,0,0.0,stratified_80_20
137012,0,0,0.0,stratified_80_20
137017,0,0,0.0,stratified_80_20
137024,0,0,0.0,stratified_80_20
137027,0,0,0.0,stratified_80_20
137036,0,0,0.0,stratified_80_20
137037,0,0,0.0,stratified_80_20
137038,0,0,0.0,stratified_80_20
137049,0,0,0.0,stratified_80_20
137053,0,0,0.0,stratified_80_20
137056,0,0,0.0,stratified_80_20
137064,0,0,0.0,stratified_80_20
137068,0,0,0.0,stratified_80_20
137072,0,0,0.0,stratified_80_20
137077,0,0,0.0,stratified_80_20
137086,0,0,0.0,stratified_80_20
137087,0,0,0.0,stratified_80_20
137089,0,0,0.0,stratified_80_20
137097,0,0,0.0,stratified_80_20
137109,0,0,0.0,stratified_80_20
137112,0,0,0.0,stratified_80_20
137113,0,0,0.0,stratified_80_20
137115,0,0,0.0,stratified_80_20
137119,0,0,0.0,stratified_80_20
137120,0,0,0.0,stratified_80_20
137123,0,0,0.0,stratified_80_20
137125,0,0,0.0,stratified_80_20
137134,0,0,0.0,stratified_80_20
137137,0,0,0.0,stratified_80_20
137139,0,0,0.0,stratified_80_20
137143,0,0,0.0,stratified_80_20
137154,0,0,0.0,stratified_80_20
137157,0,0,0.0,stratified_80_20
137174,0,0,0.0,stratified_80_20
137175,0,0,0.0,stratified_80_20
137186,0,0,0.0,stratified_80_20
137192,0,0,0.0,stratified_80_20
137203,0,0,0.0,stratified_80_20
137205,0,0,0.0,stratified_80_20
137211,0,0,0.0,stratified_80_20
137214,0,0,0.0,stratified_80_20
137216,0,0,0.0,stratified_80_20
137217,0,0,0.0,stratified_80_20
137220,0,0,0.0,stratified_80_20
137221,0,0,0.0,stratified_80_20
137222,0,0,0.0,stratified_80_20
137228,0,0,0.0,stratified_80_20
137232,0,0,0.0,stratified_80_20
137244,0,0,0.0,stratified_80_20
137249,0,0,0.0,stratified_80_20
137252,0,0,0.0,stratified_80_20
137263,0,0,0.0,stratified_80_20
137273,0,0,0.0,stratified_80_20
137278,0,0,0.0,stratified_80_20
137290,0,0,0.0,stratified_80_20
137293,0,0,0.0,stratified_80_20
137299,0,0,0.0,stratified_80_20
137300,0,0,0.0,stratified_80_20
137302,0,0,0.0,stratified_80_20
137306,0,0,0.0,stratified_80_20
137316,0,0,0.0,stratified_80_20
137318,0,0,0.0,stratified_80_20
137323,0,0,0.0,stratified_80_20
137330,0,0,0.0,stratified_80_20
137337,0,0,0.0,stratified_80_20
137340,0,0,0.0,stratified_80_20
137348,0,0,0.0,stratified_80_20
137349,0,0,0.0,stratified_80_20
137354,0,0,0.0,stratified_80_20
137360,0,0,0.0,stratified_80_20
137364,0,0,0.0,stratified_80_20
137365,0,0,0.0,stratified_80_20
137366,0,0,0.0,stratified_80_20
137367,0,0,0.0,stratified_80_20
137376,0,0,0.0,stratified_80_20
137377,0,0,0.0,stratified_80_20
137378,0,0,0.0,stratified_80_20
137390,0,0,0.0,stratified_80_20
137396,0,0,0.0,stratified_80_20
137415,0,0,0.0,stratified_80_20
137430,0,0,0.0,stratified_80_20
137434,0,0,0.0,stratified_80_20
137437,0,0,0.0,stratified_80_20
137443,0,0,0.0,stratified_80_20
137449,0,0,0.0,stratified_80_20
137454,0,0,0.0,stratified_80_20
137462,0,0,0.0,stratified_80_20
137465,0,0,0.0,stratified_80_20
137475,0,0,0.0,stratified_80_20
137481,0,0,0.0,stratified_80_20
137482,0,0,0.0,stratified_80_20
137484,0,0,0.0,stratified_80_20
137493,0,0,0.0,stratified_80_20
137495,0,0,0.0,stratified_80_20
137500,0,0,0.0,stratified_80_20
137506,0,0,0.0,stratified_80_20
137507,0,0,0.0,stratified_80_20
137508,0,0,0.0,stratified_80_20
137509,0,0,0.0,stratified_80_20
137519,0,0,0.0,stratified_80_20
137520,0,0,0.0,stratified_80_20
137528,0,0,0.0,stratified_80_20
137532,0,0,0.0,stratified_80_20
137537,0,0,0.0,stratified_80_20
137541,0,0,0.0,stratified_80_20
137552,0,0,0.0,stratified_80_20
137554,0,0,0.0,stratified_80_20
137556,0,0,0.0,stratified_80_20
137558,0,0,0.0,stratified_80_20
137559,0,0,0.0,stratified_80_20
137565,0,0,0.0,stratified_80_20
137567,0,0,0.0,stratified_80_20
137577,0,0,0.0,stratified_80_20
137584,0,0,0.0,stratified_80_20
137587,0,0,0.0,stratified_80_20
137588,0,0,0.0,stratified_80_20
137590,0,0,0.0,stratified_80_20
137596,0,0,0.0,stratified_80_20
137598,0,0,0.0,stratified_80_20
137600,0,0,0.0,stratified_80_20
137604,0,0,0.0,stratified_80_20
137606,0,0,0.0,stratified_80_20
137615,0,0,0.0,stratified_80_20
137625,0,0,0.0,stratified_80_20
137627,0,0,0.0,stratified_80_20
137628,0,0,0.0,stratified_80_20
137629,0,0,0.0,stratified_80_20
137634,0,0,0.0,stratified_80_20
137638,0,0,0.0,stratified_80_20
137641,0,0,0.0,stratified_80_20
137647,0,0,0.0,stratified_80_20
137658,0,0,0.0,stratified_80_20
137668,0,0,0.0,stratified_80_20
137669,0,0,0.0,stratified_80_20
137670,0,0,0.0,stratified_80_20
137675,0,0,0.0,stratified_80_20
137678,0,0,0.0,stratified_80_20
137683,0,0,0.0,stratified_80_20
137684,0,0,0.0,stratified_80_20
137693,0,0,0.0,stratified_80_20
137695,0,0,0.0,stratified_80_20
137697,0,0,0.0,stratified_80_20
137705,0,0,0.0,stratified_80_20
137706,0,0,0.0,stratified_80_20
137724,0,0,0.0,stratified_80_20
137726,0,0,0.0,stratified_80_20
137731,0,0,0.0,stratified_80_20
137738,0,0,0.0,stratified_80_20
137745,0,0,0.0,stratified_80_20
137747,0,0,0.0,stratified_80_20
137755,0,0,0.0,stratified_80_20
137756,0,0,0.0,stratified_80_20
137767,0,0,0.0,stratified_80_20
137769,0,0,0.0,stratified_80_20
137776,0,0,0.0,stratified_80_20
137778,0,0,0.0,stratified_80_20
137780,0,0,0.0,stratified_80_20
137792,0,0,0.0,stratified_80_20
137793,0,0,0.0,stratified_80_20
137794,0,0,0.0,stratified_80_20
137810,0,0,0.0,stratified_80_20
137815,0,0,0.0,stratified_80_20
137820,0,0,0.0,stratified_80_20
137831,0,0,0.0,stratified_80_20
137842,0,0,0.0,stratified_80_20
137859,0,0,0.0,stratified_80_20
137862,0,0,0.0,stratified_80_20
137873,0,0,0.0,stratified_80_20
137874,0,0,0.0,stratified_80_20
137875,0,0,0.0,stratified_80_20
137877,0,0,0.0,stratified_80_20
137878,0,0,0.0,stratified_80_20
137881,0,0,0.0,stratified_80_20
137885,0,0,0.0,stratified_80_20
137889,0,0,0.0,stratified_80_20
137896,0,0,0.0,stratified_80_20
137907,0,0,0.0,stratified_80_20
137918,0,0,0.0,stratified_80_20
137919,0,0,0.0,stratified_80_20
137921,0,0,0.0,stratified_80_20
137924,0,0,0.0,stratified_80_20
137926,0,0,0.0,stratified_80_20
137927,0,0,0.0,stratified_80_20
137930,0,0,0.0,stratified_80_20
137936,0,0,0.0,stratified_80_20
137943,0,0,0.0,stratified_80_20
137952,0,0,0.0,stratified_80_20
137956,0,0,0.0,stratified_80_20
137957,0,0,0.0,stratified_80_20
137964,0,0,0.0,stratified_80_20
137969,0,0,0.0,stratified_80_20
137970,0,0,0.0,stratified_80_20
137976,0,0,0.0,stratified_80_20
137977,0,0,0.0,stratified_80_20
137986,0,0,0.0,stratified_80_20
137996,0,0,0.0,stratified_80_20
138002,0,0,0.0,stratified_80_20
138005,0,0,0.0,stratified_80_20
138011,0,0,0.0,stratified_80_20
138021,0,0,0.0,stratified_80_20
138023,0,0,0.0,stratified_80_20
138031,0,0,0.0,stratified_80_20
138032,0,0,0.0,stratified_80_20
138033,0,0,0.0,stratified_80_20
138064,0,0,0.0,stratified_80_20
138067,0,0,0.0,stratified_80_20
138072,0,0,0.0,stratified_80_20
138077,0,0,0.0,stratified_80_20
138082,0,0,0.0,stratified_80_20
138084,0,0,0.0,stratified_80_20
138088,0,0,0.0,stratified_80_20
138098,0,0,0.0,stratified_80_20
138102,0,0,0.0,stratified_80_20
138109,0,0,0.0,stratified_80_20
138121,0,0,0.0,stratified_80_20
138123,0,0,0.0,stratified_80_20
138133,0,0,0.0,stratified_80_20
138134,0,0,0.0,stratified_80_20
138138,0,0,0.0,stratified_80_20
138139,0,0,0.0,stratified_80_20
138142,0,0,0.0,stratified_80_20
138148,0,0,0.0,stratified_80_20
138149,0,0,0.0,stratified_80_20
138151,0,0,0.0,stratified_80_20
138153,0,0,0.0,stratified_80_20
138156,0,0,0.0,stratified_80_20
138157,0,0,0.0,stratified_80_20
138164,0,0,0.0,stratified_80_20
138172,0,0,0.0,stratified_80_20
138173,0,0,0.0,stratified_80_20
138175,0,0,0.0,stratified_80_20
138178,0,0,0.0,stratified_80_20
138182,0,0,0.0,stratified_80_20
138190,0,0,0.0,stratified_80_20
138198,0,0,0.0,stratified_80_20
138213,0,0,0.0,stratified_80_20
138216,0,0,0.0,stratified_80_20
138217,0,0,0.0,stratified_80_20
138218,0,0,0.0,stratified_80_20
138220,0,0,0.0,stratified_80_20
138221,0,0,0.0,stratified_80_20
138222,0,0,0.0,stratified_80_20
138225,0,0,0.0,stratified_80_20
138226,0,0,0.0,stratified_80_20
138228,0,0,0.0,stratified_80_20
138229,0,0,0.0,stratified_80_20
138232,0,0,0.0,stratified_80_20
138233,0,0,0.0,stratified_80_20
138239,0,0,0.0,stratified_80_20
138241,0,0,0.0,stratified_80_20
138242,0,0,0.0,stratified_80_20
138246,0,0,0.0,stratified_80_20
138248,0,0,0.0,stratified_80_20
138251,0,0,0.0,stratified_80_20
138255,0,0,0.0,stratified_80_20
138257,0,0,0.0,stratified_80_20
138269,0,0,0.0,stratified_80_20
138274,0,0,0.0,stratified_80_20
138275,0,0,0.0,stratified_80_20
138290,0,0,0.0,stratified_80_20
138295,0,0,0.0,stratified_80_20
138296,0,0,0.0,stratified_80_20
138297,0,0,0.0,stratified_80_20
138298,0,0,0.0,stratified_80_20
138300,0,0,0.0,stratified_80_20
138302,0,0,0.0,stratified_80_20
138325,0,0,0.0,stratified_80_20
138338,0,0,0.0,stratified_80_20
138343,0,0,0.0,stratified_80_20
138350,0,0,0.0,stratified_80_20
138351,0,0,0.0,stratified_80_20
138354,0,0,0.0,stratified_80_20
138355,0,0,0.0,stratified_80_20
138358,0,0,0.0,stratified_80_20
138361,0,0,0.0,stratified_80_20
138367,0,0,0.0,stratified_80_20
138369,0,0,0.0,stratified_80_20
138370,0,0,0.0,stratified_80_20
138381,0,0,0.0,stratified_80_20
138386,0,0,0.0,stratified_80_20
138389,0,0,0.0,stratified_80_20
138391,0,0,0.0,stratified_80_20
138393,0,0,0.0,stratified_80_20
138411,0,0,0.0,stratified_80_20
138416,0,0,0.0,stratified_80_20
138426,0,0,0.0,stratified_80_20
138430,0,0,0.0,stratified_80_20
138434,0,0,0.0,stratified_80_20
138444,0,0,0.0,stratified_80_20
138451,0,0,0.0,stratified_80_20
138452,0,0,0.0,stratified_80_20
138457,0,0,0.0,stratified_80_20
138465,0,0,0.0,stratified_80_20
138471,0,0,0.0,stratified_80_20
138472,0,0,0.0,stratified_80_20
138479,0,0,0.0,stratified_80_20
138482,0,0,0.0,stratified_80_20
138483,0,0,0.0,stratified_80_20
138489,0,0,0.0,stratified_80_20
138491,0,0,0.0,stratified_80_20
138499,0,0,0.0,stratified_80_20
138500,0,0,0.0,stratified_80_20
138501,0,0,0.0,stratified_80_20
138505,0,0,0.0,stratified_80_20
138511,0,0,0.0,stratified_80_20
138520,0,0,0.0,stratified_80_20
138527,0,0,0.0,stratified_80_20
138531,0,0,0.0,stratified_80_20
138537,0,0,0.0,stratified_80_20
138538,0,0,0.0,stratified_80_20
138552,0,0,0.0,stratified_80_20
138554,0,0,0.0,stratified_80_20
138558,0,0,0.0,stratified_80_20
138563,0,0,0.0,stratified_80_20
138565,0,0,0.0,stratified_80_20
138569,0,0,0.0,stratified_80_20
138570,0,0,0.0,stratified_80_20
138574,0,0,0.0,stratified_80_20
138578,0,0,0.0,stratified_80_20
138599,0,0,0.0,stratified_80_20
138605,0,0,0.0,stratified_80_20
138606,0,0,0.0,stratified_80_20
138609,0,0,0.0,stratified_80_20
138613,0,0,0.0,stratified_80_20
138619,0,0,0.0,stratified_80_20
138621,0,0,0.0,stratified_80_20
138622,0,0,0.0,stratified_80_20
138625,0,0,0.0,stratified_80_20
138630,0,0,0.0,stratified_80_20
138640,0,0,0.0,stratified_80_20
138644,0,0,0.0,stratified_80_20
138650,0,0,0.0,stratified_80_20
138654,0,0,0.0,stratified_80_20
138656,0,0,0.0,stratified_80_20
138660,0,0,0.0,stratified_80_20
138661,0,0,0.0,stratified_80_20
138664,0,0,0.0,stratified_80_20
138665,0,0,0.0,stratified_80_20
138666,0,0,0.0,stratified_80_20
138668,0,0,0.0,stratified_80_20
138676,0,0,0.0,stratified_80_20
138692,0,0,0.0,stratified_80_20
138693,0,0,0.0,stratified_80_20
138706,0,0,0.0,stratified_80_20
138711,0,0,0.0,stratified_80_20
138717,0,0,0.0,stratified_80_20
138718,0,0,0.0,stratified_80_20
138724,0,0,0.0,stratified_80_20
138733,0,0,0.0,stratified_80_20
138755,0,0,0.0,stratified_80_20
138756,0,0,0.0,stratified_80_20
138759,0,0,0.0,stratified_80_20
138770,0,0,0.0,stratified_80_20
138775,0,0,0.0,stratified_80_20
138780,0,0,0.0,stratified_80_20
138781,0,0,0.0,stratified_80_20
138782,0,0,0.0,stratified_80_20
138788,0,0,0.0,stratified_80_20
138798,0,0,0.0,stratified_80_20
138799,0,0,0.0,stratified_80_20
138800,0,0,0.0,stratified_80_20
138819,0,0,0.0,stratified_80_20
138823,0,0,0.0,stratified_80_20
138828,0,0,0.0,stratified_80_20
138831,0,0,0.0,stratified_80_20
138835,0,0,0.0,stratified_80_20
138836,0,0,0.0,stratified_80_20
138840,0,0,0.0,stratified_80_20
138847,0,0,0.0,stratified_80_20
138848,0,0,0.0,stratified_80_20
138850,0,0,0.0,stratified_80_20
138851,0,0,0.0,stratified_80_20
138855,0,0,0.0,stratified_80_20
138860,0,0,0.0,stratified_80_20
138861,0,0,0.0,stratified_80_20
138867,0,0,0.0,stratified_80_20
138871,0,0,0.0,stratified_80_20
138891,0,0,0.0,stratified_80_20
138892,0,0,0.0,stratified_80_20
138894,0,0,0.0,stratified_80_20
138895,0,0,0.0,stratified_80_20
138905,0,0,0.0,stratified_80_20
138911,0,0,0.0,stratified_80_20
138918,0,0,0.0,stratified_80_20
138927,0,0,0.0,stratified_80_20
138932,0,0,0.0,stratified_80_20
138933,0,0,0.0,stratified_80_20
138942,0,0,0.0,stratified_80_20
138949,0,0,0.0,stratified_80_20
138955,0,0,0.0,stratified_80_20
138964,0,0,0.0,stratified_80_20
138969,0,0,0.0,stratified_80_20
138970,0,0,0.0,stratified_80_20
138982,0,0,0.0,stratified_80_20
138986,0,0,0.0,stratified_80_20
138991,0,0,0.0,stratified_80_20
138992,0,0,0.0,stratified_80_20
138994,0,0,0.0,stratified_80_20
138995,0,0,0.0,stratified_80_20
139002,0,0,0.0,stratified_80_20
139008,0,0,0.0,stratified_80_20
139010,0,0,0.0,stratified_80_20
139012,0,0,0.0,stratified_80_20
139013,0,0,0.0,stratified_80_20
139021,0,0,0.0,stratified_80_20
139024,0,0,0.0,stratified_80_20
139032,0,0,0.0,stratified_80_20
139036,0,0,0.0,stratified_80_20
139038,0,0,0.0,stratified_80_20
139044,0,0,0.0,stratified_80_20
139046,0,0,0.0,stratified_80_20
139047,0,0,0.0,stratified_80_20
139050,0,0,0.0,stratified_80_20
139051,0,0,0.0,stratified_80_20
139061,0,0,0.0,stratified_80_20
139063,0,0,0.0,stratified_80_20
139070,0,0,0.0,stratified_80_20
139071,0,0,0.0,stratified_80_20
139073,0,0,0.0,stratified_80_20
139079,0,0,0.0,stratified_80_20
139080,0,0,0.0,stratified_80_20
139082,0,0,0.0,stratified_80_20
139083,0,0,0.0,stratified_80_20
139092,0,0,0.0,stratified_80_20
139094,0,0,0.0,stratified_80_20
139131,0,0,0.0,stratified_80_20
139132,0,0,0.0,stratified_80_20
139139,0,0,0.0,stratified_80_20
139148,0,0,0.0,stratified_80_20
139150,0,0,0.0,stratified_80_20
139158,0,0,0.0,stratified_80_20
139160,0,0,0.0,stratified_80_20
139161,0,0,0.0,stratified_80_20
139164,0,0,0.0,stratified_80_20
139170,0,0,0.0,stratified_80_20
139171,0,0,0.0,stratified_80_20
139179,0,0,0.0,stratified_80_20
139193,0,0,0.0,stratified_80_20
139203,0,0,0.0,stratified_80_20
139204,0,0,0.0,stratified_80_20
139205,0,0,0.0,stratified_80_20
139210,0,0,0.0,stratified_80_20
139217,0,0,0.0,stratified_80_20
139221,0,0,0.0,stratified_80_20
139224,0,0,0.0,stratified_80_20
139228,0,0,0.0,stratified_80_20
139234,0,0,0.0,stratified_80_20
139237,0,0,0.0,stratified_80_20
139239,0,0,0.0,stratified_80_20
139242,0,0,0.0,stratified_80_20
139243,0,0,0.0,stratified_80_20
139247,0,0,0.0,stratified_80_20
139257,0,0,0.0,stratified_80_20
139258,0,0,0.0,stratified_80_20
139266,0,0,0.0,stratified_80_20
139270,0,0,0.0,stratified_80_20
139271,0,0,0.0,stratified_80_20
139273,0,0,0.0,stratified_80_20
139281,0,0,0.0,stratified_80_20
139287,0,0,0.0,stratified_80_20
139308,0,0,0.0,stratified_80_20
139314,0,0,0.0,stratified_80_20
139335,0,0,0.0,stratified_80_20
139337,0,0,0.0,stratified_80_20
139339,0,0,0.0,stratified_80_20
139346,0,0,0.0,stratified_80_20
139347,0,0,0.0,stratified_80_20
139348,0,0,0.0,stratified_80_20
139349,0,0,0.0,stratified_80_20
139358,0,0,0.0,stratified_80_20
139361,0,0,0.0,stratified_80_20
139364,0,0,0.0,stratified_80_20
139374,0,0,0.0,stratified_80_20
139376,0,0,0.0,stratified_80_20
139379,0,0,0.0,stratified_80_20
139380,0,0,0.0,stratified_80_20
139387,0,0,0.0,stratified_80_20
139389,0,0,0.0,stratified_80_20
139390,0,0,0.0,stratified_80_20
139400,0,0,0.0,stratified_80_20
139402,0,0,0.0,stratified_80_20
139404,0,0,0.0,stratified_80_20
139410,0,0,0.0,stratified_80_20
139411,0,0,0.0,stratified_80_20
139423,0,0,0.0,stratified_80_20
139434,0,0,0.0,stratified_80_20
139437,0,0,0.0,stratified_80_20
139441,0,0,0.0,stratified_80_20
139445,0,0,0.0,stratified_80_20
139449,0,0,0.0,stratified_80_20
139452,0,0,0.0,stratified_80_20
139453,0,0,0.0,stratified_80_20
139459,0,0,0.0,stratified_80_20
139460,0,0,0.0,stratified_80_20
139461,0,0,0.0,stratified_80_20
139464,0,0,0.0,stratified_80_20
139468,0,0,0.0,stratified_80_20
139477,0,0,0.0,stratified_80_20
139481,0,0,0.0,stratified_80_20
139484,0,0,0.0,stratified_80_20
139488,0,0,0.0,stratified_80_20
139494,0,0,0.0,stratified_80_20
139504,0,0,0.0,stratified_80_20
139507,0,0,0.0,stratified_80_20
139509,0,0,0.0,stratified_80_20
139516,0,0,0.0,stratified_80_20
139529,0,0,0.0,stratified_80_20
139531,0,0,0.0,stratified_80_20
139534,0,0,0.0,stratified_80_20
139540,0,0,0.0,stratified_80_20
139542,0,0,0.0,stratified_80_20
139553,0,0,0.0,stratified_80_20
139563,0,0,0.0,stratified_80_20
139568,0,0,0.0,stratified_80_20
139574,0,0,0.0,stratified_80_20
139577,0,0,0.0,stratified_80_20
139579,0,0,0.0,stratified_80_20
139598,0,0,0.0,stratified_80_20
139602,0,0,0.0,stratified_80_20
139630,0,0,0.0,stratified_80_20
139632,0,0,0.0,stratified_80_20
139640,0,0,0.0,stratified_80_20
139641,0,0,0.0,stratified_80_20
139648,0,0,0.0,stratified_80_20
139650,0,0,0.0,stratified_80_20
139653,0,0,0.0,stratified_80_20
139654,0,0,0.0,stratified_80_20
139663,0,0,0.0,stratified_80_20
139667,0,0,0.0,stratified_80_20
139671,0,0,0.0,stratified_80_20
139680,0,0,0.0,stratified_80_20
139686,0,0,0.0,stratified_80_20
139688,0,0,0.0,stratified_80_20
139693,0,0,0.0,stratified_80_20
139696,0,0,0.0,stratified_80_20
139703,0,0,0.0,stratified_80_20
139704,0,0,0.0,stratified_80_20
139707,0,0,0.0,stratified_80_20
139718,0,0,0.0,stratified_80_20
139727,0,0,0.0,stratified_80_20
139732,0,0,0.0,stratified_80_20
139738,0,0,0.0,stratified_80_20
139739,0,0,0.0,stratified_80_20
139740,0,0,0.0,stratified_80_20
139745,0,0,0.0,stratified_80_20
139746,0,0,0.0,stratified_80_20
139761,0,0,0.0,stratified_80_20
