flow_row_id,true_label,predicted_label,predicted_probability
2,0,0,0.0
10,0,0,0.0
12,0,0,0.0
15,0,0,0.0
21,0,0,0.0
28,0,0,0.0
36,0,0,0.0
37,0,0,0.0
48,0,0,0.0
51,0,0,0.0
55,0,0,0.0
56,0,0,0.0
60,0,0,0.0
66,0,0,0.0
73,0,0,0.0
74,0,0,0.0
77,0,0,0.0
78,0,0,0.0
93,0,0,0.0
105,0,0,0.0
112,0,0,0.0
117,0,0,0.0
126,0,0,0.0
132,0,0,0.0
136,0,0,0.0
138,0,0,0.0
148,0,0,0.0
153,0,0,0.0
155,0,0,0.0
159,0,0,0.0
162,0,0,0.0
163,0,0,0.0
174,0,0,0.0
178,0,0,0.0
179,0,0,0.0
192,0,0,0.0
193,0,0,0.0
203,0,0,0.0
206,0,0,0.0
207,0,0,0.0
209,0,0,0.0
211,0,0,0.0
215,0,0,0.0
228,0,0,0.0
229,0,0,0.0
235,0,0,0.0
236,0,0,0.0
246,0,0,0.0
255,0,0,0.0
256,0,0,0.0
260,0,0,0.0
276,0,0,0.0
281,0,0,0.0
282,0,0,0.0
287,0,0,0.0
294,0,0,0.0
296,0,0,0.0
301,0,0,0.0
302,0,0,0.0
306,0,0,0.0
307,0,0,0.0
319,0,0,0.0
320,0,0,0.0
328,0,0,0.0
329,0,0,0.0
331,0,0,0.0
336,0,0,0.0
338,0,0,0.0
340,0,0,0.0
347,0,0,0.0
350,0,0,0.0
352,0,0,0.0
358,0,0,0.0
363,0,0,0.0
364,0,0,0.0
368,0,0,0.0
370,0,0,0.0
372,0,0,0.0
384,0,0,0.0
386,0,0,0.0
389,0,0,0.0
390,0,0,0.0
394,0,0,0.0
400,0,0,0.0
402,0,0,0.0
404,0,0,0.0
412,0,0,0.0
427,0,0,0.0
432,0,0,0.0
442,0,0,0.0
443,0,0,0.0
453,0,0,0.0
463,0,0,0.0
486,0,0,0.0
490,0,0,0.0
492,0,0,0.0
493,0,0,0.0
495,0,0,0.0
496,0,0,0.0
497,0,0,0.0
507,0,0,0.0
510,0,0,0.0
515,0,0,0.0
519,0,0,0.0
524,0,0,0.0
526,0,0,0.0
528,0,0,0.0
534,0,0,0.0
555,0,0,0.0
557,0,0,0.0
559,0,0,0.0
560,0,0,0.0
562,0,0,0.0
565,0,0,0.0
567,0,0,0.0
569,0,0,0.0
570,0,0,0.0
582,0,0,0.0
587,0,0,0.0
590,0,0,0.0
591,0,0,0.0
595,0,0,0.0
597,0,0,0.0
598,0,0,0.0
615,0,0,0.0
619,0,0,0.0
632,0,0,0.0
633,0,0,0.0
634,0,0,0.0
636,0,0,0.0
641,0,0,0.0
642,0,0,0.0
645,0,0,0.0
652,0,0,0.0
654,0,0,0.0
660,0,0,0.0
661,0,0,0.0
665,0,0,0.0
666,0,0,0.0
669,0,0,0.0
670,0,0,0.0
671,0,0,0.0
678,0,0,0.0
684,0,0,0.0
690,0,0,0.0
691,0,0,0.0
692,0,0,0.0
694,0,0,0.0
706,0,0,0.0
713,0,0,0.0
717,0,0,0.0
719,0,0,0.0
722,0,0,0.0
726,0,0,0.0
727,0,0,0.0
728,0,0,0.0
730,0,0,0.0
731,0,0,0.0
737,0,0,0.0
739,0,0,0.0
755,0,0,0.0
760,0,0,0.0
763,0,0,0.0
765,0,0,0.0
767,0,0,0.0
769,0,0,0.0
781,0,0,0.0
784,0,0,0.0
786,0,0,0.0
788,0,0,0.0
797,0,0,0.0
798,0,0,0.0
799,0,0,0.0
801,0,0,0.0
806,0,0,0.0
808,0,0,0.0
814,0,0,0.0
815,0,0,0.0
818,0,0,0.0
824,0,0,0.0
834,0,0,0.0
835,0,0,0.0
840,0,0,0.0
845,0,0,0.0
846,0,0,0.0
854,0,0,0.0
858,0,0,0.0
860,0,0,0.0
864,0,0,0.0
865,0,0,0.0
868,0,0,0.0
869,0,0,0.0
877,0,0,0.0
882,0,0,0.0
886,0,0,0.0
887,0,0,0.0
889,0,0,0.0
893,0,0,0.0
897,0,0,0.0
901,0,0,0.0
908,0,0,0.0
909,0,0,0.0
910,0,0,0.0
916,0,0,0.0
917,0,0,0.0
922,0,0,0.0
924,0,0,0.0
929,0,0,0.0
944,0,0,0.0
946,0,0,0.0
947,0,0,0.0
954,0,0,0.0
956,0,0,0.0
968,0,0,0.0
992,0,0,0.0
1004,0,0,0.0
1007,0,0,0.0
1014,0,0,0.0
1015,0,0,0.0
1016,0,0,0.0
1018,0,0,0.0
1019,0,0,0.0
1031,0,0,0.0
1040,0,0,0.0
1041,0,0,0.0
1044,0,0,0.0
1049,0,0,0.0
1051,0,0,0.0
1055,0,0,0.0
1058,0,0,0.0
1062,0,0,0.0
1067,0,0,0.0
1070,0,0,0.0
1073,0,0,0.0
1074,0,0,0.0
1079,0,0,0.0
1080,0,0,0.0
1081,0,0,0.0
1089,0,0,0.0
1091,0,0,0.0
1095,0,0,0.0
1102,0,0,0.0
1105,0,0,0.0
1115,0,0,0.0
1125,0,0,0.0
1129,0,0,0.0
1132,0,0,0.0
1134,0,0,0.0
1137,0,0,0.0
1140,0,0,0.0
1150,0,0,0.0
1155,0,0,0.0
1160,0,0,0.0
1161,0,0,0.0
1168,0,0,0.0
1172,0,0,0.0
1177,0,0,0.0
1184,0,0,0.0
1193,0,0,0.0
1195,0,0,0.0
1207,0,0,0.0
1209,0,0,0.0
1211,0,0,0.0
1212,0,0,0.0
1214,0,0,0.0
1218,0,0,0.0
1234,0,0,0.0
1239,0,0,0.0
1242,0,0,0.0
1245,0,0,0.0
1252,0,0,0.0
1257,0,0,0.0
1269,0,0,0.0
1279,0,0,0.0
1283,0,0,0.0
1294,0,0,0.0
1299,0,0,0.0
1301,0,0,0.0
1306,0,0,0.0
1307,0,0,0.0
1308,0,0,0.0
1312,0,0,0.0
1313,0,0,0.0
1324,0,0,0.0
1341,0,0,0.0
1342,0,0,0.0
1353,0,0,0.0
1359,0,0,0.0
1360,0,0,0.0
1367,0,0,0.0
1375,0,0,0.0
1378,0,0,0.0
1379,0,0,0.0
1381,0,0,0.0
1384,0,0,0.0
1386,0,0,0.0
1391,0,0,0.0
1401,0,0,0.0
1403,0,0,0.0
1407,0,0,0.0
1408,0,0,0.0
1409,0,0,0.0
1415,0,0,0.0
1421,0,0,0.0
1425,0,0,0.0
1431,0,0,0.0
1435,0,0,0.0
1447,0,0,0.0
1454,0,0,0.0
1462,0,0,0.0
1466,0,0,0.0
1468,0,0,0.0
1469,0,0,0.0
1481,0,0,0.0
1485,0,0,0.0
1502,0,0,0.0
1506,0,0,0.0
1509,0,0,0.0
1515,0,0,0.0
1524,0,0,0.0
1525,0,0,0.0
1531,0,0,0.0
1537,0,0,0.0
1538,0,0,0.0
1539,0,0,0.0
1541,0,0,0.0
1542,0,0,0.0
1545,0,0,0.0
1548,0,0,0.0
1552,0,0,0.0
1559,0,0,0.0
1560,0,0,0.0
1577,0,0,0.0
1582,0,0,0.0
1587,0,0,0.0
1589,0,0,0.0
1591,0,0,0.0
1597,0,0,0.0
1600,0,0,0.0
1605,0,0,0.0
1607,0,0,0.0
1609,0,0,0.0
1614,0,0,0.0
1620,0,0,0.0
1622,0,0,0.0
1626,0,0,0.0
1630,0,0,0.0
1645,0,0,0.0
1651,0,0,0.0
1652,0,0,0.0
1657,0,0,0.0
1658,0,0,0.0
1667,0,0,0.0
1669,0,0,0.0
1674,0,0,0.0
1695,0,0,0.0
1700,0,0,0.0
1701,0,0,0.0
1708,0,0,0.0
1725,0,0,0.0
1726,0,0,0.0
1728,0,0,0.0
1737,0,0,0.0
1740,0,0,0.0
1746,0,0,0.0
1750,0,0,0.0
1752,0,0,0.0
1753,0,0,0.0
1754,0,0,0.0
1756,0,0,0.0
1759,0,0,0.0
1764,0,0,0.0
1770,0,0,0.0
1773,0,0,0.0
1777,0,0,0.0
1779,0,0,0.0
1780,0,0,0.0
1785,0,0,0.0
1789,0,0,0.0
1798,0,0,0.0
1802,0,0,0.0
1806,0,0,0.0
1813,0,0,0.0
1814,0,0,0.0
1816,0,0,0.0
1823,0,0,0.0
1828,0,0,0.0
1831,0,0,0.0
1832,0,0,0.0
1843,0,0,0.0
1845,0,0,0.0
1848,0,0,0.0
1849,0,0,0.0
1860,0,0,0.0
1868,0,0,0.0
1875,0,0,0.0
1881,0,0,0.0
1883,0,0,0.0
1885,0,0,0.0
1892,0,0,0.0
1893,0,0,0.0
1894,0,0,0.0
1898,0,0,0.0
1902,0,0,0.0
1903,0,0,0.0
1906,0,0,0.0
1909,0,0,0.0
1917,0,0,0.0
1919,0,0,0.0
1920,0,0,0.0
1922,0,0,0.0
1924,0,0,0.0
1925,0,0,0.0
1932,0,0,0.0
1934,0,0,0.0
1936,0,0,0.0
1949,0,0,0.0
1950,0,0,0.0
1951,0,0,0.0
1961,0,0,0.0
1969,0,0,0.0
1971,0,0,0.0
1973,0,0,0.0
1980,0,0,0.0
1986,0,0,0.0
1987,0,0,0.0
1988,0,0,0.0
1995,0,0,0.0
1996,0,0,0.0
1999,0,0,0.0
2010,0,0,0.0
2011,0,0,0.0
2013,0,0,0.0
2015,0,0,0.0
2016,0,0,0.0
2017,0,0,0.0
2019,0,0,0.0
2023,0,0,0.0
2024,0,0,0.0
2035,0,0,0.0
2036,0,0,0.0
2042,0,0,0.0
2049,0,0,0.0
2050,0,0,0.0
2056,0,0,0.0
2057,0,0,0.0
2058,0,0,0.0
2064,0,0,0.0
2073,0,0,0.0
2076,0,0,0.0
2079,0,0,0.0
2083,0,0,0.0
2093,0,0,0.0
2096,0,0,0.0
2100,0,0,0.0
2102,0,0,0.0
2103,0,0,0.0
2105,0,0,0.0
2107,0,0,0.0
2108,0,0,0.0
2114,0,0,0.0
2123,0,0,0.0
2128,0,0,0.0
2147,0,0,0.0
2159,0,0,0.0
2160,0,0,0.0
2169,0,0,0.0
2176,0,0,0.0
2179,0,0,0.0
2187,0,0,0.0
2196,0,0,0.0
2198,0,0,0.0
2200,0,0,0.0
2204,0,0,0.0
2219,0,0,0.0
2224,0,0,0.0
2228,0,0,0.0
2243,0,0,0.0
2244,0,0,0.0
2251,0,0,0.0
2257,0,0,0.0
2260,0,0,0.0
2261,0,0,0.0
2272,0,0,0.0
2274,0,0,0.0
2282,0,0,0.0
2283,0,0,0.0
2302,0,0,0.0
2311,0,0,0.0
2314,0,0,0.0
2317,0,0,0.0
2327,0,0,0.0
2329,0,0,0.0
2336,0,0,0.0
2340,0,0,0.0
2347,0,0,0.0
2352,0,0,0.0
2356,0,0,0.0
2365,0,0,0.0
2366,0,0,0.0
2368,0,0,0.0
2369,0,0,0.0
2370,0,0,0.0
2377,0,0,0.0
2382,0,0,0.0
2384,0,0,0.0
2389,0,0,0.0
2395,0,0,0.0
2396,0,0,0.0
2400,0,0,0.0
2402,0,0,0.0
2409,0,0,0.0
2413,0,0,0.0
2419,0,0,0.0
2421,0,0,0.0
2426,0,0,0.0
2429,0,0,0.0
2431,0,0,0.0
2443,0,0,0.0
2454,0,0,0.0
2459,0,0,0.0
2460,0,0,0.0
2461,0,0,0.0
2462,0,0,0.0
2469,0,0,0.0
2473,0,0,0.0
2482,0,0,0.0
2484,0,0,0.0
2486,0,0,0.0
2509,0,0,0.0
2511,0,0,0.0
2513,0,0,0.0
2523,0,0,0.0
2526,0,0,0.0
2537,0,0,0.0
2539,0,0,0.0
2551,0,0,0.0
2552,0,0,0.0
2557,0,0,0.0
2567,0,0,0.0
2568,0,0,0.0
2573,0,0,0.0
2576,0,0,0.0
2580,0,0,0.0
2581,0,0,0.0
2586,0,0,0.0
2590,0,0,0.0
2591,0,0,0.0
2597,0,0,0.0
2607,0,0,0.0
2610,0,0,0.0
2611,0,0,0.0
2620,0,0,0.0
2623,0,0,0.0
2631,0,0,0.0
2637,0,0,0.0
2642,0,0,0.0
2643,0,0,0.0
2648,0,0,0.0
2651,0,0,0.0
2654,0,0,0.0
2659,0,0,0.0
2663,0,0,0.0
2670,0,0,0.0
2686,0,0,0.0
2690,0,0,0.0
2693,0,0,0.0
2695,0,0,0.0
2696,0,0,0.0
2708,0,0,0.0
2711,0,0,0.0
2716,0,0,0.0
2717,0,0,0.0
2719,0,0,0.0
2722,0,0,0.0
2723,0,0,0.0
2738,0,0,0.0
2739,0,0,0.0
2745,0,0,0.0
2747,0,0,0.0
2759,0,0,0.0
2763,0,0,0.0
2765,0,0,0.0
2768,0,0,0.0
2770,0,0,0.0
2775,0,0,0.0
2779,0,0,0.0
2785,0,0,0.0
2786,0,0,0.0
2795,0,0,0.0
2800,0,0,0.0
2801,0,0,0.0
2808,0,0,0.0
2809,0,0,0.0
2810,0,0,0.0
2811,0,0,0.0
2823,0,0,0.0
2831,0,0,0.0
2833,0,0,0.0
2835,0,0,0.0
2837,0,0,0.0
2839,0,0,0.0
2841,0,0,0.0
2850,0,0,0.0
2866,0,0,0.0
2869,0,0,0.0
2871,0,0,0.0
2880,0,0,0.0
2881,0,0,0.0
2882,0,0,0.0
2886,0,0,0.0
2887,0,0,0.0
2889,0,0,0.0
2890,0,0,0.0
2892,0,0,0.0
2895,0,0,0.0
2911,0,0,0.0
2913,0,0,0.0
2920,0,0,0.0
2921,0,0,0.0
2934,0,0,0.0
2939,0,0,0.0
2940,0,0,0.0
2956,0,0,0.0
2962,0,0,0.0
2963,0,0,0.0
2970,0,0,0.0
2972,0,0,0.0
2978,0,0,0.0
2979,0,0,0.0
2983,0,0,0.0
2985,0,0,0.0
2994,0,0,0.0
2999,0,0,0.0
3009,0,0,0.0
3017,0,0,0.0
3020,0,0,0.0
3044,0,0,0.0
3051,0,0,0.0
3052,0,0,0.0
3057,0,0,0.0
3060,0,0,0.0
3065,0,0,0.0
3066,0,0,0.0
3071,0,0,0.0
3081,0,0,0.0
3083,0,0,0.0
3084,0,0,0.0
3088,0,0,0.0
3089,0,0,0.0
3092,0,0,0.0
3093,0,0,0.0
3098,0,0,0.0
3114,0,0,0.0
3117,0,0,0.0
3121,0,0,0.0
3127,0,0,0.0
3130,0,0,0.0
3145,0,0,0.0
3146,0,0,0.0
3148,0,0,0.0
3149,0,0,0.0
3159,0,0,0.0
3164,0,0,0.0
3170,0,0,0.0
3174,0,0,0.0
3175,0,0,0.0
3178,0,0,0.0
3188,0,0,0.0
3190,0,0,0.0
3191,0,0,0.0
3192,0,0,0.0
3196,0,0,0.0
3201,0,0,0.0
3203,0,0,0.0
3212,0,0,0.0
3216,0,0,0.0
3218,0,0,0.0
3225,0,0,0.0
3228,0,0,0.0
3232,0,0,0.0
3235,0,0,0.0
3236,0,0,0.0
3239,0,0,0.0
3240,0,0,0.0
3255,0,0,0.0
3258,0,0,0.0
3259,0,0,0.0
3262,0,0,0.0
3267,0,0,0.0
3271,0,0,0.0
3273,0,0,0.0
3275,0,0,0.0
3280,0,0,0.0
3285,0,0,0.0
3291,0,0,0.0
3293,0,0,0.0
3317,0,0,0.0
3320,0,0,0.0
3321,0,0,0.0
3326,0,0,0.0
3327,0,0,0.0
3332,0,0,0.0
3338,0,0,0.0
3339,0,0,0.0
3343,0,0,0.0
3346,0,0,0.0
3358,0,0,0.0
3370,0,0,0.0
3373,0,0,0.0
3380,0,0,0.0
3385,0,0,0.0
3389,0,0,0.0
3395,0,0,0.0
3400,0,0,0.0
3407,0,0,0.0
3409,0,0,0.0
3412,0,0,0.0
3414,0,0,0.0
3420,0,0,0.0
3424,0,0,0.0
3430,0,0,0.0
3435,0,0,0.0
3436,0,0,0.0
3439,0,0,0.0
3443,0,0,0.0
3453,0,0,0.0
3457,0,0,0.0
3464,0,0,0.0
3465,0,0,0.0
3466,0,0,0.0
3471,0,0,0.0
3491,0,0,0.0
3499,0,0,0.0
3513,0,0,0.0
3514,0,0,0.0
3516,0,0,0.0
3535,0,0,0.0
3536,0,0,0.0
3543,0,0,0.0
3557,0,0,0.0
3558,0,0,0.0
3561,0,0,0.0
3567,0,0,0.0
3573,0,0,0.0
3574,0,0,0.0
3587,0,0,0.0
3591,0,0,0.0
3596,0,0,0.0
3598,0,0,0.0
3606,0,0,0.0
3621,0,0,0.0
3626,0,0,0.0
3629,0,0,0.0
3630,0,0,0.0
3631,0,0,0.0
3632,0,0,0.0
3641,0,0,0.0
3642,0,0,0.0
3644,0,0,0.0
3650,0,0,0.0
3654,0,0,0.0
3659,0,0,0.0
3664,0,0,0.0
3666,0,0,0.0
3670,0,0,0.0
3675,0,0,0.0
3676,0,0,0.0
3679,0,0,0.0
3681,0,0,0.0
3688,0,0,0.0
3691,0,0,0.0
3696,0,0,0.0
3709,0,0,0.0
3712,0,0,0.0
3720,0,0,0.0
3722,0,0,0.0
3726,0,0,0.0
3727,0,0,0.0
3729,0,0,0.0
3744,0,0,0.0
3747,0,0,0.0
3748,0,0,0.0
3749,0,0,0.0
3754,0,0,0.0
3756,0,0,0.0
3760,0,0,0.0
3765,0,0,0.0
3770,0,0,0.0
3771,0,0,0.0
3774,0,0,0.0
3775,0,0,0.0
3782,0,0,0.0
3783,0,0,0.0
3797,0,0,0.0
3809,0,0,0.0
3810,0,0,0.0
3812,0,0,0.0
3815,0,0,0.0
3822,0,0,0.0
3823,0,0,0.0
3828,0,0,0.0
3832,0,0,0.0
3838,0,0,0.0
3841,0,0,0.0
3845,0,0,0.0
3849,0,0,0.0
3866,0,0,0.0
3869,0,0,0.0
3873,0,0,0.0
3880,0,0,0.0
3883,0,0,0.0
3890,0,0,0.0
3895,0,0,0.0
3908,0,0,0.0
3909,0,0,0.0
3925,0,0,0.0
3932,0,0,0.0
3937,0,0,0.0
3951,0,0,0.0
3952,0,0,0.0
3956,0,0,0.0
3969,0,0,0.0
3970,0,0,0.0
3972,0,0,0.0
3981,0,0,0.0
3983,0,0,0.0
3985,0,0,0.0
3987,0,0,0.0
3990,0,0,0.0
3996,0,0,0.0
4000,0,0,0.0
4001,0,0,0.0
4006,0,0,0.0
4008,0,0,0.0
4011,0,0,0.0
4014,0,0,0.0
4017,0,0,0.0
4018,0,0,0.0
4019,0,0,0.0
4023,0,0,0.0
4025,0,0,0.0
4027,0,0,0.0
4030,0,0,0.0
4042,0,0,0.0
4050,0,0,0.0
4055,0,0,0.0
4067,0,0,0.0
4078,0,0,0.0
4083,0,0,0.0
4096,0,0,0.0
4098,0,0,0.0
4102,0,0,0.0
4114,0,0,0.0
4117,0,0,0.0
4131,0,0,0.0
4134,0,0,0.0
4135,0,0,0.0
4136,0,0,0.0
4137,0,0,0.0
4138,0,0,0.0
4141,0,0,0.0
4150,0,0,0.0
4151,0,0,0.0
4158,0,0,0.0
4173,0,0,0.0
4175,0,0,0.0
4179,0,0,0.0
4190,0,0,0.0
4213,0,0,0.0
4218,0,0,0.0
4231,0,0,0.0
4234,0,0,0.0
4239,0,0,0.0
4242,0,0,0.0
4255,0,0,0.0
4259,0,0,0.0
4261,0,0,0.0
4263,0,0,0.0
4267,0,0,0.0
4274,0,0,0.0
4276,0,0,0.0
4295,0,0,0.0
4298,0,0,0.0
4299,0,0,0.0
4300,0,0,0.0
4301,0,0,0.0
4302,0,0,0.0
4311,0,0,0.0
4316,0,0,0.0
4321,0,0,0.0
4324,0,0,0.0
4327,0,0,0.0
4331,0,0,0.0
4332,0,0,0.0
4357,0,0,0.0
4358,0,0,0.0
4359,0,0,0.0
4368,0,0,0.0
4378,0,0,0.0
4379,0,0,0.0
4381,0,0,0.0
4382,0,0,0.0
4392,0,0,0.0
4394,0,0,0.0
4395,0,0,0.0
4409,0,0,0.0
4414,0,0,0.0
4423,0,0,0.0
4425,0,0,0.0
4426,0,0,0.0
4427,0,0,0.0
4429,0,0,0.0
4432,0,0,0.0
4434,0,0,0.0
4437,0,0,0.0
4458,0,0,0.0
4460,0,0,0.0
4470,0,0,0.0
4473,0,0,0.0
4477,0,0,0.0
4478,0,0,0.0
4482,0,0,0.0
4486,0,0,0.0
4491,0,0,0.0
4493,0,0,0.0
4494,0,0,0.0
4499,0,0,0.0
4507,0,0,0.0
4512,0,0,0.0
4515,0,0,0.0
4529,0,0,0.0
4532,0,0,0.0
4535,0,0,0.0
4541,0,0,0.0
4551,0,0,0.0
4552,0,0,0.0
4566,0,0,0.0
4567,0,0,0.0
4575,0,0,0.0
4576,0,0,0.0
4578,0,0,0.0
4581,0,0,0.0
4582,0,0,0.0
4597,0,0,0.0
4598,0,0,0.0
4603,0,0,0.0
4606,0,0,0.0
4611,0,0,0.0
4617,0,0,0.0
4621,0,0,0.0
4627,0,0,0.0
4632,0,0,0.0
4633,0,0,0.0
4643,0,0,0.0
4646,0,0,0.0
4648,0,0,0.0
4655,0,0,0.0
4656,0,0,0.0
4662,0,0,0.0
4663,0,0,0.0
4666,0,0,0.0
4674,0,0,0.0
4675,0,0,0.0
4676,0,0,0.0
4677,0,0,0.0
4686,0,0,0.0
4694,0,0,0.0
4695,0,0,0.0
4700,0,0,0.0
4703,0,0,0.0
4710,0,0,0.0
4711,0,0,0.0
4712,0,0,0.0
4722,0,0,0.0
4725,0,0,0.0
4732,0,0,0.0
4746,0,0,0.0
4747,0,0,0.0
4748,0,0,0.0
4757,0,0,0.0
4758,0,0,0.0
4760,0,0,0.0
4761,0,0,0.0
4763,0,0,0.0
4765,0,0,0.0
4773,0,0,0.0
4781,0,0,0.0
4782,0,0,0.0
4784,0,0,0.0
4791,0,0,0.0
4792,0,0,0.0
4798,0,0,0.0
4809,0,0,0.0
4820,0,0,0.0
4823,0,0,0.0
4827,0,0,0.0
4830,0,0,0.0
4833,0,0,0.0
4835,0,0,0.0
4837,0,0,0.0
4839,0,0,0.0
4841,0,0,0.0
4846,0,0,0.0
4853,0,0,0.0
4857,0,0,0.0
4858,0,0,0.0
4861,0,0,0.0
4864,0,0,0.0
4868,0,0,0.0
4876,0,0,0.0
4886,0,0,0.0
4887,0,0,0.0
4889,0,0,0.0
4893,0,0,0.0
4895,0,0,0.0
4897,0,0,0.0
4898,0,0,0.0
4905,0,0,0.0
4922,0,0,0.0
4923,0,0,0.0
4924,0,0,0.0
4925,0,0,0.0
4926,0,0,0.0
4931,0,0,0.0
4944,0,0,0.0
4947,0,0,0.0
4951,0,0,0.0
4956,0,0,0.0
4960,0,0,0.0
4967,0,0,0.0
4971,0,0,0.0
4979,0,0,0.0
4986,0,0,0.0
4992,0,0,0.0
4994,0,0,0.0
5002,0,0,0.0
5004,0,0,0.0
5021,0,0,0.0
5024,0,0,0.0
5033,0,0,0.0
5036,0,0,0.0
5037,0,0,0.0
5039,0,0,0.0
5056,0,0,0.0
5057,0,0,0.0
5060,0,0,0.0
5062,0,0,0.0
5065,0,0,0.0
5067,0,0,0.0
5075,0,0,0.0
5077,0,0,0.0
5079,0,0,0.0
5084,0,0,0.0
5097,0,0,0.0
5103,0,0,0.0
5105,0,0,0.0
5109,0,0,0.0
5110,0,0,0.0
5113,0,0,0.0
5122,0,0,0.0
5126,0,0,0.0
5127,0,0,0.0
5141,0,0,0.0
5147,0,0,0.0
5153,0,0,0.0
5154,0,0,0.0
5167,0,0,0.0
5188,0,0,0.0
5190,0,0,0.0
5192,0,0,0.0
5193,0,0,0.0
5198,0,0,0.0
5205,0,0,0.0
5208,0,0,0.0
5211,0,0,0.0
5214,0,0,0.0
5215,0,0,0.0
5232,0,0,0.0
5236,0,0,0.0
5241,0,0,0.0
5243,0,0,0.0
5244,0,0,0.0
5245,0,0,0.0
5251,0,0,0.0
5253,0,0,0.0
5260,0,0,0.0
5262,0,0,0.0
5263,0,0,0.0
5269,0,0,0.0
5275,0,0,0.0
5289,0,0,0.0
5291,0,0,0.0
5293,0,0,0.0
5295,0,0,0.0
5301,0,0,0.0
5317,0,0,0.0
5320,0,0,0.0
5324,1,1,1.0
5330,0,0,0.0
5336,0,0,0.0
5344,0,0,0.0
5353,0,0,0.0
5356,0,0,0.0
5357,1,1,1.0
5366,0,0,0.0
5372,0,0,0.0
5381,0,0,0.0
5384,1,1,1.0
5388,0,0,0.0
5403,0,0,0.0
5410,0,0,0.0
5427,1,1,1.0
5429,0,0,0.0
5430,0,0,0.0
5431,0,0,0.0
5435,1,1,1.0
5438,0,0,0.0
5443,0,0,0.0
5447,0,0,0.0
5448,0,0,0.0
5453,1,1,1.0
5459,0,0,0.0
5461,0,0,0.0
5464,0,0,0.0
5469,0,0,0.0
5475,0,0,0.0
5479,0,0,0.0
5485,1,1,1.0
5486,1,1,1.0
5488,0,0,0.0
5493,0,0,0.0
5505,0,0,0.0
5513,0,0,0.0
5514,0,0,0.0
5527,1,1,1.0
5528,0,0,0.0
5531,0,0,0.0
5535,0,0,0.0
5536,0,0,0.0
5544,0,0,0.0
5547,1,1,1.0
5548,1,1,1.0
5549,0,0,0.0
5551,0,0,0.0
5552,0,0,0.0
5553,0,0,0.0
5561,0,0,0.0
5574,0,0,0.0
5580,1,1,1.0
5581,0,0,0.0
5583,0,0,0.0
5596,0,0,0.0
5597,0,0,0.0
5602,1,1,1.0
5603,0,0,0.0
5608,0,0,0.0
5611,0,0,0.0
5612,1,1,1.0
5615,0,0,0.0
5616,0,0,0.0
5618,1,1,1.0
5627,1,1,1.0
5646,0,0,0.0
5651,0,0,0.0
5655,0,0,0.0
5657,0,0,0.0
5658,0,0,0.0
5662,0,0,0.0
5664,1,1,1.0
5669,0,0,0.0
5672,0,0,0.0
5676,0,0,0.0
5684,0,0,0.0
5688,0,0,0.0
5690,0,0,0.0
5696,0,0,0.0
5701,1,1,1.0
5705,0,0,0.0
5706,0,0,0.0
5708,0,0,0.0
5709,0,0,0.0
5713,0,0,0.0
5722,0,0,0.0
5723,1,1,1.0
5728,0,0,0.0
5731,0,0,0.0
5735,0,0,0.0
5738,0,0,0.0
5740,1,1,1.0
5748,0,0,0.0
5762,1,1,1.0
5767,0,0,0.0
5770,0,0,0.0
5774,1,1,1.0
5775,0,0,0.0
5776,0,0,0.0
5778,1,1,1.0
5781,0,0,0.0
5786,0,0,0.0
5790,0,0,0.0
5792,0,0,0.0
5794,0,0,0.0
5800,1,1,1.0
5801,0,0,0.0
5810,0,0,0.0
5811,0,0,0.0
5820,1,1,1.0
5822,1,1,1.0
5829,0,0,0.0
5833,0,0,0.0
5842,0,0,0.0
5843,0,0,0.0
5856,0,0,0.0
5866,1,1,1.0
5867,0,0,0.0
5869,1,1,1.0
5870,0,0,0.0
5876,1,1,1.0
5879,0,0,0.0
5889,0,0,0.0
5894,0,0,0.0
5898,0,0,0.0
5899,0,0,0.0
5901,1,1,1.0
5905,0,0,0.0
5908,0,0,0.0
5927,1,1,1.0
5931,1,1,1.0
5937,0,0,0.0
5938,0,0,0.0
5941,0,0,0.0
5947,1,1,1.0
5950,0,0,0.0
5951,0,0,0.0
5959,0,0,0.0
5960,0,0,0.0
5962,0,0,0.0
5965,0,0,0.0
5970,0,0,0.0
5976,0,0,0.0
5978,1,1,1.0
5983,1,1,1.0
5985,0,0,0.0
5992,0,0,0.0
5993,1,1,1.0
5994,0,0,0.0
6004,0,0,0.0
6009,1,1,1.0
6018,0,0,0.0
6024,1,1,1.0
6031,1,1,1.0
6036,0,0,0.0
6039,0,0,0.0
6048,0,0,0.0
6049,1,1,1.0
6054,1,1,1.0
6060,1,1,1.0
6069,0,0,0.0
6073,1,1,1.0
6082,0,0,0.0
6086,1,1,1.0
6090,1,1,1.0
6095,1,1,1.0
6101,1,1,1.0
6102,1,1,1.0
6109,0,0,0.0
6113,0,0,0.0
6114,0,0,0.0
6117,0,0,0.0
6125,0,0,0.0
6132,0,0,0.0
6133,0,0,0.0
6135,0,0,0.0
6139,1,1,1.0
6142,1,1,1.0
6154,0,0,0.0
6158,1,1,1.0
6162,0,0,0.0
6169,0,0,0.0
6171,0,0,0.0
6173,1,1,1.0
6182,0,0,0.0
6184,0,0,0.0
6185,1,1,1.0
6187,0,0,0.0
6188,0,0,0.0
6192,1,1,1.0
6196,0,0,0.0
6198,0,0,0.0
6203,1,1,1.0
6209,0,0,0.0
6217,0,0,0.0
6220,0,0,0.0
6221,1,1,1.0
6225,1,1,1.0
6228,0,0,0.0
6242,0,0,0.0
6248,0,0,0.0
6253,0,0,0.0
6267,0,0,0.0
6268,0,0,0.0
6271,0,0,0.0
6277,0,0,0.0
6289,0,0,0.0
6291,0,0,0.0
6296,0,0,0.0
6301,0,0,0.0
6303,1,1,1.0
6305,1,1,1.0
6311,0,0,0.0
6314,1,1,1.0
6316,0,0,0.0
6319,0,0,0.0
6322,0,0,0.0
6329,0,0,0.0
6334,0,0,0.0
6335,0,0,0.0
6337,0,0,0.0
6338,1,1,1.0
6341,0,0,0.0
6348,1,1,1.0
6363,0,0,0.0
6368,0,0,0.0
6370,0,0,0.0
6375,0,0,0.0
6378,0,0,0.0
6384,0,0,0.0
6385,0,0,0.0
6388,0,0,0.0
6397,1,1,1.0
6402,0,0,0.0
6408,0,0,0.0
6440,0,0,0.0
6441,1,1,1.0
6444,0,0,0.0
6450,0,0,0.0
6458,1,1,1.0
6460,0,0,0.0
6461,1,1,1.0
6470,0,0,0.0
6473,0,0,0.0
6476,0,0,0.0
6478,0,0,0.0
6483,0,0,0.0
6484,0,0,0.0
6489,0,0,0.0
6498,0,0,0.0
6502,0,0,0.0
6519,1,1,1.0
6520,1,1,1.0
6529,0,0,0.0
6531,0,0,0.0
6534,1,1,1.0
6545,0,0,0.0
6555,0,0,0.0
6562,0,0,0.0
6563,0,0,0.0
6573,0,0,0.0
6579,1,1,1.0
6584,0,0,0.0
6600,0,0,0.0
6604,1,1,1.0
6606,1,1,1.0
6607,1,1,1.0
6609,1,1,1.0
6616,1,1,1.0
6621,0,0,0.0
6624,0,0,0.0
6625,1,1,1.0
6635,0,0,0.0
6644,0,0,0.0
6648,0,0,0.0
6650,1,1,1.0
6655,0,0,0.0
6656,0,0,0.0
6657,1,1,1.0
6664,0,0,0.0
6680,0,0,0.0
6684,1,1,1.0
6688,1,1,1.0
6689,0,0,0.0
6692,0,0,0.0
6694,0,0,0.0
6695,0,0,0.0
6700,1,1,1.0
6705,0,0,0.0
6718,1,1,1.0
6731,1,1,1.0
6738,0,0,0.0
6741,0,0,0.0
6754,0,0,0.0
6762,0,0,0.0
6763,1,1,1.0
6782,0,0,0.0
6786,0,0,0.0
6789,0,0,0.0
6790,0,0,0.0
6797,0,0,0.0
6801,0,0,0.0
6807,1,1,1.0
6821,0,0,0.0
6823,0,0,0.0
6829,1,1,1.0
6831,0,0,0.0
6835,0,0,0.0
6841,0,0,0.0
6844,0,0,0.0
6850,0,0,0.0
6858,1,1,1.0
6878,1,1,1.0
6883,0,0,0.0
6885,0,0,0.0
6888,1,1,1.0
6894,0,0,0.0
6898,0,0,0.0
6907,1,1,1.0
6909,0,0,0.0
6910,1,1,1.0
6915,0,0,0.0
6918,0,0,0.0
6925,0,0,0.0
6926,1,1,1.0
6929,0,0,0.0
6930,0,0,0.0
6933,0,0,0.0
6934,0,0,0.0
6935,0,0,0.0
6937,1,1,1.0
6940,0,0,0.0
6951,0,0,0.0
6955,1,1,1.0
6958,1,1,1.0
6962,1,1,1.0
6972,1,1,1.0
6987,0,0,0.0
7003,1,1,1.0
7007,0,0,0.0
7016,0,0,0.0
7017,1,1,1.0
7022,0,0,0.0
7029,0,0,0.0
7036,1,1,1.0
7040,0,0,0.0
7045,0,0,0.0
7046,0,0,0.0
7049,1,1,1.0
7054,0,0,0.0
7065,0,0,0.0
7066,0,0,0.0
7067,0,0,0.0
7068,0,0,0.0
7071,0,0,0.0
7073,1,1,1.0
7077,1,1,1.0
7078,0,0,0.0
7080,0,0,0.0
7086,0,0,0.0
7087,1,1,1.0
7088,0,0,0.0
7089,0,0,0.0
7117,0,0,0.0
7119,0,0,0.0
7121,1,1,1.0
7126,1,1,1.0
7128,0,0,0.0
7129,0,0,0.0
7132,0,0,0.0
7148,0,0,0.0
7149,0,0,0.0
7153,1,1,1.0
7154,1,1,1.0
7162,0,0,0.0
7164,0,0,0.0
7166,0,0,0.0
7167,0,0,0.0
7168,0,0,0.0
7171,0,0,0.0
7178,1,1,1.0
7184,0,0,0.0
7187,1,1,1.0
7190,1,1,1.0
7200,0,0,0.0
7207,0,0,0.0
7215,1,1,1.0
7221,0,0,0.0
7227,0,0,0.0
7233,1,1,1.0
7234,1,1,1.0
7240,0,0,0.0
7245,0,0,0.0
7247,1,1,1.0
7248,0,0,0.0
7258,0,0,0.0
7266,0,0,0.0
7267,1,1,1.0
7274,0,0,0.0
7278,0,0,0.0
7279,0,0,0.0
7283,0,0,0.0
7284,0,0,0.0
7289,0,0,0.0
7295,0,0,0.0
7305,0,0,0.0
7314,0,0,0.0
7323,0,0,0.0
7341,0,0,0.0
7343,0,0,0.0
7344,0,0,0.0
7345,0,0,0.0
7350,1,1,1.0
7353,1,1,1.0
7356,0,0,0.0
7360,0,0,0.0
7365,1,1,1.0
7366,0,0,0.0
7367,1,1,1.0
7370,0,0,0.0
7371,0,0,0.0
7373,0,0,0.0
7375,0,0,0.0
7378,0,0,0.0
7380,0,0,0.0
7381,0,0,0.0
7384,0,0,0.0
7389,0,0,0.0
7395,0,0,0.0
7400,0,0,0.0
7403,0,0,0.0
7407,1,1,1.0
7416,0,0,0.0
7418,1,1,1.0
7421,0,0,0.0
7424,0,0,0.0
7425,0,0,0.0
7429,0,0,0.0
7432,0,0,0.0
7436,1,1,1.0
7439,1,1,1.0
7449,0,0,0.0
7450,0,0,0.0
7452,0,0,0.0
7454,1,1,1.0
7457,1,1,1.0
7462,0,0,0.0
7465,0,0,0.0
7466,0,0,0.0
7467,0,0,0.0
7474,0,0,0.0
7479,0,0,0.0
7480,0,0,0.0
7488,1,1,1.0
7491,0,0,0.0
7492,1,1,1.0
7501,0,0,0.0
7512,0,0,0.0
7526,0,0,0.0
7529,0,0,0.0
7539,0,0,0.0
7545,0,0,0.0
7547,0,0,0.0
7550,0,0,0.0
7551,1,1,1.0
7566,0,0,0.0
7577,0,0,0.0
7579,0,0,0.0
7586,0,0,0.0
7592,0,0,0.0
7602,0,0,0.0
7606,1,1,1.0
7615,1,1,1.0
7618,1,1,1.0
7619,1,1,1.0
7620,0,0,0.0
7622,0,0,0.0
7625,0,0,0.0
7630,0,0,0.0
7632,0,0,0.0
7634,0,0,0.0
7637,1,1,1.0
7641,1,1,1.0
7646,1,1,1.0
7648,0,0,0.0
7650,1,1,1.0
7655,1,1,1.0
7657,0,0,0.0
7668,1,1,1.0
7675,0,0,0.0
7676,0,0,0.0
7687,1,1,1.0
7689,0,0,0.0
7691,0,0,0.0
7704,0,0,0.0
7706,1,1,1.0
7714,0,0,0.0
7717,1,1,1.0
7722,1,1,1.0
7726,0,0,0.0
7733,0,0,0.0
7734,0,0,0.0
7740,0,0,0.0
7742,1,1,1.0
7743,1,1,1.0
7744,0,0,0.0
7745,0,0,0.0
7746,0,0,0.0
7753,1,1,1.0
7758,0,0,0.0
7761,1,1,1.0
7767,0,0,0.0
7776,0,0,0.0
7781,1,1,1.0
7783,0,0,0.0
7793,1,1,1.0
7802,0,0,0.0
7809,0,0,0.0
7812,1,1,1.0
7823,0,0,0.0
7824,1,1,1.0
7839,0,0,0.0
7844,1,1,1.0
7845,0,0,0.0
7860,1,1,1.0
7869,0,0,0.0
7875,0,0,0.0
7884,0,0,0.0
7889,1,1,1.0
7890,0,0,0.0
7891,1,1,1.0
7892,1,1,1.0
7893,0,0,0.0
7896,0,0,0.0
7900,0,0,0.0
7912,1,1,1.0
7919,1,1,1.0
7929,0,0,0.0
7951,0,0,0.0
7953,0,0,0.0
7956,0,0,0.0
7958,0,0,0.0
7960,1,1,1.0
7961,0,0,0.0
7975,1,1,1.0
7976,1,1,1.0
7981,0,0,0.0
7986,0,0,0.0
7987,0,0,0.0
7989,0,0,0.0
7991,0,0,0.0
7992,1,1,1.0
7998,0,0,0.0
8006,1,1,1.0
8010,0,0,0.0
8011,0,0,0.0
8017,1,1,1.0
8019,0,0,0.0
8021,0,0,0.0
8024,0,0,0.0
8028,0,0,0.0
8030,1,1,1.0
8033,0,0,0.0
8036,0,0,0.0
8038,0,0,0.0
8046,0,0,0.0
8047,0,0,0.0
8049,0,0,0.0
8050,1,1,1.0
8054,0,0,0.0
8062,0,0,0.0
8064,0,0,0.0
8072,1,1,1.0
8075,0,0,0.0
8076,0,0,0.0
8087,0,0,0.0
8094,0,0,0.0
8101,0,0,0.0
8103,1,1,1.0
8107,0,0,0.0
8108,0,0,0.0
8110,1,1,1.0
8111,0,0,0.0
8121,1,1,1.0
8129,0,0,0.0
8130,0,0,0.0
8133,0,0,0.0
8157,1,1,1.0
8168,0,0,0.0
8180,0,0,0.0
8182,0,0,0.0
8184,0,0,0.0
8189,0,0,0.0
8192,0,0,0.0
8194,0,0,0.0
8197,0,0,0.0
8198,0,0,0.0
8208,1,1,1.0
8212,0,0,0.0
8213,0,0,0.0
8215,0,0,0.0
8216,0,0,0.0
8218,1,1,1.0
8219,0,0,0.0
8220,0,0,0.0
8222,1,1,1.0
8227,0,0,0.0
8228,0,0,0.0
8233,0,0,0.0
8236,1,1,1.0
8247,0,0,0.0
8249,0,0,0.0
8251,0,0,0.0
8252,1,1,1.0
8253,1,1,1.0
8256,1,1,1.0
8259,0,0,0.0
8260,0,0,0.0
8266,1,1,1.0
8270,1,1,1.0
8271,0,0,0.0
8275,0,0,0.0
8280,0,0,0.0
8284,1,1,1.0
8285,1,1,1.0
8286,1,1,1.0
8291,0,0,0.0
8293,0,0,0.0
8294,0,0,0.0
8296,1,1,1.0
8298,1,1,1.0
8301,1,1,1.0
8307,0,0,0.0
8308,0,0,0.0
8311,0,0,0.0
8312,0,0,0.0
8320,1,1,1.0
8322,0,0,0.0
8325,0,0,0.0
8332,0,0,0.0
8339,1,1,1.0
8346,0,0,0.0
8347,1,1,1.0
8349,0,0,0.0
8350,1,1,1.0
8351,1,1,1.0
8355,0,0,0.0
8360,0,0,0.0
8364,1,1,1.0
8380,0,0,0.0
8387,0,0,0.0
8388,0,0,0.0
8389,0,0,0.0
8392,0,0,0.0
8393,0,0,0.0
8397,0,0,0.0
8407,0,0,0.0
8412,0,0,0.0
8424,1,1,1.0
8425,0,0,0.0
8426,0,0,0.0
8427,0,0,0.0
8431,0,0,0.0
8437,0,0,0.0
8440,0,0,0.0
8453,0,0,0.0
8458,1,1,1.0
8460,0,0,0.0
8462,0,0,0.0
8476,0,0,0.0
8479,0,0,0.0
8482,0,0,0.0
8496,1,1,1.0
8502,1,1,1.0
8521,1,1,1.0
8522,0,0,0.0
8526,0,0,0.0
8536,0,0,0.0
8539,0,0,0.0
8541,0,0,0.0
8543,0,0,0.0
8549,0,0,0.0
8563,0,0,0.0
8564,0,0,0.0
8565,0,0,0.0
8566,0,0,0.0
8567,0,0,0.0
8570,0,0,0.0
8575,0,0,0.0
8577,0,0,0.0
8580,0,0,0.0
8592,0,0,0.0
8593,1,1,1.0
8595,0,0,0.0
8610,0,0,0.0
8621,1,1,1.0
8622,0,0,0.0
8630,0,0,0.0
8633,0,0,0.0
8636,0,0,0.0
8639,0,0,0.0
8641,1,1,1.0
8658,0,0,0.0
8659,0,0,0.0
8666,0,0,0.0
8680,0,0,0.0
8693,0,0,0.0
8695,0,0,0.0
8699,0,0,0.0
8702,1,1,1.0
8708,0,0,0.0
8722,1,1,1.0
8732,0,0,0.0
8737,1,1,1.0
8738,0,0,0.0
8746,0,0,0.0
8752,0,0,0.0
8759,1,1,1.0
8767,0,0,0.0
8774,1,1,1.0
8780,0,0,0.0
8782,1,1,1.0
8791,0,0,0.0
8793,0,0,0.0
8804,0,0,0.0
8805,1,1,1.0
8806,0,0,0.0
8815,0,0,0.0
8829,1,1,1.0
8832,0,0,0.0
8835,1,1,1.0
8836,0,0,0.0
8838,0,0,0.0
8840,0,0,0.0
8841,0,0,0.0
8849,1,1,1.0
8852,1,1,1.0
8854,0,0,0.0
8855,0,0,0.0
8856,0,0,0.0
8861,1,1,1.0
8863,0,0,0.0
8864,1,1,1.0
8866,0,0,0.0
8868,0,0,0.0
8869,0,0,0.0
8870,0,0,0.0
8876,0,0,0.0
8886,0,0,0.0
8887,0,0,0.0
8898,1,1,1.0
8901,0,0,0.0
8906,1,1,1.0
8914,0,0,0.0
8924,0,0,0.0
8930,1,1,1.0
8932,0,0,0.0
8935,0,0,0.0
8936,0,0,0.0
8939,0,0,0.0
8943,0,0,0.0
8945,1,1,1.0
8952,1,1,1.0
8957,0,0,0.0
8963,1,1,1.0
8969,0,0,0.0
8970,0,0,0.0
8976,0,0,0.0
8981,1,1,1.0
8984,0,0,0.0
8986,0,0,0.0
8990,0,0,0.0
8995,1,1,1.0
9004,0,0,0.0
9006,0,0,0.0
9012,0,0,0.0
9015,1,1,1.0
9016,0,0,0.0
9017,0,0,0.0
9018,1,1,1.0
9019,0,0,0.0
9023,0,0,0.0
9025,0,0,0.0
9034,0,0,0.0
9035,0,0,0.0
9036,0,0,0.0
9047,1,1,1.0
9051,1,1,1.0
9055,0,0,0.0
9059,0,0,0.0
9062,1,1,1.0
9072,0,0,0.0
9075,1,1,1.0
9077,0,0,0.0
9078,1,1,1.0
9081,0,0,0.0
9085,0,0,0.0
9087,0,0,0.0
9091,0,0,0.0
9095,1,1,1.0
9097,0,0,0.0
9099,0,0,0.0
9112,0,0,0.0
9114,0,0,0.0
9121,0,0,0.0
9123,1,1,1.0
9124,0,0,0.0
9127,1,1,1.0
9129,0,0,0.0
9138,1,1,1.0
9144,1,1,1.0
9162,0,0,0.0
9163,0,0,0.0
9164,0,0,0.0
9168,0,0,0.0
9171,0,0,0.0
9174,0,0,0.0
9175,0,0,0.0
9185,0,0,0.0
9186,0,0,0.0
9188,0,0,0.0
9197,0,0,0.0
9212,0,0,0.0
9215,0,0,0.0
9228,1,1,1.0
9230,0,0,0.0
9231,0,0,0.0
9233,0,0,0.0
9237,1,1,1.0
9238,1,1,1.0
9239,1,1,1.0
9242,1,1,1.0
9246,0,0,0.0
9248,0,0,0.0
9251,0,0,0.0
9256,0,0,0.0
9258,1,1,1.0
9261,0,0,0.0
9269,1,1,1.0
9270,1,1,1.0
9293,0,0,0.0
9297,1,1,1.0
9298,0,0,0.0
9302,0,0,0.0
9312,1,1,1.0
9321,0,0,0.0
9322,0,0,0.0
9332,0,0,0.0
9333,0,0,0.0
9337,0,0,0.0
9341,0,0,0.0
9348,1,1,1.0
9350,1,1,1.0
9358,1,1,1.0
9364,1,1,1.0
9367,0,0,0.0
9372,0,0,0.0
9373,0,0,0.0
9374,1,1,1.0
9380,1,1,1.0
9381,0,0,0.0
9383,0,0,0.0
9385,0,0,0.0
9399,0,0,0.0
9400,0,0,0.0
9410,1,1,1.0
9427,0,0,0.0
9428,0,0,0.0
9430,1,1,1.0
9434,1,1,1.0
9438,0,0,0.0
9440,0,0,0.0
9441,0,0,0.0
9442,0,0,0.0
9445,1,1,1.0
9452,0,0,0.0
9456,0,0,0.0
9459,0,0,0.0
9461,1,1,1.0
9466,0,0,0.0
9470,0,0,0.0
9473,0,0,0.0
9475,1,1,1.0
9489,1,1,1.0
9515,0,0,0.0
9520,0,0,0.0
9521,0,0,0.0
9531,0,0,0.0
9538,0,0,0.0
9544,1,1,1.0
9551,0,0,0.0
9552,0,0,0.0
9560,0,0,0.0
9564,1,1,1.0
9574,1,1,1.0
9576,0,0,0.0
9586,0,0,0.0
9591,1,1,1.0
9595,1,1,1.0
9609,0,0,0.0
9624,0,0,0.0
9628,1,1,1.0
9629,0,0,0.0
9644,0,0,0.0
9645,0,0,0.0
9653,1,1,1.0
9654,0,0,0.0
9670,0,0,0.0
9673,0,0,0.0
9676,1,1,1.0
9679,0,0,0.0
9681,0,0,0.0
9682,0,0,0.0
9687,0,0,0.0
9689,1,1,1.0
9693,1,1,1.0
9701,0,0,0.0
9702,0,0,0.0
9706,0,0,0.0
9707,0,0,0.0
9708,1,1,1.0
9719,0,0,0.0
9727,1,1,1.0
9728,1,1,1.0
9736,0,0,0.0
9744,0,0,0.0
9755,0,0,0.0
9759,1,1,1.0
9769,1,1,1.0
9777,0,0,0.0
9784,1,1,1.0
9787,0,0,0.0
9790,1,1,1.0
9796,0,0,0.0
9810,0,0,0.0
9816,0,0,0.0
9821,0,0,0.0
9828,0,0,0.0
9829,0,0,0.0
9832,0,0,0.0
9844,0,0,0.0
9850,1,1,1.0
9851,1,1,1.0
9852,0,0,0.0
9856,1,1,1.0
9870,1,1,1.0
9877,0,0,0.0
9880,0,0,0.0
9886,0,0,0.0
9887,0,0,0.0
9890,0,0,0.0
9891,0,0,0.0
9892,1,1,1.0
9896,0,0,0.0
9901,0,0,0.0
9902,0,0,0.0
9908,0,0,0.0
9909,1,1,1.0
9917,0,0,0.0
9920,0,0,0.0
9922,1,1,1.0
9925,1,1,1.0
9931,0,0,0.0
9935,0,0,0.0
9937,1,1,1.0
9940,0,0,0.0
9942,1,1,1.0
9948,0,0,0.0
9949,0,0,0.0
9953,0,0,0.0
9957,1,1,1.0
9969,1,1,1.0
9971,1,1,1.0
9973,1,1,1.0
9974,0,0,0.0
9977,0,0,0.0
9978,0,0,0.0
9981,0,0,0.0
9986,0,0,0.0
9993,0,0,0.0
9998,0,0,0.0
10009,0,0,0.0
10014,1,1,1.0
10020,1,1,1.0
10023,0,0,0.0
10024,0,0,0.0
10034,1,1,1.0
10039,0,0,0.0
10042,0,0,0.0
10047,1,1,1.0
10048,1,1,1.0
10058,0,0,0.0
10062,1,1,1.0
10083,0,0,0.0
10085,0,0,0.0
10091,1,1,1.0
10095,0,0,0.0
10098,0,0,0.0
10099,0,0,0.0
10104,0,0,0.0
10105,1,1,1.0
10106,0,0,0.0
10111,1,1,1.0
10114,0,0,0.0
10115,0,0,0.0
10117,0,0,0.0
10118,0,0,0.0
10124,1,1,1.0
10134,0,0,0.0
10137,0,0,0.0
10146,0,0,0.0
10152,0,0,0.0
10155,0,0,0.0
10157,1,1,1.0
10158,0,0,0.0
10161,1,1,1.0
10185,0,0,0.0
10189,0,0,0.0
10192,0,0,0.0
10199,0,0,0.0
10200,0,0,0.0
10216,0,0,0.0
10218,0,0,0.0
10221,0,0,0.0
10222,0,0,0.0
10224,1,1,1.0
10225,0,0,0.0
10231,1,1,1.0
10232,0,0,0.0
10236,0,0,0.0
10239,0,0,0.0
10242,1,1,1.0
10243,1,1,1.0
10250,0,0,0.0
10255,1,1,1.0
10260,1,1,1.0
10261,0,0,0.0
10264,0,0,0.0
10276,1,1,1.0
10280,0,0,0.0
10287,1,1,1.0
10289,1,1,1.0
10291,0,0,0.0
10297,1,1,1.0
10301,1,1,1.0
10306,0,0,0.0
10310,0,0,0.0
10314,0,0,0.0
10315,1,1,1.0
10318,1,1,1.0
10319,1,1,1.0
10323,0,0,0.0
10329,0,0,0.0
10331,1,1,1.0
10341,0,0,0.0
10346,0,0,0.0
10349,1,1,1.0
10359,0,0,0.0
10361,1,1,1.0
10362,1,1,1.0
10367,0,0,0.0
10374,0,0,0.0
10377,1,1,1.0
10380,1,1,1.0
10390,0,0,0.0
10391,1,1,1.0
10394,1,1,1.0
10401,1,1,1.0
10410,0,0,0.0
10420,0,0,0.0
10424,0,0,0.0
10427,0,0,0.0
10434,1,1,1.0
10437,1,1,1.0
10445,1,1,1.0
10446,0,0,0.0
10447,0,0,0.0
10448,1,1,1.0
10453,0,0,0.0
10457,0,0,0.0
10464,1,1,1.0
10466,1,1,1.0
10467,0,0,0.0
10472,0,0,0.0
10475,1,1,1.0
10478,0,0,0.0
10483,1,1,1.0
10488,0,0,0.0
10502,0,0,0.0
10509,0,0,0.0
10511,0,0,0.0
10515,1,1,1.0
10517,0,0,0.0
10521,0,0,0.0
10522,0,0,0.0
10526,0,0,0.0
10531,1,1,1.0
10533,0,0,0.0
10546,1,1,1.0
10552,0,0,0.0
10572,1,1,1.0
10575,0,0,0.0
10588,1,1,1.0
10591,1,1,1.0
10592,1,1,1.0
10594,0,0,0.0
10595,0,0,0.0
10604,1,1,1.0
10610,1,1,1.0
10618,1,1,1.0
10620,1,1,1.0
10622,0,0,0.0
10626,0,0,0.0
10635,0,0,0.0
10636,1,1,1.0
10638,0,0,0.0
10639,0,0,0.0
10640,0,0,0.0
10641,0,0,0.0
10653,0,0,0.0
10665,0,0,0.0
10666,0,0,0.0
10671,1,1,1.0
10674,1,1,1.0
10682,0,0,0.0
10683,0,0,0.0
10685,0,0,0.0
10686,0,0,0.0
10689,1,1,1.0
10693,0,0,0.0
10700,0,0,0.0
10701,0,0,0.0
10704,1,1,1.0
10708,1,1,1.0
10715,0,0,0.0
10732,1,1,1.0
10740,0,0,0.0
10746,1,1,1.0
10747,1,1,1.0
10749,1,1,1.0
10769,1,1,1.0
10771,0,0,0.0
10773,0,0,0.0
10776,0,0,0.0
10778,1,1,1.0
10783,0,0,0.0
10790,0,0,0.0
10796,0,0,0.0
10800,1,1,1.0
10802,0,0,0.0
10805,0,0,0.0
10808,1,1,1.0
10809,1,1,1.0
10813,1,1,1.0
10816,0,0,0.0
10820,0,0,0.0
10838,1,1,1.0
10844,1,1,1.0
10846,0,0,0.0
10850,0,0,0.0
10852,0,0,0.0
10853,1,1,1.0
10856,1,1,1.0
10864,0,0,0.0
10866,0,0,0.0
10881,0,0,0.0
10883,0,0,0.0
10884,0,0,0.0
10888,0,0,0.0
10897,0,0,0.0
10899,1,1,1.0
10900,1,1,1.0
10901,0,0,0.0
10903,1,1,1.0
10913,0,0,0.0
10915,1,1,1.0
10918,0,0,0.0
10919,0,0,0.0
10920,1,1,1.0
10926,0,0,0.0
10928,0,0,0.0
10932,1,1,1.0
10934,1,1,1.0
10936,0,0,0.0
10939,0,0,0.0
10951,0,0,0.0
10960,1,1,1.0
10970,0,0,0.0
10974,0,0,0.0
10976,1,1,1.0
10989,0,0,0.0
10991,1,1,1.0
10993,1,1,1.0
11003,0,0,0.0
11016,1,1,1.0
11017,0,0,0.0
11018,0,0,0.0
11021,0,0,0.0
11022,0,0,0.0
11026,1,1,1.0
11028,0,0,0.0
11029,0,0,0.0
11030,1,1,1.0
11032,0,0,0.0
11034,0,0,0.0
11045,1,1,1.0
11050,0,0,0.0
11055,1,1,1.0
11061,1,1,1.0
11067,0,0,0.0
11068,0,0,0.0
11069,1,1,1.0
11073,1,1,1.0
11086,0,0,0.0
11088,0,0,0.0
11097,0,0,0.0
11098,0,0,0.0
11102,0,0,0.0
11104,1,1,1.0
11116,0,0,0.0
11120,0,0,0.0
11121,0,0,0.0
11122,0,0,0.0
11127,0,0,0.0
11130,0,0,0.0
11135,0,0,0.0
11138,0,0,0.0
11141,0,0,0.0
11143,0,0,0.0
11146,1,1,1.0
11151,1,1,1.0
11157,0,0,0.0
11167,0,0,0.0
11172,0,0,0.0
11177,0,0,0.0
11183,0,0,0.0
11184,0,0,0.0
11185,0,0,0.0
11187,0,0,0.0
11188,0,0,0.0
11189,0,0,0.0
11193,0,0,0.0
11196,0,0,0.0
11199,0,0,0.0
11201,0,0,0.0
11203,0,0,0.0
11205,0,0,0.0
11206,0,0,0.0
11207,0,0,0.0
11208,0,0,0.0
11212,0,0,0.0
11219,0,0,0.0
11221,0,0,0.0
11236,0,0,0.0
11242,0,0,0.0
11245,0,0,0.0
11252,1,1,1.0
11253,0,0,0.0
11266,1,1,1.0
11267,0,0,0.0
11273,0,0,0.0
11282,0,0,0.0
11288,0,0,0.0
11304,1,1,1.0
11305,0,0,0.0
11319,0,0,0.0
11321,0,0,0.0
11322,0,0,0.0
11326,1,1,1.0
11329,0,0,0.0
11331,0,0,0.0
11338,1,1,1.0
11341,0,0,0.0
11342,0,0,0.0
11348,1,1,1.0
11351,1,1,1.0
11363,0,0,0.0
11368,1,1,1.0
11369,0,0,0.0
11370,0,0,0.0
11374,0,0,0.0
11376,1,1,1.0
11377,0,0,0.0
11386,0,0,0.0
11393,0,0,0.0
11397,0,0,0.0
11407,0,0,0.0
11408,0,0,0.0
11416,0,0,0.0
11417,1,1,1.0
11418,1,1,1.0
11421,1,1,1.0
11425,0,0,0.0
11443,0,0,0.0
11444,0,0,0.0
11463,0,0,0.0
11465,1,1,1.0
11474,0,0,0.0
11483,0,0,0.0
11486,0,0,0.0
11492,0,0,0.0
11500,0,0,0.0
11511,0,0,0.0
11512,1,1,1.0
11513,0,0,0.0
11516,0,0,0.0
11519,0,0,0.0
11522,0,0,0.0
11527,0,0,0.0
11535,0,0,0.0
11538,0,0,0.0
11551,0,0,0.0
11552,0,0,0.0
11554,1,1,1.0
11558,0,0,0.0
11559,0,0,0.0
11564,1,1,1.0
11569,0,0,0.0
11575,0,0,0.0
11584,1,1,1.0
11592,0,0,0.0
11593,0,0,0.0
11597,1,1,1.0
11602,0,0,0.0
11610,1,1,1.0
11616,0,0,0.0
11619,0,0,0.0
11621,1,1,1.0
11638,1,1,1.0
11641,1,1,1.0
11642,0,0,0.0
11643,0,0,0.0
11647,1,1,1.0
11654,0,0,0.0
11655,0,0,0.0
11656,0,0,0.0
11666,0,0,0.0
11667,1,1,1.0
11668,0,0,0.0
11669,1,1,1.0
11673,0,0,0.0
11680,0,0,0.0
11686,0,0,0.0
11690,0,0,0.0
11693,0,0,0.0
11701,1,1,1.0
11702,0,0,0.0
11704,0,0,0.0
11708,0,0,0.0
11710,0,0,0.0
11711,0,0,0.0
11719,0,0,0.0
11725,1,1,1.0
11734,1,1,1.0
11735,0,0,0.0
11736,0,0,0.0
11741,1,1,1.0
11746,0,0,0.0
11749,0,0,0.0
11752,1,1,1.0
11758,0,0,0.0
11759,1,1,1.0
11765,1,1,1.0
11774,0,0,0.0
11776,0,0,0.0
11783,0,0,0.0
11787,1,1,1.0
11790,0,0,0.0
11794,0,0,0.0
11808,0,0,0.0
11809,1,1,1.0
11811,0,0,0.0
11814,0,0,0.0
11821,1,1,1.0
11828,0,0,0.0
11840,0,0,0.0
11843,0,0,0.0
11846,0,0,0.0
11849,0,0,0.0
11852,1,1,1.0
11857,0,0,0.0
11862,0,0,0.0
11865,0,0,0.0
11868,1,1,1.0
11872,0,0,0.0
11883,1,1,1.0
11884,0,0,0.0
11892,0,0,0.0
11901,0,0,0.0
11916,0,0,0.0
11926,0,0,0.0
11932,1,1,1.0
11943,0,0,0.0
11952,0,0,0.0
11956,0,0,0.0
11958,0,0,0.0
11959,0,0,0.0
11960,1,1,1.0
11962,0,0,0.0
11968,1,1,1.0
11970,0,0,0.0
11972,0,0,0.0
11980,0,0,0.0
11990,0,0,0.0
11997,0,0,0.0
12008,0,0,0.0
12016,0,0,0.0
12020,0,0,0.0
12023,0,0,0.0
12026,0,0,0.0
12036,0,0,0.0
12052,0,0,0.0
12054,1,1,1.0
12056,0,0,0.0
12057,1,1,1.0
12066,0,0,0.0
12068,0,0,0.0
12070,1,1,1.0
12071,0,0,0.0
12072,0,0,0.0
12082,0,0,0.0
12101,0,0,0.0
12102,0,0,0.0
12108,0,0,0.0
12113,1,1,1.0
12127,0,0,0.0
12131,1,1,1.0
12136,0,0,0.0
12142,0,0,0.0
12153,1,1,1.0
12156,0,0,0.0
12159,0,0,0.0
12160,0,0,0.0
12163,0,0,0.0
12173,1,1,1.0
12175,0,0,0.0
12179,0,0,0.0
12182,0,0,0.0
12188,1,1,1.0
12191,1,1,1.0
12194,0,0,0.0
12209,0,0,0.0
12213,0,0,0.0
12215,1,1,1.0
12219,0,0,0.0
12224,0,0,0.0
12232,0,0,0.0
12234,0,0,0.0
12250,0,0,0.0
12255,0,0,0.0
12260,1,1,1.0
12268,1,1,1.0
12269,0,0,0.0
12270,0,0,0.0
12281,0,0,0.0
12282,0,0,0.0
12283,0,0,0.0
12292,0,0,0.0
12295,0,0,0.0
12297,0,0,0.0
12298,1,1,1.0
12313,0,0,0.0
12314,0,0,0.0
12319,1,1,1.0
12326,0,0,0.0
12327,0,0,0.0
12337,0,0,0.0
12342,1,1,1.0
12344,0,0,0.0
12352,0,0,0.0
12355,0,0,0.0
12357,0,0,0.0
12358,1,1,1.0
12361,0,0,0.0
12363,1,1,1.0
12366,1,1,1.0
12369,0,0,0.0
12381,0,0,0.0
12385,1,1,1.0
12388,0,0,0.0
12393,0,0,0.0
12398,0,0,0.0
12401,1,1,1.0
12404,0,0,0.0
12406,0,0,0.0
12412,0,0,0.0
12414,0,0,0.0
12417,1,1,1.0
12426,0,0,0.0
12427,1,1,1.0
12428,0,0,0.0
12433,0,0,0.0
12437,0,0,0.0
12441,1,1,1.0
12444,1,1,1.0
12457,0,0,0.0
12464,1,1,1.0
12467,1,1,1.0
12469,0,0,0.0
12474,0,0,0.0
12477,0,0,0.0
12478,0,0,0.0
12479,0,0,0.0
12487,0,0,0.0
12490,1,1,1.0
12496,0,0,0.0
12503,1,1,1.0
12514,0,0,0.0
12518,0,0,0.0
12519,0,0,0.0
12525,0,0,0.0
12527,0,0,0.0
12529,0,0,0.0
12534,0,0,0.0
12542,1,1,1.0
12546,0,0,0.0
12552,1,1,1.0
12554,1,1,1.0
12557,0,0,0.0
12561,0,0,0.0
12563,0,0,0.0
12567,1,1,1.0
12569,0,0,0.0
12575,0,0,0.0
12576,0,0,0.0
12578,0,0,0.0
12580,0,0,0.0
12581,0,0,0.0
12586,0,0,0.0
12594,0,0,0.0
12605,0,0,0.0
12609,0,0,0.0
12615,0,0,0.0
12623,0,0,0.0
12627,0,0,0.0
12630,0,0,0.0
12632,0,0,0.0
12634,0,0,0.0
12647,0,0,0.0
12656,0,0,0.0
12657,0,0,0.0
12661,0,0,0.0
12662,0,0,0.0
12671,1,1,1.0
12676,0,0,0.0
12698,0,0,0.0
12700,0,0,0.0
12701,0,0,0.0
12702,1,1,1.0
12709,1,1,1.0
12712,0,0,0.0
12714,0,0,0.0
12722,0,0,0.0
12723,0,0,0.0
12729,0,0,0.0
12739,0,0,0.0
12747,0,0,0.0
12748,0,0,0.0
12751,0,0,0.0
12764,1,1,1.0
12774,0,0,0.0
12780,1,1,1.0
12782,0,0,0.0
12785,0,0,0.0
12787,0,0,0.0
12789,1,1,1.0
12792,0,0,0.0
12799,0,0,0.0
12801,0,0,0.0
12809,0,0,0.0
12813,0,0,0.0
12814,0,0,0.0
12819,0,0,0.0
12827,0,0,0.0
12832,1,1,1.0
12833,1,1,1.0
12834,0,0,0.0
12842,0,0,0.0
12845,0,0,0.0
12846,0,0,0.0
12849,1,1,1.0
12856,0,0,0.0
12867,0,0,0.0
12870,0,0,0.0
12874,1,1,1.0
12875,0,0,0.0
12876,0,0,0.0
12877,0,0,0.0
12880,0,0,0.0
12883,0,0,0.0
12889,0,0,0.0
12891,0,0,0.0
12896,0,0,0.0
12900,1,1,1.0
12902,0,0,0.0
12907,0,0,0.0
12908,0,0,0.0
12911,0,0,0.0
12920,0,0,0.0
12924,1,1,1.0
12926,0,0,0.0
12931,0,0,0.0
12935,1,1,1.0
12937,1,1,1.0
12940,0,0,0.0
12941,0,0,0.0
12944,1,1,1.0
12947,0,0,0.0
12949,0,0,0.0
12950,0,0,0.0
12957,0,0,0.0
12962,0,0,0.0
12976,0,0,0.0
12981,1,1,1.0
12991,0,0,0.0
12996,1,1,1.0
13000,0,0,0.0
13002,0,0,0.0
13003,1,1,1.0
13017,0,0,0.0
13019,0,0,0.0
13033,0,0,0.0
13035,1,1,1.0
13038,0,0,0.0
13044,0,0,0.0
13053,0,0,0.0
13056,0,0,0.0
13061,0,0,0.0
13075,0,0,0.0
13089,0,0,0.0
13093,0,0,0.0
13094,1,1,1.0
13101,0,0,0.0
13102,1,1,1.0
13110,0,0,0.0
13111,0,0,0.0
13113,0,0,0.0
13116,1,1,1.0
13126,0,0,0.0
13129,0,0,0.0
13138,1,1,1.0
13142,0,0,0.0
13144,0,0,0.0
13150,1,1,1.0
13152,1,1,1.0
13157,0,0,0.0
13158,0,0,0.0
13166,0,0,0.0
13167,0,0,0.0
13168,0,0,0.0
13169,0,0,0.0
13170,0,0,0.0
13172,1,1,1.0
13175,0,0,0.0
13176,1,1,1.0
13180,0,0,0.0
13182,0,0,0.0
13185,1,1,1.0
13206,0,0,0.0
13210,0,0,0.0
13213,1,1,1.0
13216,0,0,0.0
13226,0,0,0.0
13228,0,0,0.0
13233,0,0,0.0
13245,0,0,0.0
13247,1,1,1.0
13252,0,0,0.0
13256,0,0,0.0
13260,0,0,0.0
13263,0,0,0.0
13267,0,0,0.0
13286,0,0,0.0
13295,1,1,1.0
13307,1,1,1.0
13312,1,1,1.0
13316,0,0,0.0
13318,0,0,0.0
13325,0,0,0.0
13326,0,0,0.0
13327,0,0,0.0
13347,0,0,0.0
13348,0,0,0.0
13349,0,0,0.0
13350,0,0,0.0
13353,1,1,1.0
13354,1,1,1.0
13358,0,0,0.0
13362,0,0,0.0
13364,0,0,0.0
13376,0,0,0.0
13378,1,1,1.0
13380,0,0,0.0
13383,0,0,0.0
13385,0,0,0.0
13386,0,0,0.0
13390,1,1,1.0
13404,0,0,0.0
13408,0,0,0.0
13410,0,0,0.0
13411,0,0,0.0
13414,0,0,0.0
13415,0,0,0.0
13418,0,0,0.0
13419,0,0,0.0
13427,1,1,1.0
13432,0,0,0.0
13434,0,0,0.0
13440,1,1,1.0
13441,0,0,0.0
13444,0,0,0.0
13445,0,0,0.0
13452,1,1,1.0
13455,0,0,0.0
13461,1,1,1.0
13462,1,1,1.0
13464,0,0,0.0
13473,0,0,0.0
13480,0,0,0.0
13482,1,1,1.0
13489,0,0,0.0
13490,0,0,0.0
13491,0,0,0.0
13493,0,0,0.0
13502,0,0,0.0
13504,0,0,0.0
13509,0,0,0.0
13513,1,1,1.0
13514,0,0,0.0
13519,0,0,0.0
13525,1,1,1.0
13526,0,0,0.0
13528,0,0,0.0
13531,0,0,0.0
13538,0,0,0.0
13542,0,0,0.0
13546,1,1,1.0
13548,1,1,1.0
13554,0,0,0.0
13555,0,0,0.0
13565,1,1,1.0
13569,0,0,0.0
13570,0,0,0.0
13571,0,0,0.0
13575,0,0,0.0
13576,0,0,0.0
13586,0,0,0.0
13588,1,1,1.0
13589,0,0,0.0
13591,1,1,1.0
13599,0,0,0.0
13600,1,1,1.0
13601,0,0,0.0
13607,0,0,0.0
13616,0,0,0.0
13620,0,0,0.0
13623,0,0,0.0
13627,1,1,1.0
13628,0,0,0.0
13630,0,0,0.0
13639,0,0,0.0
13641,0,0,0.0
13646,0,0,0.0
13649,0,0,0.0
13655,1,1,1.0
13656,0,0,0.0
13657,0,0,0.0
13661,0,0,0.0
13662,0,0,0.0
13663,0,0,0.0
13665,1,1,1.0
13667,0,0,0.0
13671,0,0,0.0
13673,1,1,1.0
13677,0,0,0.0
13698,1,1,1.0
13706,0,0,0.0
13717,0,0,0.0
13719,0,0,0.0
13722,0,0,0.0
13726,0,0,0.0
13743,0,0,0.0
13744,0,0,0.0
13749,1,1,1.0
13751,0,0,0.0
13756,0,0,0.0
13759,0,0,0.0
13775,0,0,0.0
13779,0,0,0.0
13783,0,0,0.0
13784,0,0,0.0
13812,0,0,0.0
13823,0,0,0.0
13830,1,1,1.0
13839,1,1,1.0
13842,0,0,0.0
13847,1,1,1.0
13850,0,0,0.0
13857,0,0,0.0
13883,0,0,0.0
13884,0,0,0.0
13886,0,0,0.0
13891,0,0,0.0
13892,1,1,1.0
13894,1,1,1.0
13895,0,0,0.0
13899,0,0,0.0
13900,0,0,0.0
13902,0,0,0.0
13906,0,0,0.0
13908,0,0,0.0
13913,0,0,0.0
13916,0,0,0.0
13921,0,0,0.0
13926,0,0,0.0
13929,0,0,0.0
13933,0,0,0.0
13934,0,0,0.0
13935,1,1,1.0
13937,1,1,1.0
13940,0,0,0.0
13941,0,0,0.0
13942,0,0,0.0
13945,0,0,0.0
13951,0,0,0.0
13955,0,0,0.0
13959,1,1,1.0
13963,0,0,0.0
13967,0,0,0.0
13971,0,0,0.0
13974,0,0,0.0
13975,0,0,0.0
13977,0,0,0.0
13979,0,0,0.0
13983,0,0,0.0
13987,0,0,0.0
13988,0,0,0.0
13992,0,0,0.0
13998,1,1,1.0
14011,1,1,1.0
14018,0,0,0.0
14021,0,0,0.0
14033,1,1,1.0
14049,0,0,0.0
14057,1,1,1.0
14060,1,1,1.0
14068,0,0,0.0
14070,0,0,0.0
14071,1,1,1.0
14072,0,0,0.0
14076,0,0,0.0
14081,1,1,1.0
14088,0,0,0.0
14090,0,0,0.0
14091,0,0,0.0
14097,0,0,0.0
14100,0,0,0.0
14101,0,0,0.0
14108,1,1,1.0
14109,1,1,1.0
14110,1,1,1.0
14111,1,1,1.0
14112,0,0,0.0
14114,0,0,0.0
14125,1,1,1.0
14126,0,0,0.0
14127,0,0,0.0
14134,0,0,0.0
14135,0,0,0.0
14139,0,0,0.0
14159,1,1,1.0
14163,1,1,1.0
14176,0,0,0.0
14177,0,0,0.0
14181,0,0,0.0
14200,0,0,0.0
14203,0,0,0.0
14207,1,1,1.0
14208,0,0,0.0
14213,0,0,0.0
14218,1,1,1.0
14221,1,1,1.0
14236,0,0,0.0
14250,0,0,0.0
14255,0,0,0.0
14260,1,1,1.0
14271,0,0,0.0
14277,0,0,0.0
14291,0,0,0.0
14303,0,0,0.0
14304,0,0,0.0
14305,0,0,0.0
14307,0,0,0.0
14311,1,1,1.0
14312,1,1,1.0
14313,1,1,1.0
14316,1,1,1.0
14324,0,0,0.0
14326,1,1,1.0
14330,0,0,0.0
14335,1,1,1.0
14337,0,0,0.0
14338,1,1,1.0
14340,0,0,0.0
14343,0,0,0.0
14351,0,0,0.0
14365,1,1,1.0
14395,1,1,1.0
14396,0,0,0.0
14402,0,0,0.0
14414,1,1,1.0
14417,0,0,0.0
14422,0,0,0.0
14431,0,0,0.0
14432,0,0,0.0
14437,1,1,1.0
14446,0,0,0.0
14451,0,0,0.0
14458,1,1,1.0
14460,1,1,1.0
14461,1,1,1.0
14472,0,0,0.0
14473,0,0,0.0
14474,0,0,0.0
14478,1,1,1.0
14486,1,1,1.0
14488,1,1,1.0
14495,0,0,0.0
14502,0,0,0.0
14504,1,1,1.0
14507,0,0,0.0
14513,0,0,0.0
14518,0,0,0.0
14521,0,0,0.0
14522,0,0,0.0
14528,0,0,0.0
14534,1,1,1.0
14539,1,1,1.0
14542,0,0,0.0
14547,0,0,0.0
14548,0,0,0.0
14551,0,0,0.0
14557,1,1,1.0
14558,1,1,1.0
14560,0,0,0.0
14562,1,1,1.0
14569,0,0,0.0
14574,1,1,1.0
14577,1,1,1.0
14581,0,0,0.0
14584,0,0,0.0
14589,0,0,0.0
14592,1,1,1.0
14596,0,0,0.0
14603,0,0,0.0
14608,1,1,1.0
14612,1,1,1.0
14618,0,0,0.0
14623,0,0,0.0
14639,0,0,0.0
14643,0,0,0.0
14644,1,1,1.0
14651,0,0,0.0
14654,1,1,1.0
14657,1,1,1.0
14658,0,0,0.0
14660,1,1,1.0
14664,0,0,0.0
14669,1,1,1.0
14681,0,0,0.0
14683,0,0,0.0
14684,1,1,1.0
14688,1,1,1.0
14694,0,0,0.0
14704,0,0,0.0
14715,0,0,0.0
14717,1,1,1.0
14720,0,0,0.0
14725,0,0,0.0
14726,1,1,1.0
14729,1,1,1.0
14730,1,1,1.0
14734,1,1,1.0
14743,0,0,0.0
14758,1,1,1.0
14761,1,1,1.0
14762,0,0,0.0
14766,1,1,1.0
14777,0,0,0.0
14795,0,0,0.0
14798,0,0,0.0
14803,0,0,0.0
14807,0,0,0.0
14812,0,0,0.0
14817,0,0,0.0
14821,0,0,0.0
14840,1,1,1.0
14844,1,1,1.0
14849,0,0,0.0
14853,0,0,0.0
14855,0,0,0.0
14860,1,1,1.0
14875,0,0,0.0
14888,0,0,0.0
14893,0,0,0.0
14898,0,0,0.0
14902,0,0,0.0
14904,1,1,1.0
14905,0,0,0.0
14906,0,0,0.0
14908,0,0,0.0
14909,0,0,0.0
14913,1,1,1.0
14915,0,0,0.0
14916,0,0,0.0
14933,0,0,0.0
14936,0,0,0.0
14937,0,0,0.0
14939,0,0,0.0
14953,0,0,0.0
14961,0,0,0.0
14968,0,0,0.0
14970,0,0,0.0
14982,1,1,1.0
14987,0,0,0.0
14989,0,0,0.0
14992,1,1,1.0
14994,0,0,0.0
14995,0,0,0.0
14996,1,1,1.0
15009,0,0,0.0
15019,0,0,0.0
15031,0,0,0.0
15042,1,1,1.0
15047,0,0,0.0
15060,1,1,1.0
15061,0,0,0.0
15062,0,0,0.0
15067,1,1,1.0
15069,1,1,1.0
15073,0,0,0.0
15076,0,0,0.0
15079,0,0,0.0
15080,1,1,1.0
15092,0,0,0.0
15093,0,0,0.0
15101,0,0,0.0
15103,0,0,0.0
15105,0,0,0.0
15107,1,1,1.0
15117,1,1,1.0
15120,0,0,0.0
15128,0,0,0.0
15131,1,1,1.0
15135,0,0,0.0
15140,0,0,0.0
15149,0,0,0.0
15157,1,1,1.0
15159,1,1,1.0
15160,1,1,1.0
15167,0,0,0.0
15172,0,0,0.0
15176,0,0,0.0
15180,0,0,0.0
15189,1,1,1.0
15201,0,0,0.0
15213,0,0,0.0
15214,0,0,0.0
15221,0,0,0.0
15223,0,0,0.0
15227,1,1,1.0
15228,0,0,0.0
15229,0,0,0.0
15230,0,0,0.0
15239,0,0,0.0
15241,1,1,1.0
15248,0,0,0.0
15254,1,1,1.0
15256,1,1,1.0
15264,0,0,0.0
15275,0,0,0.0
15282,1,1,1.0
15286,1,1,1.0
15301,0,0,0.0
15309,1,1,1.0
15311,0,0,0.0
15318,0,0,0.0
15322,1,1,1.0
15324,0,0,0.0
15325,0,0,0.0
15329,0,0,0.0
15330,1,1,1.0
15332,0,0,0.0
15348,0,0,0.0
15349,0,0,0.0
15353,0,0,0.0
15361,0,0,0.0
15369,0,0,0.0
15372,0,0,0.0
15381,1,1,1.0
15383,1,1,1.0
15386,0,0,0.0
15388,1,1,1.0
15396,1,1,1.0
15397,0,0,0.0
15403,1,1,1.0
15404,0,0,0.0
15405,1,1,1.0
15406,0,0,0.0
15420,0,0,0.0
15427,0,0,0.0
15428,1,1,1.0
15432,1,1,1.0
15438,0,0,0.0
15448,1,1,1.0
15452,1,1,1.0
15454,0,0,0.0
15464,0,0,0.0
15470,1,1,1.0
15477,0,0,0.0
15480,1,1,1.0
15504,1,1,1.0
15506,0,0,0.0
15508,0,0,0.0
15515,0,0,0.0
15516,1,1,1.0
15517,1,1,1.0
15531,0,0,0.0
15544,1,1,1.0
15547,0,0,0.0
15548,1,1,1.0
15565,0,0,0.0
15568,0,0,0.0
15571,0,0,0.0
15578,0,0,0.0
15585,0,0,0.0
15589,1,1,1.0
15590,1,1,1.0
15591,0,0,0.0
15595,1,1,1.0
15607,0,0,0.0
15611,1,1,1.0
15622,0,0,0.0
15625,0,0,0.0
15629,0,0,0.0
15633,0,0,0.0
15639,1,1,1.0
15641,0,0,0.0
15659,0,0,0.0
15664,0,0,0.0
15665,0,0,0.0
15666,0,0,0.0
15669,0,0,0.0
15683,0,0,0.0
15684,0,0,0.0
15686,0,0,0.0
15692,1,1,1.0
15693,0,0,0.0
15696,1,1,1.0
15702,1,1,1.0
15707,0,0,0.0
15718,0,0,0.0
15719,0,0,0.0
15727,1,1,1.0
15732,1,1,1.0
15743,0,0,0.0
15745,1,1,1.0
15751,0,0,0.0
15757,0,0,0.0
15781,1,1,1.0
15783,1,1,1.0
15797,0,0,0.0
15802,0,0,0.0
15809,1,1,1.0
15811,0,0,0.0
15822,0,0,0.0
15836,0,0,0.0
15848,0,0,0.0
15850,0,0,0.0
15860,0,0,0.0
15867,1,1,1.0
15894,0,0,0.0
15896,0,0,0.0
15898,1,1,1.0
15903,0,0,0.0
15909,0,0,0.0
15910,0,0,0.0
15911,0,0,0.0
15912,0,0,0.0
15916,0,0,0.0
15920,1,1,1.0
15930,0,0,0.0
15937,0,0,0.0
15939,1,1,1.0
15949,1,1,1.0
15950,1,1,1.0
15957,0,0,0.0
15968,1,1,1.0
15971,0,0,0.0
15975,0,0,0.0
15976,0,0,0.0
15982,0,0,0.0
15987,0,0,0.0
15988,0,0,0.0
15997,1,1,1.0
16004,0,0,0.0
16007,0,0,0.0
16008,0,0,0.0
16009,0,0,0.0
16010,1,1,1.0
16014,0,0,0.0
16017,0,0,0.0
16022,0,0,0.0
16023,1,1,1.0
16025,0,0,0.0
16044,0,0,0.0
16045,0,0,0.0
16056,0,0,0.0
16064,0,0,0.0
16074,1,1,1.0
16075,1,1,1.0
16079,1,1,1.0
16081,0,0,0.0
16083,0,0,0.0
16089,0,0,0.0
16099,0,0,0.0
16102,0,0,0.0
16103,0,0,0.0
16118,1,1,1.0
16137,0,0,0.0
16139,0,0,0.0
16142,1,1,1.0
16144,1,1,1.0
16145,1,1,1.0
16147,1,1,1.0
16155,0,0,0.0
16159,0,0,0.0
16160,0,0,0.0
16167,1,1,1.0
16174,0,0,0.0
16175,1,1,1.0
16181,0,0,0.0
16185,0,0,0.0
16202,0,0,0.0
16229,0,0,0.0
16230,0,0,0.0
16241,0,0,0.0
16242,1,1,1.0
16243,0,0,0.0
16244,1,1,1.0
16246,1,1,1.0
16249,0,0,0.0
16251,0,0,0.0
16262,0,0,0.0
16270,1,1,1.0
16277,0,0,0.0
16281,0,0,0.0
16290,0,0,0.0
16292,0,0,0.0
16293,0,0,0.0
16319,0,0,0.0
16320,1,1,1.0
16323,0,0,0.0
16329,0,0,0.0
16344,1,1,1.0
16348,0,0,0.0
16349,1,1,1.0
16351,0,0,0.0
16359,0,0,0.0
16361,1,1,1.0
16367,1,1,1.0
16368,1,1,1.0
16370,1,1,1.0
16375,0,0,0.0
16377,1,1,1.0
16383,0,0,0.0
16388,1,1,1.0
16389,0,0,0.0
16413,1,1,1.0
16416,1,1,1.0
16419,1,1,1.0
16420,0,0,0.0
16425,0,0,0.0
16428,0,0,0.0
16437,1,1,1.0
16443,1,1,1.0
16447,1,1,1.0
16451,0,0,0.0
16457,0,0,0.0
16459,0,0,0.0
16461,1,1,1.0
16469,1,1,1.0
16478,1,1,1.0
16481,0,0,0.0
16485,0,0,0.0
16493,1,1,1.0
16494,1,1,1.0
16499,0,0,0.0
16511,1,1,1.0
16512,1,1,1.0
16523,0,0,0.0
16534,0,0,0.0
16536,1,1,1.0
16548,1,1,1.0
16557,0,0,0.0
16560,1,1,1.0
16570,0,0,0.0
16571,0,0,0.0
16574,0,0,0.0
16575,0,0,0.0
16579,0,0,0.0
16585,1,1,1.0
16586,1,1,1.0
16599,0,0,0.0
16606,1,1,1.0
16608,0,0,0.0
16621,0,0,0.0
16622,0,0,0.0
16625,0,0,0.0
16626,0,0,0.0
16627,1,1,1.0
16630,0,0,0.0
16632,1,1,1.0
16640,0,0,0.0
16643,0,0,0.0
16649,0,0,0.0
16650,0,0,0.0
16652,0,0,0.0
16653,0,0,0.0
16655,0,0,0.0
16658,0,0,0.0
16660,1,1,1.0
16661,1,1,1.0
16678,1,1,1.0
16686,0,0,0.0
16691,0,0,0.0
16694,0,0,0.0
16699,0,0,0.0
16701,0,0,0.0
16704,1,1,1.0
16719,0,0,0.0
16726,0,0,0.0
16733,0,0,0.0
16739,0,0,0.0
16741,0,0,0.0
16750,1,1,1.0
16763,1,1,1.0
16764,1,1,1.0
16765,0,0,0.0
16774,0,0,0.0
16780,1,1,1.0
16783,0,0,0.0
16790,1,1,1.0
16796,1,1,1.0
16808,1,1,1.0
16812,0,0,0.0
16815,1,1,1.0
16820,0,0,0.0
16830,0,0,0.0
16832,0,0,0.0
16834,1,1,1.0
16835,0,0,0.0
16842,1,1,1.0
16846,0,0,0.0
16849,0,0,0.0
16850,0,0,0.0
16853,0,0,0.0
16854,1,1,1.0
16855,1,1,1.0
16856,0,0,0.0
16857,0,0,0.0
16860,1,1,1.0
16861,1,1,1.0
16862,1,1,1.0
16863,0,0,0.0
16870,0,0,0.0
16871,0,0,0.0
16889,0,0,0.0
16890,0,0,0.0
16897,0,0,0.0
16898,0,0,0.0
16903,0,0,0.0
16904,0,0,0.0
16912,0,0,0.0
16913,1,1,1.0
16921,0,0,0.0
16924,0,0,0.0
16926,1,1,1.0
16927,1,1,1.0
16928,1,1,1.0
16929,1,1,1.0
16932,0,0,0.0
16934,0,0,0.0
16943,0,0,0.0
16948,0,0,0.0
16955,0,0,0.0
16965,0,0,0.0
16980,1,1,1.0
16989,0,0,0.0
16990,0,0,0.0
16992,0,0,0.0
17006,0,0,0.0
17009,0,0,0.0
17014,0,0,0.0
17024,0,0,0.0
17032,0,0,0.0
17043,0,0,0.0
17045,0,0,0.0
17046,1,1,1.0
17047,1,1,1.0
17054,1,1,1.0
17057,1,1,1.0
17058,0,0,0.0
17061,1,1,1.0
17067,0,0,0.0
17069,0,0,0.0
17072,0,0,0.0
17073,0,0,0.0
17081,1,1,1.0
17095,0,0,0.0
17099,0,0,0.0
17106,0,0,0.0
17110,1,1,1.0
17114,0,0,0.0
17131,1,1,1.0
17132,1,1,1.0
17138,0,0,0.0
17141,0,0,0.0
17148,1,1,1.0
17159,0,0,0.0
17178,1,1,1.0
17180,1,1,1.0
17187,1,1,1.0
17203,0,0,0.0
17204,0,0,0.0
17243,0,0,0.0
17262,0,0,0.0
17263,0,0,0.0
17266,0,0,0.0
17269,0,0,0.0
17270,0,0,0.0
17273,1,1,1.0
17276,0,0,0.0
17291,0,0,0.0
17306,0,0,0.0
17316,0,0,0.0
17318,0,0,0.0
17325,0,0,0.0
17326,1,1,1.0
17327,0,0,0.0
17343,0,0,0.0
17348,0,0,0.0
17351,1,1,1.0
17358,1,1,1.0
17371,1,1,1.0
17372,0,0,0.0
17376,1,1,1.0
17378,0,0,0.0
17383,1,1,1.0
17385,0,0,0.0
17393,0,0,0.0
17400,0,0,0.0
17401,1,1,1.0
17402,0,0,0.0
17405,0,0,0.0
17408,0,0,0.0
17418,0,0,0.0
17426,0,0,0.0
17431,0,0,0.0
17434,0,0,0.0
17442,0,0,0.0
17445,0,0,0.0
17446,1,1,1.0
17448,0,0,0.0
17449,0,0,0.0
17451,1,1,1.0
17452,0,0,0.0
17454,1,1,1.0
17458,0,0,0.0
17468,0,0,0.0
17470,0,0,0.0
17475,0,0,0.0
17476,1,1,1.0
17478,0,0,0.0
17489,0,0,0.0
17490,0,0,0.0
17517,0,0,0.0
17521,1,1,1.0
17527,0,0,0.0
17534,0,0,0.0
17544,0,0,0.0
17546,0,0,0.0
17549,1,1,1.0
17559,1,1,1.0
17560,1,1,1.0
17562,0,0,0.0
17565,0,0,0.0
17572,0,0,0.0
17574,0,0,0.0
17579,0,0,0.0
17582,0,0,0.0
17586,1,1,1.0
17589,0,0,0.0
17593,0,0,0.0
17598,1,1,1.0
17604,0,0,0.0
17606,0,0,0.0
17607,0,0,0.0
17611,0,0,0.0
17615,0,0,0.0
17624,0,0,0.0
17627,1,1,1.0
17628,0,0,0.0
17631,0,0,0.0
17632,0,0,0.0
17638,0,0,0.0
17649,0,0,0.0
17653,1,1,1.0
17655,1,1,1.0
17664,0,0,0.0
17665,0,0,0.0
17667,0,0,0.0
17669,0,0,0.0
17670,1,1,1.0
17671,1,1,1.0
17675,1,1,1.0
17678,0,0,0.0
17685,0,0,0.0
17689,0,0,0.0
17691,0,0,0.0
17697,0,0,0.0
17708,0,0,0.0
17710,0,0,0.0
17713,0,0,0.0
17722,1,1,1.0
17726,1,1,1.0
17748,0,0,0.0
17757,1,1,1.0
17758,0,0,0.0
17760,0,0,0.0
17764,0,0,0.0
17767,1,1,1.0
17769,1,1,1.0
17776,1,1,1.0
17779,0,0,0.0
17783,1,1,1.0
17792,1,1,1.0
17799,1,1,1.0
17814,1,1,1.0
17817,0,0,0.0
17826,0,0,0.0
17827,0,0,0.0
17832,1,1,1.0
17833,0,0,0.0
17838,0,0,0.0
17845,1,1,1.0
17850,0,0,0.0
17851,1,1,1.0
17854,0,0,0.0
17875,1,1,1.0
17887,0,0,0.0
17892,1,1,1.0
17898,0,0,0.0
17902,0,0,0.0
17922,1,1,1.0
17924,0,0,0.0
17925,0,0,0.0
17929,1,1,1.0
17935,0,0,0.0
17949,1,1,1.0
17968,1,1,1.0
17969,0,0,0.0
17976,1,1,1.0
17977,1,1,1.0
17981,0,0,0.0
17989,0,0,0.0
17990,0,0,0.0
17994,0,0,0.0
17995,1,1,1.0
18003,0,0,0.0
18019,0,0,0.0
18020,1,1,1.0
18030,1,1,1.0
18039,0,0,0.0
18046,0,0,0.0
18055,1,1,1.0
18061,0,0,0.0
18062,0,0,0.0
18068,1,1,1.0
18074,1,1,1.0
18076,0,0,0.0
18083,0,0,0.0
18088,0,0,0.0
18092,1,1,1.0
18098,1,1,1.0
18101,0,0,0.0
18106,0,0,0.0
18108,0,0,0.0
18109,0,0,0.0
18113,0,0,0.0
18118,1,1,1.0
18129,1,1,1.0
18132,0,0,0.0
18133,0,0,0.0
18134,0,0,0.0
18146,1,1,1.0
18158,0,0,0.0
18170,1,1,1.0
18174,1,1,1.0
18176,0,0,0.0
18191,0,0,0.0
18198,0,0,0.0
18204,0,0,0.0
18206,0,0,0.0
18211,0,0,0.0
18213,1,1,1.0
18216,1,1,1.0
18217,1,1,1.0
18225,0,0,0.0
18226,0,0,0.0
18229,0,0,0.0
18230,0,0,0.0
18236,0,0,0.0
18245,1,1,1.0
18257,0,0,0.0
18258,0,0,0.0
18261,0,0,0.0
18263,0,0,0.0
18267,1,1,1.0
18270,0,0,0.0
18273,1,1,1.0
18276,0,0,0.0
18291,0,0,0.0
18298,1,1,1.0
18305,0,0,0.0
18313,1,1,1.0
18316,0,0,0.0
18318,0,0,0.0
18322,1,1,1.0
18330,0,0,0.0
18332,0,0,0.0
18337,0,0,0.0
18349,0,0,0.0
18358,0,0,0.0
18362,1,1,1.0
18364,1,1,1.0
18365,0,0,0.0
18367,1,1,1.0
18368,1,1,1.0
18382,0,0,0.0
18391,0,0,0.0
18394,0,0,0.0
18397,1,1,1.0
18403,0,0,0.0
18404,0,0,0.0
18406,0,0,0.0
18410,0,0,0.0
18412,0,0,0.0
18415,1,1,1.0
18419,0,0,0.0
18420,0,0,0.0
18421,0,0,0.0
18430,0,0,0.0
18435,1,1,1.0
18437,1,1,1.0
18443,0,0,0.0
18448,1,1,1.0
18451,0,0,0.0
18457,0,0,0.0
18465,1,1,1.0
18466,1,1,1.0
18467,0,0,0.0
18482,1,1,1.0
18483,1,1,1.0
18484,0,0,0.0
18488,1,1,1.0
18493,0,0,0.0
18494,0,0,0.0
18500,0,0,0.0
18501,0,0,0.0
18506,0,0,0.0
18515,1,1,1.0
18525,0,0,0.0
18526,1,1,1.0
18527,0,0,0.0
18528,0,0,0.0
18529,1,1,1.0
18543,1,1,1.0
18552,0,0,0.0
18568,0,0,0.0
18571,0,0,0.0
18574,0,0,0.0
18578,0,0,0.0
18582,1,1,1.0
18586,1,1,1.0
18593,1,1,1.0
18594,0,0,0.0
18595,0,0,0.0
18604,1,1,1.0
18607,0,0,0.0
18609,1,1,1.0
18624,0,0,0.0
18638,1,1,1.0
18658,1,1,1.0
18672,0,0,0.0
18674,0,0,0.0
18676,0,0,0.0
18688,0,0,0.0
18700,0,0,0.0
18706,0,0,0.0
18732,0,0,0.0
18734,1,1,1.0
18738,1,1,1.0
18740,1,1,1.0
18741,0,0,0.0
18746,1,1,1.0
18749,0,0,0.0
18753,1,1,1.0
18761,0,0,0.0
18770,1,1,1.0
18773,0,0,0.0
18781,1,1,1.0
18782,1,1,1.0
18791,0,0,0.0
18798,0,0,0.0
18810,0,0,0.0
18813,0,0,0.0
18817,1,1,1.0
18820,0,0,0.0
18829,0,0,0.0
18832,0,0,0.0
18837,0,0,0.0
18858,0,0,0.0
18864,1,1,1.0
18868,0,0,0.0
18869,0,0,0.0
18870,0,0,0.0
18873,1,1,1.0
18874,0,0,0.0
18876,0,0,0.0
18878,0,0,0.0
18879,0,0,0.0
18892,0,0,0.0
18897,0,0,0.0
18898,1,1,1.0
18901,0,0,0.0
18902,0,0,0.0
18903,1,1,1.0
18904,0,0,0.0
18908,0,0,0.0
18910,1,1,1.0
18929,0,0,0.0
18931,1,1,1.0
18937,1,1,1.0
18940,0,0,0.0
18942,0,0,0.0
18943,0,0,0.0
18946,0,0,0.0
18964,0,0,0.0
18969,0,0,0.0
18976,1,1,1.0
18977,1,1,1.0
18980,1,1,1.0
18981,0,0,0.0
18984,1,1,1.0
18988,0,0,0.0
18989,0,0,0.0
18990,0,0,0.0
18991,0,0,0.0
19011,0,0,0.0
19025,1,1,1.0
19026,1,1,1.0
19035,0,0,0.0
19043,0,0,0.0
19044,0,0,0.0
19045,0,0,0.0
19047,1,1,1.0
19059,1,1,1.0
19066,1,1,1.0
19072,0,0,0.0
19077,1,1,1.0
19083,1,1,1.0
19099,1,1,1.0
19103,1,1,1.0
19105,0,0,0.0
19134,1,1,1.0
19138,0,0,0.0
19143,0,0,0.0
19148,1,1,1.0
19157,0,0,0.0
19165,0,0,0.0
19170,0,0,0.0
19173,1,1,1.0
19176,1,1,1.0
19178,1,1,1.0
19180,1,1,1.0
19185,0,0,0.0
19208,1,1,1.0
19224,1,1,1.0
19234,1,1,1.0
19239,0,0,0.0
19250,1,1,1.0
19251,0,0,0.0
19254,1,1,1.0
19262,0,0,0.0
19280,0,0,0.0
19281,0,0,0.0
19302,0,0,0.0
19303,1,1,1.0
19320,1,1,1.0
19328,0,0,0.0
19330,0,0,0.0
19336,1,1,1.0
19337,1,1,1.0
19338,0,0,0.0
19340,0,0,0.0
19341,1,1,1.0
19344,1,1,1.0
19345,1,1,1.0
19350,1,1,1.0
19357,1,1,1.0
19358,0,0,0.0
19368,1,1,1.0
19379,0,0,0.0
19381,0,0,0.0
19387,1,1,1.0
19388,1,1,1.0
19390,0,0,0.0
19392,1,1,1.0
19396,0,0,0.0
19397,1,1,1.0
19398,1,1,1.0
19406,0,0,0.0
19412,0,0,0.0
19415,1,1,1.0
19425,1,1,1.0
19426,1,1,1.0
19430,0,0,0.0
19436,0,0,0.0
19441,0,0,0.0
19444,0,0,0.0
19448,1,1,1.0
19450,1,1,1.0
19453,0,0,0.0
19455,0,0,0.0
19456,0,0,0.0
19459,0,0,0.0
19464,0,0,0.0
19474,0,0,0.0
19475,0,0,0.0
19476,1,1,1.0
19478,1,1,1.0
19482,0,0,0.0
19489,1,1,1.0
19502,1,1,1.0
19503,0,0,0.0
19511,0,0,0.0
19520,1,1,1.0
19521,1,1,1.0
19525,0,0,0.0
19529,1,1,1.0
19531,0,0,0.0
19535,0,0,0.0
19537,0,0,0.0
19538,1,1,1.0
19539,0,0,0.0
19543,1,1,1.0
19553,0,0,0.0
19558,0,0,0.0
19569,1,1,1.0
19574,1,1,1.0
19578,0,0,0.0
19583,0,0,0.0
19589,1,1,1.0
19590,0,0,0.0
19597,0,0,0.0
19603,0,0,0.0
19604,1,1,1.0
19611,1,1,1.0
19617,1,1,1.0
19618,0,0,0.0
19625,1,1,1.0
19626,0,0,0.0
19636,0,0,0.0
19638,1,1,1.0
19640,0,0,0.0
19646,0,0,0.0
19655,0,0,0.0
19662,1,1,1.0
19669,0,0,0.0
19677,0,0,0.0
19692,1,1,1.0
19693,0,0,0.0
19695,0,0,0.0
19696,0,0,0.0
19697,0,0,0.0
19706,0,0,0.0
19707,0,0,0.0
19711,0,0,0.0
19718,0,0,0.0
19719,0,0,0.0
19722,1,1,1.0
19726,1,1,1.0
19732,0,0,0.0
19739,0,0,0.0
19744,1,1,1.0
19747,1,1,1.0
19752,0,0,0.0
19753,0,0,0.0
19756,1,1,1.0
19766,1,1,1.0
19767,0,0,0.0
19768,0,0,0.0
19771,1,1,1.0
19776,1,1,1.0
19781,0,0,0.0
19786,0,0,0.0
19791,0,0,0.0
19793,0,0,0.0
19794,0,0,0.0
19798,0,0,0.0
19800,0,0,0.0
19806,1,1,1.0
19809,0,0,0.0
19812,1,1,1.0
19832,1,1,1.0
19836,1,1,1.0
19840,0,0,0.0
19849,0,0,0.0
19853,1,1,1.0
19861,1,1,1.0
19864,0,0,0.0
19877,0,0,0.0
19879,1,1,1.0
19886,1,1,1.0
19890,0,0,0.0
19895,0,0,0.0
19906,0,0,0.0
19915,0,0,0.0
19916,0,0,0.0
19917,0,0,0.0
19919,0,0,0.0
19925,1,1,1.0
19929,1,1,1.0
19934,0,0,0.0
19935,0,0,0.0
19940,0,0,0.0
19949,1,1,1.0
19954,0,0,0.0
19956,1,1,1.0
19957,1,1,1.0
19962,0,0,0.0
19963,0,0,0.0
19965,1,1,1.0
19979,0,0,0.0
19982,0,0,0.0
19986,0,0,0.0
19987,0,0,0.0
19990,1,1,1.0
19993,1,1,1.0
19997,1,1,1.0
20000,0,0,0.0
20009,0,0,0.0
20010,0,0,0.0
20023,1,1,1.0
20026,1,1,1.0
20029,1,1,1.0
20031,0,0,0.0
20034,0,0,0.0
20042,0,0,0.0
20044,0,0,0.0
20058,0,0,0.0
20059,1,1,1.0
20061,0,0,0.0
20065,0,0,0.0
20077,1,1,1.0
20078,1,1,1.0
20085,0,0,0.0
20090,0,0,0.0
20091,0,0,0.0
20103,0,0,0.0
20104,1,1,1.0
20107,1,1,1.0
20108,0,0,0.0
20110,0,0,0.0
20111,0,0,0.0
20116,1,1,1.0
20120,0,0,0.0
20124,1,1,1.0
20132,1,1,1.0
20141,0,0,0.0
20155,0,0,0.0
20156,1,1,1.0
20158,1,1,1.0
20164,0,0,0.0
20166,0,0,0.0
20176,0,0,0.0
20187,1,1,1.0
20192,0,0,0.0
20200,0,0,0.0
20219,0,0,0.0
20220,0,0,0.0
20221,0,0,0.0
20233,1,1,1.0
20236,0,0,0.0
20237,1,1,1.0
20241,0,0,0.0
20243,0,0,0.0
20249,0,0,0.0
20250,1,1,1.0
20256,1,1,1.0
20258,0,0,0.0
20262,1,1,1.0
20265,0,0,0.0
20278,1,1,1.0
20288,0,0,0.0
20292,0,0,0.0
20294,1,1,1.0
20308,0,0,0.0
20312,0,0,0.0
20316,0,0,0.0
20319,1,1,1.0
20327,0,0,0.0
20334,1,1,1.0
20335,0,0,0.0
20339,0,0,0.0
20340,0,0,0.0
20350,1,1,1.0
20356,0,0,0.0
20361,0,0,0.0
20364,0,0,0.0
20367,1,1,1.0
20376,1,1,1.0
20381,0,0,0.0
20382,0,0,0.0
20391,1,1,1.0
20392,0,0,0.0
20394,0,0,0.0
20395,0,0,0.0
20399,1,1,1.0
20404,1,1,1.0
20406,0,0,0.0
20413,0,0,0.0
20415,1,1,1.0
20418,1,1,1.0
20422,1,1,1.0
20429,1,1,1.0
20430,0,0,0.0
20432,0,0,0.0
20444,0,0,0.0
20447,0,0,0.0
20452,0,0,0.0
20474,0,0,0.0
20481,0,0,0.0
20482,0,0,0.0
20494,1,1,1.0
20496,0,0,0.0
20497,0,0,0.0
20504,0,0,0.0
20509,0,0,0.0
20510,0,0,0.0
20512,0,0,0.0
20515,0,0,0.0
20517,1,1,1.0
20523,1,1,1.0
20524,0,0,0.0
20525,0,0,0.0
20543,1,1,1.0
20548,0,0,0.0
20555,0,0,0.0
20559,0,0,0.0
20560,0,0,0.0
20561,0,0,0.0
20564,0,0,0.0
20570,1,1,1.0
20573,0,0,0.0
20580,1,1,1.0
20584,0,0,0.0
20594,0,0,0.0
20606,0,0,0.0
20607,0,0,0.0
20611,1,1,1.0
20612,0,0,0.0
20613,0,0,0.0
20618,0,0,0.0
20619,1,1,1.0
20624,1,1,1.0
20630,0,0,0.0
20634,1,1,1.0
20635,0,0,0.0
20643,1,1,1.0
20655,0,0,0.0
20656,0,0,0.0
20659,0,0,0.0
20672,0,0,0.0
20677,0,0,0.0
20686,0,0,0.0
20704,1,1,1.0
20706,0,0,0.0
20720,0,0,0.0
20722,0,0,0.0
20726,0,0,0.0
20733,1,1,1.0
20738,1,1,1.0
20740,1,1,1.0
20748,0,0,0.0
20749,0,0,0.0
20751,0,0,0.0
20762,0,0,0.0
20770,0,0,0.0
20773,0,0,0.0
20777,0,0,0.0
20782,0,0,0.0
20789,1,1,1.0
20801,0,0,0.0
20807,1,1,1.0
20810,1,1,1.0
20817,0,0,0.0
20820,0,0,0.0
20821,0,0,0.0
20825,0,0,0.0
20827,0,0,0.0
20828,0,0,0.0
20837,1,1,1.0
20839,1,1,1.0
20846,0,0,0.0
20848,0,0,0.0
20855,1,1,1.0
20860,0,0,0.0
20864,0,0,0.0
20873,0,0,0.0
20875,0,0,0.0
20879,0,0,0.0
20896,1,1,1.0
20901,0,0,0.0
20907,1,1,1.0
20908,1,1,1.0
20913,0,0,0.0
20917,1,1,1.0
20920,0,0,0.0
20921,1,1,1.0
20922,1,1,1.0
20923,0,0,0.0
20925,0,0,0.0
20939,0,0,0.0
20946,1,1,1.0
20950,0,0,0.0
20952,0,0,0.0
20964,0,0,0.0
20970,1,1,1.0
20972,1,1,1.0
20974,1,1,1.0
20977,0,0,0.0
20979,1,1,1.0
20981,0,0,0.0
20995,0,0,0.0
20997,0,0,0.0
21007,0,0,0.0
21011,0,0,0.0
21017,1,1,1.0
21020,0,0,0.0
21024,0,0,0.0
21031,0,0,0.0
21034,1,1,1.0
21035,0,0,0.0
21039,1,1,1.0
21042,1,1,1.0
21043,1,1,1.0
21049,0,0,0.0
21053,0,0,0.0
21054,0,0,0.0
21070,0,0,0.0
21072,1,1,1.0
21076,1,1,1.0
21080,0,0,0.0
21082,0,0,0.0
21089,1,1,1.0
21091,0,0,0.0
21105,0,0,0.0
21108,1,1,1.0
21110,0,0,0.0
21111,1,1,1.0
21117,0,0,0.0
21122,0,0,0.0
21126,0,0,0.0
21137,0,0,0.0
21140,0,0,0.0
21143,1,1,1.0
21144,0,0,0.0
21157,0,0,0.0
21159,0,0,0.0
21163,1,1,1.0
21164,0,0,0.0
21166,0,0,0.0
21186,0,0,0.0
21187,1,1,1.0
21191,0,0,0.0
21199,0,0,0.0
21203,0,0,0.0
21214,0,0,0.0
21216,0,0,0.0
21233,1,1,1.0
21237,0,0,0.0
21239,0,0,0.0
21245,1,1,1.0
21248,0,0,0.0
21250,0,0,0.0
21251,1,1,1.0
21253,0,0,0.0
21256,0,0,0.0
21258,0,0,0.0
21264,1,1,1.0
21265,0,0,0.0
21266,0,0,0.0
21270,0,0,0.0
21272,0,0,0.0
21280,0,0,0.0
21283,1,1,1.0
21291,0,0,0.0
21304,0,0,0.0
21308,0,0,0.0
21313,0,0,0.0
21319,0,0,0.0
21322,0,0,0.0
21327,1,1,1.0
21328,0,0,0.0
21329,0,0,0.0
21355,0,0,0.0
21367,0,0,0.0
21371,1,1,1.0
21373,0,0,0.0
21377,1,1,1.0
21385,0,0,0.0
21386,1,1,1.0
21389,0,0,0.0
21394,0,0,0.0
21397,1,1,1.0
21411,0,0,0.0
21414,1,1,1.0
21422,0,0,0.0
21444,1,1,1.0
21445,0,0,0.0
21449,0,0,0.0
21450,0,0,0.0
21455,1,1,1.0
21463,0,0,0.0
21466,0,0,0.0
21467,0,0,0.0
21468,0,0,0.0
21474,0,0,0.0
21482,0,0,0.0
21483,0,0,0.0
21489,0,0,0.0
21502,0,0,0.0
21515,0,0,0.0
21530,0,0,0.0
21531,0,0,0.0
21542,0,0,0.0
21546,1,1,1.0
21563,1,1,1.0
21564,0,0,0.0
21565,0,0,0.0
21583,0,0,0.0
21584,1,1,1.0
21586,1,1,1.0
21594,0,0,0.0
21596,0,0,0.0
21598,0,0,0.0
21599,1,1,1.0
21604,0,0,0.0
21608,0,0,0.0
21609,0,0,0.0
21614,0,0,0.0
21620,1,1,1.0
21621,0,0,0.0
21636,0,0,0.0
21641,0,0,0.0
21642,0,0,0.0
21643,0,0,0.0
21645,0,0,0.0
21650,0,0,0.0
21656,1,1,1.0
21661,0,0,0.0
21663,0,0,0.0
21666,1,1,1.0
21671,0,0,0.0
21687,0,0,0.0
21708,0,0,0.0
21709,0,0,0.0
21720,0,0,0.0
21721,1,1,1.0
21722,1,1,1.0
21723,0,0,0.0
21727,0,0,0.0
21739,0,0,0.0
21742,1,1,1.0
21754,0,0,0.0
21759,0,0,0.0
21761,0,0,0.0
21764,0,0,0.0
21770,1,1,1.0
21771,0,0,0.0
21773,0,0,0.0
21774,0,0,0.0
21777,0,0,0.0
21780,0,0,0.0
21784,0,0,0.0
21796,1,1,1.0
21803,0,0,0.0
21819,0,0,0.0
21827,0,0,0.0
21829,0,0,0.0
21843,0,0,0.0
21852,1,1,1.0
21854,1,1,1.0
21855,1,1,1.0
21856,0,0,0.0
21861,0,0,0.0
21864,0,0,0.0
21881,1,1,1.0
21884,0,0,0.0
21885,0,0,0.0
21891,0,0,0.0
21895,0,0,0.0
21907,1,1,1.0
21908,0,0,0.0
21910,0,0,0.0
21919,1,1,1.0
21921,1,1,1.0
21925,0,0,0.0
21926,0,0,0.0
21932,0,0,0.0
21935,0,0,0.0
21938,0,0,0.0
21939,1,1,1.0
21948,1,1,1.0
21950,1,1,1.0
21952,0,0,0.0
21954,0,0,0.0
21955,1,1,1.0
21957,1,1,1.0
21962,0,0,0.0
21967,0,0,0.0
21970,0,0,0.0
21972,0,0,0.0
21974,1,1,1.0
21977,0,0,0.0
21984,1,1,1.0
21985,0,0,0.0
21987,0,0,0.0
21992,0,0,0.0
21993,1,1,1.0
21996,1,1,1.0
21998,1,1,1.0
22000,0,0,0.0
22001,0,0,0.0
22002,1,1,1.0
22006,1,1,1.0
22013,0,0,0.0
22020,0,0,0.0
22024,0,0,0.0
22036,0,0,0.0
22062,0,0,0.0
22065,0,0,0.0
22083,0,0,0.0
22092,1,1,1.0
22096,0,0,0.0
22111,0,0,0.0
22112,0,0,0.0
22119,0,0,0.0
22138,0,0,0.0
22152,1,1,1.0
22155,0,0,0.0
22161,1,1,1.0
22187,0,0,0.0
22189,1,1,1.0
22193,0,0,0.0
22197,0,0,0.0
22208,1,1,1.0
22210,0,0,0.0
22212,0,0,0.0
22213,0,0,0.0
22214,0,0,0.0
22223,0,0,0.0
22232,0,0,0.0
22236,0,0,0.0
22238,1,1,1.0
22242,0,0,0.0
22248,0,0,0.0
22251,0,0,0.0
22255,0,0,0.0
22264,1,1,1.0
22265,0,0,0.0
22268,0,0,0.0
22270,0,0,0.0
22276,0,0,0.0
22283,1,1,1.0
22284,0,0,0.0
22287,0,0,0.0
22293,0,0,0.0
22294,0,0,0.0
22312,0,0,0.0
22314,0,0,0.0
22320,1,1,1.0
22326,0,0,0.0
22327,0,0,0.0
22330,0,0,0.0
22337,1,1,1.0
22342,0,0,0.0
22344,0,0,0.0
22346,1,1,1.0
22347,0,0,0.0
22350,1,1,1.0
22354,0,0,0.0
22358,0,0,0.0
22363,0,0,0.0
22368,0,0,0.0
22375,0,0,0.0
22377,0,0,0.0
22386,0,0,0.0
22392,0,0,0.0
22396,1,1,1.0
22397,1,1,1.0
22398,0,0,0.0
22401,0,0,0.0
22402,1,1,1.0
22406,0,0,0.0
22411,1,1,1.0
22417,0,0,0.0
22423,1,1,1.0
22428,1,1,1.0
22436,0,0,0.0
22439,0,0,0.0
22443,0,0,0.0
22444,0,0,0.0
22450,1,1,1.0
22451,1,1,1.0
22463,0,0,0.0
22467,0,0,0.0
22468,1,1,1.0
22475,0,0,0.0
22476,0,0,0.0
22481,0,0,0.0
22482,0,0,0.0
22483,0,0,0.0
22485,0,0,0.0
22489,1,1,1.0
22506,1,1,1.0
22507,0,0,0.0
22515,0,0,0.0
22516,1,1,1.0
22523,0,0,0.0
22524,1,1,1.0
22525,0,0,0.0
22531,1,1,1.0
22532,0,0,0.0
22534,0,0,0.0
22535,0,0,0.0
22538,0,0,0.0
22548,0,0,0.0
22563,0,0,0.0
22565,0,0,0.0
22567,0,0,0.0
22568,1,1,1.0
22578,0,0,0.0
22581,0,0,0.0
22582,1,1,1.0
22588,0,0,0.0
22589,0,0,0.0
22590,0,0,0.0
22598,0,0,0.0
22600,1,1,1.0
22601,0,0,0.0
22602,0,0,0.0
22605,0,0,0.0
22607,0,0,0.0
22608,0,0,0.0
22609,0,0,0.0
22615,1,1,1.0
22618,0,0,0.0
22628,1,1,1.0
22630,0,0,0.0
22642,0,0,0.0
22645,1,1,1.0
22658,0,0,0.0
22664,0,0,0.0
22666,1,1,1.0
22667,0,0,0.0
22675,0,0,0.0
22676,0,0,0.0
22677,0,0,0.0
22690,1,1,1.0
22696,0,0,0.0
22703,1,1,1.0
22710,0,0,0.0
22722,0,0,0.0
22723,1,1,1.0
22730,1,1,1.0
22741,0,0,0.0
22742,1,1,1.0
22745,0,0,0.0
22746,0,0,0.0
22752,0,0,0.0
22755,0,0,0.0
22757,0,0,0.0
22758,0,0,0.0
22760,0,0,0.0
22764,0,0,0.0
22767,0,0,0.0
22769,0,0,0.0
22770,0,0,0.0
22773,0,0,0.0
22790,0,0,0.0
22792,0,0,0.0
22794,1,1,1.0
22796,1,1,1.0
22798,1,1,1.0
22801,1,1,1.0
22803,1,1,1.0
22807,0,0,0.0
22810,0,0,0.0
22814,0,0,0.0
22822,1,1,1.0
22831,1,1,1.0
22840,0,0,0.0
22841,0,0,0.0
22844,0,0,0.0
22846,0,0,0.0
22847,0,0,0.0
22855,0,0,0.0
22859,0,0,0.0
22870,1,1,1.0
22871,1,1,1.0
22878,1,1,1.0
22880,1,1,1.0
22882,0,0,0.0
22885,0,0,0.0
22888,0,0,0.0
22895,1,1,1.0
22896,0,0,0.0
22897,0,0,0.0
22900,0,0,0.0
22910,0,0,0.0
22911,0,0,0.0
22918,0,0,0.0
22919,0,0,0.0
22920,0,0,0.0
22934,0,0,0.0
22940,1,1,1.0
22943,0,0,0.0
22944,0,0,0.0
22949,0,0,0.0
22952,0,0,0.0
22965,1,1,1.0
22967,1,1,1.0
22971,0,0,0.0
22972,1,1,1.0
22973,0,0,0.0
22980,1,1,1.0
22983,1,1,1.0
22997,0,0,0.0
22998,0,0,0.0
23003,0,0,0.0
23009,1,1,1.0
23010,0,0,0.0
23013,1,1,1.0
23016,0,0,0.0
23035,0,0,0.0
23036,1,1,1.0
23038,0,0,0.0
23044,0,0,0.0
23056,0,0,0.0
23059,1,1,1.0
23068,1,1,1.0
23074,0,0,0.0
23078,0,0,0.0
23082,0,0,0.0
23087,0,0,0.0
23088,0,0,0.0
23090,0,0,0.0
23096,0,0,0.0
23099,0,0,0.0
23108,0,0,0.0
23109,0,0,0.0
23114,0,0,0.0
23115,0,0,0.0
23126,0,0,0.0
23128,1,1,1.0
23133,1,1,1.0
23139,0,0,0.0
23141,1,1,1.0
23145,0,0,0.0
23148,0,0,0.0
23161,0,0,0.0
23166,0,0,0.0
23181,0,0,0.0
23185,0,0,0.0
23189,0,0,0.0
23196,1,1,1.0
23197,0,0,0.0
23198,1,1,1.0
23199,0,0,0.0
23204,0,0,0.0
23207,0,0,0.0
23210,0,0,0.0
23231,0,0,0.0
23232,1,1,1.0
23234,1,1,1.0
23244,1,1,1.0
23245,0,0,0.0
23246,0,0,0.0
23259,0,0,0.0
23266,0,0,0.0
23269,0,0,0.0
23274,1,1,1.0
23275,0,0,0.0
23281,0,0,0.0
23287,0,0,0.0
23290,0,0,0.0
23293,0,0,0.0
23294,0,0,0.0
23300,1,1,1.0
23302,0,0,0.0
23314,1,1,1.0
23316,0,0,0.0
23321,0,0,0.0
23341,0,0,0.0
23343,0,0,0.0
23346,0,0,0.0
23349,0,0,0.0
23350,0,0,0.0
23354,1,1,1.0
23358,0,0,0.0
23361,0,0,0.0
23374,1,1,1.0
23383,0,0,0.0
23386,0,0,0.0
23394,0,0,0.0
23397,0,0,0.0
23407,0,0,0.0
23409,0,0,0.0
23412,0,0,0.0
23413,0,0,0.0
23415,1,1,1.0
23422,0,0,0.0
23425,0,0,0.0
23445,1,1,1.0
23454,1,1,1.0
23455,0,0,0.0
23457,0,0,0.0
23460,0,0,0.0
23464,0,0,0.0
23466,1,1,1.0
23468,0,0,0.0
23481,0,0,0.0
23487,0,0,0.0
23489,0,0,0.0
23495,0,0,0.0
23500,0,0,0.0
23504,0,0,0.0
23515,0,0,0.0
23518,0,0,0.0
23522,0,0,0.0
23546,1,1,1.0
23554,0,0,0.0
23561,0,0,0.0
23563,0,0,0.0
23564,0,0,0.0
23568,0,0,0.0
23569,0,0,0.0
23573,1,1,1.0
23575,1,1,1.0
23577,0,0,0.0
23592,1,1,1.0
23599,0,0,0.0
23602,0,0,0.0
23609,0,0,0.0
23613,1,1,1.0
23629,0,0,0.0
23635,1,1,1.0
23636,0,0,0.0
23649,1,1,1.0
23650,0,0,0.0
23665,0,0,0.0
23683,0,0,0.0
23686,0,0,0.0
23696,0,0,0.0
23701,0,0,0.0
23705,0,0,0.0
23727,1,1,1.0
23728,1,1,1.0
23734,0,0,0.0
23765,0,0,0.0
23770,0,0,0.0
23771,0,0,0.0
23774,0,0,0.0
23793,0,0,0.0
23795,0,0,0.0
23797,1,1,1.0
23798,0,0,0.0
23804,0,0,0.0
23805,1,1,1.0
23807,0,0,0.0
23819,0,0,0.0
23821,0,0,0.0
23829,0,0,0.0
23834,0,0,0.0
23838,0,0,0.0
23845,1,1,1.0
23849,0,0,0.0
23854,1,1,1.0
23857,0,0,0.0
23861,0,0,0.0
23865,0,0,0.0
23870,1,1,1.0
23874,0,0,0.0
23877,1,1,1.0
23879,0,0,0.0
23881,0,0,0.0
23886,0,0,0.0
23887,1,1,1.0
23889,0,0,0.0
23891,1,1,1.0
23892,1,1,1.0
23894,0,0,0.0
23896,0,0,0.0
23917,1,1,1.0
23919,0,0,0.0
23927,0,0,0.0
23930,0,0,0.0
23932,1,1,1.0
23934,0,0,0.0
23939,0,0,0.0
23942,0,0,0.0
23963,0,0,0.0
23968,0,0,0.0
23974,0,0,0.0
23978,0,0,0.0
23980,0,0,0.0
23982,1,1,1.0
23989,0,0,0.0
23999,0,0,0.0
24010,1,1,1.0
24011,1,1,1.0
24014,0,0,0.0
24016,0,0,0.0
24019,0,0,0.0
24022,0,0,0.0
24030,0,0,0.0
24032,0,0,0.0
24035,1,1,1.0
24036,0,0,0.0
24053,0,0,0.0
24063,0,0,0.0
24067,0,0,0.0
24071,0,0,0.0
24073,1,1,1.0
24080,0,0,0.0
24081,1,1,1.0
24100,1,1,1.0
24105,1,1,1.0
24114,0,0,0.0
24118,0,0,0.0
24119,0,0,0.0
24120,0,0,0.0
24134,0,0,0.0
24136,1,1,1.0
24137,1,1,1.0
24149,0,0,0.0
24154,0,0,0.0
24155,0,0,0.0
24156,1,1,1.0
24157,1,1,1.0
24159,0,0,0.0
24163,0,0,0.0
24165,1,1,1.0
24166,0,0,0.0
24174,0,0,0.0
24185,1,1,1.0
24186,1,1,1.0
24194,0,0,0.0
24195,0,0,0.0
24198,1,1,1.0
24204,0,0,0.0
24207,1,1,1.0
24215,0,0,0.0
24217,0,0,0.0
24218,0,0,0.0
24219,1,1,1.0
24222,0,0,0.0
24224,0,0,0.0
24233,0,0,0.0
24237,0,0,0.0
24238,0,0,0.0
24239,1,1,1.0
24243,0,0,0.0
24251,1,1,1.0
24252,0,0,0.0
24255,1,1,1.0
24256,0,0,0.0
24257,0,0,0.0
24259,0,0,0.0
24264,1,1,1.0
24290,0,0,0.0
24296,1,1,1.0
24300,0,0,0.0
24303,1,1,1.0
24306,0,0,0.0
24313,1,1,1.0
24314,0,0,0.0
24329,1,1,1.0
24336,0,0,0.0
24345,0,0,0.0
24350,0,0,0.0
24352,0,0,0.0
24354,1,1,1.0
24368,0,0,0.0
24369,1,1,1.0
24377,1,1,1.0
24381,0,0,0.0
24393,0,0,0.0
24403,1,1,1.0
24410,1,1,1.0
24419,0,0,0.0
24422,1,1,1.0
24439,0,0,0.0
24446,0,0,0.0
24449,0,0,0.0
24452,0,0,0.0
24460,0,0,0.0
24473,0,0,0.0
24482,0,0,0.0
24492,1,1,1.0
24495,0,0,0.0
24496,1,1,1.0
24497,1,1,1.0
24505,0,0,0.0
24511,1,1,1.0
24529,1,1,1.0
24535,1,1,1.0
24545,1,1,1.0
24556,1,1,1.0
24558,0,0,0.0
24565,0,0,0.0
24578,1,1,1.0
24588,1,1,1.0
24603,0,0,0.0
24613,0,0,0.0
24622,0,0,0.0
24625,0,0,0.0
24630,0,0,0.0
24631,1,1,1.0
24632,0,0,0.0
24636,0,0,0.0
24642,1,1,1.0
24652,0,0,0.0
24662,0,0,0.0
24668,1,1,1.0
24673,0,0,0.0
24674,0,0,0.0
24679,1,1,1.0
24683,0,0,0.0
24693,0,0,0.0
24696,0,0,0.0
24705,0,0,0.0
24713,1,1,1.0
24715,0,0,0.0
24717,1,1,1.0
24718,1,1,1.0
24719,0,0,0.0
24722,1,1,1.0
24732,0,0,0.0
24739,0,0,0.0
24741,1,1,1.0
24746,0,0,0.0
24751,0,0,0.0
24752,0,0,0.0
24758,1,1,1.0
24761,0,0,0.0
24766,0,0,0.0
24767,1,1,1.0
24769,0,0,0.0
24771,1,1,1.0
24772,0,0,0.0
24782,0,0,0.0
24785,1,1,1.0
24788,0,0,0.0
24797,0,0,0.0
24800,1,1,1.0
24801,0,0,0.0
24803,0,0,0.0
24806,1,1,1.0
24812,0,0,0.0
24813,0,0,0.0
24814,0,0,0.0
24815,1,1,1.0
24819,0,0,0.0
24824,1,1,1.0
24836,0,0,0.0
24838,0,0,0.0
24839,0,0,0.0
24842,0,0,0.0
24845,0,0,0.0
24858,0,0,0.0
24865,0,0,0.0
24875,0,0,0.0
24878,1,1,1.0
24881,0,0,0.0
24884,0,0,0.0
24888,1,1,1.0
24889,0,0,0.0
24892,0,0,0.0
24904,0,0,0.0
24908,0,0,0.0
24910,0,0,0.0
24922,1,1,1.0
24928,0,0,0.0
24929,0,0,0.0
24941,0,0,0.0
24949,0,0,0.0
24951,1,1,1.0
24952,0,0,0.0
24957,0,0,0.0
24959,1,1,1.0
24962,0,0,0.0
24966,0,0,0.0
24967,1,1,1.0
24976,0,0,0.0
24978,0,0,0.0
24985,1,1,1.0
24987,0,0,0.0
24994,0,0,0.0
24997,1,1,1.0
25000,0,0,0.0
25003,0,0,0.0
25013,0,0,0.0
25014,1,1,1.0
25015,0,0,0.0
25018,0,0,0.0
25022,0,0,0.0
25025,1,1,1.0
25026,1,1,1.0
25031,1,1,1.0
25035,1,1,1.0
25044,1,1,1.0
25045,1,1,1.0
25047,0,0,0.0
25056,1,1,1.0
25058,0,0,0.0
25084,1,1,1.0
25088,1,1,1.0
25096,0,0,0.0
25105,1,1,1.0
25106,0,0,0.0
25110,0,0,0.0
25112,0,0,0.0
25114,0,0,0.0
25120,0,0,0.0
25122,0,0,0.0
25126,1,1,1.0
25131,1,1,1.0
25138,0,0,0.0
25144,1,1,1.0
25154,0,0,0.0
25160,0,0,0.0
25161,1,1,1.0
25162,1,1,1.0
25175,0,0,0.0
25176,0,0,0.0
25195,1,1,1.0
25204,0,0,0.0
25213,1,1,1.0
25223,0,0,0.0
25226,0,0,0.0
25232,1,1,1.0
25236,0,0,0.0
25242,1,1,1.0
25244,0,0,0.0
25247,1,1,1.0
25255,0,0,0.0
25259,0,0,0.0
25261,1,1,1.0
25264,0,0,0.0
25269,1,1,1.0
25271,1,1,1.0
25272,0,0,0.0
25273,1,1,1.0
25290,0,0,0.0
25295,1,1,1.0
25296,1,1,1.0
25303,1,1,1.0
25309,1,1,1.0
25313,0,0,0.0
25315,1,1,1.0
25321,0,0,0.0
25328,0,0,0.0
25330,1,1,1.0
25342,0,0,0.0
25345,1,1,1.0
25350,1,1,1.0
25351,0,0,0.0
25353,0,0,0.0
25355,1,1,1.0
25356,1,1,1.0
25359,1,1,1.0
25361,0,0,0.0
25364,0,0,0.0
25372,1,1,1.0
25374,1,1,1.0
25375,0,0,0.0
25379,0,0,0.0
25380,1,1,1.0
25381,1,1,1.0
25391,0,0,0.0
25401,1,1,1.0
25412,0,0,0.0
25413,0,0,0.0
25416,1,1,1.0
25420,0,0,0.0
25425,1,1,1.0
25426,1,1,1.0
25427,0,0,0.0
25429,0,0,0.0
25430,0,0,0.0
25431,0,0,0.0
25432,0,0,0.0
25443,1,1,1.0
25451,1,1,1.0
25461,0,0,0.0
25472,0,0,0.0
25474,1,1,1.0
25477,1,1,1.0
25479,1,1,1.0
25482,0,0,0.0
25483,0,0,0.0
25485,0,0,0.0
25492,1,1,1.0
25494,1,1,1.0
25505,0,0,0.0
25507,1,1,1.0
25511,1,1,1.0
25514,1,1,1.0
25521,0,0,0.0
25526,0,0,0.0
25529,0,0,0.0
25530,0,0,0.0
25534,0,0,0.0
25549,1,1,1.0
25550,0,0,0.0
25552,0,0,0.0
25555,0,0,0.0
25559,0,0,0.0
25568,1,1,1.0
25571,0,0,0.0
25576,1,1,1.0
25577,0,0,0.0
25580,0,0,0.0
25583,0,0,0.0
25586,0,0,0.0
25593,0,0,0.0
25596,0,0,0.0
25600,0,0,0.0
25603,0,0,0.0
25607,0,0,0.0
25621,0,0,0.0
25624,1,1,1.0
25630,1,1,1.0
25631,0,0,0.0
25638,0,0,0.0
25639,1,1,1.0
25640,0,0,0.0
25645,0,0,0.0
25652,0,0,0.0
25667,0,0,0.0
25668,0,0,0.0
25670,0,0,0.0
25671,0,0,0.0
25673,0,0,0.0
25675,1,1,1.0
25678,0,0,0.0
25680,0,0,0.0
25682,0,0,0.0
25683,1,1,1.0
25689,0,0,0.0
25695,0,0,0.0
25698,1,1,1.0
25708,0,0,0.0
25713,1,1,1.0
25715,1,1,1.0
25718,0,0,0.0
25722,0,0,0.0
25725,0,0,0.0
25726,1,1,1.0
25739,1,1,1.0
25741,0,0,0.0
25759,0,0,0.0
25760,0,0,0.0
25761,1,1,1.0
25770,1,1,1.0
25772,0,0,0.0
25779,0,0,0.0
25780,0,0,0.0
25791,1,1,1.0
25793,1,1,1.0
25797,0,0,0.0
25804,0,0,0.0
25812,0,0,0.0
25818,0,0,0.0
25820,0,0,0.0
25824,1,1,1.0
25826,1,1,1.0
25830,1,1,1.0
25836,1,1,1.0
25840,1,1,1.0
25841,0,0,0.0
25846,1,1,1.0
25862,1,1,1.0
25867,1,1,1.0
25868,1,1,1.0
25873,0,0,0.0
25879,0,0,0.0
25885,1,1,1.0
25892,0,0,0.0
25894,0,0,0.0
25904,0,0,0.0
25905,0,0,0.0
25913,1,1,1.0
25916,1,1,1.0
25918,1,1,1.0
25919,1,1,1.0
25920,1,1,1.0
25930,0,0,0.0
25931,1,1,1.0
25933,0,0,0.0
25935,0,0,0.0
25937,1,1,1.0
25939,1,1,1.0
25942,0,0,0.0
25944,1,1,1.0
25945,1,1,1.0
25971,0,0,0.0
25972,0,0,0.0
25974,1,1,1.0
25975,1,1,1.0
25986,0,0,0.0
25987,0,0,0.0
25988,1,1,1.0
25996,0,0,0.0
26000,1,1,1.0
26002,0,0,0.0
26003,0,0,0.0
26007,1,1,1.0
26021,0,0,0.0
26023,0,0,0.0
26026,0,0,0.0
26037,1,1,1.0
26038,0,0,0.0
26058,0,0,0.0
26059,0,0,0.0
26062,0,0,0.0
26065,0,0,0.0
26068,0,0,0.0
26074,0,0,0.0
26075,1,1,1.0
26080,0,0,0.0
26085,1,1,1.0
26086,0,0,0.0
26088,0,0,0.0
26114,0,0,0.0
26116,0,0,0.0
26120,0,0,0.0
26131,1,1,1.0
26132,1,1,1.0
26135,0,0,0.0
26136,0,0,0.0
26140,0,0,0.0
26143,0,0,0.0
26144,1,1,1.0
26153,1,1,1.0
26154,1,1,1.0
26155,0,0,0.0
26163,0,0,0.0
26166,0,0,0.0
26173,1,1,1.0
26183,0,0,0.0
26185,0,0,0.0
26188,0,0,0.0
26189,0,0,0.0
26191,1,1,1.0
26195,0,0,0.0
26207,0,0,0.0
26213,0,0,0.0
26216,1,1,1.0
26227,0,0,0.0
26228,0,0,0.0
26233,0,0,0.0
26240,0,0,0.0
26245,1,1,1.0
26246,0,0,0.0
26247,0,0,0.0
26249,1,1,1.0
26255,1,1,1.0
26257,0,0,0.0
26267,1,1,1.0
26276,0,0,0.0
26278,0,0,0.0
26280,0,0,0.0
26282,1,1,1.0
26285,1,1,1.0
26287,0,0,0.0
26290,1,1,1.0
26296,0,0,0.0
26299,0,0,0.0
26301,0,0,0.0
26311,1,1,1.0
26313,0,0,0.0
26317,0,0,0.0
26322,1,1,1.0
26326,0,0,0.0
26327,1,1,1.0
26336,1,1,1.0
26349,0,0,0.0
26354,0,0,0.0
26360,1,1,1.0
26368,0,0,0.0
26369,0,0,0.0
26377,0,0,0.0
26388,0,0,0.0
26402,0,0,0.0
26409,0,0,0.0
26413,0,0,0.0
26416,1,1,1.0
26423,0,0,0.0
26424,0,0,0.0
26429,0,0,0.0
26433,0,0,0.0
26434,1,1,1.0
26436,0,0,0.0
26441,0,0,0.0
26452,0,0,0.0
26455,1,1,1.0
26466,0,0,0.0
26468,1,1,1.0
26474,0,0,0.0
26475,1,1,1.0
26477,0,0,0.0
26485,0,0,0.0
26486,0,0,0.0
26491,1,1,1.0
26493,0,0,0.0
26498,0,0,0.0
26502,1,1,1.0
26510,0,0,0.0
26511,0,0,0.0
26512,0,0,0.0
26513,0,0,0.0
26532,0,0,0.0
26536,0,0,0.0
26538,0,0,0.0
26547,1,1,1.0
26562,0,0,0.0
26568,1,1,1.0
26572,0,0,0.0
26577,1,1,1.0
26597,0,0,0.0
26603,1,1,1.0
26607,1,1,1.0
26609,0,0,0.0
26616,1,1,1.0
26619,0,0,0.0
26624,0,0,0.0
26627,0,0,0.0
26629,0,0,0.0
26630,0,0,0.0
26636,0,0,0.0
26639,0,0,0.0
26641,0,0,0.0
26653,1,1,1.0
26654,1,1,1.0
26668,0,0,0.0
26670,1,1,1.0
26672,1,1,1.0
26688,1,1,1.0
26704,0,0,0.0
26705,1,1,1.0
26709,1,1,1.0
26711,1,1,1.0
26714,0,0,0.0
26719,0,0,0.0
26720,0,0,0.0
26722,0,0,0.0
26725,0,0,0.0
26726,0,0,0.0
26727,1,1,1.0
26734,0,0,0.0
26741,0,0,0.0
26746,0,0,0.0
26751,1,1,1.0
26757,0,0,0.0
26764,1,1,1.0
26768,0,0,0.0
26770,0,0,0.0
26776,1,1,1.0
26779,0,0,0.0
26788,1,1,1.0
26789,0,0,0.0
26791,0,0,0.0
26796,0,0,0.0
26811,0,0,0.0
26820,0,0,0.0
26827,0,0,0.0
26832,1,1,1.0
26838,0,0,0.0
26841,0,0,0.0
26843,0,0,0.0
26855,0,0,0.0
26859,0,0,0.0
26863,0,0,0.0
26871,1,1,1.0
26881,0,0,0.0
26885,1,1,1.0
26887,0,0,0.0
26888,0,0,0.0
26892,0,0,0.0
26895,0,0,0.0
26900,0,0,0.0
26905,0,0,0.0
26908,0,0,0.0
26912,0,0,0.0
26917,1,1,1.0
26918,0,0,0.0
26926,1,1,1.0
26927,0,0,0.0
26932,1,1,1.0
26938,0,0,0.0
26945,1,1,1.0
26947,0,0,0.0
26948,0,0,0.0
26949,0,0,0.0
26953,0,0,0.0
26964,0,0,0.0
26966,0,0,0.0
26969,0,0,0.0
26972,1,1,1.0
26979,0,0,0.0
26980,0,0,0.0
26981,0,0,0.0
26982,0,0,0.0
26985,1,1,1.0
26987,0,0,0.0
26988,0,0,0.0
26994,1,1,1.0
26999,1,1,1.0
27003,0,0,0.0
27011,0,0,0.0
27017,0,0,0.0
27019,1,1,1.0
27021,1,1,1.0
27022,0,0,0.0
27024,1,1,1.0
27026,0,0,0.0
27027,1,1,1.0
27028,0,0,0.0
27029,0,0,0.0
27034,0,0,0.0
27037,0,0,0.0
27038,1,1,1.0
27040,0,0,0.0
27042,1,1,1.0
27045,1,1,1.0
27055,0,0,0.0
27064,0,0,0.0
27065,0,0,0.0
27072,0,0,0.0
27073,1,1,1.0
27086,0,0,0.0
27090,0,0,0.0
27097,0,0,0.0
27099,0,0,0.0
27107,0,0,0.0
27112,1,1,1.0
27116,1,1,1.0
27119,0,0,0.0
27125,1,1,1.0
27130,1,1,1.0
27138,1,1,1.0
27140,0,0,0.0
27145,1,1,1.0
27146,1,1,1.0
27155,0,0,0.0
27161,1,1,1.0
27167,1,1,1.0
27169,0,0,0.0
27172,0,0,0.0
27175,0,0,0.0
27181,0,0,0.0
27192,1,1,1.0
27194,0,0,0.0
27204,0,0,0.0
27206,1,1,1.0
27208,0,0,0.0
27209,1,1,1.0
27210,0,0,0.0
27214,1,1,1.0
27224,0,0,0.0
27237,1,1,1.0
27241,0,0,0.0
27245,1,1,1.0
27248,1,1,1.0
27258,1,1,1.0
27260,0,0,0.0
27262,0,0,0.0
27265,0,0,0.0
27267,1,1,1.0
27272,1,1,1.0
27277,0,0,0.0
27281,0,0,0.0
27292,0,0,0.0
27297,1,1,1.0
27304,0,0,0.0
27305,0,0,0.0
27306,0,0,0.0
27311,1,1,1.0
27312,0,0,0.0
27314,0,0,0.0
27322,0,0,0.0
27323,0,0,0.0
27331,0,0,0.0
27333,0,0,0.0
27353,0,0,0.0
27361,1,1,1.0
27362,1,1,1.0
27367,0,0,0.0
27368,0,0,0.0
27375,1,1,1.0
27381,0,0,0.0
27388,0,0,0.0
27394,1,1,1.0
27399,0,0,0.0
27403,0,0,0.0
27407,0,0,0.0
27418,0,0,0.0
27425,1,1,1.0
27427,0,0,0.0
27434,0,0,0.0
27436,0,0,0.0
27441,0,0,0.0
27442,1,1,1.0
27452,0,0,0.0
27458,1,1,1.0
27463,0,0,0.0
27476,1,1,1.0
27477,1,1,1.0
27480,0,0,0.0
27486,0,0,0.0
27492,0,0,0.0
27499,0,0,0.0
27501,0,0,0.0
27516,0,0,0.0
27517,0,0,0.0
27518,0,0,0.0
27523,1,1,1.0
27530,0,0,0.0
27540,0,0,0.0
27546,0,0,0.0
27552,0,0,0.0
27555,1,1,1.0
27558,0,0,0.0
27561,1,1,1.0
27567,0,0,0.0
27571,1,1,1.0
27585,1,1,1.0
27589,0,0,0.0
27591,0,0,0.0
27593,1,1,1.0
27596,1,1,1.0
27600,1,1,1.0
27605,1,1,1.0
27607,1,1,1.0
27609,0,0,0.0
27612,0,0,0.0
27613,0,0,0.0
27624,0,0,0.0
27633,1,1,1.0
27639,1,1,1.0
27641,0,0,0.0
27643,1,1,1.0
27644,0,0,0.0
27650,0,0,0.0
27653,0,0,0.0
27657,0,0,0.0
27660,0,0,0.0
27663,0,0,0.0
27664,1,1,1.0
27671,0,0,0.0
27681,0,0,0.0
27682,1,1,1.0
27694,0,0,0.0
27696,0,0,0.0
27704,0,0,0.0
27707,0,0,0.0
27713,0,0,0.0
27728,1,1,1.0
27731,0,0,0.0
27733,0,0,0.0
27734,0,0,0.0
27748,0,0,0.0
27750,0,0,0.0
27751,1,1,1.0
27752,1,1,1.0
27754,0,0,0.0
27757,0,0,0.0
27759,0,0,0.0
27761,0,0,0.0
27765,0,0,0.0
27768,0,0,0.0
27770,0,0,0.0
27771,0,0,0.0
27773,0,0,0.0
27774,0,0,0.0
27781,1,1,1.0
27782,0,0,0.0
27783,1,1,1.0
27784,0,0,0.0
27785,0,0,0.0
27790,0,0,0.0
27792,1,1,1.0
27796,0,0,0.0
27811,0,0,0.0
27817,1,1,1.0
27822,1,1,1.0
27824,0,0,0.0
27829,0,0,0.0
27831,1,1,1.0
27833,0,0,0.0
27836,1,1,1.0
27838,0,0,0.0
27839,0,0,0.0
27849,0,0,0.0
27851,0,0,0.0
27852,0,0,0.0
27858,0,0,0.0
27876,1,1,1.0
27882,0,0,0.0
27889,0,0,0.0
27903,0,0,0.0
27905,1,1,1.0
27907,0,0,0.0
27912,0,0,0.0
27916,0,0,0.0
27922,0,0,0.0
27923,0,0,0.0
27931,0,0,0.0
27937,0,0,0.0
27944,0,0,0.0
27953,1,1,1.0
27954,0,0,0.0
27955,0,0,0.0
27965,0,0,0.0
27976,0,0,0.0
27980,1,1,1.0
27981,1,1,1.0
27986,0,0,0.0
27990,0,0,0.0
27993,0,0,0.0
27998,0,0,0.0
28006,0,0,0.0
28007,1,1,1.0
28011,1,1,1.0
28012,1,1,1.0
28020,0,0,0.0
28025,1,1,1.0
28030,1,1,1.0
28038,0,0,0.0
28043,0,0,0.0
28052,0,0,0.0
28056,1,1,1.0
28057,0,0,0.0
28058,1,1,1.0
28059,1,1,1.0
28061,0,0,0.0
28063,0,0,0.0
28064,0,0,0.0
28066,0,0,0.0
28068,0,0,0.0
28070,0,0,0.0
28075,0,0,0.0
28076,0,0,0.0
28084,1,1,1.0
28090,0,0,0.0
28099,0,0,0.0
28112,0,0,0.0
28114,0,0,0.0
28119,1,1,1.0
28124,0,0,0.0
28139,1,1,1.0
28140,1,1,1.0
28143,0,0,0.0
28149,0,0,0.0
28154,0,0,0.0
28155,0,0,0.0
28159,1,1,1.0
28171,0,0,0.0
28178,0,0,0.0
28185,0,0,0.0
28201,1,1,1.0
28205,0,0,0.0
28207,0,0,0.0
28210,0,0,0.0
28212,0,0,0.0
28226,1,1,1.0
28230,1,1,1.0
28232,0,0,0.0
28237,0,0,0.0
28241,0,0,0.0
28242,0,0,0.0
28245,0,0,0.0
28250,0,0,0.0
28252,1,1,1.0
28256,0,0,0.0
28261,0,0,0.0
28264,0,0,0.0
28267,0,0,0.0
28271,0,0,0.0
28275,0,0,0.0
28276,0,0,0.0
28277,1,1,1.0
28279,0,0,0.0
28280,0,0,0.0
28281,0,0,0.0
28290,1,1,1.0
28291,0,0,0.0
28293,1,1,1.0
28299,0,0,0.0
28309,0,0,0.0
28315,0,0,0.0
28316,0,0,0.0
28326,1,1,1.0
28328,0,0,0.0
28335,1,1,1.0
28358,0,0,0.0
28360,1,1,1.0
28362,1,1,1.0
28364,0,0,0.0
28373,1,1,1.0
28376,0,0,0.0
28378,1,1,1.0
28383,0,0,0.0
28384,0,0,0.0
28389,0,0,0.0
28391,0,0,0.0
28393,0,0,0.0
28396,1,1,1.0
28398,0,0,0.0
28399,1,1,1.0
28400,1,1,1.0
28406,0,0,0.0
28410,0,0,0.0
28413,0,0,0.0
28414,0,0,0.0
28416,0,0,0.0
28418,0,0,0.0
28425,1,1,1.0
28426,0,0,0.0
28427,0,0,0.0
28432,0,0,0.0
28438,0,0,0.0
28448,0,0,0.0
28464,0,0,0.0
28472,0,0,0.0
28485,1,1,1.0
28487,0,0,0.0
28495,0,0,0.0
28496,0,0,0.0
28505,1,1,1.0
28514,0,0,0.0
28519,1,1,1.0
28520,0,0,0.0
28524,1,1,1.0
28525,0,0,0.0
28528,0,0,0.0
28540,0,0,0.0
28547,0,0,0.0
28554,1,1,1.0
28555,0,0,0.0
28559,0,0,0.0
28564,0,0,0.0
28565,1,1,1.0
28569,0,0,0.0
28572,0,0,0.0
28578,0,0,0.0
28579,0,0,0.0
28596,0,0,0.0
28600,0,0,0.0
28603,1,1,1.0
28605,1,1,1.0
28615,0,0,0.0
28619,0,0,0.0
28623,1,1,1.0
28627,0,0,0.0
28634,0,0,0.0
28635,0,0,0.0
28636,0,0,0.0
28650,1,1,1.0
28659,1,1,1.0
28665,0,0,0.0
28666,1,1,1.0
28668,0,0,0.0
28669,0,0,0.0
28672,0,0,0.0
28673,0,0,0.0
28674,0,0,0.0
28677,0,0,0.0
28683,1,1,1.0
28686,0,0,0.0
28692,1,1,1.0
28697,0,0,0.0
28700,0,0,0.0
28708,1,1,1.0
28709,0,0,0.0
28712,0,0,0.0
28719,0,0,0.0
28723,0,0,0.0
28733,0,0,0.0
28734,0,0,0.0
28736,0,0,0.0
28737,0,0,0.0
28745,0,0,0.0
28748,0,0,0.0
28752,0,0,0.0
28760,0,0,0.0
28762,0,0,0.0
28767,0,0,0.0
28770,0,0,0.0
28787,0,0,0.0
28789,0,0,0.0
28792,0,0,0.0
28801,0,0,0.0
28803,0,0,0.0
28804,0,0,0.0
28807,1,1,1.0
28808,0,0,0.0
28810,0,0,0.0
28811,0,0,0.0
28817,1,1,1.0
28824,1,1,1.0
28826,0,0,0.0
28827,1,1,1.0
28832,0,0,0.0
28834,0,0,0.0
28837,0,0,0.0
28839,1,1,1.0
28841,0,0,0.0
28845,0,0,0.0
28847,0,0,0.0
28848,0,0,0.0
28851,0,0,0.0
28854,0,0,0.0
28858,0,0,0.0
28861,1,1,1.0
28862,0,0,0.0
28865,0,0,0.0
28867,1,1,1.0
28876,1,1,1.0
28880,0,0,0.0
28892,1,1,1.0
28896,0,0,0.0
28897,0,0,0.0
28901,0,0,0.0
28902,1,1,1.0
28904,1,1,1.0
28914,0,0,0.0
28922,1,1,1.0
28927,0,0,0.0
28928,0,0,0.0
28929,0,0,0.0
28942,1,1,1.0
28955,0,0,0.0
28963,0,0,0.0
28974,1,1,1.0
28992,0,0,0.0
28997,0,0,0.0
29008,0,0,0.0
29010,0,0,0.0
29013,1,1,1.0
29017,0,0,0.0
29020,0,0,0.0
29022,1,1,1.0
29023,0,0,0.0
29024,1,1,1.0
29026,0,0,0.0
29032,1,1,1.0
29043,0,0,0.0
29045,1,1,1.0
29053,0,0,0.0
29056,0,0,0.0
29064,0,0,0.0
29065,1,1,1.0
29072,0,0,0.0
29074,1,1,1.0
29078,1,1,1.0
29079,0,0,0.0
29084,0,0,0.0
29087,0,0,0.0
29096,0,0,0.0
29099,0,0,0.0
29101,0,0,0.0
29103,0,0,0.0
29110,0,0,0.0
29112,0,0,0.0
29113,1,1,1.0
29116,1,1,1.0
29117,1,1,1.0
29126,1,1,1.0
29129,0,0,0.0
29134,1,1,1.0
29138,0,0,0.0
29140,0,0,0.0
29141,0,0,0.0
29143,0,0,0.0
29144,1,1,1.0
29150,0,0,0.0
29157,1,1,1.0
29159,0,0,0.0
29162,0,0,0.0
29168,0,0,0.0
29176,0,0,0.0
29182,0,0,0.0
29183,0,0,0.0
29184,1,1,1.0
29185,0,0,0.0
29186,0,0,0.0
29193,0,0,0.0
29196,0,0,0.0
29201,0,0,0.0
29208,0,0,0.0
29217,1,1,1.0
29220,0,0,0.0
29228,0,0,0.0
29229,0,0,0.0
29232,0,0,0.0
29233,0,0,0.0
29234,0,0,0.0
29244,0,0,0.0
29245,0,0,0.0
29247,0,0,0.0
29250,0,0,0.0
29254,0,0,0.0
29255,0,0,0.0
29259,0,0,0.0
29263,1,1,1.0
29264,0,0,0.0
29265,0,0,0.0
29267,0,0,0.0
29277,0,0,0.0
29282,1,1,1.0
29285,1,1,1.0
29295,1,1,1.0
29300,0,0,0.0
29305,1,1,1.0
29306,0,0,0.0
29308,0,0,0.0
29313,0,0,0.0
29316,0,0,0.0
29332,0,0,0.0
29335,0,0,0.0
29344,1,1,1.0
29351,0,0,0.0
29355,1,1,1.0
29360,0,0,0.0
29364,0,0,0.0
29369,0,0,0.0
29370,0,0,0.0
29383,0,0,0.0
29384,0,0,0.0
29386,0,0,0.0
29390,0,0,0.0
29396,0,0,0.0
29397,0,0,0.0
29400,0,0,0.0
29406,0,0,0.0
29407,1,1,1.0
29412,1,1,1.0
29418,0,0,0.0
29419,0,0,0.0
29424,0,0,0.0
29427,0,0,0.0
29429,0,0,0.0
29439,1,1,1.0
29440,0,0,0.0
29445,0,0,0.0
29453,0,0,0.0
29454,1,1,1.0
29482,0,0,0.0
29483,0,0,0.0
29492,0,0,0.0
29503,0,0,0.0
29509,0,0,0.0
29529,1,1,1.0
29544,0,0,0.0
29545,0,0,0.0
29550,0,0,0.0
29552,0,0,0.0
29558,0,0,0.0
29567,1,1,1.0
29575,0,0,0.0
29578,0,0,0.0
29584,0,0,0.0
29585,0,0,0.0
29588,0,0,0.0
29590,1,1,1.0
29593,1,1,1.0
29598,0,0,0.0
29600,0,0,0.0
29602,1,1,1.0
29612,0,0,0.0
29615,0,0,0.0
29618,0,0,0.0
29625,0,0,0.0
29626,0,0,0.0
29640,0,0,0.0
29650,1,1,1.0
29652,0,0,0.0
29664,0,0,0.0
29667,0,0,0.0
29671,0,0,0.0
29676,0,0,0.0
29686,0,0,0.0
29688,1,1,1.0
29692,1,1,1.0
29694,0,0,0.0
29695,0,0,0.0
29696,1,1,1.0
29710,0,0,0.0
29712,0,0,0.0
29723,0,0,0.0
29725,0,0,0.0
29729,0,0,0.0
29736,0,0,0.0
29748,0,0,0.0
29751,0,0,0.0
29753,0,0,0.0
29758,0,0,0.0
29760,0,0,0.0
29764,1,1,1.0
29773,0,0,0.0
29776,1,1,1.0
29782,0,0,0.0
29786,1,1,1.0
29787,0,0,0.0
29789,0,0,0.0
29791,0,0,0.0
29799,0,0,0.0
29802,0,0,0.0
29804,0,0,0.0
29805,0,0,0.0
29821,1,1,1.0
29835,0,0,0.0
29848,1,1,1.0
29849,0,0,0.0
29851,1,1,1.0
29852,0,0,0.0
29860,1,1,1.0
29861,0,0,0.0
29863,0,0,0.0
29868,0,0,0.0
29874,0,0,0.0
29879,0,0,0.0
29880,0,0,0.0
29888,0,0,0.0
29894,1,1,1.0
29895,0,0,0.0
29898,0,0,0.0
29901,0,0,0.0
29902,0,0,0.0
29905,1,1,1.0
29908,0,0,0.0
29915,0,0,0.0
29918,0,0,0.0
29923,0,0,0.0
29924,0,0,0.0
29927,1,1,1.0
29928,0,0,0.0
29939,0,0,0.0
29944,0,0,0.0
29950,0,0,0.0
29957,1,1,1.0
29971,0,0,0.0
29976,1,1,1.0
29978,0,0,0.0
29988,0,0,0.0
29989,0,0,0.0
29990,0,0,0.0
29996,1,1,1.0
29997,0,0,0.0
30024,0,0,0.0
30033,1,1,1.0
30040,0,0,0.0
30042,1,1,1.0
30043,0,0,0.0
30044,0,0,0.0
30047,0,0,0.0
30050,1,1,1.0
30059,0,0,0.0
30066,0,0,0.0
30070,0,0,0.0
30073,0,0,0.0
30083,0,0,0.0
30088,1,1,1.0
30089,0,0,0.0
30090,1,1,1.0
30093,0,0,0.0
30096,0,0,0.0
30107,1,1,1.0
30111,1,1,1.0
30114,0,0,0.0
30117,0,0,0.0
30123,0,0,0.0
30127,1,1,1.0
30133,0,0,0.0
30134,0,0,0.0
30136,1,1,1.0
30138,0,0,0.0
30141,0,0,0.0
30162,0,0,0.0
30167,0,0,0.0
30171,1,1,1.0
30173,0,0,0.0
30174,0,0,0.0
30177,0,0,0.0
30178,0,0,0.0
30186,0,0,0.0
30190,0,0,0.0
30193,0,0,0.0
30196,0,0,0.0
30200,0,0,0.0
30201,0,0,0.0
30215,0,0,0.0
30218,0,0,0.0
30222,0,0,0.0
30225,0,0,0.0
30227,0,0,0.0
30228,0,0,0.0
30230,0,0,0.0
30239,0,0,0.0
30240,1,1,1.0
30256,0,0,0.0
30259,1,1,1.0
30261,0,0,0.0
30265,0,0,0.0
30287,0,0,0.0
30288,0,0,0.0
30290,0,0,0.0
30293,0,0,0.0
30294,0,0,0.0
30299,0,0,0.0
30305,0,0,0.0
30311,0,0,0.0
30313,1,1,1.0
30315,1,1,1.0
30327,0,0,0.0
30346,1,1,1.0
30350,0,0,0.0
30354,0,0,0.0
30359,1,1,1.0
30367,1,1,1.0
30368,0,0,0.0
30372,0,0,0.0
30374,0,0,0.0
30376,0,0,0.0
30401,0,0,0.0
30406,0,0,0.0
30408,0,0,0.0
30419,0,0,0.0
30433,0,0,0.0
30437,0,0,0.0
30443,0,0,0.0
30449,0,0,0.0
30450,0,0,0.0
30452,0,0,0.0
30453,1,1,1.0
30455,0,0,0.0
30461,0,0,0.0
30466,0,0,0.0
30467,0,0,0.0
30477,0,0,0.0
30485,1,1,1.0
30507,0,0,0.0
30509,0,0,0.0
30514,0,0,0.0
30518,0,0,0.0
30522,0,0,0.0
30527,0,0,0.0
30534,0,0,0.0
30544,0,0,0.0
30547,0,0,0.0
30551,0,0,0.0
30554,0,0,0.0
30556,0,0,0.0
30561,1,1,1.0
30565,0,0,0.0
30569,0,0,0.0
30571,0,0,0.0
30572,0,0,0.0
30582,1,1,1.0
30590,1,1,1.0
30598,0,0,0.0
30599,1,1,1.0
30602,0,0,0.0
30608,0,0,0.0
30610,0,0,0.0
30613,0,0,0.0
30615,0,0,0.0
30618,0,0,0.0
30625,1,1,1.0
30626,0,0,0.0
30627,0,0,0.0
30630,0,0,0.0
30637,0,0,0.0
30645,0,0,0.0
30646,1,1,1.0
30649,0,0,0.0
30652,0,0,0.0
30657,0,0,0.0
30673,1,1,1.0
30674,0,0,0.0
30675,0,0,0.0
30678,1,1,1.0
30688,0,0,0.0
30691,1,1,1.0
30693,0,0,0.0
30710,0,0,0.0
30721,0,0,0.0
30722,0,0,0.0
30731,0,0,0.0
30734,0,0,0.0
30739,0,0,0.0
30743,0,0,0.0
30757,1,1,1.0
30762,0,0,0.0
30780,1,1,1.0
30781,1,1,1.0
30782,0,0,0.0
30785,0,0,0.0
30791,1,1,1.0
30797,0,0,0.0
30803,0,0,0.0
30804,1,1,1.0
30810,1,1,1.0
30811,0,0,0.0
30812,0,0,0.0
30813,0,0,0.0
30833,0,0,0.0
30835,0,0,0.0
30837,1,1,1.0
30839,0,0,0.0
30840,0,0,0.0
30844,1,1,1.0
30855,0,0,0.0
30860,0,0,0.0
30862,1,1,1.0
30866,1,1,1.0
30867,0,0,0.0
30873,0,0,0.0
30880,0,0,0.0
30888,1,1,1.0
30889,0,0,0.0
30901,0,0,0.0
30902,1,1,1.0
30904,0,0,0.0
30939,1,1,1.0
30943,0,0,0.0
30948,0,0,0.0
30951,0,0,0.0
30955,0,0,0.0
30962,0,0,0.0
30978,0,0,0.0
30979,0,0,0.0
30982,0,0,0.0
30988,0,0,0.0
30992,0,0,0.0
31006,0,0,0.0
31010,0,0,0.0
31021,0,0,0.0
31023,0,0,0.0
31024,0,0,0.0
31030,0,0,0.0
31035,0,0,0.0
31039,1,1,1.0
31040,0,0,0.0
31041,0,0,0.0
31047,0,0,0.0
31056,1,1,1.0
31058,1,1,1.0
31059,1,1,1.0
31068,0,0,0.0
31076,0,0,0.0
31077,1,1,1.0
31078,0,0,0.0
31079,0,0,0.0
31084,0,0,0.0
31090,1,1,1.0
31092,0,0,0.0
31103,0,0,0.0
31113,0,0,0.0
31116,0,0,0.0
31122,0,0,0.0
31123,1,1,1.0
31127,0,0,0.0
31128,0,0,0.0
31137,1,1,1.0
31139,1,1,1.0
31144,0,0,0.0
31149,0,0,0.0
31153,0,0,0.0
31158,0,0,0.0
31168,0,0,0.0
31172,0,0,0.0
31179,0,0,0.0
31183,0,0,0.0
31189,0,0,0.0
31190,0,0,0.0
31196,0,0,0.0
31197,0,0,0.0
31198,0,0,0.0
31205,1,1,1.0
31212,0,0,0.0
31213,0,0,0.0
31216,0,0,0.0
31219,0,0,0.0
31220,1,1,1.0
31223,0,0,0.0
31227,0,0,0.0
31233,0,0,0.0
31234,0,0,0.0
31252,0,0,0.0
31254,0,0,0.0
31264,1,1,1.0
31265,0,0,0.0
31268,0,0,0.0
31273,0,0,0.0
31275,0,0,0.0
31276,0,0,0.0
31278,0,0,0.0
31279,0,0,0.0
31280,0,0,0.0
31285,0,0,0.0
31289,1,1,1.0
31293,1,1,1.0
31296,0,0,0.0
31303,1,1,1.0
31315,0,0,0.0
31316,0,0,0.0
31321,0,0,0.0
31325,0,0,0.0
31326,0,0,0.0
31328,0,0,0.0
31332,0,0,0.0
31333,1,1,1.0
31334,0,0,0.0
31335,0,0,0.0
31343,0,0,0.0
31363,0,0,0.0
31374,0,0,0.0
31384,0,0,0.0
31386,1,1,1.0
31388,0,0,0.0
31389,0,0,0.0
31400,0,0,0.0
31406,0,0,0.0
31412,0,0,0.0
31413,0,0,0.0
31431,0,0,0.0
31436,0,0,0.0
31444,0,0,0.0
31448,1,1,1.0
31449,0,0,0.0
31454,0,0,0.0
31455,0,0,0.0
31457,0,0,0.0
31458,0,0,0.0
31459,0,0,0.0
31466,1,1,1.0
31473,0,0,0.0
31475,0,0,0.0
31479,0,0,0.0
31486,0,0,0.0
31490,0,0,0.0
31498,0,0,0.0
31501,0,0,0.0
31514,0,0,0.0
31521,0,0,0.0
31528,1,1,1.0
31535,0,0,0.0
31538,0,0,0.0
31545,0,0,0.0
31548,0,0,0.0
31549,0,0,0.0
31557,0,0,0.0
31559,0,0,0.0
31566,0,0,0.0
31569,0,0,0.0
31571,0,0,0.0
31573,0,0,0.0
31576,0,0,0.0
31580,0,0,0.0
31583,0,0,0.0
31584,0,0,0.0
31590,0,0,0.0
31592,0,0,0.0
31598,0,0,0.0
31603,0,0,0.0
31605,1,1,1.0
31615,0,0,0.0
31618,0,0,0.0
31623,1,1,1.0
31626,0,0,0.0
31631,0,0,0.0
31636,0,0,0.0
31637,0,0,0.0
31639,0,0,0.0
31640,0,0,0.0
31652,0,0,0.0
31661,0,0,0.0
31663,0,0,0.0
31665,0,0,0.0
31668,1,1,1.0
31673,0,0,0.0
31675,0,0,0.0
31678,1,1,1.0
31681,0,0,0.0
31694,0,0,0.0
31696,0,0,0.0
31699,0,0,0.0
31701,0,0,0.0
31704,0,0,0.0
31709,0,0,0.0
31712,1,1,1.0
31722,0,0,0.0
31728,0,0,0.0
31734,0,0,0.0
31735,1,1,1.0
31745,0,0,0.0
31747,0,0,0.0
31752,1,1,1.0
31754,0,0,0.0
31759,1,1,1.0
31760,0,0,0.0
31766,0,0,0.0
31767,0,0,0.0
31791,0,0,0.0
31796,0,0,0.0
31797,0,0,0.0
31812,0,0,0.0
31817,0,0,0.0
31820,0,0,0.0
31825,0,0,0.0
31828,0,0,0.0
31835,1,1,1.0
31861,0,0,0.0
31862,0,0,0.0
31863,1,1,1.0
31864,1,1,1.0
31871,0,0,0.0
31872,0,0,0.0
31873,0,0,0.0
31877,0,0,0.0
31878,0,0,0.0
31882,0,0,0.0
31887,0,0,0.0
31890,1,1,1.0
31895,0,0,0.0
31909,1,1,1.0
31914,1,1,1.0
31918,0,0,0.0
31932,0,0,0.0
31942,0,0,0.0
31943,0,0,0.0
31944,0,0,0.0
31946,0,0,0.0
31947,0,0,0.0
31951,0,0,0.0
31955,0,0,0.0
31959,0,0,0.0
31963,0,0,0.0
31964,0,0,0.0
31965,0,0,0.0
31970,0,0,0.0
31972,0,0,0.0
31973,1,1,1.0
31977,1,1,1.0
31982,0,0,0.0
31985,0,0,0.0
31993,0,0,0.0
31997,0,0,0.0
31999,0,0,0.0
32010,0,0,0.0
32013,0,0,0.0
32019,0,0,0.0
32022,1,1,1.0
32025,1,1,1.0
32033,0,0,0.0
32035,0,0,0.0
32036,0,0,0.0
32045,0,0,0.0
32058,0,0,0.0
32067,1,1,1.0
32073,0,0,0.0
32078,0,0,0.0
32081,0,0,0.0
32082,1,1,1.0
32084,0,0,0.0
32088,0,0,0.0
32097,0,0,0.0
32105,0,0,0.0
32106,0,0,0.0
32110,1,1,1.0
32111,1,1,1.0
32119,0,0,0.0
32126,0,0,0.0
32133,0,0,0.0
32138,0,0,0.0
32145,0,0,0.0
32157,0,0,0.0
32164,0,0,0.0
32167,0,0,0.0
32169,0,0,0.0
32180,1,1,1.0
32182,0,0,0.0
32188,0,0,0.0
32192,1,1,1.0
32193,0,0,0.0
32195,1,1,1.0
32199,0,0,0.0
32201,0,0,0.0
32203,0,0,0.0
32204,0,0,0.0
32207,0,0,0.0
32211,0,0,0.0
32212,0,0,0.0
32219,1,1,1.0
32225,0,0,0.0
32234,0,0,0.0
32246,0,0,0.0
32247,0,0,0.0
32254,0,0,0.0
32258,0,0,0.0
32260,0,0,0.0
32263,0,0,0.0
32268,0,0,0.0
32271,0,0,0.0
32286,0,0,0.0
32290,0,0,0.0
32295,1,1,1.0
32298,0,0,0.0
32299,0,0,0.0
32307,0,0,0.0
32311,1,1,1.0
32313,0,0,0.0
32318,0,0,0.0
32329,0,0,0.0
32332,0,0,0.0
32346,0,0,0.0
32350,0,0,0.0
32351,0,0,0.0
32356,1,1,1.0
32367,0,0,0.0
32368,0,0,0.0
32369,1,1,1.0
32376,0,0,0.0
32380,0,0,0.0
32394,0,0,0.0
32396,0,0,0.0
32397,0,0,0.0
32403,0,0,0.0
32411,0,0,0.0
32415,0,0,0.0
32418,1,1,1.0
32421,1,1,1.0
32429,0,0,0.0
32440,0,0,0.0
32445,0,0,0.0
32447,1,1,1.0
32448,0,0,0.0
32454,0,0,0.0
32462,1,1,1.0
32463,0,0,0.0
32469,1,1,1.0
32474,0,0,0.0
32476,0,0,0.0
32483,0,0,0.0
32488,0,0,0.0
32489,1,1,1.0
32493,0,0,0.0
32497,1,1,1.0
32502,0,0,0.0
32503,0,0,0.0
32504,0,0,0.0
32510,1,1,1.0
32514,0,0,0.0
32520,0,0,0.0
32522,1,1,1.0
32528,1,1,1.0
32531,0,0,0.0
32535,1,1,1.0
32539,0,0,0.0
32540,0,0,0.0
32546,1,1,1.0
32553,1,1,1.0
32559,1,1,1.0
32563,0,0,0.0
32565,1,1,1.0
32569,0,0,0.0
32574,1,1,1.0
32578,0,0,0.0
32583,0,0,0.0
32591,1,1,1.0
32594,0,0,0.0
32602,0,0,0.0
32607,1,1,1.0
32613,1,1,1.0
32617,0,0,0.0
32621,0,0,0.0
32627,1,1,1.0
32633,0,0,0.0
32638,0,0,0.0
32642,0,0,0.0
32644,0,0,0.0
32648,0,0,0.0
32649,1,1,1.0
32651,0,0,0.0
32655,1,1,1.0
32661,1,1,1.0
32663,1,1,1.0
32664,0,0,0.0
32670,0,0,0.0
32673,0,0,0.0
32679,0,0,0.0
32688,0,0,0.0
32695,1,1,1.0
32700,1,1,1.0
32702,0,0,0.0
32703,0,0,0.0
32710,0,0,0.0
32715,0,0,0.0
32716,1,1,1.0
32717,0,0,0.0
32720,0,0,0.0
32729,1,1,1.0
32732,1,1,1.0
32735,0,0,0.0
32737,0,0,0.0
32742,1,1,1.0
32750,1,1,1.0
32754,0,0,0.0
32760,0,0,0.0
32767,0,0,0.0
32769,1,1,1.0
32775,0,0,0.0
32778,0,0,0.0
32783,1,1,1.0
32784,1,1,1.0
32792,0,0,0.0
32793,0,0,0.0
32796,0,0,0.0
32797,1,1,1.0
32802,1,1,1.0
32807,0,0,0.0
32819,1,1,1.0
32825,0,0,0.0
32834,1,1,1.0
32839,0,0,0.0
32842,0,0,0.0
32843,0,0,0.0
32852,1,1,1.0
32854,0,0,0.0
32855,0,0,0.0
32862,1,1,1.0
32871,0,0,0.0
32873,1,1,1.0
32882,1,1,1.0
32899,0,0,0.0
32910,0,0,0.0
32911,1,1,1.0
32928,1,1,1.0
32939,1,1,1.0
32940,1,1,1.0
32945,0,0,0.0
32948,0,0,0.0
32952,0,0,0.0
32953,1,1,1.0
32957,0,0,0.0
32973,1,1,1.0
32974,0,0,0.0
32984,1,1,1.0
32985,1,1,1.0
32989,0,0,0.0
32990,0,0,0.0
32997,0,0,0.0
32998,0,0,0.0
33000,0,0,0.0
33005,0,0,0.0
33017,0,0,0.0
33018,0,0,0.0
33020,1,1,1.0
33023,1,1,1.0
33028,0,0,0.0
33035,0,0,0.0
33036,1,1,1.0
33037,1,1,1.0
33040,0,0,0.0
33042,1,1,1.0
33046,0,0,0.0
33047,0,0,0.0
33054,1,1,1.0
33058,0,0,0.0
33080,0,0,0.0
33083,0,0,0.0
33094,0,0,0.0
33099,0,0,0.0
33101,1,1,1.0
33107,0,0,0.0
33115,1,1,1.0
33118,1,1,1.0
33128,0,0,0.0
33131,0,0,0.0
33132,1,1,1.0
33136,0,0,0.0
33139,0,0,0.0
33145,1,1,1.0
33155,0,0,0.0
33163,1,1,1.0
33164,0,0,0.0
33166,1,1,1.0
33168,1,1,1.0
33173,0,0,0.0
33207,0,0,0.0
33213,1,1,1.0
33224,1,1,1.0
33229,0,0,0.0
33231,0,0,0.0
33234,0,0,0.0
33244,0,0,0.0
33252,1,1,1.0
33261,0,0,0.0
33264,1,1,1.0
33265,1,1,1.0
33278,1,1,1.0
33284,0,0,0.0
33288,0,0,0.0
33297,0,0,0.0
33303,0,0,0.0
33316,0,0,0.0
33324,0,0,0.0
33328,1,1,1.0
33330,1,1,1.0
33341,1,1,1.0
33343,1,1,1.0
33344,1,1,1.0
33345,0,0,0.0
33351,0,0,0.0
33363,0,0,0.0
33365,0,0,0.0
33371,1,1,1.0
33374,0,0,0.0
33389,1,1,1.0
33404,0,0,0.0
33405,1,1,1.0
33409,0,0,0.0
33421,1,1,1.0
33424,0,0,0.0
33425,0,0,0.0
33436,1,1,1.0
33445,0,0,0.0
33447,0,0,0.0
33448,1,1,1.0
33451,1,1,1.0
33452,1,1,1.0
33454,0,0,0.0
33455,0,0,0.0
33457,0,0,0.0
33459,0,0,0.0
33465,1,1,1.0
33466,1,1,1.0
33468,0,0,0.0
33470,0,0,0.0
33473,0,0,0.0
33475,0,0,0.0
33477,1,1,1.0
33479,0,0,0.0
33490,0,0,0.0
33491,0,0,0.0
33494,0,0,0.0
33495,0,0,0.0
33507,0,0,0.0
33509,0,0,0.0
33512,0,0,0.0
33516,0,0,0.0
33518,1,1,1.0
33519,1,1,1.0
33522,1,1,1.0
33534,0,0,0.0
33537,1,1,1.0
33543,0,0,0.0
33546,0,0,0.0
33552,1,1,1.0
33578,0,0,0.0
33582,1,1,1.0
33587,0,0,0.0
33599,0,0,0.0
33600,1,1,1.0
33602,0,0,0.0
33618,0,0,0.0
33630,1,1,1.0
33639,0,0,0.0
33647,0,0,0.0
33672,0,0,0.0
33679,0,0,0.0
33685,0,0,0.0
33688,1,1,1.0
33692,0,0,0.0
33714,0,0,0.0
33724,0,0,0.0
33727,0,0,0.0
33730,0,0,0.0
33731,0,0,0.0
33734,1,1,1.0
33741,0,0,0.0
33743,0,0,0.0
33744,1,1,1.0
33745,1,1,1.0
33746,0,0,0.0
33751,0,0,0.0
33754,0,0,0.0
33761,1,1,1.0
33764,1,1,1.0
33766,0,0,0.0
33768,0,0,0.0
33771,1,1,1.0
33772,0,0,0.0
33774,0,0,0.0
33791,0,0,0.0
33792,1,1,1.0
33794,0,0,0.0
33799,1,1,1.0
33802,0,0,0.0
33804,0,0,0.0
33806,1,1,1.0
33815,0,0,0.0
33830,1,1,1.0
33835,0,0,0.0
33839,1,1,1.0
33852,0,0,0.0
33855,0,0,0.0
33859,1,1,1.0
33866,0,0,0.0
33867,0,0,0.0
33868,1,1,1.0
33869,0,0,0.0
33870,0,0,0.0
33875,1,1,1.0
33877,0,0,0.0
33882,0,0,0.0
33888,0,0,0.0
33891,1,1,1.0
33894,1,1,1.0
33895,0,0,0.0
33896,0,0,0.0
33904,0,0,0.0
33915,0,0,0.0
33927,0,0,0.0
33931,0,0,0.0
33934,1,1,1.0
33936,1,1,1.0
33939,0,0,0.0
33957,0,0,0.0
33965,1,1,1.0
33966,0,0,0.0
33978,0,0,0.0
33982,0,0,0.0
33983,0,0,0.0
33986,0,0,0.0
33989,0,0,0.0
33991,1,1,1.0
33996,0,0,0.0
33998,1,1,1.0
34005,0,0,0.0
34017,0,0,0.0
34018,0,0,0.0
34021,1,1,1.0
34026,0,0,0.0
34030,0,0,0.0
34031,0,0,0.0
34033,0,0,0.0
34047,0,0,0.0
34050,0,0,0.0
34055,1,1,1.0
34059,0,0,0.0
34062,1,1,1.0
34068,0,0,0.0
34069,1,1,1.0
34080,1,1,1.0
34082,0,0,0.0
34084,1,1,1.0
34090,0,0,0.0
34091,0,0,0.0
34103,1,1,1.0
34114,0,0,0.0
34124,0,0,0.0
34135,0,0,0.0
34138,0,0,0.0
34144,0,0,0.0
34147,1,1,1.0
34150,1,1,1.0
34152,0,0,0.0
34163,0,0,0.0
34164,1,1,1.0
34165,1,1,1.0
34179,0,0,0.0
34183,1,1,1.0
34187,0,0,0.0
34196,1,1,1.0
34197,1,1,1.0
34209,0,0,0.0
34214,0,0,0.0
34215,0,0,0.0
34217,0,0,0.0
34218,1,1,1.0
34225,0,0,0.0
34226,0,0,0.0
34232,1,1,1.0
34235,1,1,1.0
34240,0,0,0.0
34242,0,0,0.0
34243,0,0,0.0
34246,1,1,1.0
34248,1,1,1.0
34251,1,1,1.0
34252,1,1,1.0
34253,0,0,0.0
34257,0,0,0.0
34264,0,0,0.0
34268,0,0,0.0
34269,1,1,1.0
34275,0,0,0.0
34280,0,0,0.0
34286,1,1,1.0
34290,0,0,0.0
34293,0,0,0.0
34298,0,0,0.0
34303,1,1,1.0
34309,0,0,0.0
34312,0,0,0.0
34315,1,1,1.0
34321,0,0,0.0
34327,1,1,1.0
34335,0,0,0.0
34336,0,0,0.0
34338,0,0,0.0
34340,1,1,1.0
34342,0,0,0.0
34371,1,1,1.0
34375,1,1,1.0
34382,0,0,0.0
34389,0,0,0.0
34394,0,0,0.0
34397,0,0,0.0
34400,0,0,0.0
34404,1,1,1.0
34406,0,0,0.0
34408,1,1,1.0
34409,0,0,0.0
34410,0,0,0.0
34414,0,0,0.0
34424,1,1,1.0
34431,0,0,0.0
34435,0,0,0.0
34441,0,0,0.0
34443,0,0,0.0
34445,0,0,0.0
34448,0,0,0.0
34458,0,0,0.0
34467,0,0,0.0
34468,0,0,0.0
34473,0,0,0.0
34474,0,0,0.0
34480,0,0,0.0
34486,1,1,1.0
34491,1,1,1.0
34497,0,0,0.0
34498,0,0,0.0
34501,1,1,1.0
34507,0,0,0.0
34516,0,0,0.0
34519,0,0,0.0
34523,1,1,1.0
34524,0,0,0.0
34526,0,0,0.0
34527,1,1,1.0
34529,0,0,0.0
34533,0,0,0.0
34537,0,0,0.0
34538,0,0,0.0
34541,0,0,0.0
34544,0,0,0.0
34549,0,0,0.0
34555,1,1,1.0
34572,1,1,1.0
34577,0,0,0.0
34579,0,0,0.0
34580,0,0,0.0
34581,0,0,0.0
34585,0,0,0.0
34588,0,0,0.0
34590,1,1,1.0
34592,1,1,1.0
34595,0,0,0.0
34601,0,0,0.0
34607,1,1,1.0
34608,0,0,0.0
34611,0,0,0.0
34615,1,1,1.0
34624,1,1,1.0
34625,0,0,0.0
34628,0,0,0.0
34636,1,1,1.0
34638,1,1,1.0
34647,1,1,1.0
34653,1,1,1.0
34660,0,0,0.0
34662,0,0,0.0
34664,0,0,0.0
34669,1,1,1.0
34673,0,0,0.0
34682,1,1,1.0
34689,0,0,0.0
34692,0,0,0.0
34697,0,0,0.0
34708,0,0,0.0
34710,0,0,0.0
34714,0,0,0.0
34722,0,0,0.0
34732,1,1,1.0
34733,1,1,1.0
34738,0,0,0.0
34740,0,0,0.0
34743,0,0,0.0
34748,0,0,0.0
34753,0,0,0.0
34757,0,0,0.0
34780,0,0,0.0
34782,0,0,0.0
34784,0,0,0.0
34787,0,0,0.0
34788,0,0,0.0
34795,0,0,0.0
34798,1,1,1.0
34807,0,0,0.0
34812,0,0,0.0
34813,1,1,1.0
34817,1,1,1.0
34821,0,0,0.0
34822,0,0,0.0
34825,0,0,0.0
34830,1,1,1.0
34835,0,0,0.0
34858,1,1,1.0
34859,1,1,1.0
34860,0,0,0.0
34864,1,1,1.0
34865,0,0,0.0
34867,0,0,0.0
34877,1,1,1.0
34885,0,0,0.0
34894,1,1,1.0
34901,0,0,0.0
34903,0,0,0.0
34907,0,0,0.0
34910,1,1,1.0
34913,1,1,1.0
34915,0,0,0.0
34924,0,0,0.0
34926,1,1,1.0
34933,0,0,0.0
34936,1,1,1.0
34946,0,0,0.0
34948,0,0,0.0
34951,0,0,0.0
34954,0,0,0.0
34957,0,0,0.0
34968,1,1,1.0
34969,1,1,1.0
34981,1,1,1.0
34989,0,0,0.0
34992,0,0,0.0
35007,0,0,0.0
35015,1,1,1.0
35021,0,0,0.0
35026,0,0,0.0
35030,1,1,1.0
35042,1,1,1.0
35043,0,0,0.0
35047,1,1,1.0
35051,0,0,0.0
35053,0,0,0.0
35066,0,0,0.0
35068,0,0,0.0
35069,0,0,0.0
35073,0,0,0.0
35074,1,1,1.0
35076,0,0,0.0
35077,0,0,0.0
35085,0,0,0.0
35089,1,1,1.0
35099,0,0,0.0
35102,1,1,1.0
35103,0,0,0.0
35105,0,0,0.0
35107,1,1,1.0
35113,0,0,0.0
35114,0,0,0.0
35115,0,0,0.0
35118,0,0,0.0
35126,1,1,1.0
35131,0,0,0.0
35148,0,0,0.0
35150,0,0,0.0
35153,0,0,0.0
35156,0,0,0.0
35160,0,0,0.0
35179,1,1,1.0
35181,1,1,1.0
35186,0,0,0.0
35188,0,0,0.0
35189,0,0,0.0
35190,0,0,0.0
35192,0,0,0.0
35194,0,0,0.0
35195,0,0,0.0
35202,0,0,0.0
35204,0,0,0.0
35205,0,0,0.0
35206,1,1,1.0
35207,1,1,1.0
35215,0,0,0.0
35222,1,1,1.0
35237,0,0,0.0
35248,0,0,0.0
35264,0,0,0.0
35282,0,0,0.0
35288,1,1,1.0
35291,0,0,0.0
35297,0,0,0.0
35302,0,0,0.0
35309,1,1,1.0
35312,1,1,1.0
35313,1,1,1.0
35316,1,1,1.0
35319,0,0,0.0
35322,0,0,0.0
35326,0,0,0.0
35338,0,0,0.0
35339,0,0,0.0
35340,0,0,0.0
35347,0,0,0.0
35353,0,0,0.0
35362,1,1,1.0
35370,0,0,0.0
35373,1,1,1.0
35374,0,0,0.0
35380,0,0,0.0
35383,0,0,0.0
35384,0,0,0.0
35388,1,1,1.0
35391,1,1,1.0
35394,0,0,0.0
35396,1,1,1.0
35400,0,0,0.0
35407,1,1,1.0
35415,0,0,0.0
35416,0,0,0.0
35418,0,0,0.0
35426,0,0,0.0
35428,0,0,0.0
35433,0,0,0.0
35440,0,0,0.0
35442,1,1,1.0
35445,1,1,1.0
35454,0,0,0.0
35457,0,0,0.0
35459,1,1,1.0
35465,0,0,0.0
35466,0,0,0.0
35488,1,1,1.0
35490,0,0,0.0
35522,0,0,0.0
35548,1,1,1.0
35551,1,1,1.0
35557,0,0,0.0
35558,1,1,1.0
35581,0,0,0.0
35582,1,1,1.0
35584,0,0,0.0
35588,1,1,1.0
35589,1,1,1.0
35591,0,0,0.0
35595,1,1,1.0
35600,0,0,0.0
35601,1,1,1.0
35605,1,1,1.0
35607,1,1,1.0
35613,0,0,0.0
35614,1,1,1.0
35618,0,0,0.0
35621,1,1,1.0
35630,1,1,1.0
35639,0,0,0.0
35641,0,0,0.0
35644,0,0,0.0
35646,0,0,0.0
35648,1,1,1.0
35650,1,1,1.0
35652,1,1,1.0
35655,0,0,0.0
35661,1,1,1.0
35663,1,1,1.0
35671,0,0,0.0
35673,1,1,1.0
35680,0,0,0.0
35694,0,0,0.0
35701,0,0,0.0
35706,0,0,0.0
35713,1,1,1.0
35716,0,0,0.0
35720,0,0,0.0
35724,0,0,0.0
35730,0,0,0.0
35734,0,0,0.0
35742,0,0,0.0
35743,0,0,0.0
35744,0,0,0.0
35745,0,0,0.0
35749,1,1,1.0
35752,1,1,1.0
35760,0,0,0.0
35765,1,1,1.0
35768,0,0,0.0
35771,0,0,0.0
35775,0,0,0.0
35777,0,0,0.0
35780,0,0,0.0
35784,0,0,0.0
35790,0,0,0.0
35792,1,1,1.0
35793,0,0,0.0
35794,1,1,1.0
35807,0,0,0.0
35814,1,1,1.0
35826,1,1,1.0
35836,0,0,0.0
35840,1,1,1.0
35846,0,0,0.0
35848,0,0,0.0
35849,0,0,0.0
35854,0,0,0.0
35862,0,0,0.0
35867,0,0,0.0
35878,0,0,0.0
35879,0,0,0.0
35890,0,0,0.0
35892,0,0,0.0
35896,0,0,0.0
35899,0,0,0.0
35906,1,1,1.0
35907,0,0,0.0
35911,0,0,0.0
35920,0,0,0.0
35936,0,0,0.0
35940,0,0,0.0
35941,0,0,0.0
35946,1,1,1.0
35960,1,1,1.0
35961,0,0,0.0
35963,0,0,0.0
35967,0,0,0.0
35969,0,0,0.0
35971,1,1,1.0
35979,0,0,0.0
35981,0,0,0.0
35984,1,1,1.0
35986,0,0,0.0
35988,0,0,0.0
35991,0,0,0.0
35996,1,1,1.0
36003,0,0,0.0
36007,0,0,0.0
36012,1,1,1.0
36018,0,0,0.0
36027,1,1,1.0
36032,0,0,0.0
36052,0,0,0.0
36054,0,0,0.0
36057,0,0,0.0
36058,1,1,1.0
36059,0,0,0.0
36063,0,0,0.0
36067,0,0,0.0
36068,0,0,0.0
36075,1,1,1.0
36076,0,0,0.0
36079,0,0,0.0
36088,1,1,1.0
36093,0,0,0.0
36095,0,0,0.0
36100,0,0,0.0
36104,1,1,1.0
36108,0,0,0.0
36110,0,0,0.0
36113,0,0,0.0
36114,0,0,0.0
36118,1,1,1.0
36121,0,0,0.0
36124,0,0,0.0
36131,0,0,0.0
36138,1,1,1.0
36141,0,0,0.0
36142,0,0,0.0
36149,1,1,1.0
36155,0,0,0.0
36160,0,0,0.0
36167,0,0,0.0
36182,1,1,1.0
36191,0,0,0.0
36192,0,0,0.0
36200,0,0,0.0
36207,0,0,0.0
36212,0,0,0.0
36217,1,1,1.0
36218,1,1,1.0
36220,0,0,0.0
36228,0,0,0.0
36230,0,0,0.0
36231,0,0,0.0
36234,0,0,0.0
36237,1,1,1.0
36238,1,1,1.0
36244,0,0,0.0
36245,0,0,0.0
36252,1,1,1.0
36255,0,0,0.0
36258,0,0,0.0
36260,0,0,0.0
36268,1,1,1.0
36271,0,0,0.0
36285,0,0,0.0
36298,1,1,1.0
36302,0,0,0.0
36303,0,0,0.0
36304,0,0,0.0
36311,1,1,1.0
36313,0,0,0.0
36323,0,0,0.0
36327,1,1,1.0
36336,0,0,0.0
36337,1,1,1.0
36346,0,0,0.0
36348,1,1,1.0
36359,0,0,0.0
36377,0,0,0.0
36389,0,0,0.0
36392,0,0,0.0
36396,1,1,1.0
36398,0,0,0.0
36401,1,1,1.0
36403,0,0,0.0
36404,1,1,1.0
36407,0,0,0.0
36408,0,0,0.0
36420,1,1,1.0
36423,0,0,0.0
36428,0,0,0.0
36429,1,1,1.0
36431,0,0,0.0
36444,0,0,0.0
36463,1,1,1.0
36467,0,0,0.0
36471,1,1,1.0
36475,0,0,0.0
36478,0,0,0.0
36483,0,0,0.0
36485,0,0,0.0
36488,1,1,1.0
36492,0,0,0.0
36493,0,0,0.0
36494,0,0,0.0
36502,0,0,0.0
36504,0,0,0.0
36506,0,0,0.0
36514,1,1,1.0
36523,0,0,0.0
36526,0,0,0.0
36530,0,0,0.0
36536,0,0,0.0
36545,0,0,0.0
36546,0,0,0.0
36550,0,0,0.0
36553,1,1,1.0
36555,0,0,0.0
36560,1,1,1.0
36562,0,0,0.0
36563,0,0,0.0
36564,0,0,0.0
36572,1,1,1.0
36577,0,0,0.0
36579,0,0,0.0
36580,1,1,1.0
36581,0,0,0.0
36585,0,0,0.0
36596,0,0,0.0
36598,0,0,0.0
36603,0,0,0.0
36608,1,1,1.0
36610,0,0,0.0
36622,0,0,0.0
36631,0,0,0.0
36634,0,0,0.0
36652,1,1,1.0
36655,0,0,0.0
36656,0,0,0.0
36657,0,0,0.0
36658,0,0,0.0
36662,0,0,0.0
36664,0,0,0.0
36666,0,0,0.0
36669,1,1,1.0
36672,0,0,0.0
36675,1,1,1.0
36685,0,0,0.0
36689,1,1,1.0
36694,0,0,0.0
36696,1,1,1.0
36699,0,0,0.0
36702,0,0,0.0
36707,0,0,0.0
36711,0,0,0.0
36725,0,0,0.0
36727,1,1,1.0
36736,0,0,0.0
36739,1,1,1.0
36740,0,0,0.0
36746,0,0,0.0
36752,0,0,0.0
36753,0,0,0.0
36765,1,1,1.0
36767,0,0,0.0
36768,1,1,1.0
36769,0,0,0.0
36770,0,0,0.0
36783,0,0,0.0
36792,0,0,0.0
36800,0,0,0.0
36814,0,0,0.0
36825,0,0,0.0
36827,0,0,0.0
36843,0,0,0.0
36844,0,0,0.0
36860,0,0,0.0
36863,0,0,0.0
36865,0,0,0.0
36869,0,0,0.0
36872,1,1,1.0
36874,1,1,1.0
36879,0,0,0.0
36880,0,0,0.0
36881,0,0,0.0
36882,0,0,0.0
36888,1,1,1.0
36891,0,0,0.0
36894,0,0,0.0
36899,1,1,1.0
36910,0,0,0.0
36912,0,0,0.0
36918,0,0,0.0
36923,0,0,0.0
36932,0,0,0.0
36940,0,0,0.0
36948,1,1,1.0
36949,0,0,0.0
36951,0,0,0.0
36961,0,0,0.0
36964,0,0,0.0
36968,0,0,0.0
36984,0,0,0.0
36985,0,0,0.0
36987,0,0,0.0
36989,0,0,0.0
36990,0,0,0.0
36998,0,0,0.0
37006,0,0,0.0
37011,0,0,0.0
37014,0,0,0.0
37028,0,0,0.0
37033,0,0,0.0
37036,0,0,0.0
37038,0,0,0.0
37043,0,0,0.0
37047,0,0,0.0
37053,0,0,0.0
37059,0,0,0.0
37065,0,0,0.0
37069,0,0,0.0
37071,0,0,0.0
37081,0,0,0.0
37082,0,0,0.0
37088,0,0,0.0
37095,0,0,0.0
37096,0,0,0.0
37097,0,0,0.0
37103,0,0,0.0
37107,0,0,0.0
37108,0,0,0.0
37113,0,0,0.0
37116,0,0,0.0
37128,0,0,0.0
37129,0,0,0.0
37135,0,0,0.0
37136,0,0,0.0
37140,0,0,0.0
37147,0,0,0.0
37150,0,0,0.0
37155,0,0,0.0
37158,0,0,0.0
37173,0,0,0.0
37181,0,0,0.0
37182,0,0,0.0
37199,0,0,0.0
37201,0,0,0.0
37214,0,0,0.0
37216,0,0,0.0
37221,0,0,0.0
37228,1,1,1.0
37230,1,1,1.0
37265,0,0,0.0
37266,0,0,0.0
37268,0,0,0.0
37269,0,0,0.0
37275,0,0,0.0
37281,0,0,0.0
37286,0,0,0.0
37288,0,0,0.0
37290,0,0,0.0
37296,0,0,0.0
37300,0,0,0.0
37301,0,0,0.0
37307,0,0,0.0
37308,0,0,0.0
37310,0,0,0.0
37311,0,0,0.0
37312,0,0,0.0
37323,0,0,0.0
37326,0,0,0.0
37328,0,0,0.0
37333,0,0,0.0
37334,0,0,0.0
37342,0,0,0.0
37356,0,0,0.0
37359,0,0,0.0
37361,0,0,0.0
37365,0,0,0.0
37374,0,0,0.0
37377,0,0,0.0
37378,0,0,0.0
37386,0,0,0.0
37391,0,0,0.0
37392,0,0,0.0
37393,0,0,0.0
37398,0,0,0.0
37403,0,0,0.0
37405,0,0,0.0
37412,0,0,0.0
37414,0,0,0.0
37415,0,0,0.0
37418,0,0,0.0
37420,0,0,0.0
37425,0,0,0.0
37436,0,0,0.0
37440,0,0,0.0
37442,0,0,0.0
37444,0,0,0.0
37448,0,0,0.0
37449,0,0,0.0
37452,0,0,0.0
37453,0,0,0.0
37459,0,0,0.0
37461,0,0,0.0
37467,0,0,0.0
37468,0,0,0.0
37477,0,0,0.0
37479,0,0,0.0
37487,0,0,0.0
37490,0,0,0.0
37496,0,0,0.0
37498,0,0,0.0
37500,0,0,0.0
37503,0,0,0.0
37512,0,0,0.0
37520,0,0,0.0
37531,0,0,0.0
37545,0,0,0.0
37548,0,0,0.0
37558,0,0,0.0
37564,0,0,0.0
37569,0,0,0.0
37575,0,0,0.0
37576,0,0,0.0
37579,0,0,0.0
37585,0,0,0.0
37587,0,0,0.0
37594,0,0,0.0
37599,0,0,0.0
37600,0,0,0.0
37611,0,0,0.0
37614,0,0,0.0
37615,0,0,0.0
37616,0,0,0.0
37617,0,0,0.0
37618,0,0,0.0
37622,0,0,0.0
37628,0,0,0.0
37630,0,0,0.0
37637,0,0,0.0
37639,0,0,0.0
37640,0,0,0.0
37641,0,0,0.0
37642,0,0,0.0
37654,0,0,0.0
37658,0,0,0.0
37661,0,0,0.0
37663,0,0,0.0
37664,0,0,0.0
37676,0,0,0.0
37683,0,0,0.0
37692,0,0,0.0
37702,0,0,0.0
37703,0,0,0.0
37708,0,0,0.0
37715,0,0,0.0
37718,0,0,0.0
37720,0,0,0.0
37722,0,0,0.0
37724,0,0,0.0
37726,0,0,0.0
37728,0,0,0.0
37738,0,0,0.0
37741,0,0,0.0
37746,0,0,0.0
37756,0,0,0.0
37762,0,0,0.0
37766,0,0,0.0
37769,0,0,0.0
37774,0,0,0.0
37776,0,0,0.0
37782,0,0,0.0
37784,0,0,0.0
37785,0,0,0.0
37786,0,0,0.0
37793,0,0,0.0
37811,0,0,0.0
37816,0,0,0.0
37834,0,0,0.0
37835,0,0,0.0
37840,0,0,0.0
37843,0,0,0.0
37847,0,0,0.0
37851,0,0,0.0
37853,0,0,0.0
37854,0,0,0.0
37863,0,0,0.0
37866,0,0,0.0
37874,0,0,0.0
37875,0,0,0.0
37876,0,0,0.0
37878,0,0,0.0
37881,0,0,0.0
37882,0,0,0.0
37884,0,0,0.0
37887,0,0,0.0
37892,0,0,0.0
37904,0,0,0.0
37906,0,0,0.0
37907,0,0,0.0
37909,0,0,0.0
37910,0,0,0.0
37916,0,0,0.0
37922,0,0,0.0
37927,0,0,0.0
37930,0,0,0.0
37931,0,0,0.0
37932,0,0,0.0
37933,0,0,0.0
37944,0,0,0.0
37953,0,0,0.0
37955,0,0,0.0
37960,0,0,0.0
37963,0,0,0.0
37966,0,0,0.0
37972,0,0,0.0
37989,0,0,0.0
37997,0,0,0.0
38004,0,0,0.0
38009,0,0,0.0
38010,0,0,0.0
38014,0,0,0.0
38016,0,0,0.0
38017,0,0,0.0
38026,0,0,0.0
38030,0,0,0.0
38035,0,0,0.0
38043,0,0,0.0
38044,0,0,0.0
38045,0,0,0.0
38052,0,0,0.0
38053,0,0,0.0
38064,0,0,0.0
38065,0,0,0.0
38067,0,0,0.0
38071,0,0,0.0
38073,0,0,0.0
38080,0,0,0.0
38081,0,0,0.0
38082,0,0,0.0
38093,0,0,0.0
38095,0,0,0.0
38100,0,0,0.0
38102,0,0,0.0
38106,0,0,0.0
38110,0,0,0.0
38114,0,0,0.0
38117,0,0,0.0
38121,0,0,0.0
38141,0,0,0.0
38142,0,0,0.0
38153,0,0,0.0
38155,0,0,0.0
38156,0,0,0.0
38159,0,0,0.0
38162,0,0,0.0
38168,0,0,0.0
38169,0,0,0.0
38171,0,0,0.0
38179,0,0,0.0
38183,0,0,0.0
38184,0,0,0.0
38190,0,0,0.0
38192,0,0,0.0
38208,0,0,0.0
38213,0,0,0.0
38215,0,0,0.0
38225,0,0,0.0
38227,0,0,0.0
38229,0,0,0.0
38231,0,0,0.0
38243,0,0,0.0
38248,0,0,0.0
38251,0,0,0.0
38254,0,0,0.0
38257,0,0,0.0
38259,0,0,0.0
38263,0,0,0.0
38285,0,0,0.0
38286,0,0,0.0
38304,0,0,0.0
38312,0,0,0.0
38317,0,0,0.0
38320,0,0,0.0
38323,0,0,0.0
38327,0,0,0.0
38335,0,0,0.0
38349,0,0,0.0
38358,0,0,0.0
38368,0,0,0.0
38371,0,0,0.0
38373,0,0,0.0
38384,0,0,0.0
38389,0,0,0.0
38392,0,0,0.0
38395,0,0,0.0
38401,0,0,0.0
38404,0,0,0.0
38410,0,0,0.0
38417,0,0,0.0
38418,0,0,0.0
38420,0,0,0.0
38433,0,0,0.0
38434,0,0,0.0
38442,0,0,0.0
38444,0,0,0.0
38445,0,0,0.0
38448,0,0,0.0
38456,0,0,0.0
38458,0,0,0.0
38459,0,0,0.0
38462,0,0,0.0
38469,0,0,0.0
38470,0,0,0.0
38471,0,0,0.0
38485,0,0,0.0
38497,0,0,0.0
38499,0,0,0.0
38500,0,0,0.0
38501,0,0,0.0
38503,0,0,0.0
38505,0,0,0.0
38506,0,0,0.0
38508,0,0,0.0
38509,0,0,0.0
38512,0,0,0.0
38514,0,0,0.0
38522,0,0,0.0
38533,0,0,0.0
38536,0,0,0.0
38537,0,0,0.0
38542,0,0,0.0
38555,0,0,0.0
38556,0,0,0.0
38567,0,0,0.0
38575,0,0,0.0
38578,0,0,0.0
38580,0,0,0.0
38581,0,0,0.0
38586,0,0,0.0
38587,0,0,0.0
38601,0,0,0.0
38602,0,0,0.0
38603,0,0,0.0
38604,0,0,0.0
38608,0,0,0.0
38618,0,0,0.0
38621,0,0,0.0
38626,0,0,0.0
38628,0,0,0.0
38629,0,0,0.0
38632,0,0,0.0
38633,0,0,0.0
38635,0,0,0.0
38644,0,0,0.0
38650,0,0,0.0
38654,0,0,0.0
38657,0,0,0.0
38662,0,0,0.0
38681,0,0,0.0
38684,0,0,0.0
38693,0,0,0.0
38694,0,0,0.0
38699,0,0,0.0
38703,0,0,0.0
38711,0,0,0.0
38713,0,0,0.0
38735,0,0,0.0
38749,0,0,0.0
38750,0,0,0.0
38751,0,0,0.0
38757,0,0,0.0
38760,0,0,0.0
38761,0,0,0.0
38763,0,0,0.0
38765,0,0,0.0
38771,0,0,0.0
38774,0,0,0.0
38786,0,0,0.0
38788,0,0,0.0
38789,0,0,0.0
38792,0,0,0.0
38794,0,0,0.0
38799,0,0,0.0
38815,0,0,0.0
38820,0,0,0.0
38821,0,0,0.0
38826,0,0,0.0
38836,0,0,0.0
38841,0,0,0.0
38842,0,0,0.0
38850,0,0,0.0
38852,0,0,0.0
38860,0,0,0.0
38865,0,0,0.0
38867,0,0,0.0
38868,0,0,0.0
38873,0,0,0.0
38878,0,0,0.0
38883,0,0,0.0
38889,0,0,0.0
38891,0,0,0.0
38894,0,0,0.0
38897,0,0,0.0
38905,0,0,0.0
38906,0,0,0.0
38919,0,0,0.0
38929,0,0,0.0
38943,0,0,0.0
38952,0,0,0.0
38958,0,0,0.0
38959,0,0,0.0
38965,0,0,0.0
38967,0,0,0.0
38985,0,0,0.0
38989,0,0,0.0
38992,0,0,0.0
38996,0,0,0.0
39001,0,0,0.0
39002,0,0,0.0
39003,0,0,0.0
39011,0,0,0.0
39019,0,0,0.0
39020,0,0,0.0
39022,0,0,0.0
39025,0,0,0.0
39029,0,0,0.0
39030,0,0,0.0
39034,0,0,0.0
39038,0,0,0.0
39047,0,0,0.0
39050,0,0,0.0
39064,0,0,0.0
39071,0,0,0.0
39073,0,0,0.0
39075,0,0,0.0
39076,0,0,0.0
39077,0,0,0.0
39079,0,0,0.0
39083,0,0,0.0
39090,0,0,0.0
39103,0,0,0.0
39104,0,0,0.0
39107,0,0,0.0
39111,0,0,0.0
39112,0,0,0.0
39114,0,0,0.0
39116,0,0,0.0
39118,0,0,0.0
39126,0,0,0.0
39127,0,0,0.0
39128,0,0,0.0
39132,0,0,0.0
39134,0,0,0.0
39139,0,0,0.0
39143,0,0,0.0
39145,0,0,0.0
39156,0,0,0.0
39157,0,0,0.0
39177,0,0,0.0
39182,0,0,0.0
39184,0,0,0.0
39185,0,0,0.0
39188,0,0,0.0
39191,0,0,0.0
39194,0,0,0.0
39195,0,0,0.0
39197,0,0,0.0
39206,0,0,0.0
39207,0,0,0.0
39208,0,0,0.0
39210,0,0,0.0
39212,0,0,0.0
39213,0,0,0.0
39218,0,0,0.0
39222,0,0,0.0
39223,0,0,0.0
39225,0,0,0.0
39231,0,0,0.0
39233,0,0,0.0
39243,0,0,0.0
39247,0,0,0.0
39252,0,0,0.0
39255,0,0,0.0
39267,0,0,0.0
39273,0,0,0.0
39285,0,0,0.0
39294,0,0,0.0
39331,0,0,0.0
39333,0,0,0.0
39357,0,0,0.0
39359,0,0,0.0
39363,0,0,0.0
39371,0,0,0.0
39372,0,0,0.0
39374,0,0,0.0
39376,0,0,0.0
39379,0,0,0.0
39382,0,0,0.0
39387,0,0,0.0
39391,0,0,0.0
39395,0,0,0.0
39399,0,0,0.0
39405,0,0,0.0
39411,0,0,0.0
39413,0,0,0.0
39416,0,0,0.0
39417,0,0,0.0
39419,0,0,0.0
39424,0,0,0.0
39427,0,0,0.0
39434,0,0,0.0
39436,0,0,0.0
39441,0,0,0.0
39456,0,0,0.0
39459,0,0,0.0
39461,0,0,0.0
39466,0,0,0.0
39467,0,0,0.0
39470,0,0,0.0
39476,0,0,0.0
39479,0,0,0.0
39484,0,0,0.0
39495,0,0,0.0
39496,0,0,0.0
39498,0,0,0.0
39501,0,0,0.0
39504,0,0,0.0
39508,0,0,0.0
39515,0,0,0.0
39525,0,0,0.0
39527,0,0,0.0
39531,0,0,0.0
39533,0,0,0.0
39543,0,0,0.0
39546,0,0,0.0
39551,0,0,0.0
39557,0,0,0.0
39558,0,0,0.0
39565,0,0,0.0
39575,0,0,0.0
39579,0,0,0.0
39580,0,0,0.0
39583,0,0,0.0
39584,0,0,0.0
39585,0,0,0.0
39588,0,0,0.0
39590,0,0,0.0
39594,0,0,0.0
39596,0,0,0.0
39604,0,0,0.0
39630,0,0,0.0
39634,0,0,0.0
39645,0,0,0.0
39658,0,0,0.0
39660,0,0,0.0
39662,0,0,0.0
39663,0,0,0.0
39665,0,0,0.0
39670,0,0,0.0
39677,0,0,0.0
39680,0,0,0.0
39686,0,0,0.0
39688,0,0,0.0
39691,0,0,0.0
39692,0,0,0.0
39693,0,0,0.0
39694,0,0,0.0
39707,0,0,0.0
39711,0,0,0.0
39715,0,0,0.0
39717,0,0,0.0
39722,0,0,0.0
39726,0,0,0.0
39729,0,0,0.0
39730,0,0,0.0
39733,0,0,0.0
39750,0,0,0.0
39751,0,0,0.0
39765,0,0,0.0
39777,0,0,0.0
39779,0,0,0.0
39782,0,0,0.0
39789,0,0,0.0
39792,0,0,0.0
39800,0,0,0.0
39801,0,0,0.0
39806,0,0,0.0
39807,0,0,0.0
39808,0,0,0.0
39811,0,0,0.0
39813,0,0,0.0
39818,0,0,0.0
39823,0,0,0.0
39835,0,0,0.0
39836,0,0,0.0
39845,0,0,0.0
39853,0,0,0.0
39862,0,0,0.0
39866,0,0,0.0
39873,0,0,0.0
39877,0,0,0.0
39879,0,0,0.0
39905,0,0,0.0
39906,0,0,0.0
39918,0,0,0.0
39927,0,0,0.0
39928,0,0,0.0
39934,0,0,0.0
39953,0,0,0.0
39956,0,0,0.0
39957,0,0,0.0
39959,0,0,0.0
39964,0,0,0.0
39968,0,0,0.0
39972,0,0,0.0
39978,0,0,0.0
39981,0,0,0.0
39987,0,0,0.0
39988,0,0,0.0
39999,0,0,0.0
40008,0,0,0.0
40016,0,0,0.0
40018,0,0,0.0
40030,0,0,0.0
40038,0,0,0.0
40039,0,0,0.0
40043,0,0,0.0
40046,0,0,0.0
40048,0,0,0.0
40050,0,0,0.0
40056,0,0,0.0
40057,0,0,0.0
40065,0,0,0.0
40075,0,0,0.0
40084,0,0,0.0
40085,0,0,0.0
40088,0,0,0.0
40105,0,0,0.0
40110,0,0,0.0
40115,0,0,0.0
40120,0,0,0.0
40130,0,0,0.0
40131,0,0,0.0
40133,0,0,0.0
40138,0,0,0.0
40149,0,0,0.0
40150,0,0,0.0
40163,0,0,0.0
40174,0,0,0.0
40182,0,0,0.0
40184,0,0,0.0
40194,0,0,0.0
40207,0,0,0.0
40221,0,0,0.0
40224,0,0,0.0
40225,0,0,0.0
40233,0,0,0.0
40237,0,0,0.0
40242,0,0,0.0
40246,0,0,0.0
40254,0,0,0.0
40256,0,0,0.0
40263,0,0,0.0
40264,0,0,0.0
40265,0,0,0.0
40266,0,0,0.0
40267,0,0,0.0
40275,0,0,0.0
40300,0,0,0.0
40309,0,0,0.0
40316,0,0,0.0
40317,0,0,0.0
40322,0,0,0.0
40326,0,0,0.0
40330,0,0,0.0
40338,0,0,0.0
40342,0,0,0.0
40353,0,0,0.0
40354,0,0,0.0
40355,0,0,0.0
40356,0,0,0.0
40361,0,0,0.0
40368,0,0,0.0
40371,0,0,0.0
40378,0,0,0.0
40379,0,0,0.0
40380,0,0,0.0
40384,0,0,0.0
40399,0,0,0.0
40400,0,0,0.0
40401,0,0,0.0
40409,0,0,0.0
40414,0,0,0.0
40422,0,0,0.0
40427,0,0,0.0
40430,0,0,0.0
40435,0,0,0.0
40436,0,0,0.0
40448,0,0,0.0
40452,0,0,0.0
40463,0,0,0.0
40465,0,0,0.0
40468,0,0,0.0
40473,0,0,0.0
40478,0,0,0.0
40484,0,0,0.0
40485,0,0,0.0
40490,0,0,0.0
40493,0,0,0.0
40496,0,0,0.0
40497,0,0,0.0
40507,0,0,0.0
40509,0,0,0.0
40512,0,0,0.0
40517,0,0,0.0
40518,0,0,0.0
40522,0,0,0.0
40525,0,0,0.0
40527,0,0,0.0
40530,0,0,0.0
40533,0,0,0.0
40538,0,0,0.0
40543,0,0,0.0
40546,0,0,0.0
40548,0,0,0.0
40559,0,0,0.0
40561,0,0,0.0
40568,0,0,0.0
40570,0,0,0.0
40571,0,0,0.0
40575,0,0,0.0
40583,0,0,0.0
40599,0,0,0.0
40600,0,0,0.0
40610,0,0,0.0
40613,0,0,0.0
40618,0,0,0.0
40623,0,0,0.0
40632,0,0,0.0
40635,0,0,0.0
40637,0,0,0.0
40638,0,0,0.0
40651,0,0,0.0
40653,0,0,0.0
40655,0,0,0.0
40656,0,0,0.0
40657,0,0,0.0
40660,0,0,0.0
40662,0,0,0.0
40664,0,0,0.0
40676,0,0,0.0
40679,0,0,0.0
40681,0,0,0.0
40682,0,0,0.0
40683,0,0,0.0
40686,0,0,0.0
40687,0,0,0.0
40690,0,0,0.0
40692,0,0,0.0
40694,0,0,0.0
40709,0,0,0.0
40710,0,0,0.0
40712,0,0,0.0
40719,0,0,0.0
40723,0,0,0.0
40726,0,0,0.0
40729,0,0,0.0
40744,0,0,0.0
40749,0,0,0.0
40757,0,0,0.0
40777,0,0,0.0
40778,0,0,0.0
40787,0,0,0.0
40796,0,0,0.0
40797,0,0,0.0
40800,0,0,0.0
40801,0,0,0.0
40802,0,0,0.0
40807,0,0,0.0
40808,0,0,0.0
40812,0,0,0.0
40815,0,0,0.0
40817,0,0,0.0
40828,0,0,0.0
40829,0,0,0.0
40833,0,0,0.0
40847,0,0,0.0
40855,0,0,0.0
40861,0,0,0.0
40871,0,0,0.0
40873,0,0,0.0
40876,0,0,0.0
40888,0,0,0.0
40896,0,0,0.0
40907,0,0,0.0
40914,0,0,0.0
40915,0,0,0.0
40920,0,0,0.0
40927,0,0,0.0
40937,0,0,0.0
40952,0,0,0.0
40961,0,0,0.0
40964,0,0,0.0
40971,0,0,0.0
40981,0,0,0.0
40985,0,0,0.0
40987,0,0,0.0
41014,0,0,0.0
41017,0,0,0.0
41022,0,0,0.0
41025,0,0,0.0
41026,0,0,0.0
41033,0,0,0.0
41036,0,0,0.0
41039,0,0,0.0
41047,0,0,0.0
41048,0,0,0.0
41050,0,0,0.0
41051,0,0,0.0
41053,0,0,0.0
41059,0,0,0.0
41060,0,0,0.0
41061,0,0,0.0
41064,0,0,0.0
41069,0,0,0.0
41070,0,0,0.0
41078,0,0,0.0
41081,0,0,0.0
41087,0,0,0.0
41091,0,0,0.0
41092,0,0,0.0
41103,0,0,0.0
41105,0,0,0.0
41108,0,0,0.0
41116,0,0,0.0
41118,0,0,0.0
41119,0,0,0.0
41121,0,0,0.0
41124,0,0,0.0
41135,0,0,0.0
41142,0,0,0.0
41157,0,0,0.0
41159,0,0,0.0
41169,0,0,0.0
41174,0,0,0.0
41178,0,0,0.0
41182,0,0,0.0
41183,0,0,0.0
41200,0,0,0.0
41201,0,0,0.0
41203,0,0,0.0
41210,0,0,0.0
41212,0,0,0.0
41230,0,0,0.0
41235,0,0,0.0
41243,0,0,0.0
41253,0,0,0.0
41254,0,0,0.0
41257,0,0,0.0
41258,0,0,0.0
41270,0,0,0.0
41277,0,0,0.0
41287,0,0,0.0
41289,0,0,0.0
41291,0,0,0.0
41300,0,0,0.0
41302,0,0,0.0
41303,0,0,0.0
41317,0,0,0.0
41318,0,0,0.0
41326,0,0,0.0
41327,0,0,0.0
41331,0,0,0.0
41336,0,0,0.0
41341,0,0,0.0
41347,0,0,0.0
41355,0,0,0.0
41357,0,0,0.0
41358,0,0,0.0
41360,0,0,0.0
41365,0,0,0.0
41370,0,0,0.0
41375,0,0,0.0
41390,0,0,0.0
41394,0,0,0.0
41406,0,0,0.0
41407,0,0,0.0
41409,0,0,0.0
41411,0,0,0.0
41413,0,0,0.0
41423,0,0,0.0
41430,0,0,0.0
41438,0,0,0.0
41440,0,0,0.0
41442,0,0,0.0
41448,0,0,0.0
41451,0,0,0.0
41452,0,0,0.0
41461,0,0,0.0
41472,0,0,0.0
41480,0,0,0.0
41483,0,0,0.0
41504,0,0,0.0
41515,0,0,0.0
41517,0,0,0.0
41518,0,0,0.0
41521,0,0,0.0
41522,0,0,0.0
41523,0,0,0.0
41524,0,0,0.0
41526,0,0,0.0
41528,0,0,0.0
41533,0,0,0.0
41538,0,0,0.0
41547,0,0,0.0
41548,0,0,0.0
41550,0,0,0.0
41554,0,0,0.0
41562,0,0,0.0
41577,0,0,0.0
41578,0,0,0.0
41583,0,0,0.0
41589,0,0,0.0
41592,0,0,0.0
41593,0,0,0.0
41599,0,0,0.0
41601,0,0,0.0
41612,0,0,0.0
41614,0,0,0.0
41623,0,0,0.0
41625,0,0,0.0
41634,0,0,0.0
41635,0,0,0.0
41656,0,0,0.0
41659,0,0,0.0
41660,0,0,0.0
41668,0,0,0.0
41671,0,0,0.0
41673,0,0,0.0
41675,0,0,0.0
41678,0,0,0.0
41682,0,0,0.0
41689,0,0,0.0
41698,0,0,0.0
41708,0,0,0.0
41711,0,0,0.0
41717,0,0,0.0
41718,0,0,0.0
41719,0,0,0.0
41720,0,0,0.0
41723,0,0,0.0
41733,0,0,0.0
41751,0,0,0.0
41762,0,0,0.0
41771,0,0,0.0
41785,0,0,0.0
41790,0,0,0.0
41795,0,0,0.0
41799,0,0,0.0
41803,0,0,0.0
41814,0,0,0.0
41817,0,0,0.0
41819,0,0,0.0
41827,0,0,0.0
41828,0,0,0.0
41832,0,0,0.0
41842,0,0,0.0
41854,0,0,0.0
41856,0,0,0.0
41863,0,0,0.0
41869,0,0,0.0
41874,0,0,0.0
41876,0,0,0.0
41877,0,0,0.0
41879,0,0,0.0
41898,0,0,0.0
41903,0,0,0.0
41912,0,0,0.0
41916,0,0,0.0
41919,0,0,0.0
41924,0,0,0.0
41932,0,0,0.0
41946,0,0,0.0
41947,0,0,0.0
41952,0,0,0.0
41954,0,0,0.0
41956,0,0,0.0
41964,0,0,0.0
41967,0,0,0.0
41971,0,0,0.0
41976,0,0,0.0
41977,0,0,0.0
41985,0,0,0.0
42000,0,0,0.0
42001,0,0,0.0
42007,0,0,0.0
42009,0,0,0.0
42014,0,0,0.0
42016,0,0,0.0
42019,0,0,0.0
42029,0,0,0.0
42030,0,0,0.0
42032,0,0,0.0
42034,0,0,0.0
42036,0,0,0.0
42047,0,0,0.0
42051,0,0,0.0
42055,0,0,0.0
42057,0,0,0.0
42058,0,0,0.0
42062,0,0,0.0
42065,0,0,0.0
42072,0,0,0.0
42073,0,0,0.0
42077,0,0,0.0
42078,0,0,0.0
42085,0,0,0.0
42093,0,0,0.0
42104,0,0,0.0
42110,0,0,0.0
42115,0,0,0.0
42121,0,0,0.0
42129,0,0,0.0
42132,0,0,0.0
42143,0,0,0.0
42144,0,0,0.0
42145,0,0,0.0
42151,0,0,0.0
42152,0,0,0.0
42165,0,0,0.0
42169,0,0,0.0
42172,0,0,0.0
42173,0,0,0.0
42181,0,0,0.0
42201,0,0,0.0
42232,0,0,0.0
42237,0,0,0.0
42238,0,0,0.0
42244,0,0,0.0
42245,0,0,0.0
42246,0,0,0.0
42253,0,0,0.0
42258,0,0,0.0
42265,0,0,0.0
42269,0,0,0.0
42276,0,0,0.0
42278,0,0,0.0
42279,0,0,0.0
42285,0,0,0.0
42286,0,0,0.0
42293,0,0,0.0
42298,0,0,0.0
42301,0,0,0.0
42304,0,0,0.0
42308,0,0,0.0
42326,0,0,0.0
42336,0,0,0.0
42337,0,0,0.0
42344,0,0,0.0
42351,0,0,0.0
42360,0,0,0.0
42370,0,0,0.0
42372,0,0,0.0
42377,0,0,0.0
42394,0,0,0.0
42396,0,0,0.0
42407,0,0,0.0
42413,0,0,0.0
42422,0,0,0.0
42435,0,0,0.0
42439,0,0,0.0
42447,0,0,0.0
42448,0,0,0.0
42449,0,0,0.0
42463,0,0,0.0
42464,0,0,0.0
42468,0,0,0.0
42469,0,0,0.0
42471,0,0,0.0
42481,0,0,0.0
42486,0,0,0.0
42488,0,0,0.0
42494,0,0,0.0
42495,0,0,0.0
42502,0,0,0.0
42509,0,0,0.0
42515,0,0,0.0
42523,0,0,0.0
42528,0,0,0.0
42530,0,0,0.0
42535,0,0,0.0
42541,0,0,0.0
42546,0,0,0.0
42550,0,0,0.0
42551,0,0,0.0
42556,0,0,0.0
42574,0,0,0.0
42575,0,0,0.0
42577,0,0,0.0
42578,0,0,0.0
42587,0,0,0.0
42588,0,0,0.0
42590,0,0,0.0
42592,0,0,0.0
42601,0,0,0.0
42613,0,0,0.0
42615,0,0,0.0
42621,0,0,0.0
42622,0,0,0.0
42623,0,0,0.0
42626,0,0,0.0
42628,0,0,0.0
42632,0,0,0.0
42635,0,0,0.0
42636,0,0,0.0
42642,0,0,0.0
42656,0,0,0.0
42657,0,0,0.0
42661,0,0,0.0
42665,0,0,0.0
42668,0,0,0.0
42674,0,0,0.0
42677,0,0,0.0
42682,0,0,0.0
42683,0,0,0.0
42685,0,0,0.0
42693,0,0,0.0
42696,0,0,0.0
42702,0,0,0.0
42703,0,0,0.0
42704,0,0,0.0
42707,0,0,0.0
42714,0,0,0.0
42723,0,0,0.0
42726,0,0,0.0
42739,0,0,0.0
42740,0,0,0.0
42741,0,0,0.0
42742,0,0,0.0
42746,0,0,0.0
42764,0,0,0.0
42767,0,0,0.0
42773,0,0,0.0
42775,0,0,0.0
42779,0,0,0.0
42787,0,0,0.0
42794,0,0,0.0
42799,0,0,0.0
42801,0,0,0.0
42810,0,0,0.0
42822,0,0,0.0
42824,0,0,0.0
42825,0,0,0.0
42828,0,0,0.0
42832,0,0,0.0
42834,0,0,0.0
42841,0,0,0.0
42844,0,0,0.0
42848,0,0,0.0
42856,0,0,0.0
42860,0,0,0.0
42861,0,0,0.0
42862,0,0,0.0
42863,0,0,0.0
42873,0,0,0.0
42874,0,0,0.0
42876,0,0,0.0
42884,0,0,0.0
42889,0,0,0.0
42906,0,0,0.0
42907,0,0,0.0
42914,0,0,0.0
42916,0,0,0.0
42945,0,0,0.0
42959,0,0,0.0
42972,0,0,0.0
42974,0,0,0.0
42978,0,0,0.0
42991,0,0,0.0
42993,0,0,0.0
43000,0,0,0.0
43004,0,0,0.0
43007,0,0,0.0
43009,0,0,0.0
43014,0,0,0.0
43015,0,0,0.0
43016,0,0,0.0
43022,0,0,0.0
43026,0,0,0.0
43031,0,0,0.0
43034,0,0,0.0
43035,0,0,0.0
43042,0,0,0.0
43044,0,0,0.0
43051,0,0,0.0
43053,0,0,0.0
43058,0,0,0.0
43061,0,0,0.0
43063,0,0,0.0
43064,0,0,0.0
43067,0,0,0.0
43069,0,0,0.0
43072,0,0,0.0
43073,0,0,0.0
43079,0,0,0.0
43082,0,0,0.0
43084,0,0,0.0
43085,0,0,0.0
43089,0,0,0.0
43099,0,0,0.0
43104,0,0,0.0
43107,0,0,0.0
43109,0,0,0.0
43116,0,0,0.0
43120,0,0,0.0
43124,0,0,0.0
43133,0,0,0.0
43136,0,0,0.0
43137,0,0,0.0
43141,0,0,0.0
43142,0,0,0.0
43157,0,0,0.0
43159,0,0,0.0
43160,0,0,0.0
43163,0,0,0.0
43179,0,0,0.0
43182,0,0,0.0
43183,0,0,0.0
43189,0,0,0.0
43198,0,0,0.0
43207,0,0,0.0
43215,0,0,0.0
43224,0,0,0.0
43227,0,0,0.0
43230,0,0,0.0
43231,0,0,0.0
43238,0,0,0.0
43240,0,0,0.0
43243,0,0,0.0
43247,0,0,0.0
43249,0,0,0.0
43253,0,0,0.0
43262,0,0,0.0
43274,0,0,0.0
43278,0,0,0.0
43285,0,0,0.0
43288,0,0,0.0
43293,0,0,0.0
43295,0,0,0.0
43309,0,0,0.0
43315,0,0,0.0
43317,0,0,0.0
43319,0,0,0.0
43325,0,0,0.0
43337,0,0,0.0
43339,0,0,0.0
43340,0,0,0.0
43344,0,0,0.0
43351,0,0,0.0
43353,0,0,0.0
43355,0,0,0.0
43356,0,0,0.0
43362,0,0,0.0
43364,0,0,0.0
43367,0,0,0.0
43374,0,0,0.0
43388,0,0,0.0
43389,0,0,0.0
43390,0,0,0.0
43392,0,0,0.0
43393,0,0,0.0
43399,0,0,0.0
43408,0,0,0.0
43410,0,0,0.0
43412,0,0,0.0
43416,0,0,0.0
43417,0,0,0.0
43419,0,0,0.0
43421,0,0,0.0
43424,0,0,0.0
43426,0,0,0.0
43427,0,0,0.0
43431,0,0,0.0
43436,0,0,0.0
43439,0,0,0.0
43442,0,0,0.0
43443,0,0,0.0
43444,0,0,0.0
43445,0,0,0.0
43446,0,0,0.0
43448,0,0,0.0
43456,0,0,0.0
43457,0,0,0.0
43458,0,0,0.0
43459,0,0,0.0
43460,0,0,0.0
43462,0,0,0.0
43467,0,0,0.0
43471,0,0,0.0
43478,0,0,0.0
43484,0,0,0.0
43485,0,0,0.0
43487,0,0,0.0
43489,0,0,0.0
43495,0,0,0.0
43500,0,0,0.0
43502,0,0,0.0
43506,0,0,0.0
43524,0,0,0.0
43528,0,0,0.0
43529,0,0,0.0
43530,0,0,0.0
43538,0,0,0.0
43539,0,0,0.0
43542,0,0,0.0
43550,0,0,0.0
43563,0,0,0.0
43568,0,0,0.0
43570,0,0,0.0
43572,0,0,0.0
43574,0,0,0.0
43581,0,0,0.0
43587,0,0,0.0
43594,0,0,0.0
43595,0,0,0.0
43596,0,0,0.0
43598,0,0,0.0
43611,0,0,0.0
43612,0,0,0.0
43621,0,0,0.0
43629,0,0,0.0
43634,0,0,0.0
43635,0,0,0.0
43639,0,0,0.0
43643,0,0,0.0
43659,0,0,0.0
43668,0,0,0.0
43673,0,0,0.0
43674,0,0,0.0
43681,0,0,0.0
43682,0,1,1.0
43691,0,0,0.0
43692,0,0,0.0
43700,0,0,0.0
43701,0,0,0.0
43711,0,0,0.0
43713,0,0,0.0
43715,0,0,0.0
43719,0,0,0.0
43720,0,0,0.0
43723,0,0,0.0
43731,0,0,0.0
43736,0,0,0.0
43754,0,0,0.0
43755,0,0,0.0
43760,0,0,0.0
43763,0,0,0.0
43766,0,0,0.0
43767,0,0,0.0
43771,0,0,0.0
43772,0,0,0.0
43779,0,0,0.0
43780,0,0,0.0
43787,0,0,0.0
43790,0,0,0.0
43811,0,0,0.0
43815,0,0,0.0
43832,0,0,0.0
43834,0,0,0.0
43851,0,0,0.0
43855,0,0,0.0
43860,0,0,0.0
43862,0,0,0.0
43863,0,0,0.0
43871,0,0,0.0
43874,0,0,0.0
43881,0,0,0.0
43888,0,0,0.0
43891,0,0,0.0
43899,0,0,0.0
43909,0,0,0.0
43910,0,0,0.0
43917,0,0,0.0
43920,0,0,0.0
43931,0,0,0.0
43932,0,0,0.0
43934,0,0,0.0
43938,0,0,0.0
43944,0,0,0.0
43951,0,0,0.0
43961,0,0,0.0
43965,0,0,0.0
43966,0,0,0.0
43971,0,0,0.0
43972,0,0,0.0
43978,0,0,0.0
43986,0,0,0.0
43996,0,0,0.0
44014,0,0,0.0
44017,0,0,0.0
44021,0,0,0.0
44022,0,0,0.0
44027,0,0,0.0
44029,0,0,0.0
44031,0,0,0.0
44032,0,0,0.0
44035,0,0,0.0
44036,0,0,0.0
44044,0,0,0.0
44049,0,0,0.0
44052,0,0,0.0
44067,0,0,0.0
44084,0,0,0.0
44086,0,0,0.0
44089,0,0,0.0
44090,0,0,0.0
44096,0,0,0.0
44100,0,0,0.0
44112,0,0,0.0
44116,0,0,0.0
44117,0,0,0.0
44119,0,0,0.0
44136,0,0,0.0
44143,0,0,0.0
44148,0,0,0.0
44160,0,0,0.0
44170,0,0,0.0
44173,0,0,0.0
44177,0,0,0.0
44187,0,0,0.0
44188,0,0,0.0
44192,0,0,0.0
44195,0,0,0.0
44196,0,0,0.0
44205,0,0,0.0
44206,0,0,0.0
44213,0,0,0.0
44215,0,0,0.0
44221,0,0,0.0
44224,0,0,0.0
44226,0,0,0.0
44227,0,0,0.0
44228,0,0,0.0
44232,0,0,0.0
44234,0,0,0.0
44243,0,0,0.0
44245,0,0,0.0
44253,0,0,0.0
44263,0,0,0.0
44268,0,0,0.0
44271,0,0,0.0
44281,0,0,0.0
44282,0,0,0.0
44287,0,0,0.0
44295,0,0,0.0
44297,0,0,0.0
44303,0,0,0.0
44310,0,0,0.0
44313,0,0,0.0
44320,0,0,0.0
44321,0,0,0.0
44323,0,0,0.0
44325,0,0,0.0
44327,0,0,0.0
44328,0,0,0.0
44332,0,0,0.0
44338,0,0,0.0
44339,0,0,0.0
44345,0,0,0.0
44353,0,0,0.0
44354,0,0,0.0
44363,0,0,0.0
44377,0,0,0.0
44378,0,0,0.0
44381,0,0,0.0
44384,0,0,0.0
44396,0,0,0.0
44398,0,0,0.0
44401,0,0,0.0
44403,0,0,0.0
44404,0,0,0.0
44410,0,0,0.0
44417,0,0,0.0
44424,0,0,0.0
44425,0,0,0.0
44431,0,0,0.0
44434,0,0,0.0
44445,0,0,0.0
44446,0,0,0.0
44456,0,0,0.0
44457,0,0,0.0
44461,0,0,0.0
44467,0,0,0.0
44468,0,0,0.0
44469,0,0,0.0
44471,0,0,0.0
44476,0,0,0.0
44478,0,0,0.0
44485,0,0,0.0
44486,0,0,0.0
44488,0,0,0.0
44493,0,0,0.0
44503,0,0,0.0
44504,0,0,0.0
44511,0,0,0.0
44515,0,0,0.0
44518,0,0,0.0
44519,0,0,0.0
44521,0,0,0.0
44531,0,0,0.0
44534,0,0,0.0
44535,0,0,0.0
44543,0,0,0.0
44544,0,0,0.0
44567,0,0,0.0
44568,0,0,0.0
44575,0,0,0.0
44578,0,0,0.0
44581,0,0,0.0
44584,0,0,0.0
44601,0,0,0.0
44602,0,0,0.0
44614,0,0,0.0
44620,0,0,0.0
44627,0,0,0.0
44631,0,0,0.0
44632,0,0,0.0
44635,0,0,0.0
44640,0,0,0.0
44641,0,0,0.0
44651,0,0,0.0
44662,0,0,0.0
44667,0,0,0.0
44683,0,0,0.0
44689,0,0,0.0
44701,0,0,0.0
44704,0,0,0.0
44710,0,0,0.0
44713,0,0,0.0
44719,0,0,0.0
44720,0,0,0.0
44727,0,0,0.0
44732,0,0,0.0
44733,0,0,0.0
44734,0,0,0.0
44739,0,0,0.0
44749,0,0,0.0
44753,0,0,0.0
44754,0,0,0.0
44755,0,0,0.0
44756,0,0,0.0
44758,0,0,0.0
44760,0,0,0.0
44763,0,0,0.0
44766,0,0,0.0
44782,0,0,0.0
44784,0,0,0.0
44799,0,0,0.0
44801,0,0,0.0
44806,0,0,0.0
44808,0,0,0.0
44812,0,0,0.0
44814,0,0,0.0
44836,0,0,0.0
44838,0,0,0.0
44839,0,0,0.0
44844,0,0,0.0
44847,0,0,0.0
44860,0,0,0.0
44868,0,0,0.0
44870,0,0,0.0
44872,0,0,0.0
44882,0,0,0.0
44886,0,0,0.0
44888,0,0,0.0
44889,0,0,0.0
44890,0,0,0.0
44894,0,0,0.0
44898,0,0,0.0
44901,0,0,0.0
44902,0,0,0.0
44904,0,0,0.0
44908,0,0,0.0
44911,0,0,0.0
44925,0,0,0.0
44927,0,0,0.0
44936,0,0,0.0
44948,0,0,0.0
44950,0,0,0.0
44959,0,0,0.0
44965,0,0,0.0
44971,0,0,0.0
44973,0,0,0.0
44975,0,0,0.0
44981,0,0,0.0
44984,0,0,0.0
44985,0,0,0.0
44986,0,0,0.0
44988,0,0,0.0
44995,0,0,0.0
44997,0,0,0.0
45001,0,0,0.0
45006,0,0,0.0
45013,0,0,0.0
45015,0,0,0.0
45018,0,0,0.0
45021,0,0,0.0
45024,0,0,0.0
45029,0,0,0.0
45036,0,0,0.0
45038,0,0,0.0
45041,0,0,0.0
45043,0,0,0.0
45046,0,0,0.0
45052,0,0,0.0
45064,0,0,0.0
45065,0,0,0.0
45068,0,0,0.0
45070,0,0,0.0
45074,0,0,0.0
45096,0,0,0.0
45098,0,0,0.0
45099,0,0,0.0
45101,0,0,0.0
45102,0,0,0.0
45103,0,0,0.0
45117,0,0,0.0
45121,0,0,0.0
45124,0,0,0.0
45125,0,0,0.0
45129,0,0,0.0
45131,0,0,0.0
45137,0,0,0.0
45138,0,0,0.0
45139,0,0,0.0
45143,0,0,0.0
45150,0,0,0.0
45153,0,0,0.0
45156,0,0,0.0
45157,0,0,0.0
45160,0,0,0.0
45162,0,0,0.0
45167,0,0,0.0
45179,0,0,0.0
45180,0,0,0.0
45191,0,0,0.0
45193,0,0,0.0
45200,0,0,0.0
45206,0,0,0.0
45210,0,0,0.0
45220,0,0,0.0
45221,0,0,0.0
45226,0,0,0.0
45227,0,0,0.0
45228,0,0,0.0
45232,0,0,0.0
45234,0,0,0.0
45250,0,0,0.0
45257,0,0,0.0
45264,0,0,0.0
45280,0,0,0.0
45288,0,0,0.0
45293,0,0,0.0
45295,0,0,0.0
45298,0,0,0.0
45299,0,0,0.0
45316,0,0,0.0
45321,0,0,0.0
45331,0,0,0.0
45334,0,0,0.0
45337,0,0,0.0
45346,0,0,0.0
45348,0,0,0.0
45354,0,0,0.0
45357,0,0,0.0
45359,0,0,0.0
45363,0,0,0.0
45373,0,0,0.0
45379,0,0,0.0
45393,0,0,0.0
45396,0,0,0.0
45397,0,0,0.0
45402,0,0,0.0
45412,0,0,0.0
45413,0,0,0.0
45415,0,0,0.0
45416,0,0,0.0
45427,0,0,0.0
45428,0,0,0.0
45436,0,0,0.0
45438,0,0,0.0
45440,0,0,0.0
45442,0,0,0.0
45443,0,0,0.0
45457,0,0,0.0
45458,0,0,0.0
45460,0,0,0.0
45461,0,0,0.0
45474,0,0,0.0
45475,0,0,0.0
45476,0,0,0.0
45477,0,0,0.0
45478,0,0,0.0
45480,0,0,0.0
45493,0,0,0.0
45497,0,0,0.0
45501,0,0,0.0
45504,0,0,0.0
45517,0,0,0.0
45523,0,0,0.0
45528,0,0,0.0
45545,0,0,0.0
45554,0,0,0.0
45556,0,0,0.0
45557,0,0,0.0
45565,0,0,0.0
45566,0,0,0.0
45580,0,0,0.0
45589,0,0,0.0
45594,0,0,0.0
45595,0,0,0.0
45600,0,0,0.0
45604,0,0,0.0
45606,0,0,0.0
45607,0,0,0.0
45612,0,0,0.0
45615,0,0,0.0
45622,0,0,0.0
45623,0,0,0.0
45632,0,0,0.0
45634,0,0,0.0
45635,0,0,0.0
45647,0,0,0.0
45649,0,0,0.0
45653,0,0,0.0
45656,0,0,0.0
45657,0,0,0.0
45662,0,0,0.0
45672,0,0,0.0
45686,0,0,0.0
45698,0,0,0.0
45702,0,0,0.0
45710,0,0,0.0
45712,0,0,0.0
45714,0,0,0.0
45718,0,0,0.0
45721,0,0,0.0
45724,0,0,0.0
45730,0,0,0.0
45738,0,0,0.0
45744,0,0,0.0
45750,0,0,0.0
45751,0,0,0.0
45754,0,0,0.0
45762,0,0,0.0
45763,0,0,0.0
45765,0,0,0.0
45772,0,0,0.0
45777,0,0,0.0
45780,0,0,0.0
45784,0,0,0.0
45790,0,0,0.0
45813,0,0,0.0
45816,0,0,0.0
45819,0,0,0.0
45835,0,0,0.0
45836,0,0,0.0
45838,0,0,0.0
45845,0,0,0.0
45848,0,0,0.0
45860,0,0,0.0
45862,0,0,0.0
45863,0,0,0.0
45866,0,0,0.0
45872,0,0,0.0
45878,0,0,0.0
45879,0,0,0.0
45885,0,0,0.0
45890,0,0,0.0
45891,0,0,0.0
45894,0,0,0.0
45899,0,0,0.0
45902,0,0,0.0
45911,0,0,0.0
45913,0,0,0.0
45915,0,0,0.0
45923,0,0,0.0
45927,0,0,0.0
45937,0,0,0.0
45947,0,0,0.0
45961,0,0,0.0
45966,0,0,0.0
45971,0,0,0.0
45985,0,0,0.0
45992,0,0,0.0
45994,0,0,0.0
45995,0,0,0.0
45998,0,0,0.0
46005,0,0,0.0
46006,0,0,0.0
46007,0,0,0.0
46010,0,0,0.0
46013,0,0,0.0
46023,0,0,0.0
46024,0,0,0.0
46026,0,0,0.0
46034,0,0,0.0
46046,0,0,0.0
46058,0,0,0.0
46068,0,0,0.0
46069,0,0,0.0
46071,0,0,0.0
46073,0,0,0.0
46076,0,0,0.0
46081,0,0,0.0
46085,0,0,0.0
46089,0,0,0.0
46092,0,0,0.0
46093,0,0,0.0
46097,0,0,0.0
46098,0,0,0.0
46100,0,0,0.0
46107,0,0,0.0
46108,0,0,0.0
46111,0,0,0.0
46116,0,0,0.0
46130,0,0,0.0
46138,0,0,0.0
46142,0,0,0.0
46147,0,0,0.0
46148,0,0,0.0
46149,0,0,0.0
46154,0,0,0.0
46158,0,0,0.0
46166,0,0,0.0
46171,0,0,0.0
46186,0,0,0.0
46189,0,0,0.0
46190,0,0,0.0
46193,0,0,0.0
46194,0,0,0.0
46198,0,0,0.0
46212,0,0,0.0
46222,0,0,0.0
46229,0,0,0.0
46230,0,0,0.0
46236,0,0,0.0
46237,0,0,0.0
46239,0,0,0.0
46241,0,0,0.0
46248,0,0,0.0
46250,0,0,0.0
46261,0,0,0.0
46264,0,0,0.0
46275,0,0,0.0
46278,0,0,0.0
46287,0,0,0.0
46289,0,0,0.0
46290,0,0,0.0
46294,0,0,0.0
46296,0,0,0.0
46301,0,0,0.0
46310,0,0,0.0
46312,0,0,0.0
46316,0,0,0.0
46320,0,0,0.0
46324,0,0,0.0
46334,0,0,0.0
46337,0,0,0.0
46339,0,0,0.0
46342,0,0,0.0
46346,0,0,0.0
46351,0,0,0.0
46352,0,0,0.0
46359,0,0,0.0
46362,0,0,0.0
46367,0,0,0.0
46368,0,0,0.0
46371,0,0,0.0
46377,0,0,0.0
46386,0,0,0.0
46403,0,0,0.0
46404,0,0,0.0
46407,0,0,0.0
46416,0,0,0.0
46426,0,0,0.0
46427,0,0,0.0
46428,0,0,0.0
46430,0,0,0.0
46434,0,0,0.0
46438,0,0,0.0
46440,0,0,0.0
46444,0,0,0.0
46454,0,0,0.0
46469,0,0,0.0
46473,0,0,0.0
46479,0,0,0.0
46480,0,0,0.0
46487,0,0,0.0
46490,0,0,0.0
46491,0,0,0.0
46493,0,0,0.0
46521,0,0,0.0
46524,0,0,0.0
46527,0,0,0.0
46531,0,0,0.0
46536,0,0,0.0
46542,0,0,0.0
46546,0,0,0.0
46548,0,0,0.0
46557,0,0,0.0
46558,0,0,0.0
46562,0,0,0.0
46563,0,0,0.0
46566,0,0,0.0
46573,0,0,0.0
46580,0,0,0.0
46583,0,0,0.0
46604,0,0,0.0
46606,0,0,0.0
46615,0,0,0.0
46616,0,0,0.0
46617,0,0,0.0
46622,0,0,0.0
46626,0,0,0.0
46632,0,0,0.0
46633,0,0,0.0
46634,0,0,0.0
46642,0,0,0.0
46646,0,0,0.0
46648,0,0,0.0
46651,0,0,0.0
46654,0,0,0.0
46655,0,0,0.0
46658,0,0,0.0
46666,0,0,0.0
46667,0,0,0.0
46669,0,0,0.0
46678,0,0,0.0
46679,0,0,0.0
46681,0,0,0.0
46684,0,0,0.0
46696,0,0,0.0
46699,0,0,0.0
46704,0,0,0.0
46711,0,0,0.0
46714,0,0,0.0
46721,0,0,0.0
46722,0,0,0.0
46732,0,0,0.0
46733,0,0,0.0
46735,0,0,0.0
46737,0,0,0.0
46739,0,0,0.0
46741,0,0,0.0
46743,0,0,0.0
46747,0,0,0.0
46748,0,0,0.0
46754,0,0,0.0
46755,0,0,0.0
46758,0,0,0.0
46768,0,0,0.0
46769,0,0,0.0
46770,0,0,0.0
46783,0,0,0.0
46784,0,0,0.0
46788,0,0,0.0
46792,0,0,0.0
46797,0,0,0.0
46800,0,0,0.0
46802,0,0,0.0
46819,0,0,0.0
46820,0,0,0.0
46821,0,0,0.0
46825,0,0,0.0
46826,0,0,0.0
46828,0,0,0.0
46834,0,0,0.0
46835,0,0,0.0
46837,0,0,0.0
46839,0,0,0.0
46841,0,0,0.0
46848,0,0,0.0
46849,0,0,0.0
46851,0,0,0.0
46860,0,0,0.0
46861,0,0,0.0
46873,0,0,0.0
46877,0,0,0.0
46880,0,0,0.0
46883,0,0,0.0
46893,0,0,0.0
46897,0,0,0.0
46899,0,0,0.0
46901,0,0,0.0
46904,0,0,0.0
46910,0,0,0.0
46911,0,0,0.0
46914,0,0,0.0
46922,0,0,0.0
46929,0,0,0.0
46931,0,0,0.0
46948,0,0,0.0
46954,0,0,0.0
46962,0,0,0.0
46963,0,0,0.0
46968,0,0,0.0
46969,0,0,0.0
46971,0,0,0.0
46974,0,0,0.0
46978,0,0,0.0
46979,0,0,0.0
46992,0,0,0.0
46993,0,0,0.0
46995,0,0,0.0
47000,0,0,0.0
47007,0,0,0.0
47008,0,0,0.0
47009,0,0,0.0
47013,0,0,0.0
47014,0,0,0.0
47020,0,0,0.0
47024,0,0,0.0
47030,0,0,0.0
47036,0,0,0.0
47038,0,0,0.0
47041,0,0,0.0
47044,0,0,0.0
47047,0,0,0.0
47049,0,0,0.0
47064,0,0,0.0
47070,0,0,0.0
47075,0,0,0.0
47077,0,0,0.0
47078,0,0,0.0
47079,0,0,0.0
47083,0,0,0.0
47084,0,0,0.0
47086,0,0,0.0
47087,0,0,0.0
47090,0,0,0.0
47091,0,0,0.0
47092,0,0,0.0
47097,0,0,0.0
47108,0,0,0.0
47111,0,0,0.0
47115,0,0,0.0
47118,0,0,0.0
47121,0,0,0.0
47122,0,0,0.0
47123,0,0,0.0
47128,0,0,0.0
47133,0,0,0.0
47139,0,0,0.0
47140,0,0,0.0
47144,0,0,0.0
47146,0,0,0.0
47152,0,0,0.0
47161,0,0,0.0
47169,0,0,0.0
47180,0,0,0.0
47184,0,0,0.0
47188,0,0,0.0
47190,0,0,0.0
47192,0,0,0.0
47196,0,0,0.0
47197,0,0,0.0
47203,0,0,0.0
47207,0,0,0.0
47224,0,0,0.0
47231,0,0,0.0
47235,0,0,0.0
47236,0,0,0.0
47237,0,0,0.0
47247,0,0,0.0
47248,0,0,0.0
47251,0,0,0.0
47255,0,0,0.0
47266,0,0,0.0
47267,0,0,0.0
47270,0,0,0.0
47273,0,0,0.0
47274,0,0,0.0
47276,0,0,0.0
47282,0,0,0.0
47297,0,0,0.0
47301,0,0,0.0
47302,0,0,0.0
47309,0,0,0.0
47324,0,0,0.0
47329,0,0,0.0
47332,0,0,0.0
47336,0,0,0.0
47337,0,0,0.0
47340,0,0,0.0
47344,0,0,0.0
47346,0,0,0.0
47353,0,0,0.0
47354,0,0,0.0
47359,0,0,0.0
47360,0,0,0.0
47364,0,0,0.0
47366,0,0,0.0
47382,0,0,0.0
47387,0,0,0.0
47388,0,0,0.0
47390,0,0,0.0
47398,0,0,0.0
47399,0,0,0.0
47402,0,0,0.0
47404,0,0,0.0
47409,0,0,0.0
47413,0,0,0.0
47414,0,0,0.0
47416,0,0,0.0
47429,0,0,0.0
47442,0,0,0.0
47446,0,0,0.0
47447,0,0,0.0
47458,0,0,0.0
47466,0,0,0.0
47475,0,0,0.0
47480,0,0,0.0
47492,0,0,0.0
47495,0,0,0.0
47507,0,0,0.0
47508,0,0,0.0
47512,0,0,0.0
47515,0,0,0.0
47523,0,0,0.0
47526,0,0,0.0
47528,0,0,0.0
47537,0,0,0.0
47543,0,0,0.0
47544,0,0,0.0
47545,0,0,0.0
47549,0,0,0.0
47551,0,0,0.0
47556,0,0,0.0
47558,0,0,0.0
47560,0,0,0.0
47563,0,0,0.0
47564,0,0,0.0
47566,0,0,0.0
47579,0,0,0.0
47582,0,0,0.0
47591,0,0,0.0
47593,0,0,0.0
47595,0,0,0.0
47598,0,0,0.0
47602,0,0,0.0
47603,0,0,0.0
47607,0,0,0.0
47608,0,0,0.0
47612,0,0,0.0
47624,0,0,0.0
47627,0,0,0.0
47630,0,0,0.0
47642,0,0,0.0
47644,0,0,0.0
47655,0,0,0.0
47656,0,0,0.0
47661,0,0,0.0
47663,0,0,0.0
47676,0,0,0.0
47684,0,0,0.0
47694,0,0,0.0
47700,0,0,0.0
47702,0,0,0.0
47703,0,0,0.0
47704,0,0,0.0
47717,0,0,0.0
47718,0,0,0.0
47732,0,0,0.0
47734,0,0,0.0
47735,0,0,0.0
47736,0,0,0.0
47737,0,0,0.0
47744,0,0,0.0
47746,0,0,0.0
47747,0,0,0.0
47758,0,0,0.0
47760,0,0,0.0
47769,0,0,0.0
47770,0,0,0.0
47773,0,0,0.0
47786,0,0,0.0
47787,0,0,0.0
47791,0,0,0.0
47793,0,0,0.0
47794,0,0,0.0
47800,0,0,0.0
47801,0,0,0.0
47805,0,0,0.0
47807,0,0,0.0
47809,0,0,0.0
47811,0,0,0.0
47813,0,0,0.0
47837,0,0,0.0
47840,0,0,0.0
47841,0,0,0.0
47843,0,0,0.0
47845,0,0,0.0
47860,0,0,0.0
47861,0,0,0.0
47867,0,0,0.0
47868,0,0,0.0
47872,0,0,0.0
47873,0,0,0.0
47877,0,0,0.0
47879,0,0,0.0
47882,0,0,0.0
47888,0,0,0.0
47894,0,0,0.0
47895,0,0,0.0
47899,0,0,0.0
47900,0,0,0.0
47906,0,0,0.0
47914,0,0,0.0
47919,0,0,0.0
47923,0,0,0.0
47928,0,0,0.0
47933,0,0,0.0
47934,0,0,0.0
47946,0,0,0.0
47947,0,0,0.0
47950,0,0,0.0
47958,0,0,0.0
47961,0,0,0.0
47962,0,0,0.0
47965,0,0,0.0
47968,0,0,0.0
47981,0,0,0.0
47988,0,0,0.0
47993,0,0,0.0
47997,0,0,0.0
48002,0,0,0.0
48007,0,0,0.0
48014,0,0,0.0
48017,0,0,0.0
48030,0,0,0.0
48031,0,0,0.0
48036,0,0,0.0
48045,0,0,0.0
48049,0,0,0.0
48050,0,0,0.0
48063,0,0,0.0
48065,0,0,0.0
48070,0,0,0.0
48077,0,0,0.0
48082,0,0,0.0
48086,0,0,0.0
48087,0,0,0.0
48095,0,0,0.0
48105,0,0,0.0
48108,0,0,0.0
48112,0,0,0.0
48114,0,0,0.0
48115,0,0,0.0
48116,0,0,0.0
48120,0,0,0.0
48131,0,0,0.0
48140,0,0,0.0
48143,0,0,0.0
48148,0,0,0.0
48153,0,0,0.0
48155,0,0,0.0
48161,0,0,0.0
48162,0,0,0.0
48163,0,0,0.0
48170,0,0,0.0
48188,0,0,0.0
48195,0,0,0.0
48197,0,0,0.0
48201,0,0,0.0
48204,0,0,0.0
48209,0,0,0.0
48210,0,0,0.0
48216,0,0,0.0
48218,0,0,0.0
48221,0,0,0.0
48226,0,0,0.0
48227,0,0,0.0
48249,0,0,0.0
48250,0,0,0.0
48252,0,0,0.0
48254,0,0,0.0
48256,0,0,0.0
48262,0,0,0.0
48265,0,0,0.0
48266,0,0,0.0
48268,0,0,0.0
48278,0,0,0.0
48281,0,0,0.0
48293,0,0,0.0
48299,0,0,0.0
48301,0,0,0.0
48310,0,0,0.0
48322,0,0,0.0
48325,0,0,0.0
48326,0,0,0.0
48338,0,0,0.0
48339,0,0,0.0
48341,0,0,0.0
48343,0,0,0.0
48344,0,0,0.0
48347,0,0,0.0
48361,0,0,0.0
48363,0,0,0.0
48368,0,0,0.0
48372,0,0,0.0
48375,0,0,0.0
48377,0,0,0.0
48380,0,0,0.0
48383,0,0,0.0
48391,0,0,0.0
48401,0,0,0.0
48402,0,0,0.0
48406,0,0,0.0
48412,0,0,0.0
48415,0,0,0.0
48417,0,0,0.0
48427,0,0,0.0
48428,0,0,0.0
48430,0,0,0.0
48432,0,0,0.0
48438,0,0,0.0
48439,0,0,0.0
48440,0,0,0.0
48447,0,0,0.0
48448,0,0,0.0
48452,0,0,0.0
48454,0,0,0.0
48459,0,0,0.0
48462,0,0,0.0
48465,0,0,0.0
48468,0,0,0.0
48476,0,0,0.0
48487,0,0,0.0
48490,0,0,0.0
48499,0,0,0.0
48502,0,0,0.0
48529,0,0,0.0
48530,0,0,0.0
48565,0,0,0.0
48570,0,0,0.0
48572,0,0,0.0
48573,0,0,0.0
48574,0,0,0.0
48588,0,0,0.0
48592,0,0,0.0
48593,0,0,0.0
48596,0,0,0.0
48600,0,0,0.0
48613,0,0,0.0
48618,0,0,0.0
48634,0,0,0.0
48637,0,0,0.0
48655,0,0,0.0
48656,0,0,0.0
48663,0,0,0.0
48667,0,0,0.0
48670,0,0,0.0
48671,0,0,0.0
48672,0,0,0.0
48676,0,0,0.0
48678,0,0,0.0
48679,0,0,0.0
48688,0,0,0.0
48693,0,0,0.0
48698,0,0,0.0
48720,0,0,0.0
48722,0,0,0.0
48726,0,0,0.0
48731,0,0,0.0
48732,0,0,0.0
48733,0,0,0.0
48735,0,0,0.0
48744,0,0,0.0
48747,0,0,0.0
48749,0,0,0.0
48754,0,0,0.0
48765,0,0,0.0
48766,0,0,0.0
48768,0,0,0.0
48774,0,0,0.0
48783,0,0,0.0
48784,0,0,0.0
48785,0,0,0.0
48801,0,0,0.0
48802,0,0,0.0
48807,0,0,0.0
48810,0,0,0.0
48813,0,0,0.0
48814,0,0,0.0
48824,1,0,0.0
48825,0,0,0.0
48833,0,0,0.0
48835,0,0,0.0
48836,0,0,0.0
48837,0,0,0.0
48840,0,0,0.0
48843,0,0,0.0
48847,0,0,0.0
48852,0,0,0.0
48863,0,0,0.0
48865,0,0,0.0
48873,0,0,0.0
48878,0,0,0.0
48882,0,0,0.0
48898,0,0,0.0
48901,0,0,0.0
48903,0,0,0.0
48909,0,0,0.0
48918,0,0,0.0
48922,0,0,0.0
48924,0,0,0.0
48928,0,0,0.0
48931,0,0,0.0
48933,0,0,0.0
48940,0,0,0.0
48947,0,0,0.0
48959,0,0,0.0
48967,0,0,0.0
48971,0,0,0.0
48983,0,0,0.0
48986,0,0,0.0
48988,0,0,0.0
48991,0,0,0.0
48992,0,0,0.0
48995,0,0,0.0
49002,0,0,0.0
49011,0,0,0.0
49014,0,0,0.0
49025,0,0,0.0
49026,0,0,0.0
49032,0,0,0.0
49036,0,0,0.0
49039,0,0,0.0
49043,0,0,0.0
49045,0,0,0.0
49047,0,0,0.0
49050,0,0,0.0
49053,0,0,0.0
49054,0,0,0.0
49057,0,0,0.0
49069,0,0,0.0
49077,0,0,0.0
49088,0,0,0.0
49089,0,0,0.0
49090,0,0,0.0
49094,0,0,0.0
49101,0,0,0.0
49109,0,0,0.0
49123,0,0,0.0
49124,0,0,0.0
49126,0,0,0.0
49130,0,0,0.0
49138,0,0,0.0
49147,0,0,0.0
49153,0,0,0.0
49155,0,0,0.0
49156,0,0,0.0
49158,0,0,0.0
49166,0,0,0.0
49168,0,0,0.0
49169,0,0,0.0
49174,0,0,0.0
49181,0,0,0.0
49193,0,0,0.0
49203,0,0,0.0
49204,0,0,0.0
49208,0,0,0.0
49220,0,0,0.0
49223,0,0,0.0
49224,0,0,0.0
49235,0,0,0.0
49236,0,0,0.0
49238,0,0,0.0
49255,0,0,0.0
49257,0,0,0.0
49264,0,0,0.0
49267,0,0,0.0
49271,0,0,0.0
49278,0,0,0.0
49305,0,0,0.0
49317,0,0,0.0
49321,0,0,0.0
49322,0,0,0.0
49323,0,0,0.0
49324,0,0,0.0
49347,0,0,0.0
49353,0,0,0.0
49361,0,0,0.0
49365,0,0,0.0
49370,0,0,0.0
49377,0,0,0.0
49395,0,0,0.0
49399,0,0,0.0
49401,0,0,0.0
49413,0,0,0.0
49414,0,0,0.0
49415,0,0,0.0
49417,0,0,0.0
49429,0,0,0.0
49438,0,0,0.0
49447,0,0,0.0
49448,0,0,0.0
49453,0,0,0.0
49456,0,0,0.0
49457,0,0,0.0
49458,0,0,0.0
49462,0,0,0.0
49463,0,0,0.0
49468,0,0,0.0
49471,0,0,0.0
49474,0,0,0.0
49483,0,0,0.0
49494,0,0,0.0
49495,0,0,0.0
49499,0,0,0.0
49506,0,0,0.0
49511,0,0,0.0
49513,0,0,0.0
49515,0,0,0.0
49532,0,0,0.0
49534,0,0,0.0
49536,0,0,0.0
49546,0,0,0.0
49550,0,0,0.0
49554,0,0,0.0
49555,0,0,0.0
49571,0,0,0.0
49577,0,0,0.0
49580,0,0,0.0
49586,0,0,0.0
49588,0,0,0.0
49590,0,0,0.0
49595,0,0,0.0
49598,0,0,0.0
49599,0,0,0.0
49600,0,0,0.0
49601,0,0,0.0
49605,0,0,0.0
49617,0,0,0.0
49619,0,0,0.0
49626,0,0,0.0
49641,0,0,0.0
49642,0,0,0.0
49643,0,0,0.0
49645,0,0,0.0
49656,0,0,0.0
49658,0,0,0.0
49665,0,0,0.0
49667,0,0,0.0
49677,0,0,0.0
49678,0,0,0.0
49682,0,0,0.0
49690,0,0,0.0
49697,0,0,0.0
49698,0,0,0.0
49706,0,0,0.0
49708,0,0,0.0
49710,0,0,0.0
49729,0,0,0.0
49734,0,0,0.0
49735,0,0,0.0
49743,0,0,0.0
49744,0,0,0.0
49746,0,0,0.0
49752,0,0,0.0
49753,0,0,0.0
49754,0,0,0.0
49760,0,0,0.0
49764,0,0,0.0
49780,0,0,0.0
49781,0,0,0.0
49785,0,0,0.0
49791,0,0,0.0
49792,0,0,0.0
49800,0,0,0.0
49801,0,0,0.0
49804,0,0,0.0
49812,0,0,0.0
49817,0,0,0.0
49819,0,0,0.0
49832,0,0,0.0
49834,0,0,0.0
49838,0,0,0.0
49840,0,0,0.0
49842,0,0,0.0
49846,0,0,0.0
49850,0,0,0.0
49852,0,0,0.0
49853,0,0,0.0
49862,0,0,0.0
49863,0,0,0.0
49866,0,0,0.0
49868,0,0,0.0
49870,0,0,0.0
49871,0,0,0.0
49876,0,0,0.0
49884,0,0,0.0
49891,0,0,0.0
49901,0,0,0.0
49904,0,0,0.0
49905,0,0,0.0
49909,0,0,0.0
49913,0,0,0.0
49920,0,0,0.0
49922,0,0,0.0
49926,0,0,0.0
49932,0,0,0.0
49936,0,0,0.0
49957,0,0,0.0
49964,0,0,0.0
49966,0,0,0.0
49981,0,0,0.0
49992,0,0,0.0
50001,0,0,0.0
50012,0,0,0.0
50021,0,0,0.0
50022,0,0,0.0
50029,0,0,0.0
50070,0,0,0.0
50076,0,0,0.0
50077,0,0,0.0
50083,0,0,0.0
50091,0,0,0.0
50094,0,0,0.0
50095,0,0,0.0
50096,0,0,0.0
50101,0,0,0.0
50103,0,0,0.0
50108,0,0,0.0
50113,0,0,0.0
50116,0,0,0.0
50142,0,0,0.0
50160,0,0,0.0
50165,0,0,0.0
50173,0,0,0.0
50177,0,0,0.0
50179,0,0,0.0
50181,0,0,0.0
50199,0,0,0.0
50202,0,0,0.0
50206,0,0,0.0
50214,0,0,0.0
50226,0,0,0.0
50228,0,0,0.0
50246,0,0,0.0
50248,0,0,0.0
50255,0,0,0.0
50259,0,0,0.0
50267,0,0,0.0
50285,0,0,0.0
50287,0,0,0.0
50301,0,0,0.0
50304,0,0,0.0
50307,0,0,0.0
50315,0,0,0.0
50316,0,0,0.0
50321,0,0,0.0
50326,0,0,0.0
50335,0,0,0.0
50337,0,0,0.0
50338,0,0,0.0
50343,0,0,0.0
50346,0,0,0.0
50347,0,0,0.0
50348,0,0,0.0
50351,0,0,0.0
50359,0,0,0.0
50364,0,0,0.0
50374,0,0,0.0
50399,0,0,0.0
50400,0,0,0.0
50405,0,0,0.0
50410,0,0,0.0
50422,0,0,0.0
50423,0,0,0.0
50425,0,0,0.0
50428,0,0,0.0
50431,0,0,0.0
50435,0,0,0.0
50437,0,0,0.0
50438,0,0,0.0
50440,0,0,0.0
50442,0,0,0.0
50445,0,0,0.0
50449,0,0,0.0
50451,0,0,0.0
50454,0,0,0.0
50461,0,0,0.0
50465,0,0,0.0
50468,0,0,0.0
50472,0,0,0.0
50473,0,0,0.0
50478,0,0,0.0
50479,0,0,0.0
50489,0,0,0.0
50498,0,0,0.0
50499,0,0,0.0
50510,0,0,0.0
50513,0,0,0.0
50522,0,0,0.0
50527,0,0,0.0
50532,0,0,0.0
50547,0,0,0.0
50550,0,0,0.0
50561,0,0,0.0
50564,0,0,0.0
50565,0,0,0.0
50567,0,0,0.0
50570,0,0,0.0
50574,0,0,0.0
50578,0,0,0.0
50579,0,0,0.0
50583,0,0,0.0
50595,0,0,0.0
50614,0,0,0.0
50631,0,0,0.0
50635,0,0,0.0
50638,0,0,0.0
50639,0,0,0.0
50647,0,0,0.0
50657,0,0,0.0
50658,0,0,0.0
50662,0,0,0.0
50673,0,0,0.0
50682,0,0,0.0
50687,0,0,0.0
50688,0,0,0.0
50689,0,0,0.0
50696,0,0,0.0
50702,0,0,0.0
50704,0,0,0.0
50706,0,0,0.0
50707,0,0,0.0
50715,0,0,0.0
50721,0,0,0.0
50729,0,0,0.0
50733,0,0,0.0
50738,0,0,0.0
50741,0,0,0.0
50769,0,0,0.0
50773,0,0,0.0
50785,0,0,0.0
50794,0,0,0.0
50797,0,0,0.0
50798,0,0,0.0
50805,0,0,0.0
50815,0,0,0.0
50819,0,0,0.0
50840,0,0,0.0
50843,0,0,0.0
50851,0,0,0.0
50856,0,0,0.0
50857,0,0,0.0
50861,0,0,0.0
50864,0,0,0.0
50871,0,0,0.0
50872,0,0,0.0
50873,0,0,0.0
50874,0,0,0.0
50880,0,0,0.0
50886,0,0,0.0
50889,0,0,0.0
50891,0,0,0.0
50894,0,0,0.0
50900,0,0,0.0
50902,0,0,0.0
50907,0,0,0.0
50916,0,0,0.0
50917,0,0,0.0
50918,0,0,0.0
50939,0,0,0.0
50944,0,0,0.0
50945,0,0,0.0
50947,0,0,0.0
50951,0,0,0.0
50960,0,0,0.0
50962,0,0,0.0
50970,0,0,0.0
50973,0,0,0.0
50998,0,0,0.0
51001,0,0,0.0
51004,0,0,0.0
51006,0,0,0.0
51011,0,0,0.0
51020,0,0,0.0
51025,0,0,0.0
51027,0,0,0.0
51032,0,0,0.0
51039,0,0,0.0
51041,0,0,0.0
51044,0,0,0.0
51051,0,0,0.0
51053,0,0,0.0
51066,0,0,0.0
51070,0,0,0.0
51072,0,0,0.0
51085,0,0,0.0
51099,0,0,0.0
51110,0,0,0.0
51124,0,0,0.0
51128,0,0,0.0
51131,0,0,0.0
51134,0,0,0.0
51136,0,0,0.0
51139,0,0,0.0
51149,0,0,0.0
51162,0,0,0.0
51177,0,0,0.0
51180,0,0,0.0
51190,0,0,0.0
51209,0,0,0.0
51210,0,0,0.0
51212,0,0,0.0
51213,0,0,0.0
51224,0,0,0.0
51246,0,0,0.0
51252,0,0,0.0
51256,0,0,0.0
51257,0,0,0.0
51259,0,0,0.0
51260,0,0,0.0
51267,0,0,0.0
51272,0,0,0.0
51274,0,0,0.0
51278,0,0,0.0
51280,0,0,0.0
51281,0,0,0.0
51284,0,0,0.0
51309,0,0,0.0
51310,0,0,0.0
51313,0,0,0.0
51319,0,0,0.0
51320,0,0,0.0
51325,0,0,0.0
51331,0,0,0.0
51332,0,0,0.0
51336,0,0,0.0
51347,0,0,0.0
51365,0,0,0.0
51366,0,0,0.0
51379,0,0,0.0
51383,0,0,0.0
51388,0,0,0.0
51392,0,0,0.0
51412,0,0,0.0
51426,0,0,0.0
51427,0,0,0.0
51447,0,0,0.0
51459,0,0,0.0
51460,0,0,0.0
51461,0,0,0.0
51462,0,0,0.0
51481,0,0,0.0
51483,0,0,0.0
51489,0,0,0.0
51490,0,0,0.0
51491,0,0,0.0
51496,0,0,0.0
51501,0,0,0.0
51502,0,0,0.0
51504,0,0,0.0
51506,0,0,0.0
51507,0,0,0.0
51518,0,0,0.0
51534,0,0,0.0
51535,0,0,0.0
51536,0,0,0.0
51537,0,0,0.0
51548,0,0,0.0
51550,0,0,0.0
51554,0,0,0.0
51559,0,0,0.0
51566,0,0,0.0
51573,0,0,0.0
51576,0,0,0.0
51577,0,0,0.0
51578,0,0,0.0
51580,0,0,0.0
51585,0,0,0.0
51590,0,0,0.0
51598,0,0,0.0
51605,0,0,0.0
51609,0,0,0.0
51611,0,0,0.0
51614,0,0,0.0
51615,0,0,0.0
51618,0,0,0.0
51620,0,0,0.0
51628,0,0,0.0
51629,0,0,0.0
51640,0,0,0.0
51642,0,0,0.0
51645,0,0,0.0
51653,0,0,0.0
51654,0,0,0.0
51658,0,0,0.0
51665,0,0,0.0
51668,0,0,0.0
51675,0,0,0.0
51677,0,0,0.0
51679,0,0,0.0
51683,0,0,0.0
51688,0,0,0.0
51695,0,0,0.0
51700,0,0,0.0
51704,0,0,0.0
51716,0,0,0.0
51721,0,0,0.0
51729,0,0,0.0
51730,0,0,0.0
51733,0,0,0.0
51740,0,0,0.0
51743,0,0,0.0
51747,0,0,0.0
51752,0,0,0.0
51753,0,0,0.0
51755,0,0,0.0
51760,0,0,0.0
51764,0,0,0.0
51769,0,0,0.0
51774,0,0,0.0
51776,0,0,0.0
51779,0,0,0.0
51782,0,0,0.0
51784,0,0,0.0
51788,0,0,0.0
51793,0,0,0.0
51796,0,0,0.0
51799,0,0,0.0
51802,0,0,0.0
51805,0,0,0.0
51811,0,0,0.0
51816,0,0,0.0
51824,0,0,0.0
51826,0,0,0.0
51837,0,0,0.0
51841,0,0,0.0
51849,0,0,0.0
51851,0,0,0.0
51865,0,0,0.0
51892,0,0,0.0
51896,0,0,0.0
51901,0,0,0.0
51911,0,0,0.0
51919,0,0,0.0
51922,0,0,0.0
51924,0,0,0.0
51926,0,0,0.0
51929,0,0,0.0
51933,0,0,0.0
51939,0,0,0.0
51943,0,0,0.0
51944,0,0,0.0
51947,0,0,0.0
51948,0,0,0.0
51953,0,0,0.0
51959,0,0,0.0
51965,0,0,0.0
51966,0,0,0.0
51968,0,0,0.0
51978,0,0,0.0
51982,0,0,0.0
51985,0,0,0.0
51991,0,0,0.0
51995,0,0,0.0
51996,0,0,0.0
52000,0,0,0.0
52003,0,0,0.0
52018,0,0,0.0
52020,0,0,0.0
52021,0,0,0.0
52022,0,0,0.0
52023,0,0,0.0
52024,0,0,0.0
52025,0,0,0.0
52026,0,0,0.0
52048,0,0,0.0
52052,0,0,0.0
52055,0,0,0.0
52063,0,0,0.0
52068,0,0,0.0
52071,0,0,0.0
52076,0,0,0.0
52085,0,0,0.0
52103,0,0,0.0
52110,0,0,0.0
52121,0,0,0.0
52122,0,0,0.0
52126,0,0,0.0
52133,0,0,0.0
52135,0,0,0.0
52136,0,0,0.0
52142,0,0,0.0
52147,0,0,0.0
52151,0,0,0.0
52158,0,0,0.0
52163,0,0,0.0
52164,0,0,0.0
52166,0,0,0.0
52168,0,0,0.0
52169,0,0,0.0
52172,0,0,0.0
52174,0,0,0.0
52175,0,0,0.0
52189,0,0,0.0
52191,0,0,0.0
52199,0,0,0.0
52202,0,0,0.0
52207,0,0,0.0
52224,0,0,0.0
52235,0,0,0.0
52237,0,0,0.0
52238,0,0,0.0
52241,0,0,0.0
52247,0,0,0.0
52252,0,0,0.0
52253,0,0,0.0
52261,0,0,0.0
52271,0,0,0.0
52282,0,0,0.0
52286,0,0,0.0
52299,0,0,0.0
52300,0,0,0.0
52302,0,0,0.0
52304,0,0,0.0
52306,0,0,0.0
52308,0,0,0.0
52311,0,0,0.0
52312,0,0,0.0
52318,0,0,0.0
52320,0,0,0.0
52322,0,0,0.0
52327,0,0,0.0
52328,0,0,0.0
52330,0,0,0.0
52346,0,0,0.0
52349,0,0,0.0
52356,0,0,0.0
52366,0,0,0.0
52367,0,0,0.0
52372,0,0,0.0
52378,0,0,0.0
52380,0,0,0.0
52382,0,0,0.0
52383,0,0,0.0
52388,0,0,0.0
52389,0,0,0.0
52391,0,0,0.0
52395,0,0,0.0
52405,0,0,0.0
52407,0,0,0.0
52409,0,0,0.0
52416,0,0,0.0
52422,0,0,0.0
52423,0,0,0.0
52426,0,0,0.0
52429,0,0,0.0
52431,0,0,0.0
52437,0,0,0.0
52450,0,0,0.0
52452,0,0,0.0
52453,0,0,0.0
52455,0,0,0.0
52456,0,0,0.0
52474,0,0,0.0
52475,0,0,0.0
52486,0,0,0.0
52492,0,0,0.0
52504,0,0,0.0
52512,0,0,0.0
52515,0,0,0.0
52518,0,0,0.0
52519,0,0,0.0
52520,0,0,0.0
52522,0,0,0.0
52525,0,0,0.0
52527,0,0,0.0
52532,0,0,0.0
52536,0,0,0.0
52546,0,0,0.0
52549,0,0,0.0
52553,0,0,0.0
52557,0,0,0.0
52560,0,0,0.0
52565,0,0,0.0
52567,0,0,0.0
52568,0,0,0.0
52569,0,0,0.0
52574,0,0,0.0
52578,0,0,0.0
52579,0,0,0.0
52583,0,0,0.0
52584,0,0,0.0
52595,0,0,0.0
52603,0,0,0.0
52607,0,0,0.0
52611,0,0,0.0
52617,0,0,0.0
52619,0,0,0.0
52622,0,0,0.0
52623,0,0,0.0
52627,0,0,0.0
52633,0,0,0.0
52636,0,0,0.0
52637,0,0,0.0
52644,0,0,0.0
52645,0,0,0.0
52646,0,0,0.0
52648,0,0,0.0
52650,0,0,0.0
52655,0,0,0.0
52659,0,0,0.0
52667,0,0,0.0
52668,0,0,0.0
52669,0,0,0.0
52672,0,0,0.0
52686,0,0,0.0
52690,0,0,0.0
52702,0,0,0.0
52705,0,0,0.0
52706,0,0,0.0
52709,0,0,0.0
52717,0,0,0.0
52720,0,0,0.0
52723,0,0,0.0
52724,0,0,0.0
52727,0,0,0.0
52731,0,0,0.0
52736,0,0,0.0
52740,0,0,0.0
52742,0,0,0.0
52743,0,0,0.0
52750,0,0,0.0
52753,0,0,0.0
52756,0,0,0.0
52758,0,0,0.0
52760,0,0,0.0
52763,0,0,0.0
52770,0,0,0.0
52778,0,0,0.0
52779,0,0,0.0
52780,0,0,0.0
52785,0,0,0.0
52787,0,0,0.0
52792,0,0,0.0
52798,0,0,0.0
52806,0,0,0.0
52810,0,0,0.0
52812,0,0,0.0
52817,0,0,0.0
52820,0,0,0.0
52822,0,0,0.0
52829,0,0,0.0
52833,0,0,0.0
52836,0,0,0.0
52843,0,0,0.0
52851,0,0,0.0
52852,0,0,0.0
52855,0,0,0.0
52862,0,0,0.0
52866,0,0,0.0
52873,0,0,0.0
52887,0,0,0.0
52889,0,0,0.0
52898,0,0,0.0
52907,0,0,0.0
52909,0,0,0.0
52913,0,0,0.0
52924,0,0,0.0
52925,0,0,0.0
52929,0,0,0.0
52930,0,0,0.0
52943,0,0,0.0
52944,0,0,0.0
52945,0,0,0.0
52946,0,0,0.0
52950,0,0,0.0
52958,0,0,0.0
52962,0,0,0.0
52966,0,0,0.0
52974,0,0,0.0
52975,0,0,0.0
52988,0,0,0.0
52990,0,0,0.0
52996,0,0,0.0
53002,0,0,0.0
53003,0,0,0.0
53007,0,0,0.0
53010,0,0,0.0
53011,0,0,0.0
53013,0,0,0.0
53014,0,0,0.0
53018,0,0,0.0
53030,0,0,0.0
53037,0,0,0.0
53043,0,0,0.0
53048,0,0,0.0
53054,0,0,0.0
53055,0,0,0.0
53059,0,0,0.0
53060,0,0,0.0
53063,0,0,0.0
53065,0,0,0.0
53074,0,0,0.0
53075,0,0,0.0
53076,0,0,0.0
53094,0,0,0.0
53095,0,0,0.0
53099,0,0,0.0
53101,0,0,0.0
53111,0,0,0.0
53112,0,0,0.0
53121,0,0,0.0
53124,0,0,0.0
53125,0,0,0.0
53131,0,0,0.0
53133,0,0,0.0
53146,0,0,0.0
53152,0,0,0.0
53158,0,0,0.0
53163,0,0,0.0
53165,0,0,0.0
53167,0,0,0.0
53173,0,0,0.0
53176,0,0,0.0
53185,0,0,0.0
53188,0,0,0.0
53202,0,0,0.0
53220,0,0,0.0
53229,0,0,0.0
53230,0,0,0.0
53231,0,0,0.0
53239,0,0,0.0
53243,0,0,0.0
53245,0,0,0.0
53252,0,0,0.0
53258,0,0,0.0
53259,0,0,0.0
53267,0,0,0.0
53269,0,0,0.0
53289,0,0,0.0
53297,0,0,0.0
53300,0,0,0.0
53305,0,0,0.0
53321,0,0,0.0
53322,0,0,0.0
53323,0,0,0.0
53329,0,0,0.0
53330,0,0,0.0
53346,0,0,0.0
53350,0,0,0.0
53366,0,0,0.0
53367,0,0,0.0
53369,0,0,0.0
53382,0,0,0.0
53404,0,0,0.0
53417,0,0,0.0
53418,0,0,0.0
53427,0,0,0.0
53432,0,0,0.0
53434,0,0,0.0
53436,0,0,0.0
53442,0,0,0.0
53448,0,0,0.0
53451,0,0,0.0
53457,0,0,0.0
53468,0,0,0.0
53489,0,0,0.0
53494,0,0,0.0
53495,0,0,0.0
53499,0,0,0.0
53502,0,0,0.0
53507,0,0,0.0
53513,0,0,0.0
53514,0,0,0.0
53517,0,0,0.0
53526,0,0,0.0
53530,0,0,0.0
53531,0,0,0.0
53549,0,0,0.0
53552,0,0,0.0
53556,0,0,0.0
53560,0,0,0.0
53562,0,0,0.0
53574,0,0,0.0
53576,0,0,0.0
53580,0,0,0.0
53581,0,0,0.0
53584,0,0,0.0
53587,0,0,0.0
53588,0,0,0.0
53594,0,0,0.0
53598,0,0,0.0
53611,0,0,0.0
53613,0,0,0.0
53623,0,0,0.0
53627,0,0,0.0
53629,0,0,0.0
53638,0,0,0.0
53641,0,0,0.0
53643,0,0,0.0
53653,0,0,0.0
53654,0,0,0.0
53656,0,0,0.0
53658,0,0,0.0
53668,0,0,0.0
53669,0,0,0.0
53671,0,0,0.0
53682,0,0,0.0
53692,0,0,0.0
53693,0,0,0.0
53711,0,0,0.0
53713,0,0,0.0
53717,0,0,0.0
53718,0,0,0.0
53732,0,0,0.0
53740,0,0,0.0
53745,0,0,0.0
53749,0,0,0.0
53753,0,0,0.0
53756,0,0,0.0
53767,0,0,0.0
53768,0,0,0.0
53770,0,0,0.0
53774,0,0,0.0
53782,0,0,0.0
53802,0,0,0.0
53804,0,0,0.0
53815,0,0,0.0
53819,0,0,0.0
53820,0,0,0.0
53834,0,0,0.0
53835,0,0,0.0
53836,0,0,0.0
53838,0,0,0.0
53839,0,0,0.0
53842,0,0,0.0
53843,0,0,0.0
53844,0,0,0.0
53847,0,0,0.0
53852,0,0,0.0
53853,0,0,0.0
53856,0,0,0.0
53863,0,0,0.0
53883,0,0,0.0
53891,0,0,0.0
53898,0,0,0.0
53901,0,0,0.0
53903,0,0,0.0
53911,0,0,0.0
53918,0,0,0.0
53927,0,0,0.0
53929,0,0,0.0
53941,0,0,0.0
53942,0,0,0.0
53943,0,0,0.0
53951,0,0,0.0
53956,0,0,0.0
53958,0,0,0.0
53965,0,0,0.0
53966,0,0,0.0
53968,0,0,0.0
53992,0,0,0.0
53995,0,0,0.0
54000,0,0,0.0
54010,0,0,0.0
54012,0,0,0.0
54028,0,0,0.0
54031,0,0,0.0
54032,0,0,0.0
54035,0,0,0.0
54037,0,0,0.0
54044,0,0,0.0
54052,0,0,0.0
54058,0,0,0.0
54062,0,0,0.0
54067,0,0,0.0
54073,0,0,0.0
54074,0,0,0.0
54081,0,0,0.0
54084,0,0,0.0
54088,0,0,0.0
54090,0,0,0.0
54091,0,0,0.0
54101,0,0,0.0
54102,0,0,0.0
54103,0,0,0.0
54106,0,0,0.0
54110,0,0,0.0
54113,0,0,0.0
54115,0,0,0.0
54117,0,0,0.0
54118,0,0,0.0
54119,0,0,0.0
54124,0,0,0.0
54129,0,0,0.0
54131,0,0,0.0
54137,0,0,0.0
54139,0,0,0.0
54143,0,0,0.0
54144,0,0,0.0
54147,0,0,0.0
54155,0,0,0.0
54162,0,0,0.0
54164,0,0,0.0
54166,0,0,0.0
54168,0,0,0.0
54176,0,0,0.0
54180,0,0,0.0
54181,0,0,0.0
54186,0,0,0.0
54188,0,0,0.0
54195,0,0,0.0
54202,0,0,0.0
54208,0,0,0.0
54216,0,0,0.0
54217,0,0,0.0
54220,0,0,0.0
54222,0,0,0.0
54227,0,0,0.0
54231,0,0,0.0
54239,0,0,0.0
54251,0,0,0.0
54252,0,0,0.0
54257,0,0,0.0
54261,0,0,0.0
54267,0,0,0.0
54268,0,0,0.0
54269,0,0,0.0
54273,0,0,0.0
54293,0,0,0.0
54306,0,0,0.0
54309,0,0,0.0
54314,0,0,0.0
54327,0,0,0.0
54328,0,0,0.0
54331,0,0,0.0
54333,0,0,0.0
54342,0,0,0.0
54349,0,0,0.0
54350,0,0,0.0
54352,0,0,0.0
54354,0,0,0.0
54355,0,0,0.0
54357,0,0,0.0
54358,0,0,0.0
54373,0,0,0.0
54377,0,0,0.0
54378,0,0,0.0
54382,0,0,0.0
54386,0,0,0.0
54399,0,0,0.0
54402,0,0,0.0
54406,0,0,0.0
54410,0,0,0.0
54420,0,0,0.0
54425,0,0,0.0
54426,0,0,0.0
54428,0,0,0.0
54429,0,0,0.0
54436,0,0,0.0
54442,0,0,0.0
54443,0,0,0.0
54452,0,0,0.0
54458,0,0,0.0
54459,0,0,0.0
54461,0,0,0.0
54464,0,0,0.0
54472,0,0,0.0
54473,0,0,0.0
54476,0,0,0.0
54478,0,0,0.0
54490,0,0,0.0
54493,0,0,0.0
54515,0,0,0.0
54517,0,0,0.0
54518,0,0,0.0
54520,0,0,0.0
54529,0,0,0.0
54531,0,0,0.0
54539,0,0,0.0
54543,0,0,0.0
54547,0,0,0.0
54561,0,0,0.0
54563,0,0,0.0
54568,0,0,0.0
54570,0,0,0.0
54575,0,0,0.0
54578,0,0,0.0
54580,0,0,0.0
54595,0,0,0.0
54600,0,0,0.0
54604,0,0,0.0
54614,0,0,0.0
54616,0,0,0.0
54622,0,0,0.0
54625,0,0,0.0
54628,0,0,0.0
54631,0,0,0.0
54636,0,0,0.0
54640,0,0,0.0
54646,0,0,0.0
54652,0,0,0.0
54654,0,0,0.0
54662,0,0,0.0
54669,0,0,0.0
54670,0,0,0.0
54675,0,0,0.0
54680,0,0,0.0
54684,0,0,0.0
54693,0,0,0.0
54694,0,0,0.0
54701,0,0,0.0
54703,0,0,0.0
54704,0,0,0.0
54706,0,0,0.0
54708,0,0,0.0
54713,0,0,0.0
54721,0,0,0.0
54730,0,0,0.0
54732,0,0,0.0
54737,0,0,0.0
54741,0,0,0.0
54743,0,0,0.0
54750,0,0,0.0
54752,0,0,0.0
54770,0,0,0.0
54788,0,0,0.0
54799,0,0,0.0
54800,0,0,0.0
54810,0,0,0.0
54817,0,0,0.0
54821,0,0,0.0
54828,0,0,0.0
54860,0,0,0.0
54862,0,0,0.0
54871,0,0,0.0
54876,0,0,0.0
54882,0,0,0.0
54890,0,0,0.0
54892,0,0,0.0
54901,0,0,0.0
54905,0,0,0.0
54907,0,0,0.0
54908,0,0,0.0
54914,0,0,0.0
54915,0,0,0.0
54916,0,0,0.0
54917,0,0,0.0
54919,0,0,0.0
54930,0,0,0.0
54931,0,0,0.0
54936,0,0,0.0
54939,0,0,0.0
54940,0,0,0.0
54945,0,0,0.0
54946,0,0,0.0
54950,0,0,0.0
54957,0,0,0.0
54958,0,0,0.0
54960,0,0,0.0
54968,0,0,0.0
54972,0,0,0.0
54973,0,0,0.0
54974,0,0,0.0
54976,0,0,0.0
54980,0,0,0.0
54982,0,0,0.0
54987,0,0,0.0
55005,0,0,0.0
55016,0,0,0.0
55024,0,0,0.0
55038,0,0,0.0
55041,0,0,0.0
55053,0,0,0.0
55054,0,0,0.0
55069,0,0,0.0
55075,0,0,0.0
55083,0,0,0.0
55084,0,0,0.0
55086,0,0,0.0
55088,0,0,0.0
55101,0,0,0.0
55107,0,0,0.0
55110,0,0,0.0
55113,0,0,0.0
55124,0,0,0.0
55140,0,0,0.0
55143,0,0,0.0
55144,0,0,0.0
55149,0,0,0.0
55158,0,0,0.0
55169,0,0,0.0
55172,0,0,0.0
55179,0,0,0.0
55184,0,0,0.0
55186,0,0,0.0
55191,0,0,0.0
55198,0,0,0.0
55203,0,0,0.0
55204,0,0,0.0
55209,0,0,0.0
55214,0,0,0.0
55220,0,0,0.0
55229,0,0,0.0
55232,0,0,0.0
55234,0,0,0.0
55236,0,0,0.0
55240,0,0,0.0
55243,0,0,0.0
55245,0,0,0.0
55247,0,0,0.0
55262,0,0,0.0
55263,0,0,0.0
55269,0,0,0.0
55284,0,0,0.0
55291,0,0,0.0
55294,0,0,0.0
55295,0,0,0.0
55296,0,0,0.0
55307,0,0,0.0
55311,0,0,0.0
55319,0,0,0.0
55323,0,0,0.0
55342,0,0,0.0
55345,0,0,0.0
55351,0,0,0.0
55352,0,0,0.0
55360,0,0,0.0
55361,0,0,0.0
55366,0,0,0.0
55371,0,0,0.0
55375,0,0,0.0
55383,0,0,0.0
55391,0,0,0.0
55393,0,0,0.0
55401,0,0,0.0
55406,0,0,0.0
55408,0,0,0.0
55412,0,0,0.0
55416,0,0,0.0
55418,0,0,0.0
55421,0,0,0.0
55426,0,0,0.0
55427,0,0,0.0
55434,0,0,0.0
55438,0,0,0.0
55444,0,0,0.0
55451,0,0,0.0
55462,0,0,0.0
55464,0,0,0.0
55465,0,0,0.0
55469,0,0,0.0
55470,0,0,0.0
55475,0,0,0.0
55476,0,0,0.0
55484,0,0,0.0
55487,0,0,0.0
55488,0,0,0.0
55489,0,0,0.0
55502,0,0,0.0
55504,0,0,0.0
55506,0,0,0.0
55511,0,0,0.0
55513,0,0,0.0
55518,0,0,0.0
55527,0,0,0.0
55537,0,0,0.0
55540,0,0,0.0
55542,0,0,0.0
55543,0,0,0.0
55557,0,0,0.0
55559,0,0,0.0
55561,0,0,0.0
55569,0,0,0.0
55579,0,0,0.0
55585,0,0,0.0
55594,0,0,0.0
55597,0,0,0.0
55600,0,0,0.0
55607,0,0,0.0
55617,0,0,0.0
55619,0,0,0.0
55628,0,0,0.0
55631,0,0,0.0
55633,0,0,0.0
55643,0,0,0.0
55652,0,0,0.0
55659,0,0,0.0
55672,0,0,0.0
55675,0,0,0.0
55691,0,0,0.0
55695,0,0,0.0
55706,0,0,0.0
55712,0,0,0.0
55714,0,0,0.0
55719,0,0,0.0
55726,0,0,0.0
55727,0,0,0.0
55728,0,0,0.0
55733,0,0,0.0
55736,0,0,0.0
55740,0,0,0.0
55741,0,0,0.0
55744,0,0,0.0
55745,0,0,0.0
55749,0,0,0.0
55756,0,0,0.0
55757,0,0,0.0
55761,0,0,0.0
55764,0,0,0.0
55773,0,0,0.0
55777,0,0,0.0
55792,0,0,0.0
55796,0,0,0.0
55801,0,0,0.0
55802,0,0,0.0
55803,0,0,0.0
55805,0,0,0.0
55807,0,0,0.0
55808,0,0,0.0
55809,0,0,0.0
55814,0,0,0.0
55817,0,0,0.0
55822,0,0,0.0
55825,0,0,0.0
55831,0,0,0.0
55840,0,0,0.0
55846,0,0,0.0
55848,0,0,0.0
55850,0,0,0.0
55855,0,0,0.0
55856,0,0,0.0
55858,0,0,0.0
55860,0,0,0.0
55861,0,0,0.0
55863,0,0,0.0
55867,0,0,0.0
55871,0,0,0.0
55873,0,0,0.0
55874,0,0,0.0
55876,0,0,0.0
55879,0,0,0.0
55886,0,0,0.0
55897,0,0,0.0
55898,0,0,0.0
55901,0,0,0.0
55906,0,0,0.0
55915,0,0,0.0
55918,0,0,0.0
55920,0,0,0.0
55922,0,0,0.0
55923,0,0,0.0
55924,0,0,0.0
55927,0,0,0.0
55932,0,0,0.0
55933,0,0,0.0
55936,0,0,0.0
55937,0,0,0.0
55944,0,0,0.0
55945,0,0,0.0
55948,0,0,0.0
55950,0,0,0.0
55954,0,0,0.0
55957,0,0,0.0
55975,0,0,0.0
55981,0,0,0.0
55991,0,0,0.0
55993,0,0,0.0
56004,0,0,0.0
56009,0,0,0.0
56013,0,0,0.0
56017,0,0,0.0
56018,0,0,0.0
56028,0,0,0.0
56034,0,0,0.0
56036,0,0,0.0
56039,0,0,0.0
56040,0,0,0.0
56051,0,0,0.0
56057,0,0,0.0
56063,0,0,0.0
56069,0,0,0.0
56072,0,0,0.0
56075,0,0,0.0
56078,0,0,0.0
56083,0,0,0.0
56093,0,0,0.0
56107,0,0,0.0
56108,0,0,0.0
56116,0,0,0.0
56117,0,0,0.0
56122,0,0,0.0
56125,0,0,0.0
56126,0,0,0.0
56131,0,0,0.0
56132,0,0,0.0
56137,0,0,0.0
56155,0,0,0.0
56172,0,0,0.0
56177,0,0,0.0
56180,0,0,0.0
56183,0,0,0.0
56188,0,0,0.0
56190,0,0,0.0
56203,0,0,0.0
56204,0,0,0.0
56205,0,0,0.0
56209,0,0,0.0
56215,0,0,0.0
56218,0,0,0.0
56219,0,0,0.0
56229,0,0,0.0
56235,0,0,0.0
56243,0,0,0.0
56244,0,0,0.0
56246,0,0,0.0
56250,0,0,0.0
56257,0,0,0.0
56266,0,0,0.0
56267,0,0,0.0
56270,0,0,0.0
56273,0,0,0.0
56275,0,0,0.0
56280,0,0,0.0
56281,0,0,0.0
56285,0,0,0.0
56289,0,0,0.0
56301,0,0,0.0
56302,0,0,0.0
56304,0,0,0.0
56311,0,0,0.0
56313,0,0,0.0
56316,0,0,0.0
56318,0,0,0.0
56323,0,0,0.0
56326,0,0,0.0
56328,0,0,0.0
56330,0,0,0.0
56332,0,0,0.0
56335,0,0,0.0
56342,0,0,0.0
56343,0,0,0.0
56350,0,0,0.0
56352,0,0,0.0
56363,0,0,0.0
56364,0,0,0.0
56368,0,0,0.0
56369,0,0,0.0
56373,0,0,0.0
56379,0,0,0.0
56390,0,0,0.0
56391,0,0,0.0
56395,0,0,0.0
56398,0,0,0.0
56409,0,0,0.0
56411,0,0,0.0
56414,0,0,0.0
56419,0,0,0.0
56420,0,0,0.0
56421,0,0,0.0
56423,0,0,0.0
56428,0,0,0.0
56432,0,0,0.0
56436,0,0,0.0
56437,0,0,0.0
56440,0,0,0.0
56441,0,0,0.0
56442,0,0,0.0
56455,0,0,0.0
56458,0,0,0.0
56464,0,0,0.0
56465,0,0,0.0
56466,0,0,0.0
56470,0,0,0.0
56481,0,0,0.0
56489,0,0,0.0
56496,0,0,0.0
56501,0,0,0.0
56502,0,0,0.0
56503,0,0,0.0
56508,0,0,0.0
56510,0,0,0.0
56523,0,0,0.0
56529,0,0,0.0
56532,0,0,0.0
56534,0,0,0.0
56539,0,0,0.0
56544,0,0,0.0
56547,0,0,0.0
56554,0,0,0.0
56555,0,0,0.0
56558,0,0,0.0
56561,0,0,0.0
56562,0,0,0.0
56574,0,0,0.0
56576,0,0,0.0
56578,0,0,0.0
56585,0,0,0.0
56586,0,0,0.0
56592,0,0,0.0
56604,0,0,0.0
56614,0,0,0.0
56622,0,0,0.0
56626,0,0,0.0
56630,0,0,0.0
56634,0,0,0.0
56636,0,0,0.0
56640,0,0,0.0
56644,0,0,0.0
56646,0,0,0.0
56650,0,0,0.0
56651,0,0,0.0
56654,0,0,0.0
56663,0,0,0.0
56679,0,0,0.0
56680,0,0,0.0
56682,0,0,0.0
56698,0,0,0.0
56700,0,0,0.0
56703,0,0,0.0
56707,0,0,0.0
56710,0,0,0.0
56717,0,0,0.0
56718,0,0,0.0
56719,0,0,0.0
56724,0,0,0.0
56725,0,0,0.0
56741,0,0,0.0
56746,0,0,0.0
56750,0,0,0.0
56759,0,0,0.0
56761,0,0,0.0
56762,0,0,0.0
56768,0,0,0.0
56772,0,0,0.0
56778,0,0,0.0
56780,0,0,0.0
56782,0,0,0.0
56784,0,0,0.0
56789,0,0,0.0
56797,0,0,0.0
56800,0,0,0.0
56802,0,0,0.0
56805,0,0,0.0
56813,0,0,0.0
56815,0,0,0.0
56817,0,0,0.0
56818,0,0,0.0
56821,0,0,0.0
56822,0,0,0.0
56839,0,0,0.0
56849,0,0,0.0
56851,0,0,0.0
56852,0,0,0.0
56857,0,0,0.0
56864,0,0,0.0
56866,0,0,0.0
56868,0,0,0.0
56880,0,0,0.0
56881,0,0,0.0
56887,0,0,0.0
56899,0,0,0.0
56906,0,0,0.0
56908,0,0,0.0
56911,0,0,0.0
56921,0,0,0.0
56922,0,0,0.0
56925,0,0,0.0
56928,0,0,0.0
56938,0,0,0.0
56945,0,0,0.0
56953,0,0,0.0
56957,0,0,0.0
56958,0,0,0.0
56962,0,0,0.0
56972,0,0,0.0
56983,0,0,0.0
56984,0,0,0.0
56995,0,0,0.0
56999,0,0,0.0
57003,0,0,0.0
57008,0,0,0.0
57011,0,0,0.0
57019,0,0,0.0
57022,0,0,0.0
57025,0,0,0.0
57026,0,0,0.0
57037,0,0,0.0
57038,0,0,0.0
57044,0,0,0.0
57046,0,0,0.0
57060,0,0,0.0
57062,0,0,0.0
57065,0,0,0.0
57066,0,0,0.0
57067,0,0,0.0
57069,0,0,0.0
57071,0,0,0.0
57077,0,0,0.0
57078,0,0,0.0
57081,0,0,0.0
57100,0,0,0.0
57107,0,0,0.0
57110,0,0,0.0
57113,0,0,0.0
57118,0,0,0.0
57149,0,0,0.0
57151,0,0,0.0
57160,0,0,0.0
57172,0,0,0.0
57180,0,0,0.0
57186,0,0,0.0
57202,0,0,0.0
57218,0,0,0.0
57221,0,0,0.0
57227,0,0,0.0
57241,0,0,0.0
57257,0,0,0.0
57264,0,0,0.0
57266,0,0,0.0
57268,0,0,0.0
57277,0,0,0.0
57278,0,0,0.0
57292,0,0,0.0
57295,0,0,0.0
57302,0,0,0.0
57303,0,0,0.0
57309,0,0,0.0
57310,0,0,0.0
57313,0,0,0.0
57318,0,0,0.0
57321,0,0,0.0
57335,0,0,0.0
57336,0,0,0.0
57340,0,0,0.0
57342,0,0,0.0
57349,0,0,0.0
57351,0,0,0.0
57354,0,0,0.0
57357,0,0,0.0
57359,0,0,0.0
57361,0,0,0.0
57365,0,0,0.0
57366,0,0,0.0
57367,0,0,0.0
57368,0,0,0.0
57372,0,0,0.0
57375,0,0,0.0
57384,0,0,0.0
57388,0,0,0.0
57394,0,0,0.0
57395,0,0,0.0
57404,0,0,0.0
57405,0,0,0.0
57407,0,0,0.0
57412,0,0,0.0
57427,0,0,0.0
57438,0,0,0.0
57456,0,0,0.0
57460,0,0,0.0
57465,0,0,0.0
57468,0,0,0.0
57470,0,0,0.0
57479,0,0,0.0
57480,0,0,0.0
57483,0,0,0.0
57484,0,0,0.0
57487,0,0,0.0
57492,0,0,0.0
57504,0,0,0.0
57505,0,0,0.0
57509,0,0,0.0
57523,0,0,0.0
57533,0,0,0.0
57536,0,0,0.0
57541,0,0,0.0
57546,0,0,0.0
57549,0,0,0.0
57554,0,0,0.0
57561,0,0,0.0
57564,0,0,0.0
57565,0,0,0.0
57568,0,0,0.0
57583,0,0,0.0
57586,0,0,0.0
57593,0,0,0.0
57597,0,0,0.0
57598,0,0,0.0
57601,0,0,0.0
57603,0,0,0.0
57608,0,0,0.0
57612,0,0,0.0
57618,0,0,0.0
57619,0,0,0.0
57625,0,0,0.0
57626,0,0,0.0
57628,0,0,0.0
57629,0,0,0.0
57630,0,0,0.0
57632,0,0,0.0
57633,0,0,0.0
57638,0,0,0.0
57641,0,0,0.0
57649,0,0,0.0
57651,0,0,0.0
57656,0,0,0.0
57669,0,0,0.0
57672,0,0,0.0
57679,0,0,0.0
57685,0,0,0.0
57689,0,0,0.0
57696,0,0,0.0
57697,0,0,0.0
57698,0,0,0.0
57701,0,0,0.0
57703,0,0,0.0
57706,0,0,0.0
57707,0,0,0.0
57712,0,0,0.0
57719,0,0,0.0
57727,0,0,0.0
57729,0,0,0.0
57741,0,0,0.0
57747,0,0,0.0
57757,0,0,0.0
57772,0,0,0.0
57774,0,0,0.0
57779,0,0,0.0
57784,0,0,0.0
57786,0,0,0.0
57788,0,0,0.0
57793,0,0,0.0
57798,0,0,0.0
57817,0,0,0.0
57818,0,0,0.0
57819,0,0,0.0
57823,0,0,0.0
57827,0,0,0.0
57831,0,0,0.0
57832,0,0,0.0
57839,0,0,0.0
57840,0,0,0.0
57841,0,0,0.0
57850,0,0,0.0
57855,0,0,0.0
57857,0,0,0.0
57861,0,0,0.0
57862,0,0,0.0
57879,0,0,0.0
57894,0,0,0.0
57904,0,0,0.0
57909,0,0,0.0
57921,0,0,0.0
57922,0,0,0.0
57927,0,0,0.0
57929,0,0,0.0
57932,0,0,0.0
57934,0,0,0.0
57935,0,0,0.0
57936,0,0,0.0
57948,0,0,0.0
57951,0,0,0.0
57961,0,0,0.0
57972,0,0,0.0
57973,0,0,0.0
57974,0,0,0.0
57983,0,0,0.0
57984,0,0,0.0
57986,0,0,0.0
57989,0,0,0.0
57991,0,0,0.0
57992,0,0,0.0
57994,0,0,0.0
57995,0,0,0.0
57996,0,0,0.0
57997,0,0,0.0
57999,0,0,0.0
58006,0,0,0.0
58011,0,0,0.0
58023,0,0,0.0
58024,0,0,0.0
58034,0,0,0.0
58038,0,0,0.0
58044,0,0,0.0
58052,0,0,0.0
58055,0,0,0.0
58057,0,0,0.0
58058,0,0,0.0
58059,0,0,0.0
58060,0,0,0.0
58068,0,0,0.0
58069,0,0,0.0
58071,0,0,0.0
58072,0,0,0.0
58077,0,0,0.0
58084,0,0,0.0
58088,0,0,0.0
58090,0,0,0.0
58108,0,0,0.0
58110,0,0,0.0
58125,0,0,0.0
58136,0,0,0.0
58141,0,0,0.0
58142,0,0,0.0
58146,0,0,0.0
58147,0,0,0.0
58151,0,0,0.0
58158,0,0,0.0
58160,0,0,0.0
58162,0,0,0.0
58170,0,0,0.0
58182,0,0,0.0
58191,0,0,0.0
58210,0,0,0.0
58215,0,0,0.0
58219,0,0,0.0
58220,0,0,0.0
58221,0,0,0.0
58225,0,0,0.0
58246,0,0,0.0
58247,0,0,0.0
58256,0,0,0.0
58259,0,0,0.0
58267,0,0,0.0
58274,0,0,0.0
58278,0,0,0.0
58285,0,0,0.0
58286,0,0,0.0
58287,0,0,0.0
58295,0,0,0.0
58308,0,0,0.0
58319,0,0,0.0
58321,0,0,0.0
58325,0,0,0.0
58328,0,0,0.0
58329,0,0,0.0
58336,0,0,0.0
58343,0,0,0.0
58344,0,0,0.0
58352,0,0,0.0
58355,0,0,0.0
58368,0,0,0.0
58369,0,0,0.0
58375,0,0,0.0
58380,0,0,0.0
58385,0,0,0.0
58392,0,0,0.0
58393,0,0,0.0
58396,0,0,0.0
58399,0,0,0.0
58401,0,0,0.0
58402,0,0,0.0
58404,0,0,0.0
58408,0,0,0.0
58414,0,0,0.0
58417,0,0,0.0
58437,0,0,0.0
58448,0,0,0.0
58451,0,0,0.0
58454,0,0,0.0
58460,0,0,0.0
58462,0,0,0.0
58464,0,0,0.0
58468,0,0,0.0
58470,0,0,0.0
58474,0,0,0.0
58477,0,0,0.0
58478,0,0,0.0
58481,0,0,0.0
58484,0,0,0.0
58485,0,0,0.0
58488,0,0,0.0
58489,0,0,0.0
58491,0,0,0.0
58495,0,0,0.0
58505,0,0,0.0
58507,0,0,0.0
58511,0,0,0.0
58516,0,0,0.0
58521,0,0,0.0
58525,0,0,0.0
58528,0,0,0.0
58529,0,0,0.0
58548,0,0,0.0
58549,0,0,0.0
58551,0,0,0.0
58552,0,0,0.0
58553,0,0,0.0
58571,0,0,0.0
58572,0,0,0.0
58578,0,0,0.0
58581,0,0,0.0
58584,0,0,0.0
58588,0,0,0.0
58589,0,0,0.0
58592,0,0,0.0
58593,0,0,0.0
58594,0,0,0.0
58595,0,0,0.0
58597,0,0,0.0
58599,0,0,0.0
58603,0,0,0.0
58605,0,0,0.0
58608,0,0,0.0
58612,0,0,0.0
58624,0,0,0.0
58628,0,0,0.0
58629,0,0,0.0
58630,0,0,0.0
58632,0,0,0.0
58637,0,0,0.0
58644,0,0,0.0
58651,0,0,0.0
58682,0,0,0.0
58683,0,0,0.0
58688,0,0,0.0
58698,0,0,0.0
58702,0,0,0.0
58706,0,0,0.0
58708,0,0,0.0
58715,0,0,0.0
58728,0,0,0.0
58732,0,0,0.0
58740,0,0,0.0
58741,0,0,0.0
58748,0,0,0.0
58751,0,0,0.0
58752,0,0,0.0
58756,0,0,0.0
58760,0,0,0.0
58767,0,0,0.0
58771,0,0,0.0
58773,0,0,0.0
58782,0,0,0.0
58784,0,0,0.0
58790,0,0,0.0
58792,0,0,0.0
58798,0,0,0.0
58802,0,0,0.0
58807,0,0,0.0
58808,0,0,0.0
58815,0,0,0.0
58816,0,0,0.0
58819,0,0,0.0
58820,0,0,0.0
58842,0,0,0.0
58847,0,0,0.0
58849,0,0,0.0
58850,0,0,0.0
58857,0,0,0.0
58860,0,0,0.0
58863,0,0,0.0
58867,0,0,0.0
58871,0,0,0.0
58874,0,0,0.0
58881,0,0,0.0
58882,0,0,0.0
58924,0,0,0.0
58926,0,0,0.0
58927,0,0,0.0
58932,0,0,0.0
58934,0,0,0.0
58936,0,0,0.0
58943,0,0,0.0
58945,0,0,0.0
58948,0,0,0.0
58956,0,0,0.0
58966,0,0,0.0
58972,0,0,0.0
58976,0,0,0.0
58994,0,0,0.0
58998,0,0,0.0
59000,0,0,0.0
59001,0,0,0.0
59002,0,0,0.0
59009,0,0,0.0
59010,0,0,0.0
59020,0,0,0.0
59026,0,0,0.0
59027,0,0,0.0
59038,0,0,0.0
59049,0,0,0.0
59050,0,0,0.0
59059,0,0,0.0
59065,0,0,0.0
59080,0,0,0.0
59081,0,0,0.0
59083,0,0,0.0
59087,0,0,0.0
59089,0,0,0.0
59090,0,0,0.0
59094,0,0,0.0
59097,0,0,0.0
59098,0,0,0.0
59099,0,0,0.0
59100,0,0,0.0
59102,0,0,0.0
59106,0,0,0.0
59111,0,0,0.0
59114,0,0,0.0
59120,0,0,0.0
59124,0,0,0.0
59126,0,0,0.0
59133,0,0,0.0
59135,0,0,0.0
59138,0,0,0.0
59141,0,0,0.0
59148,0,0,0.0
59168,0,0,0.0
59180,0,0,0.0
59181,0,0,0.0
59184,0,0,0.0
59185,0,0,0.0
59186,0,0,0.0
59196,0,0,0.0
59199,0,0,0.0
59204,0,0,0.0
59210,0,0,0.0
59212,0,0,0.0
59214,0,0,0.0
59226,0,0,0.0
59228,0,0,0.0
59231,0,0,0.0
59232,0,0,0.0
59242,0,0,0.0
59248,0,0,0.0
59253,0,0,0.0
59256,0,0,0.0
59260,0,0,0.0
59274,0,0,0.0
59277,0,0,0.0
59286,0,0,0.0
59293,0,0,0.0
59296,0,0,0.0
59297,0,0,0.0
59301,0,0,0.0
59308,0,0,0.0
59312,0,0,0.0
59318,0,0,0.0
59321,0,0,0.0
59326,0,0,0.0
59327,0,0,0.0
59333,0,0,0.0
59334,0,0,0.0
59336,0,0,0.0
59350,0,0,0.0
59351,0,0,0.0
59352,0,0,0.0
59353,0,0,0.0
59356,0,0,0.0
59360,0,0,0.0
59362,0,0,0.0
59370,0,0,0.0
59377,0,0,0.0
59382,0,0,0.0
59387,0,0,0.0
59388,0,0,0.0
59392,0,0,0.0
59393,0,0,0.0
59396,0,0,0.0
59397,0,0,0.0
59399,0,0,0.0
59401,0,0,0.0
59403,0,0,0.0
59407,0,0,0.0
59412,0,0,0.0
59416,0,0,0.0
59417,0,0,0.0
59418,0,0,0.0
59427,0,0,0.0
59428,0,0,0.0
59429,0,0,0.0
59430,0,0,0.0
59433,0,0,0.0
59435,0,0,0.0
59437,0,0,0.0
59441,0,0,0.0
59456,0,0,0.0
59460,0,0,0.0
59461,0,0,0.0
59472,0,0,0.0
59474,0,0,0.0
59476,0,0,0.0
59481,0,0,0.0
59484,0,0,0.0
59490,0,0,0.0
59497,0,0,0.0
59504,0,0,0.0
59514,0,0,0.0
59515,0,0,0.0
59516,0,0,0.0
59519,0,0,0.0
59521,0,0,0.0
59523,0,0,0.0
59535,0,0,0.0
59536,0,0,0.0
59537,0,0,0.0
59544,0,0,0.0
59545,0,0,0.0
59551,0,0,0.0
59554,0,0,0.0
59557,0,0,0.0
59558,0,0,0.0
59559,0,0,0.0
59560,0,0,0.0
59567,0,0,0.0
59568,0,0,0.0
59572,0,0,0.0
59581,0,0,0.0
59583,0,0,0.0
59586,0,0,0.0
59596,0,0,0.0
59604,0,0,0.0
59608,0,0,0.0
59610,0,0,0.0
59611,0,0,0.0
59615,0,0,0.0
59618,0,0,0.0
59622,0,0,0.0
59626,0,0,0.0
59627,0,0,0.0
59634,0,0,0.0
59636,0,0,0.0
59640,0,0,0.0
59645,0,0,0.0
59649,0,0,0.0
59654,0,0,0.0
59658,0,0,0.0
59660,0,0,0.0
59665,0,0,0.0
59667,0,0,0.0
59671,0,0,0.0
59680,0,0,0.0
59686,0,0,0.0
59688,0,0,0.0
59694,0,0,0.0
59700,0,0,0.0
59701,0,0,0.0
59703,0,0,0.0
59717,0,0,0.0
59719,0,0,0.0
59720,0,0,0.0
59721,0,0,0.0
59725,0,0,0.0
59730,0,0,0.0
59733,0,0,0.0
59745,0,0,0.0
59746,0,0,0.0
59748,0,0,0.0
59757,0,0,0.0
59761,0,0,0.0
59762,0,0,0.0
59765,0,0,0.0
59766,0,0,0.0
59773,0,0,0.0
59774,0,0,0.0
59775,0,0,0.0
59776,0,0,0.0
59785,0,0,0.0
59789,0,0,0.0
59799,0,0,0.0
59802,0,0,0.0
59804,0,0,0.0
59808,0,0,0.0
59810,0,0,0.0
59812,0,0,0.0
59814,0,0,0.0
59817,0,0,0.0
59819,0,0,0.0
59820,0,0,0.0
59828,0,0,0.0
59830,0,0,0.0
59835,0,0,0.0
59842,0,0,0.0
59843,0,0,0.0
59850,0,0,0.0
59855,0,0,0.0
59886,0,0,0.0
59888,0,0,0.0
59889,0,0,0.0
59896,0,0,0.0
59904,0,0,0.0
59914,0,0,0.0
59926,0,0,0.0
59929,0,0,0.0
59930,0,0,0.0
59931,0,0,0.0
59935,0,0,0.0
59944,0,0,0.0
59945,0,0,0.0
59951,0,0,0.0
59952,0,0,0.0
59954,0,0,0.0
59955,0,0,0.0
59959,0,0,0.0
59962,0,0,0.0
59982,0,0,0.0
59985,0,0,0.0
59987,0,0,0.0
59992,0,0,0.0
59994,0,0,0.0
60002,0,0,0.0
60004,0,0,0.0
60008,0,0,0.0
60012,0,0,0.0
60015,0,0,0.0
60034,0,0,0.0
60035,0,0,0.0
60037,0,0,0.0
60039,0,0,0.0
60040,0,0,0.0
60045,0,0,0.0
60047,0,0,0.0
60049,0,0,0.0
60052,0,0,0.0
60059,0,0,0.0
60061,0,0,0.0
60065,0,0,0.0
60078,0,0,0.0
60079,0,0,0.0
60080,0,0,0.0
60087,0,0,0.0
60088,0,0,0.0
60089,0,0,0.0
60091,0,0,0.0
60094,0,0,0.0
60095,0,0,0.0
60112,0,0,0.0
60115,0,0,0.0
60132,0,0,0.0
60134,0,0,0.0
60139,0,0,0.0
60142,0,0,0.0
60149,0,0,0.0
60152,0,0,0.0
60162,0,0,0.0
60164,0,0,0.0
60172,0,0,0.0
60181,0,0,0.0
60185,0,0,0.0
60193,0,0,0.0
60196,0,0,0.0
60197,0,0,0.0
60198,0,0,0.0
60204,0,0,0.0
60209,0,0,0.0
60212,0,0,0.0
60215,0,0,0.0
60217,0,0,0.0
60220,0,0,0.0
60221,0,0,0.0
60223,0,0,0.0
60225,0,0,0.0
60230,0,0,0.0
60233,0,0,0.0
60242,0,0,0.0
60243,0,0,0.0
60250,0,0,0.0
60255,0,0,0.0
60256,0,0,0.0
60262,0,0,0.0
60270,0,0,0.0
60272,0,0,0.0
60276,0,0,0.0
60277,0,0,0.0
60278,0,0,0.0
60279,0,0,0.0
60281,0,0,0.0
60284,0,0,0.0
60287,0,0,0.0
60302,0,0,0.0
60303,0,0,0.0
60305,0,0,0.0
60307,0,0,0.0
60316,0,0,0.0
60317,0,0,0.0
60321,0,0,0.0
60325,0,0,0.0
60328,0,0,0.0
60330,0,0,0.0
60340,0,0,0.0
60343,0,0,0.0
60347,0,0,0.0
60357,0,0,0.0
60358,0,0,0.0
60369,0,0,0.0
60373,0,0,0.0
60379,0,0,0.0
60381,0,0,0.0
60388,0,0,0.0
60394,0,0,0.0
60409,0,0,0.0
60412,0,0,0.0
60415,0,0,0.0
60417,0,0,0.0
60419,0,0,0.0
60421,0,0,0.0
60423,0,0,0.0
60425,0,0,0.0
60430,0,0,0.0
60433,0,0,0.0
60437,0,0,0.0
60459,0,0,0.0
60466,0,0,0.0
60476,0,0,0.0
60503,0,0,0.0
60510,0,0,0.0
60514,0,0,0.0
60516,0,0,0.0
60522,0,0,0.0
60529,0,0,0.0
60534,0,0,0.0
60543,0,0,0.0
60546,0,0,0.0
60563,0,0,0.0
60565,0,0,0.0
60571,0,0,0.0
60574,0,0,0.0
60577,0,0,0.0
60579,0,0,0.0
60580,0,0,0.0
60590,0,0,0.0
60597,0,0,0.0
60605,0,0,0.0
60607,0,0,0.0
60610,0,0,0.0
60612,0,0,0.0
60614,0,0,0.0
60616,0,0,0.0
60635,0,0,0.0
60637,0,0,0.0
60638,0,0,0.0
60643,0,0,0.0
60644,0,0,0.0
60645,0,0,0.0
60649,0,0,0.0
60650,0,0,0.0
60652,0,0,0.0
60653,0,0,0.0
60656,0,0,0.0
60659,0,0,0.0
60665,0,0,0.0
60673,0,0,0.0
60675,0,0,0.0
60679,0,0,0.0
60683,0,0,0.0
60686,0,0,0.0
60687,0,0,0.0
60690,0,0,0.0
60694,0,0,0.0
60696,0,0,0.0
60697,0,0,0.0
60705,0,0,0.0
60709,0,0,0.0
60716,0,0,0.0
60720,0,0,0.0
60728,0,0,0.0
60731,0,0,0.0
60732,0,0,0.0
60734,0,0,0.0
60737,0,0,0.0
60744,0,0,0.0
60748,0,0,0.0
60751,0,0,0.0
60753,0,0,0.0
60756,0,0,0.0
60771,0,0,0.0
60773,0,0,0.0
60787,0,0,0.0
60793,0,0,0.0
60801,0,0,0.0
60802,0,0,0.0
60816,0,0,0.0
60838,0,0,0.0
60841,0,0,0.0
60848,0,0,0.0
60852,0,0,0.0
60855,0,0,0.0
60857,0,0,0.0
60872,0,0,0.0
60880,0,0,0.0
60888,0,0,0.0
60899,0,0,0.0
60900,0,0,0.0
60905,0,0,0.0
60918,0,0,0.0
60930,0,0,0.0
60938,0,0,0.0
60952,0,0,0.0
60961,0,0,0.0
60963,0,0,0.0
60976,0,0,0.0
60991,0,0,0.0
60997,0,0,0.0
61014,0,0,0.0
61017,0,0,0.0
61018,0,0,0.0
61022,0,0,0.0
61026,0,0,0.0
61035,0,0,0.0
61037,0,0,0.0
61052,0,0,0.0
61060,0,0,0.0
61061,0,0,0.0
61062,0,0,0.0
61064,0,0,0.0
61068,0,0,0.0
61071,0,0,0.0
61073,0,0,0.0
61074,0,0,0.0
61076,0,0,0.0
61078,0,0,0.0
61079,0,0,0.0
61080,0,0,0.0
61099,0,0,0.0
61103,0,0,0.0
61111,0,0,0.0
61114,0,0,0.0
61117,0,0,0.0
61119,0,0,0.0
61125,0,0,0.0
61132,0,0,0.0
61135,0,0,0.0
61136,0,0,0.0
61148,0,0,0.0
61152,0,0,0.0
61159,0,0,0.0
61162,0,0,0.0
61172,0,0,0.0
61178,0,0,0.0
61186,0,0,0.0
61193,0,0,0.0
61194,0,0,0.0
61197,0,0,0.0
61203,0,0,0.0
61205,0,0,0.0
61206,0,0,0.0
61211,0,0,0.0
61218,0,0,0.0
61233,0,0,0.0
61235,0,0,0.0
61243,0,0,0.0
61247,0,0,0.0
61254,0,0,0.0
61263,0,0,0.0
61271,0,0,0.0
61274,0,0,0.0
61275,0,0,0.0
61278,0,0,0.0
61282,0,0,0.0
61284,0,0,0.0
61290,0,0,0.0
61292,0,0,0.0
61316,0,0,0.0
61320,0,0,0.0
61322,0,0,0.0
61330,0,0,0.0
61332,0,0,0.0
61335,0,0,0.0
61342,0,0,0.0
61348,0,0,0.0
61353,0,0,0.0
61362,0,0,0.0
61364,0,0,0.0
61367,0,0,0.0
61370,0,0,0.0
61371,0,0,0.0
61376,0,0,0.0
61385,0,0,0.0
61388,0,0,0.0
61393,0,0,0.0
61394,0,0,0.0
61397,0,0,0.0
61400,0,0,0.0
61406,0,0,0.0
61411,0,0,0.0
61421,0,0,0.0
61424,0,0,0.0
61425,0,0,0.0
61431,0,0,0.0
61433,0,0,0.0
61438,0,0,0.0
61443,0,0,0.0
61444,0,0,0.0
61446,0,0,0.0
61449,0,0,0.0
61454,0,0,0.0
61460,0,0,0.0
61463,0,0,0.0
61490,0,0,0.0
61495,0,0,0.0
61500,0,0,0.0
61505,0,0,0.0
61509,0,0,0.0
61511,0,0,0.0
61517,0,0,0.0
61522,0,0,0.0
61523,0,0,0.0
61526,0,0,0.0
61531,0,0,0.0
61535,0,0,0.0
61537,0,0,0.0
61541,0,0,0.0
61561,0,0,0.0
61564,0,0,0.0
61567,0,0,0.0
61576,0,0,0.0
61577,0,0,0.0
61579,0,0,0.0
61581,0,0,0.0
61584,0,0,0.0
61587,0,0,0.0
61589,0,0,0.0
61590,0,0,0.0
61591,0,0,0.0
61594,0,0,0.0
61601,0,0,0.0
61617,0,0,0.0
61618,0,0,0.0
61623,0,0,0.0
61624,0,0,0.0
61625,0,0,0.0
61628,0,0,0.0
61629,0,0,0.0
61631,0,0,0.0
61632,0,0,0.0
61638,0,0,0.0
61640,0,0,0.0
61643,0,0,0.0
61646,0,0,0.0
61656,0,0,0.0
61659,0,0,0.0
61660,0,0,0.0
61666,0,0,0.0
61672,0,0,0.0
61675,0,0,0.0
61681,0,0,0.0
61685,0,0,0.0
61694,0,0,0.0
61695,0,0,0.0
61703,0,0,0.0
61707,0,0,0.0
61724,0,0,0.0
61725,0,0,0.0
61737,0,0,0.0
61742,0,0,0.0
61759,0,0,0.0
61761,0,0,0.0
61763,0,0,0.0
61770,0,0,0.0
61772,0,0,0.0
61780,0,0,0.0
61787,0,0,0.0
61795,0,0,0.0
61802,0,0,0.0
61808,0,0,0.0
61811,0,0,0.0
61817,0,0,0.0
61819,0,0,0.0
61820,0,0,0.0
61826,0,0,0.0
61831,0,0,0.0
61834,0,0,0.0
61836,0,0,0.0
61838,0,0,0.0
61840,0,0,0.0
61841,0,0,0.0
61842,0,0,0.0
61846,0,0,0.0
61855,0,0,0.0
61864,0,0,0.0
61865,0,0,0.0
61875,0,0,0.0
61885,0,0,0.0
61886,0,0,0.0
61890,0,0,0.0
61892,0,0,0.0
61893,0,0,0.0
61897,0,0,0.0
61902,0,0,0.0
61905,0,0,0.0
61908,0,0,0.0
61911,0,0,0.0
61912,0,0,0.0
61920,0,0,0.0
61923,0,0,0.0
61928,0,0,0.0
61931,0,0,0.0
61937,0,0,0.0
61938,0,0,0.0
61944,0,0,0.0
61947,0,0,0.0
61952,0,0,0.0
61953,0,0,0.0
61955,0,0,0.0
61960,0,0,0.0
61966,0,0,0.0
61969,0,0,0.0
61972,0,0,0.0
61973,0,0,0.0
61982,0,0,0.0
61988,0,0,0.0
61994,0,0,0.0
61995,0,0,0.0
62004,0,0,0.0
62011,0,0,0.0
62013,0,0,0.0
62015,0,0,0.0
62020,0,0,0.0
62030,0,0,0.0
62031,0,0,0.0
62032,0,0,0.0
62033,0,0,0.0
62039,0,0,0.0
62048,0,0,0.0
62051,0,0,0.0
62053,0,0,0.0
62062,0,0,0.0
62065,0,0,0.0
62075,0,0,0.0
62079,0,0,0.0
62087,0,0,0.0
62093,0,0,0.0
62096,0,0,0.0
62097,0,0,0.0
62099,0,0,0.0
62100,0,0,0.0
62103,0,0,0.0
62113,0,0,0.0
62117,0,0,0.0
62126,0,0,0.0
62132,0,0,0.0
62137,0,0,0.0
62140,0,0,0.0
62141,0,0,0.0
62150,0,0,0.0
62164,0,0,0.0
62168,0,0,0.0
62180,0,0,0.0
62181,0,0,0.0
62185,0,0,0.0
62186,0,0,0.0
62187,0,0,0.0
62191,0,0,0.0
62199,0,0,0.0
62205,0,0,0.0
62213,0,0,0.0
62216,0,0,0.0
62232,0,0,0.0
62233,0,0,0.0
62234,0,0,0.0
62237,0,0,0.0
62238,0,0,0.0
62254,0,0,0.0
62255,0,0,0.0
62257,0,0,0.0
62262,0,0,0.0
62272,0,0,0.0
62280,0,0,0.0
62283,0,0,0.0
62291,0,0,0.0
62307,0,0,0.0
62310,0,0,0.0
62315,0,0,0.0
62339,0,0,0.0
62342,0,0,0.0
62352,0,0,0.0
62360,0,0,0.0
62366,0,0,0.0
62368,0,0,0.0
62374,0,0,0.0
62376,0,0,0.0
62379,0,0,0.0
62387,0,0,0.0
62395,0,0,0.0
62397,0,0,0.0
62407,0,0,0.0
62413,0,0,0.0
62423,0,0,0.0
62430,0,0,0.0
62436,0,0,0.0
62437,0,0,0.0
62440,0,0,0.0
62460,0,0,0.0
62476,0,0,0.0
62478,0,0,0.0
62481,0,0,0.0
62484,0,0,0.0
62485,0,0,0.0
62487,0,0,0.0
62497,0,0,0.0
62498,0,0,0.0
62500,0,0,0.0
62501,0,0,0.0
62504,0,0,0.0
62506,0,0,0.0
62509,0,0,0.0
62519,0,0,0.0
62529,0,0,0.0
62530,0,0,0.0
62531,0,0,0.0
62536,0,0,0.0
62539,0,0,0.0
62557,0,0,0.0
62561,0,0,0.0
62574,0,0,0.0
62578,0,0,0.0
62590,0,0,0.0
62591,0,0,0.0
62596,0,0,0.0
62597,0,0,0.0
62614,0,0,0.0
62622,0,0,0.0
62625,0,0,0.0
62634,0,0,0.0
62653,0,0,0.0
62657,0,0,0.0
62664,0,0,0.0
62666,0,0,0.0
62667,0,0,0.0
62679,0,0,0.0
62686,0,0,0.0
62696,0,0,0.0
62698,0,0,0.0
62699,0,0,0.0
62703,0,0,0.0
62706,0,0,0.0
62710,0,0,0.0
62714,0,0,0.0
62718,0,0,0.0
62719,0,0,0.0
62723,0,0,0.0
62726,0,0,0.0
62728,0,0,0.0
62730,0,0,0.0
62731,0,0,0.0
62732,0,0,0.0
62734,0,0,0.0
62735,0,0,0.0
62739,0,0,0.0
62755,0,0,0.0
62757,0,0,0.0
62765,0,0,0.0
62776,0,0,0.0
62784,0,0,0.0
62788,0,0,0.0
62791,0,0,0.0
62805,0,0,0.0
62810,0,0,0.0
62811,0,0,0.0
62813,0,0,0.0
62815,0,0,0.0
62816,0,0,0.0
62821,0,0,0.0
62848,0,0,0.0
62850,0,0,0.0
62865,0,0,0.0
62874,0,0,0.0
62875,0,0,0.0
62877,0,0,0.0
62879,0,0,0.0
62892,0,0,0.0
62908,0,0,0.0
62918,0,0,0.0
62922,0,0,0.0
62926,0,0,0.0
62927,0,0,0.0
62932,0,0,0.0
62936,0,0,0.0
62955,0,0,0.0
62959,0,0,0.0
62964,0,0,0.0
62972,0,0,0.0
62978,0,0,0.0
62980,0,0,0.0
62985,0,0,0.0
63006,0,0,0.0
63013,0,0,0.0
63015,0,0,0.0
63016,0,0,0.0
63034,0,0,0.0
63035,0,0,0.0
63037,0,0,0.0
63052,0,0,0.0
63055,0,0,0.0
63056,0,0,0.0
63067,0,0,0.0
63068,0,0,0.0
63069,0,0,0.0
63074,0,0,0.0
63078,0,0,0.0
63083,0,0,0.0
63084,0,0,0.0
63088,0,0,0.0
63090,0,0,0.0
63098,0,0,0.0
63111,0,0,0.0
63114,0,0,0.0
63116,0,0,0.0
63117,0,0,0.0
63124,0,0,0.0
63129,0,0,0.0
63140,0,0,0.0
63143,0,0,0.0
63145,0,0,0.0
63146,0,0,0.0
63148,0,0,0.0
63154,0,0,0.0
63163,0,0,0.0
63166,0,0,0.0
63167,0,0,0.0
63172,0,0,0.0
63176,0,0,0.0
63177,0,0,0.0
63188,0,0,0.0
63206,0,0,0.0
63210,0,0,0.0
63221,0,0,0.0
63225,0,0,0.0
63230,0,0,0.0
63239,0,0,0.0
63250,0,0,0.0
63255,0,0,0.0
63258,0,0,0.0
63259,0,0,0.0
63264,0,0,0.0
63275,0,0,0.0
63278,0,0,0.0
63287,0,0,0.0
63296,0,0,0.0
63313,0,0,0.0
63316,0,0,0.0
63322,0,0,0.0
63324,0,0,0.0
63329,0,0,0.0
63336,0,0,0.0
63338,0,0,0.0
63343,0,0,0.0
63368,0,0,0.0
63382,0,0,0.0
63385,0,0,0.0
63386,0,0,0.0
63390,0,0,0.0
63391,0,0,0.0
63397,0,0,0.0
63399,0,0,0.0
63405,0,0,0.0
63406,0,0,0.0
63411,0,0,0.0
63415,0,0,0.0
63424,0,0,0.0
63443,0,0,0.0
63445,0,0,0.0
63448,0,0,0.0
63451,0,0,0.0
63457,0,0,0.0
63467,0,0,0.0
63471,0,0,0.0
63472,0,0,0.0
63476,0,0,0.0
63479,0,0,0.0
63489,0,0,0.0
63492,0,0,0.0
63502,0,0,0.0
63504,0,0,0.0
63507,0,0,0.0
63510,0,0,0.0
63515,0,0,0.0
63517,0,0,0.0
63526,0,0,0.0
63540,0,0,0.0
63545,0,0,0.0
63557,0,0,0.0
63566,0,0,0.0
63567,0,0,0.0
63569,0,0,0.0
63572,0,0,0.0
63575,0,0,0.0
63583,0,0,0.0
63608,0,0,0.0
63613,0,0,0.0
63614,0,0,0.0
63615,0,0,0.0
63619,0,0,0.0
63636,0,0,0.0
63638,0,0,0.0
63642,0,0,0.0
63651,0,0,0.0
63654,0,0,0.0
63664,0,0,0.0
63666,0,0,0.0
63670,0,0,0.0
63673,0,0,0.0
63701,0,0,0.0
63715,0,0,0.0
63725,0,0,0.0
63732,0,0,0.0
63734,0,0,0.0
63744,0,0,0.0
63746,0,0,0.0
63749,0,0,0.0
63765,0,0,0.0
63772,0,0,0.0
63782,0,0,0.0
63783,0,0,0.0
63790,0,0,0.0
63795,0,0,0.0
63797,0,0,0.0
63799,0,0,0.0
63801,0,0,0.0
63802,0,0,0.0
63804,0,0,0.0
63808,0,0,0.0
63809,0,0,0.0
63814,0,0,0.0
63823,0,0,0.0
63824,0,0,0.0
63826,0,0,0.0
63835,0,0,0.0
63848,0,0,0.0
63853,0,0,0.0
63858,0,0,0.0
63862,0,0,0.0
63864,0,0,0.0
63869,0,0,0.0
63880,0,0,0.0
63886,0,0,0.0
63888,0,0,0.0
63893,0,0,0.0
63899,0,0,0.0
63903,0,0,0.0
63904,0,0,0.0
63909,0,0,0.0
63917,0,0,0.0
63919,0,0,0.0
63921,0,0,0.0
63923,0,0,0.0
63924,0,0,0.0
63929,0,0,0.0
63941,0,0,0.0
63942,0,0,0.0
63944,0,0,0.0
63949,0,0,0.0
63951,0,0,0.0
63957,0,0,0.0
63958,0,0,0.0
63965,0,0,0.0
63972,0,0,0.0
63977,0,0,0.0
63983,0,0,0.0
63994,0,0,0.0
64001,0,0,0.0
64006,0,0,0.0
64008,0,0,0.0
64010,0,0,0.0
64016,0,0,0.0
64020,0,0,0.0
64022,0,0,0.0
64023,0,0,0.0
64034,0,0,0.0
64037,0,0,0.0
64040,0,0,0.0
64044,0,0,0.0
64045,0,0,0.0
64057,0,0,0.0
64066,0,0,0.0
64084,0,0,0.0
64087,0,0,0.0
64088,0,0,0.0
64091,0,0,0.0
64103,0,0,0.0
64104,0,0,0.0
64105,0,0,0.0
64111,0,0,0.0
64116,0,0,0.0
64122,0,0,0.0
64135,0,0,0.0
64141,0,0,0.0
64143,0,0,0.0
64150,0,0,0.0
64159,0,0,0.0
64164,0,0,0.0
64166,0,0,0.0
64167,0,0,0.0
64173,0,0,0.0
64175,0,0,0.0
64180,0,0,0.0
64182,0,0,0.0
64203,0,0,0.0
64212,0,0,0.0
64216,0,0,0.0
64218,0,0,0.0
64221,0,0,0.0
64229,0,0,0.0
64234,0,0,0.0
64248,0,0,0.0
64249,0,0,0.0
64257,0,0,0.0
64259,0,0,0.0
64260,0,0,0.0
64271,0,0,0.0
64279,0,0,0.0
64286,0,0,0.0
64300,0,0,0.0
64308,0,0,0.0
64311,0,0,0.0
64319,0,0,0.0
64323,0,0,0.0
64324,0,0,0.0
64328,0,0,0.0
64337,0,0,0.0
64342,0,0,0.0
64343,0,0,0.0
64349,0,0,0.0
64350,0,0,0.0
64363,0,0,0.0
64366,0,0,0.0
64376,0,0,0.0
64379,0,0,0.0
64395,0,0,0.0
64397,0,0,0.0
64402,0,0,0.0
64407,0,0,0.0
64412,0,0,0.0
64414,0,0,0.0
64415,0,0,0.0
64416,0,0,0.0
64426,0,0,0.0
64444,0,0,0.0
64449,0,0,0.0
64452,0,0,0.0
64456,0,0,0.0
64460,0,0,0.0
64462,0,0,0.0
64470,0,0,0.0
64472,0,0,0.0
64475,0,0,0.0
64489,0,0,0.0
64490,0,0,0.0
64500,0,0,0.0
64501,0,0,0.0
64504,0,0,0.0
64520,0,0,0.0
64527,0,0,0.0
64528,0,0,0.0
64532,0,0,0.0
64546,0,0,0.0
64549,0,0,0.0
64550,0,0,0.0
64551,0,0,0.0
64553,0,0,0.0
64561,0,0,0.0
64568,0,0,0.0
64573,0,0,0.0
64576,0,0,0.0
64584,0,0,0.0
64590,0,0,0.0
64596,0,0,0.0
64615,0,0,0.0
64616,0,0,0.0
64621,0,0,0.0
64622,0,0,0.0
64624,0,0,0.0
64625,0,0,0.0
64628,0,0,0.0
64637,0,0,0.0
64639,0,0,0.0
64646,0,0,0.0
64647,0,0,0.0
64655,0,0,0.0
64666,0,0,0.0
64674,0,0,0.0
64675,0,0,0.0
64677,0,0,0.0
64693,0,0,0.0
64701,0,0,0.0
64710,0,0,0.0
64720,0,0,0.0
64725,0,0,0.0
64730,0,0,0.0
64733,0,0,0.0
64734,0,0,0.0
64735,0,0,0.0
64736,0,0,0.0
64745,0,0,0.0
64748,0,0,0.0
64752,0,0,0.0
64762,0,0,0.0
64763,0,0,0.0
64767,0,0,0.0
64769,0,0,0.0
64773,0,0,0.0
64780,0,0,0.0
64781,0,0,0.0
64791,0,0,0.0
64795,0,0,0.0
64800,0,0,0.0
64803,0,0,0.0
64807,0,0,0.0
64810,0,0,0.0
64811,0,0,0.0
64818,0,0,0.0
64827,0,0,0.0
64833,0,0,0.0
64845,0,0,0.0
64849,0,0,0.0
64851,0,0,0.0
64856,0,0,0.0
64865,0,0,0.0
64866,0,0,0.0
64872,0,0,0.0
64880,0,0,0.0
64884,0,0,0.0
64886,0,0,0.0
64888,0,0,0.0
64889,0,0,0.0
64890,0,0,0.0
64893,0,0,0.0
64896,0,0,0.0
64897,0,0,0.0
64898,0,0,0.0
64904,0,0,0.0
64908,0,0,0.0
64910,0,0,0.0
64924,0,0,0.0
64927,0,0,0.0
64934,0,0,0.0
64938,0,0,0.0
64947,0,0,0.0
64948,0,0,0.0
64952,0,0,0.0
64953,0,0,0.0
64955,0,0,0.0
64959,0,0,0.0
64965,0,0,0.0
64968,0,0,0.0
64971,0,0,0.0
64972,0,0,0.0
64977,0,0,0.0
64979,0,0,0.0
64980,0,0,0.0
64983,0,0,0.0
64987,0,0,0.0
64988,0,0,0.0
65000,0,0,0.0
65008,0,0,0.0
65012,0,0,0.0
65013,0,0,0.0
65015,0,0,0.0
65016,0,0,0.0
65020,0,0,0.0
65022,0,0,0.0
65028,0,0,0.0
65030,0,0,0.0
65032,0,0,0.0
65038,0,0,0.0
65039,0,0,0.0
65041,0,0,0.0
65054,0,0,0.0
65059,0,0,0.0
65063,0,0,0.0
65064,0,0,0.0
65070,0,0,0.0
65075,0,0,0.0
65085,0,0,0.0
65089,0,0,0.0
65092,0,0,0.0
65094,0,0,0.0
65097,0,0,0.0
65102,0,0,0.0
65105,0,0,0.0
65106,0,0,0.0
65113,0,0,0.0
65119,0,0,0.0
65121,0,0,0.0
65123,0,0,0.0
65125,0,0,0.0
65130,0,0,0.0
65136,0,0,0.0
65172,0,0,0.0
65180,0,0,0.0
65183,0,0,0.0
65184,0,0,0.0
65187,0,0,0.0
65190,0,0,0.0
65193,0,0,0.0
65194,0,0,0.0
65205,0,0,0.0
65210,0,0,0.0
65216,0,0,0.0
65218,0,0,0.0
65237,0,0,0.0
65238,0,0,0.0
65247,0,0,0.0
65251,0,0,0.0
65258,0,0,0.0
65260,0,0,0.0
65265,0,0,0.0
65269,0,0,0.0
65272,0,0,0.0
65275,0,0,0.0
65291,0,0,0.0
65295,0,0,0.0
65302,0,0,0.0
65310,0,0,0.0
65313,0,0,0.0
65316,0,0,0.0
65323,0,0,0.0
65325,0,0,0.0
65330,0,0,0.0
65337,0,0,0.0
65341,0,0,0.0
65349,0,0,0.0
65352,0,0,0.0
65355,0,0,0.0
65358,0,0,0.0
65362,0,0,0.0
65363,0,0,0.0
65365,0,0,0.0
65369,0,0,0.0
65372,0,0,0.0
65377,0,0,0.0
65379,0,0,0.0
65381,0,0,0.0
65384,0,0,0.0
65387,0,0,0.0
65393,0,0,0.0
65394,0,0,0.0
65395,0,0,0.0
65396,0,0,0.0
65402,0,0,0.0
65409,0,0,0.0
65415,0,0,0.0
65422,0,0,0.0
65432,0,0,0.0
65434,0,0,0.0
65435,0,0,0.0
65438,0,0,0.0
65443,0,0,0.0
65448,0,0,0.0
65449,0,0,0.0
65450,0,0,0.0
65452,0,0,0.0
65454,0,0,0.0
65455,0,0,0.0
65458,0,0,0.0
65459,0,0,0.0
65460,0,0,0.0
65465,0,0,0.0
65470,0,0,0.0
65475,0,0,0.0
65477,0,0,0.0
65482,0,0,0.0
65485,0,0,0.0
65490,0,0,0.0
65491,0,0,0.0
65492,0,0,0.0
65495,0,0,0.0
65500,0,0,0.0
65501,0,0,0.0
65502,0,0,0.0
65507,0,0,0.0
65509,0,0,0.0
65512,0,0,0.0
65513,0,0,0.0
65524,0,0,0.0
65527,0,0,0.0
65529,0,0,0.0
65530,0,0,0.0
65532,0,0,0.0
65534,0,0,0.0
65535,0,0,0.0
65537,0,0,0.0
65539,0,0,0.0
65545,0,0,0.0
65560,0,0,0.0
65564,0,0,0.0
65567,0,0,0.0
65576,0,0,0.0
65580,0,0,0.0
65582,0,0,0.0
65598,0,0,0.0
65600,0,0,0.0
65601,0,0,0.0
65603,0,0,0.0
65604,0,0,0.0
65611,0,0,0.0
65617,0,0,0.0
65619,0,0,0.0
65622,0,0,0.0
65626,0,0,0.0
65633,0,0,0.0
65638,0,0,0.0
65648,0,0,0.0
65658,0,0,0.0
65660,0,0,0.0
65665,0,0,0.0
65667,0,0,0.0
65686,0,0,0.0
65693,0,0,0.0
65695,0,0,0.0
65708,0,0,0.0
65711,0,0,0.0
65712,0,0,0.0
65721,0,0,0.0
65726,0,0,0.0
65734,0,0,0.0
65739,0,0,0.0
65748,0,0,0.0
65757,0,0,0.0
65762,0,0,0.0
65767,0,0,0.0
65775,0,0,0.0
65792,0,0,0.0
65795,0,0,0.0
65799,0,0,0.0
65800,0,0,0.0
65808,0,0,0.0
65816,0,0,0.0
65819,0,0,0.0
65820,0,0,0.0
65821,0,0,0.0
65824,0,0,0.0
65829,0,0,0.0
65835,0,0,0.0
65837,0,0,0.0
65838,0,0,0.0
65842,0,0,0.0
65845,0,0,0.0
65850,0,0,0.0
65855,0,0,0.0
65858,0,0,0.0
65860,0,0,0.0
65867,0,0,0.0
65869,0,0,0.0
65878,0,0,0.0
65880,0,0,0.0
65882,0,0,0.0
65883,0,0,0.0
65884,0,0,0.0
65888,0,0,0.0
65898,0,0,0.0
65911,0,0,0.0
65915,0,0,0.0
65918,0,0,0.0
65925,0,0,0.0
65931,0,0,0.0
65932,0,0,0.0
65936,0,0,0.0
65937,0,0,0.0
65938,0,0,0.0
65939,0,0,0.0
65942,0,0,0.0
65944,0,0,0.0
65945,0,0,0.0
65947,0,0,0.0
65951,0,0,0.0
65952,0,0,0.0
65954,0,0,0.0
65958,0,0,0.0
65968,0,0,0.0
65975,0,0,0.0
65977,0,0,0.0
65980,0,0,0.0
65999,0,0,0.0
66011,0,0,0.0
66012,0,0,0.0
66017,0,0,0.0
66025,0,0,0.0
66029,0,0,0.0
66030,0,0,0.0
66048,0,0,0.0
66058,0,0,0.0
66060,0,0,0.0
66062,0,0,0.0
66065,0,0,0.0
66067,0,0,0.0
66074,0,0,0.0
66077,0,0,0.0
66082,0,0,0.0
66085,0,0,0.0
66091,0,0,0.0
66096,0,0,0.0
66100,0,0,0.0
66101,0,0,0.0
66102,0,0,0.0
66104,0,0,0.0
66105,0,0,0.0
66107,0,0,0.0
66110,0,0,0.0
66111,0,0,0.0
66112,0,0,0.0
66113,0,0,0.0
66114,0,0,0.0
66115,0,0,0.0
66118,0,0,0.0
66138,0,0,0.0
66144,0,0,0.0
66150,0,0,0.0
66151,0,0,0.0
66167,0,0,0.0
66170,0,0,0.0
66174,0,0,0.0
66181,0,0,0.0
66185,0,0,0.0
66194,0,0,0.0
66195,0,0,0.0
66196,0,0,0.0
66198,0,0,0.0
66201,0,0,0.0
66207,0,0,0.0
66220,0,0,0.0
66226,0,0,0.0
66227,0,0,0.0
66228,0,0,0.0
66230,0,0,0.0
66234,0,0,0.0
66235,0,0,0.0
66236,0,0,0.0
66245,0,0,0.0
66251,0,0,0.0
66252,0,0,0.0
66253,0,0,0.0
66257,0,0,0.0
66260,0,0,0.0
66265,0,0,0.0
66267,0,0,0.0
66269,0,0,0.0
66274,0,0,0.0
66276,0,0,0.0
66277,0,0,0.0
66278,0,0,0.0
66279,0,0,0.0
66287,0,0,0.0
66292,0,0,0.0
66301,0,0,0.0
66318,0,0,0.0
66326,0,0,0.0
66331,0,0,0.0
66334,0,0,0.0
66337,0,0,0.0
66339,0,0,0.0
66342,0,0,0.0
66356,0,0,0.0
66357,0,0,0.0
66359,0,0,0.0
66364,0,0,0.0
66365,0,0,0.0
66370,0,0,0.0
66376,0,0,0.0
66381,0,0,0.0
66387,0,0,0.0
66401,0,0,0.0
66403,0,0,0.0
66404,0,0,0.0
66408,0,0,0.0
66426,0,0,0.0
66435,0,0,0.0
66437,0,0,0.0
66450,0,0,0.0
66451,0,0,0.0
66458,0,0,0.0
66463,0,0,0.0
66470,0,0,0.0
66472,0,0,0.0
66486,0,0,0.0
66491,0,0,0.0
66496,0,0,0.0
66497,0,0,0.0
66498,0,0,0.0
66503,0,0,0.0
66504,0,0,0.0
66509,0,0,0.0
66513,0,0,0.0
66519,0,0,0.0
66523,0,0,0.0
66525,0,0,0.0
66530,0,0,0.0
66531,0,0,0.0
66534,0,0,0.0
66539,0,0,0.0
66550,0,0,0.0
66553,0,0,0.0
66555,0,0,0.0
66557,0,0,0.0
66561,0,0,0.0
66566,0,0,0.0
66570,0,0,0.0
66574,0,0,0.0
66583,0,0,0.0
66584,0,0,0.0
66586,0,0,0.0
66590,0,0,0.0
66592,0,0,0.0
66593,0,0,0.0
66596,0,0,0.0
66597,0,0,0.0
66599,0,0,0.0
66602,0,0,0.0
66605,0,0,0.0
66612,0,0,0.0
66615,0,0,0.0
66622,0,0,0.0
66624,0,0,0.0
66625,0,0,0.0
66641,0,0,0.0
66646,0,0,0.0
66651,0,0,0.0
66660,0,0,0.0
66662,0,0,0.0
66663,0,0,0.0
66668,0,0,0.0
66675,0,0,0.0
66678,0,0,0.0
66680,0,0,0.0
66681,0,0,0.0
66683,0,0,0.0
66688,0,0,0.0
66689,0,0,0.0
66701,0,0,0.0
66704,0,0,0.0
66705,0,0,0.0
66707,0,0,0.0
66713,0,0,0.0
66717,0,0,0.0
66718,0,0,0.0
66720,0,0,0.0
66725,0,0,0.0
66726,0,0,0.0
66735,0,0,0.0
66736,0,0,0.0
66746,0,0,0.0
66747,0,0,0.0
66760,0,0,0.0
66766,0,0,0.0
66779,0,0,0.0
66793,0,0,0.0
66795,0,0,0.0
66808,0,0,0.0
66812,0,0,0.0
66817,0,0,0.0
66820,0,0,0.0
66828,0,0,0.0
66834,0,0,0.0
66836,0,0,0.0
66838,0,0,0.0
66842,0,0,0.0
66845,0,0,0.0
66846,0,0,0.0
66853,0,0,0.0
66857,0,0,0.0
66861,0,0,0.0
66862,0,0,0.0
66870,0,0,0.0
66873,0,0,0.0
66878,0,0,0.0
66879,0,0,0.0
66887,0,0,0.0
66888,0,0,0.0
66894,0,0,0.0
66896,0,0,0.0
66900,0,0,0.0
66903,0,0,0.0
66908,0,0,0.0
66911,0,0,0.0
66923,0,0,0.0
66925,0,0,0.0
66927,0,0,0.0
66929,0,0,0.0
66930,0,0,0.0
66937,0,0,0.0
66940,0,0,0.0
66945,0,0,0.0
66946,0,0,0.0
66960,0,0,0.0
66969,0,0,0.0
66979,0,0,0.0
66983,0,0,0.0
66986,0,0,0.0
67002,0,0,0.0
67016,0,0,0.0
67024,0,0,0.0
67030,0,0,0.0
67031,0,0,0.0
67040,0,0,0.0
67050,0,0,0.0
67073,0,0,0.0
67074,0,0,0.0
67076,0,0,0.0
67082,0,0,0.0
67088,0,0,0.0
67092,0,0,0.0
67099,0,0,0.0
67108,0,0,0.0
67119,0,0,0.0
67121,0,0,0.0
67122,0,0,0.0
67129,0,0,0.0
67137,0,0,0.0
67138,0,0,0.0
67139,0,0,0.0
67143,0,0,0.0
67146,0,0,0.0
67152,0,0,0.0
67154,0,0,0.0
67157,0,0,0.0
67162,0,0,0.0
67177,0,0,0.0
67180,0,0,0.0
67182,0,0,0.0
67184,0,0,0.0
67196,0,0,0.0
67204,0,0,0.0
67209,0,0,0.0
67218,0,0,0.0
67234,0,0,0.0
67239,0,0,0.0
67244,0,0,0.0
67249,0,0,0.0
67256,0,0,0.0
67261,0,0,0.0
67264,0,0,0.0
67270,0,0,0.0
67276,0,0,0.0
67290,0,0,0.0
67300,0,0,0.0
67304,0,0,0.0
67306,0,0,0.0
67312,0,0,0.0
67313,0,0,0.0
67319,0,0,0.0
67320,0,0,0.0
67324,0,0,0.0
67327,0,0,0.0
67331,0,0,0.0
67335,0,0,0.0
67336,0,0,0.0
67346,0,0,0.0
67349,0,0,0.0
67350,0,0,0.0
67353,0,0,0.0
67356,0,0,0.0
67358,0,0,0.0
67360,0,0,0.0
67361,0,0,0.0
67364,0,0,0.0
67367,0,0,0.0
67380,0,0,0.0
67383,0,0,0.0
67385,0,0,0.0
67389,0,0,0.0
67396,0,0,0.0
67399,0,0,0.0
67409,0,0,0.0
67417,0,0,0.0
67418,0,0,0.0
67420,0,0,0.0
67422,0,0,0.0
67428,0,0,0.0
67431,0,0,0.0
67434,0,0,0.0
67449,0,0,0.0
67465,0,0,0.0
67471,0,0,0.0
67473,0,0,0.0
67476,0,0,0.0
67479,0,0,0.0
67481,0,0,0.0
67488,0,0,0.0
67490,0,0,0.0
67499,0,0,0.0
67500,0,0,0.0
67503,0,0,0.0
67506,0,0,0.0
67507,0,0,0.0
67508,0,0,0.0
67515,0,0,0.0
67517,0,0,0.0
67519,0,0,0.0
67523,0,0,0.0
67527,0,0,0.0
67528,0,0,0.0
67532,0,0,0.0
67540,0,0,0.0
67547,0,0,0.0
67555,0,0,0.0
67557,0,0,0.0
67558,0,0,0.0
67561,0,0,0.0
67568,0,0,0.0
67570,0,0,0.0
67576,0,0,0.0
67592,0,0,0.0
67593,0,0,0.0
67597,0,0,0.0
67598,0,0,0.0
67610,0,0,0.0
67615,0,0,0.0
67617,0,0,0.0
67624,0,0,0.0
67627,0,0,0.0
67636,0,0,0.0
67643,0,0,0.0
67645,0,0,0.0
67668,0,0,0.0
67681,0,0,0.0
67682,0,0,0.0
67684,0,0,0.0
67688,0,0,0.0
67690,0,0,0.0
67692,0,0,0.0
67695,0,0,0.0
67697,0,0,0.0
67702,0,0,0.0
67705,0,0,0.0
67706,0,0,0.0
67709,0,0,0.0
67712,0,0,0.0
67721,0,0,0.0
67730,0,0,0.0
67735,0,0,0.0
67736,0,0,0.0
67751,0,0,0.0
67753,0,0,0.0
67755,0,0,0.0
67757,0,0,0.0
67760,0,0,0.0
67770,0,0,0.0
67771,0,0,0.0
67775,0,0,0.0
67799,0,0,0.0
67801,0,0,0.0
67805,0,0,0.0
67807,0,0,0.0
67808,0,0,0.0
67809,0,0,0.0
67816,0,0,0.0
67827,0,0,0.0
67830,0,0,0.0
67845,0,0,0.0
67848,0,0,0.0
67863,0,0,0.0
67864,0,0,0.0
67865,0,0,0.0
67869,0,0,0.0
67879,0,0,0.0
67881,0,0,0.0
67882,0,0,0.0
67886,0,0,0.0
67889,0,0,0.0
67891,0,0,0.0
67893,0,0,0.0
67905,0,0,0.0
67911,0,0,0.0
67913,0,0,0.0
67918,0,0,0.0
67923,0,0,0.0
67925,0,0,0.0
67930,0,0,0.0
67936,0,0,0.0
67945,0,0,0.0
67947,0,0,0.0
67955,0,0,0.0
67959,0,0,0.0
67960,0,0,0.0
67963,0,0,0.0
67966,0,0,0.0
67972,0,0,0.0
67976,0,0,0.0
67983,0,0,0.0
67987,0,0,0.0
67989,0,0,0.0
68003,0,0,0.0
68020,0,0,0.0
68023,0,0,0.0
68030,0,0,0.0
68032,0,0,0.0
68035,0,0,0.0
68039,0,0,0.0
68046,0,0,0.0
68052,0,0,0.0
68053,0,0,0.0
68079,0,0,0.0
68084,0,0,0.0
68086,0,0,0.0
68098,0,0,0.0
68107,0,0,0.0
68112,0,0,0.0
68122,0,0,0.0
68124,0,0,0.0
68130,0,0,0.0
68139,0,0,0.0
68140,0,0,0.0
68141,0,0,0.0
68143,0,0,0.0
68148,0,0,0.0
68150,0,0,0.0
68152,0,0,0.0
68157,0,0,0.0
68162,0,0,0.0
68165,0,0,0.0
68170,0,0,0.0
68178,0,0,0.0
68179,0,0,0.0
68182,0,0,0.0
68184,0,0,0.0
68185,0,0,0.0
68191,0,0,0.0
68200,0,0,0.0
68202,0,0,0.0
68206,0,0,0.0
68208,0,0,0.0
68209,0,0,0.0
68215,0,0,0.0
68235,0,0,0.0
68236,0,0,0.0
68239,0,0,0.0
68246,0,0,0.0
68249,0,0,0.0
68258,0,0,0.0
68259,0,0,0.0
68261,0,0,0.0
68263,0,0,0.0
68264,0,0,0.0
68266,0,0,0.0
68269,0,0,0.0
68279,0,0,0.0
68280,0,0,0.0
68283,0,0,0.0
68289,0,0,0.0
68292,0,0,0.0
68299,0,0,0.0
68300,0,0,0.0
68305,0,0,0.0
68310,0,0,0.0
68312,0,0,0.0
68320,0,0,0.0
68326,0,0,0.0
68329,0,0,0.0
68331,0,0,0.0
68341,0,0,0.0
68346,0,0,0.0
68347,0,0,0.0
68349,0,0,0.0
68352,0,0,0.0
68357,0,0,0.0
68359,0,0,0.0
68360,0,0,0.0
68375,0,0,0.0
68378,0,0,0.0
68393,0,0,0.0
68396,0,0,0.0
68398,0,0,0.0
68400,0,0,0.0
68405,0,0,0.0
68407,0,0,0.0
68410,0,0,0.0
68416,0,0,0.0
68419,0,0,0.0
68425,0,0,0.0
68430,0,0,0.0
68438,0,0,0.0
68439,0,0,0.0
68445,0,0,0.0
68447,0,0,0.0
68458,0,0,0.0
68459,0,0,0.0
68463,0,0,0.0
68464,0,0,0.0
68465,0,0,0.0
68466,0,0,0.0
68469,0,0,0.0
68477,0,0,0.0
68488,0,0,0.0
68489,0,0,0.0
68495,0,0,0.0
68504,0,0,0.0
68506,0,0,0.0
68513,0,0,0.0
68514,0,0,0.0
68521,0,0,0.0
68523,0,0,0.0
68525,0,0,0.0
68533,0,0,0.0
68534,0,0,0.0
68551,0,0,0.0
68553,0,0,0.0
68565,0,0,0.0
68566,0,0,0.0
68569,0,0,0.0
68570,0,0,0.0
68574,0,0,0.0
68575,0,0,0.0
68580,0,0,0.0
68603,0,0,0.0
68605,0,0,0.0
68607,0,0,0.0
68609,0,0,0.0
68630,0,0,0.0
68633,0,0,0.0
68635,0,0,0.0
68637,0,0,0.0
68644,0,0,0.0
68649,0,0,0.0
68658,0,0,0.0
68660,0,0,0.0
68663,0,0,0.0
68675,0,0,0.0
68712,0,0,0.0
68714,0,0,0.0
68729,0,0,0.0
68735,0,0,0.0
68739,0,0,0.0
68744,0,0,0.0
68746,0,0,0.0
68747,0,0,0.0
68753,0,0,0.0
68756,0,0,0.0
68759,0,0,0.0
68760,0,0,0.0
68762,0,0,0.0
68765,0,0,0.0
68767,0,0,0.0
68774,0,0,0.0
68776,0,0,0.0
68793,0,0,0.0
68799,0,0,0.0
68801,0,0,0.0
68805,0,0,0.0
68815,0,0,0.0
68821,0,0,0.0
68827,0,0,0.0
68833,0,0,0.0
68840,0,0,0.0
68849,0,0,0.0
68851,0,0,0.0
68854,0,0,0.0
68858,0,0,0.0
68859,0,0,0.0
68860,0,0,0.0
68861,0,0,0.0
68867,0,0,0.0
68868,0,0,0.0
68869,0,0,0.0
68876,0,0,0.0
68878,0,0,0.0
68881,0,0,0.0
68884,0,0,0.0
68886,0,0,0.0
68888,0,0,0.0
68893,0,0,0.0
68895,0,0,0.0
68897,0,0,0.0
68901,0,0,0.0
68903,0,0,0.0
68905,0,0,0.0
68911,0,0,0.0
68913,0,0,0.0
68914,0,0,0.0
68917,0,0,0.0
68925,0,0,0.0
68926,0,0,0.0
68928,0,0,0.0
68933,0,0,0.0
68938,0,0,0.0
68942,0,0,0.0
68944,0,0,0.0
68955,0,0,0.0
68956,0,0,0.0
68978,0,0,0.0
68979,0,0,0.0
68983,0,0,0.0
68988,0,0,0.0
68991,0,0,0.0
69009,0,0,0.0
69024,0,0,0.0
69025,0,0,0.0
69031,0,0,0.0
69045,0,0,0.0
69046,0,0,0.0
69049,0,0,0.0
69057,0,0,0.0
69059,0,0,0.0
69076,0,0,0.0
69083,0,0,0.0
69085,0,0,0.0
69087,0,0,0.0
69091,0,0,0.0
69103,0,0,0.0
69110,0,0,0.0
69113,0,0,0.0
69114,0,0,0.0
69115,0,0,0.0
69116,0,0,0.0
69123,0,0,0.0
69145,0,0,0.0
69148,0,0,0.0
69152,0,0,0.0
69153,0,0,0.0
69173,0,0,0.0
69174,0,0,0.0
69177,0,0,0.0
69178,0,0,0.0
69181,0,0,0.0
69182,0,0,0.0
69198,0,0,0.0
69200,0,0,0.0
69204,0,0,0.0
69222,0,0,0.0
69235,0,0,0.0
69242,0,0,0.0
69250,0,0,0.0
69253,0,0,0.0
69254,0,0,0.0
69255,0,0,0.0
69261,0,0,0.0
69264,0,0,0.0
69273,0,0,0.0
69294,0,0,0.0
69303,0,0,0.0
69306,0,0,0.0
69307,0,0,0.0
69315,0,0,0.0
69323,0,0,0.0
69328,0,0,0.0
69338,0,0,0.0
69339,0,0,0.0
69342,0,0,0.0
69347,0,0,0.0
69349,0,0,0.0
69350,0,0,0.0
69362,0,0,0.0
69363,0,0,0.0
69368,0,0,0.0
69379,0,0,0.0
69380,0,0,0.0
69402,0,0,0.0
69403,0,0,0.0
69415,0,0,0.0
69419,0,0,0.0
69424,0,0,0.0
69426,0,0,0.0
69429,0,0,0.0
69430,0,0,0.0
69433,0,0,0.0
69434,0,0,0.0
69438,0,0,0.0
69439,0,0,0.0
69458,0,0,0.0
69459,0,0,0.0
69462,0,0,0.0
69469,0,0,0.0
69470,0,0,0.0
69475,0,0,0.0
69482,0,0,0.0
69486,0,0,0.0
69488,0,0,0.0
69493,0,0,0.0
69496,0,0,0.0
69499,0,0,0.0
69500,0,0,0.0
69510,0,0,0.0
69511,0,0,0.0
69516,0,0,0.0
69523,0,0,0.0
69525,0,0,0.0
69527,0,0,0.0
69542,0,0,0.0
69544,0,0,0.0
69547,0,0,0.0
69550,0,0,0.0
69551,0,0,0.0
69552,0,0,0.0
69562,0,0,0.0
69564,0,0,0.0
69575,0,0,0.0
69576,0,0,0.0
69580,0,0,0.0
69588,0,0,0.0
69593,0,0,0.0
69600,0,0,0.0
69606,0,0,0.0
69607,0,0,0.0
69609,0,0,0.0
69618,0,0,0.0
69631,0,0,0.0
69635,0,0,0.0
69637,0,0,0.0
69639,0,0,0.0
69650,0,0,0.0
69653,0,0,0.0
69661,0,0,0.0
69678,0,0,0.0
69680,0,0,0.0
69683,0,0,0.0
69697,0,0,0.0
69701,0,0,0.0
69708,0,0,0.0
69710,0,0,0.0
69715,0,0,0.0
69716,0,0,0.0
69717,0,0,0.0
69723,0,0,0.0
69734,0,0,0.0
69738,0,0,0.0
69742,0,0,0.0
69748,0,0,0.0
69758,0,0,0.0
69762,0,0,0.0
69772,0,0,0.0
69775,0,0,0.0
69777,0,0,0.0
69778,0,0,0.0
69789,0,0,0.0
69795,0,0,0.0
69799,0,0,0.0
69804,0,0,0.0
69805,0,0,0.0
69806,0,0,0.0
69811,0,0,0.0
69815,0,0,0.0
69816,0,0,0.0
69820,0,0,0.0
69823,0,0,0.0
69832,0,0,0.0
69843,0,0,0.0
69846,0,0,0.0
69852,0,0,0.0
69860,0,0,0.0
69863,0,0,0.0
69864,0,0,0.0
69884,0,0,0.0
69888,0,0,0.0
69890,0,0,0.0
69892,0,0,0.0
69898,0,0,0.0
69901,0,0,0.0
69902,0,0,0.0
69905,0,0,0.0
69906,0,0,0.0
69912,0,0,0.0
69917,0,0,0.0
69926,0,0,0.0
69935,0,0,0.0
69937,0,0,0.0
69945,0,0,0.0
69946,0,0,0.0
69956,0,0,0.0
69967,0,0,0.0
69976,0,0,0.0
69981,0,0,0.0
69983,0,0,0.0
69985,0,0,0.0
69986,0,0,0.0
69988,0,0,0.0
69991,0,0,0.0
69993,0,0,0.0
69998,0,0,0.0
70000,0,0,0.0
70005,0,0,0.0
70007,0,0,0.0
70013,0,0,0.0
70017,0,0,0.0
70019,0,0,0.0
70029,0,0,0.0
70033,0,0,0.0
70038,0,0,0.0
70050,0,0,0.0
70052,0,0,0.0
70058,0,0,0.0
70060,0,0,0.0
70066,0,0,0.0
70071,0,0,0.0
70076,0,0,0.0
70084,0,0,0.0
70091,0,0,0.0
70094,0,0,0.0
70095,0,0,0.0
70107,0,0,0.0
70110,0,0,0.0
70112,0,0,0.0
70114,0,0,0.0
70132,0,0,0.0
70134,0,0,0.0
70165,0,0,0.0
70176,0,0,0.0
70187,0,0,0.0
70197,0,0,0.0
70204,0,0,0.0
70207,0,0,0.0
70208,0,0,0.0
70212,0,0,0.0
70223,0,0,0.0
70233,0,0,0.0
70239,0,0,0.0
70244,0,0,0.0
70249,0,0,0.0
70251,0,0,0.0
70255,0,0,0.0
70262,0,0,0.0
70265,0,0,0.0
70270,0,0,0.0
70280,0,0,0.0
70291,0,0,0.0
70296,0,0,0.0
70297,0,0,0.0
70307,0,0,0.0
70310,0,0,0.0
70314,0,0,0.0
70318,0,0,0.0
70327,0,0,0.0
70328,0,0,0.0
70334,0,0,0.0
70335,0,0,0.0
70349,0,0,0.0
70350,0,0,0.0
70356,0,0,0.0
70357,0,0,0.0
70358,0,0,0.0
70367,0,0,0.0
70378,0,0,0.0
70386,0,0,0.0
70390,0,0,0.0
70391,0,0,0.0
70396,0,0,0.0
70407,0,0,0.0
70412,0,0,0.0
70414,0,0,0.0
70416,0,0,0.0
70417,0,0,0.0
70423,0,0,0.0
70424,0,0,0.0
70430,0,0,0.0
70433,0,0,0.0
70437,0,0,0.0
70438,0,0,0.0
70440,0,0,0.0
70443,0,0,0.0
70444,0,0,0.0
70445,0,0,0.0
70447,0,0,0.0
70456,0,0,0.0
70462,0,0,0.0
70472,0,0,0.0
70474,0,0,0.0
70478,0,0,0.0
70480,0,0,0.0
70482,0,0,0.0
70486,0,0,0.0
70488,0,0,0.0
70508,0,0,0.0
70512,0,0,0.0
70514,0,0,0.0
70519,0,0,0.0
70528,0,0,0.0
70577,0,0,0.0
70580,0,0,0.0
70583,0,0,0.0
70594,0,0,0.0
70596,0,0,0.0
70603,0,0,0.0
70608,0,0,0.0
70624,0,0,0.0
70625,0,0,0.0
70628,0,0,0.0
70630,0,0,0.0
70631,0,0,0.0
70635,0,0,0.0
70639,0,0,0.0
70646,0,0,0.0
70650,0,0,0.0
70652,0,0,0.0
70655,0,0,0.0
70659,0,0,0.0
70661,0,0,0.0
70666,0,0,0.0
70667,0,0,0.0
70677,0,0,0.0
70702,0,0,0.0
70705,0,0,0.0
70709,0,0,0.0
70713,0,0,0.0
70734,0,0,0.0
70739,0,0,0.0
70753,0,0,0.0
70757,0,0,0.0
70763,0,0,0.0
70766,0,0,0.0
70767,0,0,0.0
70771,0,0,0.0
70775,0,0,0.0
70779,0,0,0.0
70782,0,0,0.0
70786,0,0,0.0
70788,0,0,0.0
70791,0,0,0.0
70801,0,0,0.0
70812,0,0,0.0
70818,0,0,0.0
70819,0,0,0.0
70821,0,0,0.0
70824,0,0,0.0
70838,0,0,0.0
70839,0,0,0.0
70851,0,0,0.0
70854,0,0,0.0
70856,0,0,0.0
70861,0,0,0.0
70862,0,0,0.0
70863,0,0,0.0
70873,0,0,0.0
70875,0,0,0.0
70896,0,0,0.0
70904,0,0,0.0
70906,0,0,0.0
70907,0,0,0.0
70910,0,0,0.0
70916,0,0,0.0
70918,0,0,0.0
70919,0,0,0.0
70927,0,0,0.0
70932,0,0,0.0
70944,0,0,0.0
70945,0,0,0.0
70946,0,0,0.0
70949,0,0,0.0
70950,0,0,0.0
70951,0,0,0.0
70952,0,0,0.0
70954,0,0,0.0
70964,0,0,0.0
70968,0,0,0.0
70971,0,0,0.0
70972,0,0,0.0
70973,0,0,0.0
70976,0,0,0.0
70991,0,0,0.0
70997,0,0,0.0
71000,0,0,0.0
71005,0,0,0.0
71007,0,0,0.0
71008,0,0,0.0
71016,0,0,0.0
71017,0,0,0.0
71024,0,0,0.0
71034,0,0,0.0
71036,0,0,0.0
71046,0,0,0.0
71049,0,0,0.0
71054,0,0,0.0
71055,0,0,0.0
71063,0,0,0.0
71064,0,0,0.0
71066,0,0,0.0
71070,0,0,0.0
71071,0,0,0.0
71072,0,0,0.0
71077,0,0,0.0
71078,0,0,0.0
71081,0,0,0.0
71085,0,0,0.0
71086,0,0,0.0
71089,0,0,0.0
71090,0,0,0.0
71092,0,0,0.0
71093,0,0,0.0
71094,0,0,0.0
71100,0,0,0.0
71104,0,0,0.0
71110,0,0,0.0
71117,0,0,0.0
71118,0,0,0.0
71120,0,0,0.0
71135,0,0,0.0
71138,0,0,0.0
71143,0,0,0.0
71144,0,0,0.0
71157,0,0,0.0
71168,0,0,0.0
71169,0,0,0.0
71170,0,0,0.0
71174,0,0,0.0
71180,0,0,0.0
71183,0,0,0.0
71197,0,0,0.0
71201,0,0,0.0
71202,0,0,0.0
71204,0,0,0.0
71205,0,0,0.0
71206,0,0,0.0
71211,0,0,0.0
71214,0,0,0.0
71217,0,0,0.0
71219,0,0,0.0
71220,0,0,0.0
71223,0,0,0.0
71227,0,0,0.0
71231,0,0,0.0
71233,0,0,0.0
71242,0,0,0.0
71254,0,0,0.0
71256,0,0,0.0
71257,0,0,0.0
71258,0,0,0.0
71262,0,0,0.0
71267,0,0,0.0
71268,0,0,0.0
71269,0,0,0.0
71270,0,0,0.0
71274,0,0,0.0
71280,0,0,0.0
71288,0,0,0.0
71289,0,0,0.0
71291,0,0,0.0
71292,0,0,0.0
71301,0,0,0.0
71304,0,0,0.0
71306,0,0,0.0
71311,0,0,0.0
71314,0,0,0.0
71320,0,0,0.0
71324,0,0,0.0
71327,0,0,0.0
71328,0,0,0.0
71331,0,0,0.0
71333,0,0,0.0
71341,0,0,0.0
71346,0,0,0.0
71350,0,0,0.0
71356,0,0,0.0
71359,0,0,0.0
71362,0,0,0.0
71363,0,0,0.0
71368,0,0,0.0
71369,0,0,0.0
71375,0,0,0.0
71385,0,0,0.0
71396,0,0,0.0
71397,0,0,0.0
71401,0,0,0.0
71408,0,0,0.0
71409,0,0,0.0
71413,0,0,0.0
71415,0,0,0.0
71419,0,0,0.0
71420,0,0,0.0
71421,0,0,0.0
71424,0,0,0.0
71426,0,0,0.0
71440,0,0,0.0
71441,0,0,0.0
71448,0,0,0.0
71454,0,0,0.0
71457,0,0,0.0
71476,0,0,0.0
71482,0,0,0.0
71483,0,0,0.0
71488,0,0,0.0
71492,0,0,0.0
71498,0,0,0.0
71503,0,0,0.0
71517,0,0,0.0
71520,0,0,0.0
71522,0,0,0.0
71526,0,0,0.0
71530,0,0,0.0
71533,0,0,0.0
71540,0,0,0.0
71546,0,0,0.0
71547,0,0,0.0
71548,0,0,0.0
71549,0,0,0.0
71562,0,0,0.0
71565,0,0,0.0
71566,0,0,0.0
71572,0,0,0.0
71573,0,0,0.0
71576,0,0,0.0
71581,0,0,0.0
71590,0,0,0.0
71595,0,0,0.0
71596,0,0,0.0
71597,0,0,0.0
71603,0,0,0.0
71608,0,0,0.0
71618,0,0,0.0
71620,0,0,0.0
71626,0,0,0.0
71633,0,0,0.0
71638,0,0,0.0
71648,0,0,0.0
71650,0,0,0.0
71653,0,0,0.0
71658,0,0,0.0
71661,0,0,0.0
71666,0,0,0.0
71667,0,0,0.0
71676,0,0,0.0
71682,0,0,0.0
71684,0,0,0.0
71686,0,0,0.0
71695,0,0,0.0
71696,0,0,0.0
71701,0,0,0.0
71704,0,0,0.0
71707,0,0,0.0
71712,0,0,0.0
71717,0,0,0.0
71722,0,0,0.0
71724,0,0,0.0
71725,0,0,0.0
71728,0,0,0.0
71736,0,0,0.0
71750,0,0,0.0
71751,0,0,0.0
71765,0,0,0.0
71770,0,0,0.0
71772,0,0,0.0
71780,0,0,0.0
71783,0,0,0.0
71798,0,0,0.0
71804,0,0,0.0
71809,0,0,0.0
71815,0,0,0.0
71820,0,0,0.0
71823,0,0,0.0
71824,0,0,0.0
71845,0,0,0.0
71851,0,0,0.0
71856,0,0,0.0
71858,0,0,0.0
71865,0,0,0.0
71866,0,0,0.0
71880,0,0,0.0
71882,0,0,0.0
71885,0,0,0.0
71891,0,0,0.0
71902,0,0,0.0
71903,0,0,0.0
71910,0,0,0.0
71914,0,0,0.0
71915,0,0,0.0
71921,0,0,0.0
71928,0,0,0.0
71931,0,0,0.0
71942,0,0,0.0
71952,0,0,0.0
71953,0,0,0.0
71961,0,0,0.0
71964,0,0,0.0
71965,0,0,0.0
71980,0,0,0.0
71987,0,0,0.0
71991,0,0,0.0
71996,0,0,0.0
72002,0,0,0.0
72009,0,0,0.0
72010,0,0,0.0
72012,0,0,0.0
72024,0,0,0.0
72048,0,0,0.0
72049,0,0,0.0
72061,0,0,0.0
72066,0,0,0.0
72072,0,0,0.0
72074,0,0,0.0
72075,0,0,0.0
72076,0,0,0.0
72099,0,0,0.0
72100,0,0,0.0
72103,0,0,0.0
72106,0,0,0.0
72113,0,0,0.0
72122,0,0,0.0
72128,0,0,0.0
72135,0,0,0.0
72137,0,0,0.0
72139,0,0,0.0
72142,0,0,0.0
72147,0,0,0.0
72161,0,0,0.0
72187,0,0,0.0
72191,0,0,0.0
72195,0,0,0.0
72197,0,0,0.0
72205,0,0,0.0
72209,0,0,0.0
72211,0,0,0.0
72218,0,0,0.0
72219,0,0,0.0
72220,0,0,0.0
72226,0,0,0.0
72228,0,0,0.0
72236,0,0,0.0
72243,0,0,0.0
72249,0,0,0.0
72255,0,0,0.0
72256,0,0,0.0
72263,0,0,0.0
72268,0,0,0.0
72278,0,0,0.0
72284,0,0,0.0
72285,0,0,0.0
72286,0,0,0.0
72289,0,0,0.0
72294,0,0,0.0
72296,0,0,0.0
72300,0,0,0.0
72303,0,0,0.0
72312,0,0,0.0
72322,0,0,0.0
72327,0,0,0.0
72330,0,0,0.0
72334,0,0,0.0
72335,0,0,0.0
72337,0,0,0.0
72341,0,0,0.0
72345,0,0,0.0
72349,0,0,0.0
72350,0,0,0.0
72357,0,0,0.0
72363,0,0,0.0
72369,0,0,0.0
72374,0,0,0.0
72375,0,0,0.0
72378,0,0,0.0
72380,0,0,0.0
72384,0,0,0.0
72387,0,0,0.0
72396,0,0,0.0
72402,0,0,0.0
72403,0,0,0.0
72415,0,0,0.0
72416,0,0,0.0
72451,0,0,0.0
72456,0,0,0.0
72470,0,0,0.0
72471,0,0,0.0
72472,0,0,0.0
72484,0,0,0.0
72487,0,0,0.0
72489,0,0,0.0
72494,0,0,0.0
72514,0,0,0.0
72515,0,0,0.0
72516,0,0,0.0
72521,0,0,0.0
72522,0,0,0.0
72523,0,0,0.0
72527,0,0,0.0
72528,0,0,0.0
72532,0,0,0.0
72547,0,0,0.0
72552,0,0,0.0
72558,0,0,0.0
72560,0,0,0.0
72563,0,0,0.0
72564,0,0,0.0
72566,0,0,0.0
72574,0,0,0.0
72578,0,0,0.0
72579,0,0,0.0
72583,0,0,0.0
72587,0,0,0.0
72591,0,0,0.0
72592,0,0,0.0
72597,0,0,0.0
72598,0,0,0.0
72605,0,0,0.0
72610,0,0,0.0
72616,0,0,0.0
72617,0,0,0.0
72628,0,0,0.0
72632,0,0,0.0
72636,0,0,0.0
72639,0,0,0.0
72647,0,0,0.0
72650,0,0,0.0
72659,0,0,0.0
72660,0,0,0.0
72664,0,0,0.0
72666,0,0,0.0
72667,0,0,0.0
72675,0,0,0.0
72681,0,0,0.0
72685,0,0,0.0
72691,0,0,0.0
72697,0,0,0.0
72709,0,0,0.0
72718,0,0,0.0
72732,0,0,0.0
72741,0,0,0.0
72747,0,0,0.0
72748,0,0,0.0
72756,0,0,0.0
72757,0,0,0.0
72763,0,0,0.0
72768,0,0,0.0
72773,0,0,0.0
72780,0,0,0.0
72784,0,0,0.0
72792,0,0,0.0
72799,0,0,0.0
72801,0,0,0.0
72811,0,0,0.0
72812,0,0,0.0
72819,0,0,0.0
72827,0,0,0.0
72837,0,0,0.0
72838,0,0,0.0
72847,0,0,0.0
72855,0,0,0.0
72858,0,0,0.0
72860,0,0,0.0
72877,0,0,0.0
72885,0,0,0.0
72886,0,0,0.0
72889,0,0,0.0
72891,0,0,0.0
72896,0,0,0.0
72901,0,0,0.0
72904,0,0,0.0
72905,0,0,0.0
72906,0,0,0.0
72912,0,0,0.0
72916,0,0,0.0
72920,0,0,0.0
72921,0,0,0.0
72925,0,0,0.0
72930,0,0,0.0
72931,0,0,0.0
72934,0,0,0.0
72936,0,0,0.0
72938,0,0,0.0
72941,0,0,0.0
72952,0,0,0.0
72956,0,0,0.0
72959,0,0,0.0
72965,0,0,0.0
72969,0,0,0.0
72973,0,0,0.0
72982,0,0,0.0
72987,0,0,0.0
72990,0,0,0.0
72992,0,0,0.0
72997,0,0,0.0
73014,0,0,0.0
73018,0,0,0.0
73019,0,0,0.0
73029,0,0,0.0
73031,0,0,0.0
73039,0,0,0.0
73047,0,0,0.0
73048,0,0,0.0
73053,0,0,0.0
73057,0,0,0.0
73062,0,0,0.0
73068,0,0,0.0
73074,0,0,0.0
73078,0,0,0.0
73086,0,0,0.0
73092,0,0,0.0
73095,0,0,0.0
73097,0,0,0.0
73100,0,0,0.0
73104,0,0,0.0
73105,0,0,0.0
73108,0,0,0.0
73114,0,0,0.0
73117,0,0,0.0
73120,0,0,0.0
73133,0,0,0.0
73137,0,0,0.0
73138,0,0,0.0
73141,0,0,0.0
73147,0,0,0.0
73152,0,0,0.0
73153,0,0,0.0
73160,0,0,0.0
73165,0,0,0.0
73166,0,0,0.0
73181,0,0,0.0
73184,0,0,0.0
73187,0,0,0.0
73188,0,0,0.0
73198,0,0,0.0
73203,0,0,0.0
73207,0,0,0.0
73210,0,0,0.0
73219,0,0,0.0
73234,0,0,0.0
73246,0,0,0.0
73260,0,0,0.0
73261,0,0,0.0
73272,0,0,0.0
73279,0,0,0.0
73284,0,0,0.0
73299,0,0,0.0
73314,0,0,0.0
73316,0,0,0.0
73321,0,0,0.0
73324,0,0,0.0
73331,0,0,0.0
73345,0,0,0.0
73348,0,0,0.0
73350,0,0,0.0
73357,0,0,0.0
73360,0,0,0.0
73363,0,0,0.0
73366,0,0,0.0
73372,0,0,0.0
73375,0,0,0.0
73380,0,0,0.0
73381,0,0,0.0
73397,0,0,0.0
73408,0,0,0.0
73415,0,0,0.0
73427,0,0,0.0
73435,0,0,0.0
73437,0,0,0.0
73438,0,0,0.0
73444,0,0,0.0
73449,0,0,0.0
73452,0,0,0.0
73453,0,0,0.0
73456,0,0,0.0
73457,0,0,0.0
73465,0,0,0.0
73468,0,0,0.0
73472,0,0,0.0
73474,0,0,0.0
73475,0,0,0.0
73476,0,0,0.0
73479,0,0,0.0
73488,0,0,0.0
73489,0,0,0.0
73507,0,0,0.0
73511,0,0,0.0
73515,0,0,0.0
73518,0,0,0.0
73519,0,0,0.0
73522,0,0,0.0
73538,0,0,0.0
73541,0,0,0.0
73543,0,0,0.0
73550,0,0,0.0
73555,0,0,0.0
73556,0,0,0.0
73560,0,0,0.0
73574,0,0,0.0
73582,0,0,0.0
73583,0,0,0.0
73588,0,0,0.0
73592,0,0,0.0
73593,0,0,0.0
73602,0,0,0.0
73613,0,0,0.0
73622,0,0,0.0
73625,0,0,0.0
73626,0,0,0.0
73631,0,0,0.0
73632,0,0,0.0
73636,0,0,0.0
73640,0,0,0.0
73642,0,0,0.0
73650,0,0,0.0
73665,0,0,0.0
73669,0,0,0.0
73676,0,0,0.0
73678,0,0,0.0
73683,0,0,0.0
73686,0,0,0.0
73687,0,0,0.0
73688,0,0,0.0
73694,0,0,0.0
73697,0,0,0.0
73707,0,0,0.0
73709,0,0,0.0
73719,0,0,0.0
73720,0,0,0.0
73728,0,0,0.0
73731,0,0,0.0
73732,0,0,0.0
73739,0,0,0.0
73745,0,0,0.0
73748,0,0,0.0
73750,0,0,0.0
73751,0,0,0.0
73754,0,0,0.0
73769,0,0,0.0
73772,0,0,0.0
73778,0,0,0.0
73781,0,0,0.0
73793,0,0,0.0
73794,0,0,0.0
73797,0,0,0.0
73805,0,0,0.0
73806,0,0,0.0
73808,0,0,0.0
73810,0,0,0.0
73814,0,0,0.0
73816,0,0,0.0
73822,0,0,0.0
73823,0,0,0.0
73842,0,0,0.0
73844,0,0,0.0
73852,0,0,0.0
73853,0,0,0.0
73857,0,0,0.0
73861,0,0,0.0
73870,0,0,0.0
73877,0,0,0.0
73878,0,0,0.0
73879,0,0,0.0
73882,0,0,0.0
73904,0,0,0.0
73908,0,0,0.0
73919,0,0,0.0
73920,0,0,0.0
73921,0,0,0.0
73966,0,0,0.0
73969,0,0,0.0
73970,0,0,0.0
73984,0,0,0.0
73989,0,0,0.0
73990,0,0,0.0
73992,0,0,0.0
73995,0,0,0.0
74006,0,0,0.0
74008,0,0,0.0
74011,0,0,0.0
74013,0,0,0.0
74019,0,0,0.0
74027,0,0,0.0
74028,0,0,0.0
74031,0,0,0.0
74036,0,0,0.0
74038,0,0,0.0
74039,0,0,0.0
74043,0,0,0.0
74044,0,0,0.0
74045,0,0,0.0
74048,0,0,0.0
74050,0,0,0.0
74051,0,0,0.0
74057,0,0,0.0
74058,0,0,0.0
74059,0,0,0.0
74062,0,0,0.0
74067,0,0,0.0
74074,0,0,0.0
74083,0,0,0.0
74088,0,0,0.0
74090,0,0,0.0
74091,0,0,0.0
74108,0,0,0.0
74117,0,0,0.0
74122,0,0,0.0
74124,0,0,0.0
74125,0,0,0.0
74129,0,0,0.0
74130,0,0,0.0
74131,0,0,0.0
74132,0,0,0.0
74133,0,0,0.0
74134,0,0,0.0
74139,0,0,0.0
74141,0,0,0.0
74142,0,0,0.0
74144,0,0,0.0
74154,0,0,0.0
74177,0,0,0.0
74187,0,0,0.0
74188,0,0,0.0
74190,0,0,0.0
74199,0,0,0.0
74206,0,0,0.0
74207,0,0,0.0
74209,0,0,0.0
74235,0,0,0.0
74239,0,0,0.0
74253,0,0,0.0
74254,0,0,0.0
74255,0,0,0.0
74262,0,0,0.0
74266,0,0,0.0
74279,0,0,0.0
74281,0,0,0.0
74285,0,0,0.0
74292,0,0,0.0
74301,0,0,0.0
74308,0,0,0.0
74316,0,0,0.0
74323,0,0,0.0
74329,0,0,0.0
74333,0,0,0.0
74334,0,0,0.0
74336,0,0,0.0
74345,0,0,0.0
74348,0,0,0.0
74361,0,0,0.0
74368,0,0,0.0
74372,0,0,0.0
74378,0,0,0.0
74389,0,0,0.0
74391,0,0,0.0
74394,0,0,0.0
74397,0,0,0.0
74416,0,0,0.0
74418,0,0,0.0
74433,0,0,0.0
74435,0,0,0.0
74436,0,0,0.0
74449,0,0,0.0
74458,0,0,0.0
74461,0,0,0.0
74465,0,0,0.0
74471,0,0,0.0
74476,0,0,0.0
74478,0,0,0.0
74484,0,0,0.0
74487,0,0,0.0
74491,0,0,0.0
74493,0,0,0.0
74498,0,0,0.0
74509,0,0,0.0
74513,0,0,0.0
74521,0,0,0.0
74524,0,0,0.0
74536,0,0,0.0
74541,0,0,0.0
74549,0,0,0.0
74552,0,0,0.0
74558,0,0,0.0
74574,0,0,0.0
74576,0,0,0.0
74577,0,0,0.0
74585,0,0,0.0
74587,0,0,0.0
74590,0,0,0.0
74591,0,0,0.0
74594,0,0,0.0
74595,0,0,0.0
74596,0,0,0.0
74599,0,0,0.0
74614,0,0,0.0
74627,0,0,0.0
74629,0,0,0.0
74630,0,0,0.0
74633,0,0,0.0
74636,0,0,0.0
74639,0,0,0.0
74647,0,0,0.0
74650,0,0,0.0
74656,0,0,0.0
74657,0,0,0.0
74658,0,0,0.0
74659,0,0,0.0
74660,0,0,0.0
74669,0,0,0.0
74674,0,0,0.0
74681,0,0,0.0
74685,0,0,0.0
74689,0,0,0.0
74694,0,0,0.0
74702,0,0,0.0
74706,0,0,0.0
74710,0,0,0.0
74718,0,0,0.0
74725,0,0,0.0
74727,0,0,0.0
74728,0,0,0.0
74729,0,0,0.0
74730,0,0,0.0
74735,0,0,0.0
74736,0,0,0.0
74737,0,0,0.0
74738,0,0,0.0
74741,0,0,0.0
74743,0,0,0.0
74746,0,0,0.0
74752,0,0,0.0
74756,0,0,0.0
74765,0,0,0.0
74767,0,0,0.0
74768,0,0,0.0
74769,0,0,0.0
74770,0,0,0.0
74782,0,0,0.0
74786,0,0,0.0
74789,0,0,0.0
74791,0,0,0.0
74799,0,0,0.0
74805,0,0,0.0
74808,0,0,0.0
74810,0,0,0.0
74812,0,0,0.0
74816,0,0,0.0
74821,0,0,0.0
74832,0,0,0.0
74837,0,0,0.0
74838,0,0,0.0
74843,0,0,0.0
74844,0,0,0.0
74849,0,0,0.0
74853,0,0,0.0
74859,0,0,0.0
74864,0,0,0.0
74865,0,0,0.0
74866,0,0,0.0
74867,0,0,0.0
74887,0,0,0.0
74896,0,0,0.0
74907,0,0,0.0
74910,0,0,0.0
74918,0,0,0.0
74919,0,0,0.0
74924,0,0,0.0
74932,0,0,0.0
74933,0,0,0.0
74939,0,0,0.0
74952,0,0,0.0
74967,0,0,0.0
74988,0,0,0.0
74999,0,0,0.0
75007,0,0,0.0
75014,0,0,0.0
75015,0,0,0.0
75017,0,0,0.0
75021,0,0,0.0
75022,0,0,0.0
75033,0,0,0.0
75037,0,0,0.0
75048,0,0,0.0
75052,0,0,0.0
75061,0,0,0.0
75068,0,0,0.0
75086,0,0,0.0
75091,0,0,0.0
75107,0,0,0.0
75108,0,0,0.0
75121,0,0,0.0
75129,0,0,0.0
75131,0,0,0.0
75132,0,0,0.0
75133,0,0,0.0
75135,0,0,0.0
75139,0,0,0.0
75140,0,0,0.0
75145,0,0,0.0
75153,0,0,0.0
75154,0,0,0.0
75155,0,0,0.0
75159,0,0,0.0
75162,0,0,0.0
75176,0,0,0.0
75183,0,0,0.0
75185,0,0,0.0
75195,0,0,0.0
75197,0,0,0.0
75200,0,0,0.0
75201,0,0,0.0
75202,0,0,0.0
75212,0,0,0.0
75213,0,0,0.0
75214,0,0,0.0
75215,0,0,0.0
75223,0,0,0.0
75228,0,0,0.0
75237,0,0,0.0
75244,0,0,0.0
75246,0,0,0.0
75249,0,0,0.0
75256,0,0,0.0
75258,0,0,0.0
75260,0,0,0.0
75263,0,0,0.0
75269,0,0,0.0
75271,0,0,0.0
75276,0,0,0.0
75294,0,0,0.0
75299,0,0,0.0
75311,0,0,0.0
75322,0,0,0.0
75323,0,0,0.0
75327,0,0,0.0
75328,0,0,0.0
75335,0,0,0.0
75337,0,0,0.0
75341,0,0,0.0
75343,0,0,0.0
75344,0,0,0.0
75345,0,0,0.0
75354,0,0,0.0
75358,0,0,0.0
75365,0,0,0.0
75373,0,0,0.0
75377,0,0,0.0
75381,0,0,0.0
75383,0,0,0.0
75385,0,0,0.0
75388,0,0,0.0
75393,0,0,0.0
75395,0,0,0.0
75401,0,0,0.0
75406,0,0,0.0
75421,0,0,0.0
75429,0,0,0.0
75430,0,0,0.0
75431,0,0,0.0
75437,0,0,0.0
75451,0,0,0.0
75452,0,0,0.0
75454,0,0,0.0
75460,0,0,0.0
75478,0,0,0.0
75484,0,0,0.0
75489,0,0,0.0
75496,0,0,0.0
75498,0,0,0.0
75516,0,0,0.0
75526,0,0,0.0
75528,0,0,0.0
75541,0,0,0.0
75542,0,0,0.0
75561,0,0,0.0
75565,0,0,0.0
75575,0,0,0.0
75576,0,0,0.0
75579,0,0,0.0
75585,0,0,0.0
75593,0,0,0.0
75596,0,0,0.0
75605,0,0,0.0
75609,0,0,0.0
75614,0,0,0.0
75615,0,0,0.0
75617,0,0,0.0
75625,0,0,0.0
75630,0,0,0.0
75635,0,0,0.0
75637,0,0,0.0
75642,0,0,0.0
75646,0,0,0.0
75650,0,0,0.0
75652,0,0,0.0
75655,0,0,0.0
75657,0,0,0.0
75676,0,0,0.0
75684,0,0,0.0
75686,0,0,0.0
75700,0,0,0.0
75701,0,0,0.0
75709,0,0,0.0
75716,0,0,0.0
75721,0,0,0.0
75725,0,0,0.0
75727,0,0,0.0
75728,0,0,0.0
75729,0,0,0.0
75734,0,0,0.0
75739,0,0,0.0
75744,0,0,0.0
75751,0,0,0.0
75754,0,0,0.0
75765,0,0,0.0
75772,0,0,0.0
75781,0,0,0.0
75785,0,0,0.0
75794,0,0,0.0
75795,0,0,0.0
75797,0,0,0.0
75801,0,0,0.0
75805,0,0,0.0
75809,0,0,0.0
75813,0,0,0.0
75822,0,0,0.0
75823,0,0,0.0
75825,0,0,0.0
75829,0,0,0.0
75835,0,0,0.0
75842,0,0,0.0
75848,0,0,0.0
75854,0,0,0.0
75859,0,0,0.0
75866,0,0,0.0
75867,0,0,0.0
75873,0,0,0.0
75874,0,0,0.0
75887,0,0,0.0
75893,0,0,0.0
75899,0,0,0.0
75901,0,0,0.0
75902,0,0,0.0
75903,0,0,0.0
75907,0,0,0.0
75915,0,0,0.0
75919,0,0,0.0
75920,0,0,0.0
75937,0,0,0.0
75938,0,0,0.0
75939,0,0,0.0
75957,0,0,0.0
75962,0,0,0.0
75966,0,0,0.0
75970,0,0,0.0
75979,0,0,0.0
75985,0,0,0.0
75994,0,0,0.0
75995,0,0,0.0
76002,0,0,0.0
76004,0,0,0.0
76006,0,0,0.0
76011,0,0,0.0
76013,0,0,0.0
76018,0,0,0.0
76024,0,0,0.0
76025,0,0,0.0
76029,0,0,0.0
76035,0,0,0.0
76039,0,0,0.0
76043,0,0,0.0
76046,0,0,0.0
76056,0,0,0.0
76062,0,0,0.0
76065,0,0,0.0
76068,0,0,0.0
76072,0,0,0.0
76074,0,0,0.0
76079,0,0,0.0
76080,0,0,0.0
76082,0,0,0.0
76091,0,0,0.0
76097,0,0,0.0
76099,0,0,0.0
76110,0,0,0.0
76115,0,0,0.0
76116,0,0,0.0
76121,0,0,0.0
76122,0,0,0.0
76131,0,0,0.0
76139,0,0,0.0
76143,0,0,0.0
76144,0,0,0.0
76146,0,0,0.0
76152,0,0,0.0
76162,0,0,0.0
76171,0,0,0.0
76179,0,0,0.0
76181,0,0,0.0
76182,0,0,0.0
76187,0,0,0.0
76192,0,0,0.0
76193,0,0,0.0
76199,0,0,0.0
76206,0,0,0.0
76208,0,0,0.0
76210,0,0,0.0
76220,0,0,0.0
76250,0,0,0.0
76253,0,0,0.0
76255,0,0,0.0
76261,0,0,0.0
76278,0,0,0.0
76281,0,0,0.0
76282,0,0,0.0
76287,0,0,0.0
76292,0,0,0.0
76297,0,0,0.0
76310,0,0,0.0
76317,0,0,0.0
76321,0,0,0.0
76328,0,0,0.0
76330,0,0,0.0
76333,0,0,0.0
76338,0,0,0.0
76345,0,0,0.0
76356,0,0,0.0
76360,0,0,0.0
76363,0,0,0.0
76369,0,0,0.0
76372,0,0,0.0
76374,0,0,0.0
76376,0,0,0.0
76381,0,0,0.0
76388,0,0,0.0
76394,0,0,0.0
76397,0,0,0.0
76400,0,0,0.0
76402,0,0,0.0
76407,0,0,0.0
76411,0,0,0.0
76414,0,0,0.0
76425,0,0,0.0
76428,0,0,0.0
76434,0,0,0.0
76436,0,0,0.0
76437,0,0,0.0
76440,0,0,0.0
76448,0,0,0.0
76452,0,0,0.0
76455,0,0,0.0
76465,0,0,0.0
76466,0,0,0.0
76473,0,0,0.0
76483,0,0,0.0
76492,0,0,0.0
76494,0,0,0.0
76500,0,0,0.0
76502,0,0,0.0
76507,0,0,0.0
76508,0,0,0.0
76516,0,0,0.0
76519,0,0,0.0
76540,0,0,0.0
76546,0,0,0.0
76547,0,0,0.0
76554,0,0,0.0
76556,0,0,0.0
76558,0,0,0.0
76577,0,0,0.0
76580,0,0,0.0
76592,0,0,0.0
76596,0,0,0.0
76600,0,0,0.0
76601,0,0,0.0
76603,0,0,0.0
76606,0,0,0.0
76616,0,0,0.0
76618,0,0,0.0
76622,0,0,0.0
76625,0,0,0.0
76629,0,0,0.0
76631,0,0,0.0
76632,0,0,0.0
76637,0,0,0.0
76640,0,0,0.0
76659,0,0,0.0
76661,0,0,0.0
76664,0,0,0.0
76665,0,0,0.0
76668,0,0,0.0
76670,0,0,0.0
76678,0,0,0.0
76682,0,0,0.0
76693,0,0,0.0
76700,0,0,0.0
76701,0,0,0.0
76706,0,0,0.0
76711,0,0,0.0
76712,0,0,0.0
76714,0,0,0.0
76723,0,0,0.0
76729,0,0,0.0
76732,0,0,0.0
76738,0,0,0.0
76749,0,0,0.0
76758,0,0,0.0
76759,0,0,0.0
76769,0,0,0.0
76771,0,0,0.0
76772,0,0,0.0
76780,0,0,0.0
76784,0,0,0.0
76791,0,0,0.0
76797,0,0,0.0
76798,0,0,0.0
76799,0,0,0.0
76803,0,0,0.0
76807,0,0,0.0
76814,0,0,0.0
76819,0,0,0.0
76825,0,0,0.0
76831,0,0,0.0
76835,0,0,0.0
76839,0,0,0.0
76848,0,0,0.0
76850,0,0,0.0
76851,0,0,0.0
76859,0,0,0.0
76862,0,0,0.0
76863,0,0,0.0
76865,0,0,0.0
76869,0,0,0.0
76870,0,0,0.0
76873,0,0,0.0
76876,0,0,0.0
76877,0,0,0.0
76878,0,0,0.0
76885,0,0,0.0
76892,0,0,0.0
76894,0,0,0.0
76904,0,0,0.0
76907,0,0,0.0
76910,0,0,0.0
76911,0,0,0.0
76913,0,0,0.0
76916,0,0,0.0
76918,0,0,0.0
76919,0,0,0.0
76924,0,0,0.0
76925,0,0,0.0
76928,0,0,0.0
76939,0,0,0.0
76943,0,0,0.0
76948,0,0,0.0
76956,0,0,0.0
76958,0,0,0.0
76963,0,0,0.0
76964,0,0,0.0
76965,0,0,0.0
76967,0,0,0.0
76968,0,0,0.0
76969,0,0,0.0
76974,0,0,0.0
76982,0,0,0.0
76995,0,0,0.0
76997,0,0,0.0
76998,0,0,0.0
77002,0,0,0.0
77006,0,0,0.0
77012,0,0,0.0
77016,0,0,0.0
77027,0,0,0.0
77030,0,0,0.0
77045,0,0,0.0
77049,0,0,0.0
77067,0,0,0.0
77068,0,0,0.0
77071,0,0,0.0
77075,0,0,0.0
77078,0,0,0.0
77090,0,0,0.0
77095,0,0,0.0
77101,0,0,0.0
77103,0,0,0.0
77114,0,0,0.0
77115,0,0,0.0
77122,0,0,0.0
77123,0,0,0.0
77124,0,0,0.0
77125,0,0,0.0
77130,0,0,0.0
77133,0,0,0.0
77139,0,0,0.0
77148,0,0,0.0
77152,0,0,0.0
77154,0,0,0.0
77155,0,0,0.0
77160,0,0,0.0
77161,0,0,0.0
77165,0,0,0.0
77169,0,0,0.0
77171,0,0,0.0
77172,0,0,0.0
77174,0,0,0.0
77175,0,0,0.0
77176,0,0,0.0
77177,0,0,0.0
77179,0,0,0.0
77181,0,0,0.0
77184,0,0,0.0
77198,0,0,0.0
77200,0,0,0.0
77202,0,0,0.0
77209,0,0,0.0
77210,0,0,0.0
77230,0,0,0.0
77232,0,0,0.0
77237,0,0,0.0
77238,0,0,0.0
77239,0,0,0.0
77244,0,0,0.0
77259,0,0,0.0
77262,0,0,0.0
77264,0,0,0.0
77265,0,0,0.0
77267,0,0,0.0
77269,0,0,0.0
77274,0,0,0.0
77280,0,0,0.0
77284,0,0,0.0
77288,0,0,0.0
77291,0,0,0.0
77293,0,0,0.0
77296,0,0,0.0
77297,0,0,0.0
77313,0,0,0.0
77316,0,0,0.0
77323,0,0,0.0
77325,0,0,0.0
77332,0,0,0.0
77333,0,0,0.0
77338,0,0,0.0
77345,0,0,0.0
77346,0,0,0.0
77350,0,0,0.0
77353,0,0,0.0
77356,0,0,0.0
77364,0,0,0.0
77365,0,0,0.0
77369,0,0,0.0
77371,0,0,0.0
77375,0,0,0.0
77377,0,0,0.0
77379,0,0,0.0
77382,0,0,0.0
77385,0,0,0.0
77386,0,0,0.0
77393,0,0,0.0
77399,0,0,0.0
77402,0,0,0.0
77409,0,0,0.0
77416,0,0,0.0
77420,0,0,0.0
77432,0,0,0.0
77433,0,0,0.0
77437,0,0,0.0
77442,0,0,0.0
77453,0,0,0.0
77459,0,0,0.0
77483,0,0,0.0
77493,0,0,0.0
77494,0,0,0.0
77497,0,0,0.0
77498,0,0,0.0
77513,0,0,0.0
77516,0,0,0.0
77518,0,0,0.0
77524,0,0,0.0
77525,0,0,0.0
77528,0,0,0.0
77533,0,0,0.0
77535,0,0,0.0
77538,0,0,0.0
77542,0,0,0.0
77547,0,0,0.0
77552,0,0,0.0
77557,0,0,0.0
77560,0,0,0.0
77561,0,0,0.0
77566,0,0,0.0
77567,0,0,0.0
77570,0,0,0.0
77578,0,0,0.0
77580,0,0,0.0
77586,0,0,0.0
77590,0,0,0.0
77593,0,0,0.0
77596,0,0,0.0
77599,0,0,0.0
77605,0,0,0.0
77608,0,0,0.0
77621,0,0,0.0
77623,0,0,0.0
77630,0,0,0.0
77632,0,0,0.0
77638,0,0,0.0
77646,0,0,0.0
77650,0,0,0.0
77655,0,0,0.0
77659,0,0,0.0
77661,0,0,0.0
77671,0,0,0.0
77673,0,0,0.0
77675,0,0,0.0
77690,0,0,0.0
77694,0,0,0.0
77695,0,0,0.0
77705,0,0,0.0
77712,0,0,0.0
77715,0,0,0.0
77720,0,0,0.0
77725,0,0,0.0
77727,0,0,0.0
77728,0,0,0.0
77730,0,0,0.0
77731,0,0,0.0
77744,0,0,0.0
77752,0,0,0.0
77757,0,0,0.0
77760,0,0,0.0
77769,0,0,0.0
77773,0,0,0.0
77775,0,0,0.0
77795,0,0,0.0
77797,0,0,0.0
77802,0,0,0.0
77803,0,0,0.0
77806,0,0,0.0
77825,0,0,0.0
77829,0,0,0.0
77843,0,0,0.0
77846,0,0,0.0
77850,0,0,0.0
77852,0,0,0.0
77857,0,0,0.0
77858,0,0,0.0
77863,0,0,0.0
77864,0,0,0.0
77865,0,0,0.0
77886,0,0,0.0
77891,0,0,0.0
77895,0,0,0.0
77902,0,0,0.0
77912,0,0,0.0
77913,0,0,0.0
77922,0,0,0.0
77929,0,0,0.0
77932,0,0,0.0
77935,0,0,0.0
77948,0,0,0.0
77951,0,0,0.0
77955,0,0,0.0
77956,0,0,0.0
77958,0,0,0.0
77963,0,0,0.0
77971,0,0,0.0
77989,0,0,0.0
77999,0,0,0.0
78007,0,0,0.0
78029,0,0,0.0
78033,0,0,0.0
78047,0,0,0.0
78048,0,0,0.0
78049,0,0,0.0
78051,0,0,0.0
78055,0,0,0.0
78065,0,0,0.0
78070,0,0,0.0
78074,0,0,0.0
78077,0,0,0.0
78079,0,0,0.0
78087,0,0,0.0
78089,0,0,0.0
78092,0,0,0.0
78093,0,0,0.0
78099,0,0,0.0
78101,0,0,0.0
78102,0,0,0.0
78103,0,0,0.0
78105,0,0,0.0
78107,0,0,0.0
78108,0,0,0.0
78113,0,0,0.0
78117,0,0,0.0
78123,0,0,0.0
78130,0,0,0.0
78141,0,0,0.0
78154,0,0,0.0
78158,0,0,0.0
78160,0,0,0.0
78163,0,0,0.0
78165,0,0,0.0
78167,0,0,0.0
78168,0,0,0.0
78172,0,0,0.0
78174,0,0,0.0
78190,0,0,0.0
78192,0,0,0.0
78198,0,0,0.0
78201,0,0,0.0
78215,0,0,0.0
78222,0,0,0.0
78223,0,0,0.0
78224,0,0,0.0
78226,0,0,0.0
78238,0,0,0.0
78245,0,0,0.0
78253,0,0,0.0
78259,0,0,0.0
78264,0,0,0.0
78276,0,0,0.0
78280,0,0,0.0
78281,0,0,0.0
78284,0,0,0.0
78293,0,0,0.0
78296,0,0,0.0
78311,0,0,0.0
78321,0,0,0.0
78322,0,0,0.0
78323,0,0,0.0
78327,0,0,0.0
78347,0,0,0.0
78349,0,0,0.0
78350,0,0,0.0
78352,0,0,0.0
78353,0,0,0.0
78357,0,0,0.0
78361,0,0,0.0
78363,0,0,0.0
78379,0,0,0.0
78380,0,0,0.0
78381,0,0,0.0
78386,0,0,0.0
78415,0,0,0.0
78428,0,0,0.0
78429,0,0,0.0
78434,0,0,0.0
78436,0,0,0.0
78440,0,0,0.0
78448,0,0,0.0
78451,0,0,0.0
78464,0,0,0.0
78473,0,0,0.0
78474,0,0,0.0
78475,0,0,0.0
78489,0,0,0.0
78505,0,0,0.0
78513,0,0,0.0
78515,0,0,0.0
78518,0,0,0.0
78524,0,0,0.0
78531,0,0,0.0
78532,0,0,0.0
78535,0,0,0.0
78536,0,0,0.0
78540,0,0,0.0
78544,0,0,0.0
78553,0,0,0.0
78561,0,0,0.0
78570,0,0,0.0
78582,0,0,0.0
78595,0,0,0.0
78599,0,0,0.0
78602,0,0,0.0
78605,0,0,0.0
78608,0,0,0.0
78612,0,0,0.0
78614,0,0,0.0
78618,0,0,0.0
78620,0,0,0.0
78627,0,0,0.0
78638,0,0,0.0
78640,0,0,0.0
78647,0,0,0.0
78649,0,0,0.0
78654,0,0,0.0
78673,0,0,0.0
78677,0,0,0.0
78686,0,0,0.0
78688,0,0,0.0
78705,0,0,0.0
78708,0,0,0.0
78710,0,0,0.0
78711,0,0,0.0
78712,0,0,0.0
78723,0,0,0.0
78741,0,0,0.0
78746,0,0,0.0
78755,0,0,0.0
78756,0,0,0.0
78757,0,0,0.0
78766,0,0,0.0
78768,0,0,0.0
78782,0,0,0.0
78789,0,0,0.0
78794,0,0,0.0
78796,0,0,0.0
78797,0,0,0.0
78799,0,0,0.0
78810,0,0,0.0
78813,0,0,0.0
78821,0,0,0.0
78825,0,0,0.0
78830,0,0,0.0
78834,0,0,0.0
78835,0,0,0.0
78844,0,0,0.0
78847,0,0,0.0
78848,0,0,0.0
78850,0,0,0.0
78861,0,0,0.0
78867,0,0,0.0
78876,0,0,0.0
78877,0,0,0.0
78882,0,0,0.0
78886,0,0,0.0
78888,0,0,0.0
78894,0,0,0.0
78895,0,0,0.0
78913,0,0,0.0
78919,0,0,0.0
78930,0,0,0.0
78937,0,0,0.0
78938,0,0,0.0
78959,0,0,0.0
78974,0,0,0.0
78978,0,0,0.0
78982,0,0,0.0
78990,0,0,0.0
78991,0,0,0.0
78997,0,0,0.0
79002,0,0,0.0
79013,0,0,0.0
79016,0,0,0.0
79022,0,0,0.0
79024,0,0,0.0
79025,0,0,0.0
79029,0,0,0.0
79030,0,0,0.0
79031,0,0,0.0
79032,0,0,0.0
79033,0,0,0.0
79037,0,0,0.0
79043,0,0,0.0
79044,0,0,0.0
79050,0,0,0.0
79068,0,0,0.0
79069,0,0,0.0
79072,0,0,0.0
79092,0,0,0.0
79094,0,0,0.0
79096,0,0,0.0
79100,0,0,0.0
79101,0,0,0.0
79105,0,0,0.0
79112,0,0,0.0
79116,0,0,0.0
79122,0,0,0.0
79124,0,0,0.0
79127,0,0,0.0
79142,0,0,0.0
79143,0,0,0.0
79146,0,0,0.0
79150,0,0,0.0
79152,0,0,0.0
79153,0,0,0.0
79155,0,0,0.0
79156,0,0,0.0
79157,0,0,0.0
79160,0,0,0.0
79177,0,0,0.0
79180,0,0,0.0
79183,0,0,0.0
79185,0,0,0.0
79192,0,0,0.0
79203,0,0,0.0
79220,0,0,0.0
79221,0,0,0.0
79244,0,0,0.0
79251,0,0,0.0
79259,0,0,0.0
79260,0,0,0.0
79263,0,0,0.0
79265,0,0,0.0
79273,0,0,0.0
79278,0,0,0.0
79280,0,0,0.0
79294,0,0,0.0
79295,0,0,0.0
79299,0,0,0.0
79310,0,0,0.0
79316,0,0,0.0
79326,0,0,0.0
79329,0,0,0.0
79330,0,0,0.0
79342,0,0,0.0
79348,0,0,0.0
79351,0,0,0.0
79352,0,0,0.0
79357,0,0,0.0
79360,0,0,0.0
79368,0,0,0.0
79369,0,0,0.0
79373,0,0,0.0
79376,0,0,0.0
79380,0,0,0.0
79381,0,0,0.0
79382,0,0,0.0
79390,0,0,0.0
79394,0,0,0.0
79397,0,0,0.0
79403,0,0,0.0
79406,0,0,0.0
79410,0,0,0.0
79422,0,0,0.0
79424,0,0,0.0
79428,0,0,0.0
79435,0,0,0.0
79438,0,0,0.0
79458,0,0,0.0
79460,0,0,0.0
79462,0,0,0.0
79463,0,0,0.0
79469,0,0,0.0
79470,0,0,0.0
79472,0,0,0.0
79477,0,0,0.0
79484,0,0,0.0
79488,0,0,0.0
79499,0,0,0.0
79505,0,0,0.0
79507,0,0,0.0
79516,0,0,0.0
79527,0,0,0.0
79528,0,0,0.0
79530,0,0,0.0
79532,0,0,0.0
79534,0,0,0.0
79538,0,0,0.0
79540,0,0,0.0
79549,0,0,0.0
79550,0,0,0.0
79552,0,0,0.0
79557,0,0,0.0
79559,0,0,0.0
79564,0,0,0.0
79566,0,0,0.0
79570,0,0,0.0
79584,0,0,0.0
79595,0,0,0.0
79598,0,0,0.0
79599,0,0,0.0
79600,0,0,0.0
79614,0,0,0.0
79617,0,0,0.0
79618,0,0,0.0
79619,0,0,0.0
79621,0,0,0.0
79624,0,0,0.0
79630,0,0,0.0
79633,0,0,0.0
79635,0,0,0.0
79643,0,0,0.0
79648,0,0,0.0
79649,0,0,0.0
79664,0,0,0.0
79667,0,0,0.0
79669,0,0,0.0
79673,0,0,0.0
79676,0,0,0.0
79678,0,0,0.0
79680,0,0,0.0
79681,0,0,0.0
79704,0,0,0.0
79706,0,0,0.0
79709,0,0,0.0
79712,0,0,0.0
79714,0,0,0.0
79724,0,0,0.0
79732,0,0,0.0
79735,0,0,0.0
79745,0,0,0.0
79752,0,0,0.0
79754,0,0,0.0
79761,0,0,0.0
79765,0,0,0.0
79766,0,0,0.0
79767,0,0,0.0
79769,0,0,0.0
79771,0,0,0.0
79775,0,0,0.0
79784,0,0,0.0
79787,0,0,0.0
79791,0,0,0.0
79794,0,0,0.0
79795,0,0,0.0
79799,0,0,0.0
79820,0,0,0.0
79823,0,0,0.0
79826,0,0,0.0
79828,0,0,0.0
79843,0,0,0.0
79853,0,0,0.0
79855,0,0,0.0
79862,0,0,0.0
79866,0,0,0.0
79869,0,0,0.0
79872,0,0,0.0
79874,0,0,0.0
79875,0,0,0.0
79879,0,0,0.0
79880,0,0,0.0
79889,0,0,0.0
79895,0,0,0.0
79904,0,0,0.0
79914,0,0,0.0
79916,0,0,0.0
79920,0,0,0.0
79921,0,0,0.0
79928,0,0,0.0
79933,0,0,0.0
79938,0,0,0.0
79952,0,0,0.0
79956,0,0,0.0
79959,0,0,0.0
79965,0,0,0.0
79972,0,0,0.0
79975,0,0,0.0
79982,0,0,0.0
79983,0,0,0.0
79985,0,0,0.0
79989,0,0,0.0
79994,0,0,0.0
80001,0,0,0.0
80002,0,0,0.0
80013,0,0,0.0
80017,0,0,0.0
80018,0,0,0.0
80020,0,0,0.0
80030,0,0,0.0
80040,0,0,0.0
80042,0,0,0.0
80044,0,0,0.0
80046,0,0,0.0
80047,0,0,0.0
80049,0,0,0.0
80051,0,0,0.0
80061,0,0,0.0
80062,0,0,0.0
80063,0,0,0.0
80064,0,0,0.0
80067,0,0,0.0
80074,0,0,0.0
80081,0,0,0.0
80097,0,0,0.0
80101,0,0,0.0
80103,0,0,0.0
80104,0,0,0.0
80109,0,0,0.0
80114,0,0,0.0
80116,0,0,0.0
80117,0,0,0.0
80124,0,0,0.0
80126,0,0,0.0
80129,0,0,0.0
80133,0,0,0.0
80140,0,0,0.0
80141,0,0,0.0
80147,0,0,0.0
80154,0,0,0.0
80156,0,0,0.0
80157,0,0,0.0
80158,0,0,0.0
80159,0,0,0.0
80162,0,0,0.0
80166,0,0,0.0
80168,0,0,0.0
80171,0,0,0.0
80175,0,0,0.0
80186,0,0,0.0
80192,0,0,0.0
80199,0,0,0.0
80200,0,0,0.0
80210,0,0,0.0
80212,0,0,0.0
80218,0,0,0.0
80220,0,0,0.0
80222,0,0,0.0
80229,0,0,0.0
80230,0,0,0.0
80242,0,0,0.0
80245,0,0,0.0
80254,0,0,0.0
80261,0,0,0.0
80264,0,0,0.0
80268,0,0,0.0
80269,0,0,0.0
80273,0,0,0.0
80275,0,0,0.0
80277,0,0,0.0
80280,0,0,0.0
80285,0,0,0.0
80293,0,0,0.0
80296,0,0,0.0
80305,0,0,0.0
80314,0,0,0.0
80316,0,0,0.0
80318,0,0,0.0
80321,0,0,0.0
80322,0,0,0.0
80330,0,0,0.0
80333,0,0,0.0
80337,0,0,0.0
80339,0,0,0.0
80340,0,0,0.0
80343,0,0,0.0
80349,0,0,0.0
80356,0,0,0.0
80360,0,0,0.0
80374,0,0,0.0
80377,0,0,0.0
80384,0,0,0.0
80394,0,0,0.0
80403,0,0,0.0
80408,0,0,0.0
80418,0,0,0.0
80425,0,0,0.0
80436,0,0,0.0
80439,0,0,0.0
80442,0,0,0.0
80443,0,0,0.0
80444,0,0,0.0
