flow_row_id,true_label,predicted_label,predicted_probability
2,0,0,0.0
9,0,0,0.0
10,0,0,0.0
12,0,0,0.0
16,0,0,0.0
21,0,0,0.0
28,0,0,0.0
48,0,0,0.0
55,0,0,0.0
60,0,0,0.0
66,0,0,0.0
67,0,0,0.0
74,0,0,0.0
77,0,0,0.0
78,0,0,0.0
82,0,0,0.0
93,0,0,0.0
97,0,0,0.0
105,0,0,0.0
112,0,0,0.0
117,0,0,0.0
125,0,0,0.0
126,0,0,0.0
132,0,0,0.0
136,0,0,0.0
138,0,0,0.0
141,0,0,0.0
143,0,0,0.0
145,0,0,0.0
148,0,0,0.0
153,0,0,0.0
155,0,0,0.0
159,0,0,0.0
161,0,0,0.0
162,0,0,0.0
163,0,0,0.0
174,0,0,0.0
178,0,0,0.0
179,0,0,0.0
189,0,0,0.0
190,0,0,0.0
191,0,0,0.0
192,0,0,0.0
193,0,0,0.0
197,0,0,0.0
203,0,0,0.0
206,0,0,0.0
207,0,0,0.0
211,0,0,0.0
215,0,0,0.0
220,0,0,0.0
228,0,0,0.0
229,0,0,0.0
235,0,0,0.0
238,0,0,0.0
240,0,0,0.0
244,0,0,0.0
249,0,0,0.0
256,0,0,0.0
258,0,0,0.0
276,0,0,0.0
281,0,0,0.0
282,0,0,0.0
287,0,0,0.0
294,0,0,0.0
301,0,0,0.0
302,0,0,0.0
307,0,0,0.0
320,0,0,0.0
328,0,0,0.0
331,0,0,0.0
336,0,0,0.0
338,0,0,0.0
340,0,0,0.0
350,0,0,0.0
352,0,0,0.0
358,0,0,0.0
363,0,0,0.0
364,0,0,0.0
365,0,0,0.0
368,0,0,0.0
370,0,0,0.0
372,0,0,0.0
375,0,0,0.0
384,0,0,0.0
389,0,0,0.0
390,0,0,0.0
400,0,0,0.0
402,0,0,0.0
404,0,0,0.0
406,0,0,0.0
412,0,0,0.0
417,0,0,0.0
446,0,0,0.0
453,0,0,0.0
463,0,0,0.0
481,0,0,0.0
486,0,0,0.0
488,0,0,0.0
489,0,0,0.0
490,0,0,0.0
492,0,0,0.0
495,0,0,0.0
504,0,0,0.0
507,0,0,0.0
515,0,0,0.0
519,0,0,0.0
524,0,0,0.0
525,0,0,0.0
526,0,0,0.0
534,0,0,0.0
541,0,0,0.0
545,0,0,0.0
555,0,0,0.0
557,0,0,0.0
560,0,0,0.0
569,0,0,0.0
570,0,0,0.0
587,0,0,0.0
589,0,0,0.0
595,0,0,0.0
597,0,0,0.0
614,0,0,0.0
615,0,0,0.0
619,0,0,0.0
627,0,0,0.0
645,0,0,0.0
652,0,0,0.0
654,0,0,0.0
661,0,0,0.0
663,0,0,0.0
665,0,0,0.0
667,0,0,0.0
669,0,0,0.0
670,0,0,0.0
671,0,0,0.0
678,0,0,0.0
680,0,0,0.0
691,0,0,0.0
692,0,0,0.0
698,0,0,0.0
699,0,0,0.0
706,0,0,0.0
717,0,0,0.0
719,0,0,0.0
726,0,0,0.0
727,0,0,0.0
728,0,0,0.0
731,0,0,0.0
737,0,0,0.0
739,0,0,0.0
755,0,0,0.0
760,0,0,0.0
767,0,0,0.0
769,0,0,0.0
778,0,0,0.0
781,0,0,0.0
784,0,0,0.0
785,0,0,0.0
786,0,0,0.0
787,0,0,0.0
788,0,0,0.0
798,0,0,0.0
801,0,0,0.0
806,0,0,0.0
808,0,0,0.0
814,0,0,0.0
818,0,0,0.0
822,0,0,0.0
834,0,0,0.0
835,0,0,0.0
845,0,0,0.0
846,0,0,0.0
851,0,0,0.0
854,0,0,0.0
858,0,0,0.0
859,0,0,0.0
860,0,0,0.0
864,0,0,0.0
865,0,0,0.0
869,0,0,0.0
870,0,0,0.0
876,0,0,0.0
877,0,0,0.0
882,0,0,0.0
887,0,0,0.0
889,0,0,0.0
893,0,0,0.0
899,0,0,0.0
901,0,0,0.0
909,0,0,0.0
917,0,0,0.0
922,0,0,0.0
924,0,0,0.0
929,0,0,0.0
931,0,0,0.0
935,0,0,0.0
946,0,0,0.0
954,0,0,0.0
956,0,0,0.0
968,0,0,0.0
992,0,0,0.0
1001,0,0,0.0
1007,0,0,0.0
1013,0,0,0.0
1014,0,0,0.0
1015,0,0,0.0
1016,0,0,0.0
1021,0,0,0.0
1040,0,0,0.0
1044,0,0,0.0
1051,0,0,0.0
1058,0,0,0.0
1062,0,0,0.0
1067,0,0,0.0
1070,0,0,0.0
1073,0,0,0.0
1079,0,0,0.0
1081,0,0,0.0
1088,0,0,0.0
1089,0,0,0.0
1093,0,0,0.0
1094,0,0,0.0
1098,0,0,0.0
1102,0,0,0.0
1105,0,0,0.0
1116,0,0,0.0
1120,0,0,0.0
1125,0,0,0.0
1129,0,0,0.0
1132,0,0,0.0
1134,0,0,0.0
1136,0,0,0.0
1140,0,0,0.0
1141,0,0,0.0
1150,0,0,0.0
1154,0,0,0.0
1155,0,0,0.0
1161,0,0,0.0
1167,0,0,0.0
1168,0,0,0.0
1170,0,0,0.0
1171,0,0,0.0
1172,0,0,0.0
1177,0,0,0.0
1184,0,0,0.0
1191,0,0,0.0
1195,0,0,0.0
1196,0,0,0.0
1200,0,0,0.0
1207,0,0,0.0
1209,0,0,0.0
1211,0,0,0.0
1214,0,0,0.0
1230,0,0,0.0
1239,0,0,0.0
1242,0,0,0.0
1245,0,0,0.0
1252,0,0,0.0
1262,0,0,0.0
1267,0,0,0.0
1269,0,0,0.0
1273,0,0,0.0
1279,0,0,0.0
1283,0,0,0.0
1294,0,0,0.0
1299,0,0,0.0
1301,0,0,0.0
1306,0,0,0.0
1307,0,0,0.0
1308,0,0,0.0
1312,0,0,0.0
1313,0,0,0.0
1316,0,0,0.0
1324,0,0,0.0
1341,0,0,0.0
1342,0,0,0.0
1353,0,0,0.0
1361,0,0,0.0
1363,0,0,0.0
1364,0,0,0.0
1367,0,0,0.0
1375,0,0,0.0
1376,0,0,0.0
1378,0,0,0.0
1379,0,0,0.0
1381,0,0,0.0
1382,0,0,0.0
1386,0,0,0.0
1401,0,0,0.0
1403,0,0,0.0
1407,0,0,0.0
1409,0,0,0.0
1424,0,0,0.0
1425,0,0,0.0
1431,0,0,0.0
1435,0,0,0.0
1436,0,0,0.0
1445,0,0,0.0
1447,0,0,0.0
1449,0,0,0.0
1462,0,0,0.0
1466,0,0,0.0
1468,0,0,0.0
1469,0,0,0.0
1481,0,0,0.0
1492,0,0,0.0
1502,0,0,0.0
1506,0,0,0.0
1515,0,0,0.0
1518,0,0,0.0
1519,0,0,0.0
1524,0,0,0.0
1529,0,0,0.0
1531,0,0,0.0
1537,0,0,0.0
1538,0,0,0.0
1539,0,0,0.0
1541,0,0,0.0
1542,0,0,0.0
1545,0,0,0.0
1548,0,0,0.0
1551,0,0,0.0
1552,0,0,0.0
1560,0,0,0.0
1577,0,0,0.0
1582,0,0,0.0
1585,0,0,0.0
1587,0,0,0.0
1589,0,0,0.0
1591,0,0,0.0
1600,0,0,0.0
1605,0,0,0.0
1609,0,0,0.0
1619,0,0,0.0
1620,0,0,0.0
1622,0,0,0.0
1627,0,0,0.0
1629,0,0,0.0
1630,0,0,0.0
1633,0,0,0.0
1636,0,0,0.0
1637,0,0,0.0
1645,0,0,0.0
1651,0,0,0.0
1657,0,0,0.0
1658,0,0,0.0
1667,0,0,0.0
1674,0,0,0.0
1678,0,0,0.0
1679,0,0,0.0
1685,0,0,0.0
1695,0,0,0.0
1700,0,0,0.0
1708,0,0,0.0
1724,0,0,0.0
1725,0,0,0.0
1726,0,0,0.0
1727,0,0,0.0
1734,0,0,0.0
1737,0,0,0.0
1742,0,0,0.0
1750,0,0,0.0
1752,0,0,0.0
1754,0,0,0.0
1757,0,0,0.0
1759,0,0,0.0
1762,0,0,0.0
1764,0,0,0.0
1770,0,0,0.0
1777,0,0,0.0
1779,0,0,0.0
1785,0,0,0.0
1789,0,0,0.0
1798,0,0,0.0
1802,0,0,0.0
1813,0,0,0.0
1814,0,0,0.0
1820,0,0,0.0
1823,0,0,0.0
1828,0,0,0.0
1831,0,0,0.0
1848,0,0,0.0
1849,0,0,0.0
1855,0,0,0.0
1875,0,0,0.0
1881,0,0,0.0
1885,0,0,0.0
1893,0,0,0.0
1898,0,0,0.0
1899,0,0,0.0
1906,0,0,0.0
1907,0,0,0.0
1908,0,0,0.0
1909,0,0,0.0
1914,0,0,0.0
1917,0,0,0.0
1920,0,0,0.0
1925,0,0,0.0
1932,0,0,0.0
1936,0,0,0.0
1951,0,0,0.0
1958,0,0,0.0
1960,0,0,0.0
1961,0,0,0.0
1969,0,0,0.0
1970,0,0,0.0
1980,0,0,0.0
1986,0,0,0.0
1987,0,0,0.0
1988,0,0,0.0
1990,0,0,0.0
1996,0,0,0.0
1998,0,0,0.0
2011,0,0,0.0
2013,0,0,0.0
2015,0,0,0.0
2017,0,0,0.0
2023,0,0,0.0
2024,0,0,0.0
2027,0,0,0.0
2031,0,0,0.0
2032,0,0,0.0
2035,0,0,0.0
2042,0,0,0.0
2044,0,0,0.0
2048,0,0,0.0
2049,0,0,0.0
2050,0,0,0.0
2062,0,0,0.0
2064,0,0,0.0
2073,0,0,0.0
2077,0,0,0.0
2079,0,0,0.0
2080,0,0,0.0
2092,0,0,0.0
2093,0,0,0.0
2096,0,0,0.0
2100,0,0,0.0
2103,0,0,0.0
2105,0,0,0.0
2106,0,0,0.0
2107,0,0,0.0
2113,0,0,0.0
2121,0,0,0.0
2123,0,0,0.0
2125,0,0,0.0
2139,0,0,0.0
2147,0,0,0.0
2148,0,0,0.0
2155,0,0,0.0
2159,0,0,0.0
2169,0,0,0.0
2172,0,0,0.0
2176,0,0,0.0
2179,0,0,0.0
2187,0,0,0.0
2192,0,0,0.0
2196,0,0,0.0
2198,0,0,0.0
2200,0,0,0.0
2204,0,0,0.0
2217,0,0,0.0
2219,0,0,0.0
2224,0,0,0.0
2230,0,0,0.0
2243,0,0,0.0
2244,0,0,0.0
2251,0,0,0.0
2253,0,0,0.0
2257,0,0,0.0
2261,0,0,0.0
2272,0,0,0.0
2282,0,0,0.0
2283,0,0,0.0
2285,0,0,0.0
2302,0,0,0.0
2307,0,0,0.0
2311,0,0,0.0
2317,0,0,0.0
2327,0,0,0.0
2336,0,0,0.0
2352,0,0,0.0
2353,0,0,0.0
2356,0,0,0.0
2368,0,0,0.0
2370,0,0,0.0
2378,0,0,0.0
2382,0,0,0.0
2384,0,0,0.0
2396,0,0,0.0
2402,0,0,0.0
2410,0,0,0.0
2413,0,0,0.0
2421,0,0,0.0
2426,0,0,0.0
2429,0,0,0.0
2431,0,0,0.0
2433,0,0,0.0
2443,0,0,0.0
2454,0,0,0.0
2461,0,0,0.0
2462,0,0,0.0
2469,0,0,0.0
2472,0,0,0.0
2475,0,0,0.0
2482,0,0,0.0
2486,0,0,0.0
2490,0,0,0.0
2491,0,0,0.0
2509,0,0,0.0
2511,0,0,0.0
2513,0,0,0.0
2520,0,0,0.0
2523,0,0,0.0
2537,0,0,0.0
2539,0,0,0.0
2551,0,0,0.0
2557,0,0,0.0
2563,0,0,0.0
2567,0,0,0.0
2568,0,0,0.0
2573,0,0,0.0
2575,0,0,0.0
2580,0,0,0.0
2581,0,0,0.0
2586,0,0,0.0
2591,0,0,0.0
2597,0,0,0.0
2600,0,0,0.0
2607,0,0,0.0
2610,0,0,0.0
2612,0,0,0.0
2618,0,0,0.0
2623,0,0,0.0
2637,0,0,0.0
2642,0,0,0.0
2643,0,0,0.0
2648,0,0,0.0
2651,0,0,0.0
2659,0,0,0.0
2663,0,0,0.0
2671,0,0,0.0
2686,0,0,0.0
2690,0,0,0.0
2693,0,0,0.0
2695,0,0,0.0
2708,0,0,0.0
2711,0,0,0.0
2716,0,0,0.0
2717,0,0,0.0
2719,0,0,0.0
2738,0,0,0.0
2739,0,0,0.0
2745,0,0,0.0
2747,0,0,0.0
2759,0,0,0.0
2763,0,0,0.0
2765,0,0,0.0
2773,0,0,0.0
2775,0,0,0.0
2776,0,0,0.0
2779,0,0,0.0
2785,0,0,0.0
2786,0,0,0.0
2787,0,0,0.0
2795,0,0,0.0
2800,0,0,0.0
2801,0,0,0.0
2808,0,0,0.0
2809,0,0,0.0
2810,0,0,0.0
2811,0,0,0.0
2823,0,0,0.0
2831,0,0,0.0
2832,0,0,0.0
2833,0,0,0.0
2835,0,0,0.0
2839,0,0,0.0
2841,0,0,0.0
2843,0,0,0.0
2849,0,0,0.0
2850,0,0,0.0
2852,0,0,0.0
2866,0,0,0.0
2869,0,0,0.0
2871,0,0,0.0
2880,0,0,0.0
2881,0,0,0.0
2887,0,0,0.0
2889,0,0,0.0
2890,0,0,0.0
2892,0,0,0.0
2895,0,0,0.0
2911,0,0,0.0
2914,0,0,0.0
2920,0,0,0.0
2933,0,0,0.0
2934,0,0,0.0
2936,0,0,0.0
2939,0,0,0.0
2941,0,0,0.0
2951,0,0,0.0
2956,0,0,0.0
2961,0,0,0.0
2962,0,0,0.0
2972,0,0,0.0
2979,0,0,0.0
2983,0,0,0.0
2985,0,0,0.0
2994,0,0,0.0
3009,0,0,0.0
3010,0,0,0.0
3020,0,0,0.0
3040,0,0,0.0
3041,0,0,0.0
3044,0,0,0.0
3051,0,0,0.0
3052,0,0,0.0
3057,0,0,0.0
3071,0,0,0.0
3081,0,0,0.0
3083,0,0,0.0
3084,0,0,0.0
3089,0,0,0.0
3092,0,0,0.0
3093,0,0,0.0
3112,0,0,0.0
3114,0,0,0.0
3117,0,0,0.0
3121,0,0,0.0
3127,0,0,0.0
3129,0,0,0.0
3134,0,0,0.0
3137,0,0,0.0
3145,0,0,0.0
3149,0,0,0.0
3153,0,0,0.0
3158,0,0,0.0
3159,0,0,0.0
3164,0,0,0.0
3167,0,0,0.0
3170,0,0,0.0
3174,0,0,0.0
3175,0,0,0.0
3178,0,0,0.0
3190,0,0,0.0
3191,0,0,0.0
3196,0,0,0.0
3203,0,0,0.0
3224,0,0,0.0
3225,0,0,0.0
3228,0,0,0.0
3232,0,0,0.0
3236,0,0,0.0
3239,0,0,0.0
3240,0,0,0.0
3249,0,0,0.0
3255,0,0,0.0
3258,0,0,0.0
3262,0,0,0.0
3267,0,0,0.0
3273,0,0,0.0
3278,0,0,0.0
3285,0,0,0.0
3291,0,0,0.0
3292,0,0,0.0
3293,0,0,0.0
3300,0,0,0.0
3304,0,0,0.0
3306,0,0,0.0
3311,0,0,0.0
3317,0,0,0.0
3320,0,0,0.0
3321,0,0,0.0
3326,0,0,0.0
3327,0,0,0.0
3330,0,0,0.0
3332,0,0,0.0
3340,0,0,0.0
3342,0,0,0.0
3343,0,0,0.0
3346,0,0,0.0
3358,0,0,0.0
3359,0,0,0.0
3363,0,0,0.0
3368,0,0,0.0
3370,0,0,0.0
3373,0,0,0.0
3374,0,0,0.0
3380,0,0,0.0
3384,0,0,0.0
3385,0,0,0.0
3389,0,0,0.0
3390,0,0,0.0
3395,0,0,0.0
3400,0,0,0.0
3407,0,0,0.0
3412,0,0,0.0
3414,0,0,0.0
3420,0,0,0.0
3430,0,0,0.0
3432,0,0,0.0
3435,0,0,0.0
3436,0,0,0.0
3439,0,0,0.0
3443,0,0,0.0
3453,0,0,0.0
3457,0,0,0.0
3471,0,0,0.0
3491,0,0,0.0
3506,0,0,0.0
3513,0,0,0.0
3516,0,0,0.0
3543,0,0,0.0
3551,0,0,0.0
3556,0,0,0.0
3557,0,0,0.0
3558,0,0,0.0
3561,0,0,0.0
3565,0,0,0.0
3567,0,0,0.0
3583,0,0,0.0
3586,0,0,0.0
3587,0,0,0.0
3596,0,0,0.0
3606,0,0,0.0
3621,0,0,0.0
3626,0,0,0.0
3627,0,0,0.0
3630,0,0,0.0
3631,0,0,0.0
3632,0,0,0.0
3636,0,0,0.0
3641,0,0,0.0
3642,0,0,0.0
3648,0,0,0.0
3650,0,0,0.0
3654,0,0,0.0
3659,0,0,0.0
3666,0,0,0.0
3670,0,0,0.0
3675,0,0,0.0
3676,0,0,0.0
3681,0,0,0.0
3688,0,0,0.0
3696,0,0,0.0
3709,0,0,0.0
3712,0,0,0.0
3713,0,0,0.0
3716,0,0,0.0
3720,0,0,0.0
3722,0,0,0.0
3726,0,0,0.0
3727,0,0,0.0
3729,0,0,0.0
3731,0,0,0.0
3738,0,0,0.0
3744,0,0,0.0
3748,0,0,0.0
3749,0,0,0.0
3750,0,0,0.0
3754,0,0,0.0
3756,0,0,0.0
3760,0,0,0.0
3762,0,0,0.0
3764,0,0,0.0
3765,0,0,0.0
3770,0,0,0.0
3771,0,0,0.0
3775,0,0,0.0
3782,0,0,0.0
3783,0,0,0.0
3786,0,0,0.0
3791,0,0,0.0
3797,0,0,0.0
3802,0,0,0.0
3805,0,0,0.0
3809,0,0,0.0
3810,0,0,0.0
3812,0,0,0.0
3814,0,0,0.0
3815,0,0,0.0
3828,0,0,0.0
3832,0,0,0.0
3845,0,0,0.0
3849,0,0,0.0
3854,0,0,0.0
3866,0,0,0.0
3873,0,0,0.0
3880,0,0,0.0
3890,0,0,0.0
3895,0,0,0.0
3907,0,0,0.0
3908,0,0,0.0
3913,0,0,0.0
3917,0,0,0.0
3924,0,0,0.0
3927,0,0,0.0
3932,0,0,0.0
3943,0,0,0.0
3956,0,0,0.0
3961,0,0,0.0
3968,0,0,0.0
3969,0,0,0.0
3972,0,0,0.0
3981,0,0,0.0
3982,0,0,0.0
3983,0,0,0.0
3985,0,0,0.0
3987,0,0,0.0
3990,0,0,0.0
4000,0,0,0.0
4006,0,0,0.0
4011,0,0,0.0
4014,0,0,0.0
4017,0,0,0.0
4018,0,0,0.0
4025,0,0,0.0
4033,0,0,0.0
4042,0,0,0.0
4050,0,0,0.0
4054,0,0,0.0
4055,0,0,0.0
4067,0,0,0.0
4078,0,0,0.0
4079,0,0,0.0
4083,0,0,0.0
4088,0,0,0.0
4090,0,0,0.0
4103,0,0,0.0
4114,0,0,0.0
4117,0,0,0.0
4131,0,0,0.0
4133,0,0,0.0
4134,0,0,0.0
4135,0,0,0.0
4136,0,0,0.0
4137,0,0,0.0
4138,0,0,0.0
4141,0,0,0.0
4142,0,0,0.0
4145,0,0,0.0
4150,0,0,0.0
4158,0,0,0.0
4173,0,0,0.0
4175,0,0,0.0
4188,0,0,0.0
4213,0,0,0.0
4218,0,0,0.0
4232,0,0,0.0
4234,0,0,0.0
4239,0,0,0.0
4247,0,0,0.0
4249,0,0,0.0
4255,0,0,0.0
4259,0,0,0.0
4263,0,0,0.0
4270,0,0,0.0
4298,0,0,0.0
4300,0,0,0.0
4311,0,0,0.0
4319,0,0,0.0
4321,0,0,0.0
4324,0,0,0.0
4331,0,0,0.0
4340,0,0,0.0
4357,0,0,0.0
4358,0,0,0.0
4360,0,0,0.0
4368,0,0,0.0
4370,0,0,0.0
4378,0,0,0.0
4379,0,0,0.0
4381,0,0,0.0
4382,0,0,0.0
4386,0,0,0.0
4392,0,0,0.0
4394,0,0,0.0
4409,0,0,0.0
4423,0,0,0.0
4425,0,0,0.0
4426,0,0,0.0
4431,0,0,0.0
4432,0,0,0.0
4434,0,0,0.0
4437,0,0,0.0
4458,0,0,0.0
4460,0,0,0.0
4470,0,0,0.0
4477,0,0,0.0
4478,0,0,0.0
4481,0,0,0.0
4485,0,0,0.0
4491,0,0,0.0
4492,0,0,0.0
4493,0,0,0.0
4494,0,0,0.0
4495,0,0,0.0
4499,0,0,0.0
4507,0,0,0.0
4529,0,0,0.0
4531,0,0,0.0
4532,0,0,0.0
4544,0,0,0.0
4551,0,0,0.0
4552,0,0,0.0
4555,0,0,0.0
4557,0,0,0.0
4566,0,0,0.0
4567,0,0,0.0
4575,0,0,0.0
4581,0,0,0.0
4582,0,0,0.0
4583,0,0,0.0
4586,0,0,0.0
4594,0,0,0.0
4598,0,0,0.0
4599,0,0,0.0
4603,0,0,0.0
4611,0,0,0.0
4616,0,0,0.0
4621,0,0,0.0
4627,0,0,0.0
4631,0,0,0.0
4632,0,0,0.0
4633,0,0,0.0
4637,0,0,0.0
4648,0,0,0.0
4652,0,0,0.0
4654,0,0,0.0
4655,0,0,0.0
4656,0,0,0.0
4658,0,0,0.0
4662,0,0,0.0
4663,0,0,0.0
4666,0,0,0.0
4668,0,0,0.0
4675,0,0,0.0
4677,0,0,0.0
4683,0,0,0.0
4686,0,0,0.0
4700,0,0,0.0
4703,0,0,0.0
4710,0,0,0.0
4711,0,0,0.0
4712,0,0,0.0
4725,0,0,0.0
4727,0,0,0.0
4732,0,0,0.0
4733,0,0,0.0
4735,0,0,0.0
4748,0,0,0.0
4757,0,0,0.0
4758,0,0,0.0
4760,0,0,0.0
4763,0,0,0.0
4765,0,0,0.0
4769,0,0,0.0
4773,0,0,0.0
4777,0,0,0.0
4780,0,0,0.0
4782,0,0,0.0
4784,0,0,0.0
4790,0,0,0.0
4792,0,0,0.0
4795,0,0,0.0
4798,0,0,0.0
4804,0,0,0.0
4806,0,0,0.0
4809,0,0,0.0
4818,0,0,0.0
4823,0,0,0.0
4827,0,0,0.0
4835,0,0,0.0
4837,0,0,0.0
4846,0,0,0.0
4853,0,0,0.0
4854,0,0,0.0
4857,0,0,0.0
4864,0,0,0.0
4868,0,0,0.0
4873,0,0,0.0
4875,0,0,0.0
4886,0,0,0.0
4887,0,0,0.0
4891,0,0,0.0
4893,0,0,0.0
4895,0,0,0.0
4897,0,0,0.0
4898,0,0,0.0
4906,0,0,0.0
4912,0,0,0.0
4917,0,0,0.0
4920,0,0,0.0
4922,0,0,0.0
4924,0,0,0.0
4926,0,0,0.0
4927,0,0,0.0
4931,0,0,0.0
4933,0,0,0.0
4938,0,0,0.0
4940,0,0,0.0
4944,0,0,0.0
4946,0,0,0.0
4947,0,0,0.0
4951,0,0,0.0
4956,0,0,0.0
4967,0,0,0.0
4971,0,0,0.0
4986,0,0,0.0
4992,0,0,0.0
4994,0,0,0.0
4996,0,0,0.0
4997,0,0,0.0
5017,0,0,0.0
5021,0,0,0.0
5033,0,0,0.0
5037,0,0,0.0
5039,0,0,0.0
5051,0,0,0.0
5052,0,0,0.0
5056,0,0,0.0
5057,0,0,0.0
5060,0,0,0.0
5062,0,0,0.0
5065,0,0,0.0
5074,0,0,0.0
5075,0,0,0.0
5077,0,0,0.0
5084,0,0,0.0
5103,0,0,0.0
5104,0,0,0.0
5105,0,0,0.0
5109,0,0,0.0
5110,0,0,0.0
5122,0,0,0.0
5126,0,0,0.0
5127,0,0,0.0
5141,0,0,0.0
5147,0,0,0.0
5153,0,0,0.0
5178,0,0,0.0
5185,0,0,0.0
5188,0,0,0.0
5190,0,0,0.0
5192,0,0,0.0
5197,0,0,0.0
5204,0,0,0.0
5208,0,0,0.0
5209,0,0,0.0
5213,0,0,0.0
5232,0,0,0.0
5237,0,0,0.0
5240,0,0,0.0
5247,0,0,0.0
5249,0,0,0.0
5256,0,0,0.0
5257,0,0,0.0
5258,0,0,0.0
5263,0,0,0.0
5269,0,0,0.0
5276,0,0,0.0
5283,0,0,0.0
5285,0,0,0.0
5287,0,0,0.0
5295,0,0,0.0
5296,0,0,0.0
5299,0,0,0.0
5307,0,0,0.0
5311,0,0,0.0
5313,0,0,0.0
5319,0,0,0.0
5322,0,0,0.0
5328,0,0,0.0
5335,0,0,0.0
5344,0,0,0.0
5347,0,0,0.0
5355,0,0,0.0
5366,0,0,0.0
5368,0,0,0.0
5374,0,0,0.0
5387,0,0,0.0
5398,0,0,0.0
5408,0,0,0.0
5409,0,0,0.0
5410,0,0,0.0
5415,0,0,0.0
5419,0,0,0.0
5424,0,0,0.0
5432,0,0,0.0
5433,0,0,0.0
5435,0,0,0.0
5439,0,0,0.0
5445,0,0,0.0
5448,0,0,0.0
5451,0,0,0.0
5454,0,0,0.0
5463,0,0,0.0
5469,0,0,0.0
5470,0,0,0.0
5481,0,0,0.0
5482,0,0,0.0
5486,0,0,0.0
5495,0,0,0.0
5498,0,0,0.0
5499,0,0,0.0
5506,0,0,0.0
5509,0,0,0.0
5515,0,0,0.0
5519,0,0,0.0
5520,0,0,0.0
5529,0,0,0.0
5530,0,0,0.0
5534,0,0,0.0
5539,0,0,0.0
5542,0,0,0.0
5543,0,0,0.0
5544,0,0,0.0
5552,0,0,0.0
5555,0,0,0.0
5558,0,0,0.0
5565,0,0,0.0
5569,0,0,0.0
5571,0,0,0.0
5573,0,0,0.0
5574,0,0,0.0
5577,0,0,0.0
5580,0,0,0.0
5581,0,0,0.0
5583,0,0,0.0
5585,0,0,0.0
5586,0,0,0.0
5590,0,0,0.0
5592,0,0,0.0
5594,0,0,0.0
5596,0,0,0.0
5600,0,0,0.0
5602,0,0,0.0
5603,0,0,0.0
5606,0,0,0.0
5609,0,0,0.0
5611,0,0,0.0
5618,0,0,0.0
5619,0,0,0.0
5622,0,0,0.0
5626,0,0,0.0
5629,0,0,0.0
5636,0,0,0.0
5644,0,0,0.0
5649,0,0,0.0
5650,0,0,0.0
5655,0,0,0.0
5656,0,0,0.0
5660,0,0,0.0
5666,0,0,0.0
5668,0,0,0.0
5670,0,0,0.0
5675,0,0,0.0
5680,0,0,0.0
5682,0,0,0.0
5693,0,0,0.0
5695,0,0,0.0
5696,0,0,0.0
5698,0,0,0.0
5704,0,0,0.0
5710,0,0,0.0
5713,0,0,0.0
5722,0,0,0.0
5724,0,0,0.0
5730,0,0,0.0
5738,0,0,0.0
5741,0,0,0.0
5744,0,0,0.0
5750,0,0,0.0
5752,0,0,0.0
5753,0,0,0.0
5755,0,0,0.0
5759,0,0,0.0
5772,0,0,0.0
5773,0,0,0.0
5774,0,0,0.0
5776,0,0,0.0
5779,0,0,0.0
5782,0,0,0.0
5783,0,0,0.0
5788,0,0,0.0
5791,0,0,0.0
5793,0,0,0.0
5796,0,0,0.0
5798,0,0,0.0
5801,0,0,0.0
5808,0,0,0.0
5812,0,0,0.0
5818,0,0,0.0
5820,0,0,0.0
5827,0,0,0.0
5829,0,0,0.0
5832,0,0,0.0
5840,0,0,0.0
5842,0,0,0.0
5845,0,0,0.0
5850,0,0,0.0
5851,0,0,0.0
5867,0,0,0.0
5877,0,0,0.0
5889,0,0,0.0
5895,0,0,0.0
5898,0,0,0.0
5901,0,0,0.0
5906,0,0,0.0
5912,0,0,0.0
5926,0,0,0.0
5930,0,0,0.0
5939,0,0,0.0
5949,0,0,0.0
5951,0,0,0.0
5956,0,0,0.0
5958,0,0,0.0
5972,0,0,0.0
5974,0,0,0.0
5978,0,0,0.0
5984,0,0,0.0
5993,0,0,0.0
5997,0,0,0.0
6001,0,0,0.0
6008,0,0,0.0
6009,0,0,0.0
6012,0,0,0.0
6022,0,0,0.0
6031,0,0,0.0
6033,0,0,0.0
6038,0,0,0.0
6040,0,0,0.0
6041,0,0,0.0
6054,0,0,0.0
6073,0,0,0.0
6078,0,0,0.0
6080,0,0,0.0
6085,0,0,0.0
6089,0,0,0.0
6090,0,0,0.0
6093,0,0,0.0
6099,0,0,0.0
6102,0,0,0.0
6116,0,0,0.0
6130,0,0,0.0
6135,0,0,0.0
6139,0,0,0.0
6142,0,0,0.0
6150,0,0,0.0
6152,0,0,0.0
6154,0,0,0.0
6155,0,0,0.0
6159,0,0,0.0
6160,0,0,0.0
6168,0,0,0.0
6171,0,0,0.0
6172,0,0,0.0
6183,0,0,0.0
6190,0,0,0.0
6191,0,0,0.0
6207,0,0,0.0
6213,0,0,0.0
6221,0,0,0.0
6226,0,0,0.0
6229,0,0,0.0
6238,0,0,0.0
6240,0,0,0.0
6254,0,0,0.0
6256,0,0,0.0
6265,0,0,0.0
6269,0,0,0.0
6273,0,0,0.0
6276,0,0,0.0
6284,0,0,0.0
6295,0,0,0.0
6296,0,0,0.0
6297,0,0,0.0
6304,0,0,0.0
6305,0,0,0.0
6310,0,0,0.0
6313,0,0,0.0
6317,0,0,0.0
6318,0,0,0.0
6344,0,0,0.0
6358,0,0,0.0
6359,0,0,0.0
6364,0,0,0.0
6368,0,0,0.0
6370,0,0,0.0
6371,0,0,0.0
6372,0,0,0.0
6374,0,0,0.0
6378,0,0,0.0
6380,0,0,0.0
6382,0,0,0.0
6391,0,0,0.0
6396,0,0,0.0
6397,0,0,0.0
6406,0,0,0.0
6411,0,0,0.0
6416,0,0,0.0
6430,0,0,0.0
6439,0,0,0.0
6441,0,0,0.0
6447,0,0,0.0
6449,0,0,0.0
6450,0,0,0.0
6458,0,0,0.0
6461,0,0,0.0
6464,0,0,0.0
6469,0,0,0.0
6470,0,0,0.0
6471,0,0,0.0
6474,0,0,0.0
6475,0,0,0.0
6476,0,0,0.0
6477,0,0,0.0
6479,0,0,0.0
6509,0,0,0.0
6511,0,0,0.0
6519,0,0,0.0
6523,0,0,0.0
6530,0,0,0.0
6533,0,0,0.0
6539,0,0,0.0
6540,0,0,0.0
6546,0,0,0.0
6548,0,0,0.0
6554,0,0,0.0
6559,0,0,0.0
6563,0,0,0.0
6565,0,0,0.0
6568,0,0,0.0
6570,0,0,0.0
6571,0,0,0.0
6581,0,0,0.0
6587,0,0,0.0
6588,0,0,0.0
6589,0,0,0.0
6591,0,0,0.0
6610,0,0,0.0
6614,0,0,0.0
6629,0,0,0.0
6638,0,0,0.0
6640,0,0,0.0
6642,0,0,0.0
6643,0,0,0.0
6644,0,0,0.0
6645,0,0,0.0
6655,0,0,0.0
6665,0,0,0.0
6668,0,0,0.0
6691,0,0,0.0
6696,0,0,0.0
6697,0,0,0.0
6701,0,0,0.0
6704,0,0,0.0
6710,0,0,0.0
6716,0,0,0.0
6719,0,0,0.0
6721,0,0,0.0
6722,0,0,0.0
6727,0,0,0.0
6731,0,0,0.0
6737,0,0,0.0
6738,0,0,0.0
6743,0,0,0.0
6749,0,0,0.0
6766,0,0,0.0
6767,0,0,0.0
6771,0,0,0.0
6772,0,0,0.0
6773,0,0,0.0
6776,0,0,0.0
6782,0,0,0.0
6783,0,0,0.0
6784,0,0,0.0
6789,0,0,0.0
6791,0,0,0.0
6794,0,0,0.0
6796,0,0,0.0
6801,0,0,0.0
6816,0,0,0.0
6819,0,0,0.0
6823,0,0,0.0
6825,0,0,0.0
6828,0,0,0.0
6833,0,0,0.0
6837,0,0,0.0
6838,0,0,0.0
6841,0,0,0.0
6843,0,0,0.0
6849,0,0,0.0
6852,0,0,0.0
6853,0,0,0.0
6854,0,0,0.0
6855,0,0,0.0
6858,0,0,0.0
6859,0,0,0.0
6861,0,0,0.0
6862,0,0,0.0
6869,0,0,0.0
6873,0,0,0.0
6893,0,0,0.0
6894,0,0,0.0
6895,0,0,0.0
6901,0,0,0.0
6910,0,0,0.0
6924,0,0,0.0
6937,0,0,0.0
6938,0,0,0.0
6941,0,0,0.0
6949,0,0,0.0
6953,0,0,0.0
6960,0,0,0.0
6968,0,0,0.0
6970,0,0,0.0
6971,0,0,0.0
6979,0,0,0.0
6980,0,0,0.0
6982,0,0,0.0
6989,0,0,0.0
6997,0,0,0.0
6998,0,0,0.0
7005,0,0,0.0
7006,0,0,0.0
7008,0,0,0.0
7009,0,0,0.0
7016,0,0,0.0
7031,0,0,0.0
7036,0,0,0.0
7037,0,0,0.0
7052,0,0,0.0
7054,0,0,0.0
7056,0,0,0.0
7059,0,0,0.0
7065,0,0,0.0
7067,0,0,0.0
7069,0,0,0.0
7079,0,0,0.0
7081,0,0,0.0
7083,0,0,0.0
7086,0,0,0.0
7099,0,0,0.0
7114,0,0,0.0
7130,0,0,0.0
7135,0,0,0.0
7146,0,0,0.0
7148,0,0,0.0
7151,0,0,0.0
7156,0,0,0.0
7158,0,0,0.0
7166,0,0,0.0
7170,0,0,0.0
7179,0,0,0.0
7187,0,0,0.0
7189,0,0,0.0
7190,0,0,0.0
7194,0,0,0.0
7206,0,0,0.0
7211,0,0,0.0
7213,0,0,0.0
7214,0,0,0.0
7219,0,0,0.0
7226,0,0,0.0
7227,0,0,0.0
7230,0,0,0.0
7233,0,0,0.0
7235,0,0,0.0
7239,0,0,0.0
7242,0,0,0.0
7243,0,0,0.0
7244,0,0,0.0
7246,0,0,0.0
7253,0,0,0.0
7263,0,0,0.0
7265,0,0,0.0
7269,0,0,0.0
7287,0,0,0.0
7291,0,0,0.0
7295,0,0,0.0
7296,0,0,0.0
7297,0,0,0.0
7310,0,0,0.0
7311,0,0,0.0
7314,0,0,0.0
7345,0,0,0.0
7347,0,0,0.0
7349,0,0,0.0
7352,0,0,0.0
7354,0,0,0.0
7357,0,0,0.0
7366,0,0,0.0
7367,0,0,0.0
7368,0,0,0.0
7370,0,0,0.0
7371,0,0,0.0
7373,0,0,0.0
7378,0,0,0.0
7382,0,0,0.0
7384,0,0,0.0
7392,0,0,0.0
7394,0,0,0.0
7400,0,0,0.0
7407,0,0,0.0
7415,0,0,0.0
7418,0,0,0.0
7421,0,0,0.0
7424,0,0,0.0
7435,0,0,0.0
7436,0,0,0.0
7446,0,0,0.0
7452,0,0,0.0
7455,0,0,0.0
7461,0,0,0.0
7465,0,0,0.0
7480,0,0,0.0
7485,0,0,0.0
7489,0,0,0.0
7490,0,0,0.0
7491,0,0,0.0
7493,0,0,0.0
7498,0,0,0.0
7521,0,0,0.0
7522,0,0,0.0
7526,0,0,0.0
7531,0,0,0.0
7533,0,0,0.0
7543,0,0,0.0
7561,0,0,0.0
7564,0,0,0.0
7566,0,0,0.0
7597,0,0,0.0
7601,0,0,0.0
7610,0,0,0.0
7612,0,0,0.0
7619,0,0,0.0
7629,0,0,0.0
7633,0,0,0.0
7637,0,0,0.0
7642,0,0,0.0
7645,0,0,0.0
7657,0,0,0.0
7659,0,0,0.0
7674,0,0,0.0
7684,0,0,0.0
7689,0,0,0.0
7697,0,0,0.0
7710,0,0,0.0
7727,0,0,0.0
7736,0,0,0.0
7737,0,0,0.0
7746,0,0,0.0
7754,0,0,0.0
7758,0,0,0.0
7761,0,0,0.0
7764,0,0,0.0
7766,0,0,0.0
7777,0,0,0.0
7783,0,0,0.0
7788,0,0,0.0
7797,0,0,0.0
7804,0,0,0.0
7805,0,0,0.0
7812,0,0,0.0
7813,0,0,0.0
7830,0,0,0.0
7833,0,0,0.0
7837,0,0,0.0
7843,0,0,0.0
7846,0,0,0.0
7847,0,0,0.0
7848,0,0,0.0
7851,0,0,0.0
7853,0,0,0.0
7856,0,0,0.0
7857,0,0,0.0
7860,0,0,0.0
7866,0,0,0.0
7868,0,0,0.0
7869,0,0,0.0
7896,0,0,0.0
7903,0,0,0.0
7906,0,0,0.0
7909,0,0,0.0
7910,0,0,0.0
7927,0,0,0.0
7928,0,0,0.0
7933,0,0,0.0
7938,0,0,0.0
7939,0,0,0.0
7941,0,0,0.0
7943,0,0,0.0
7951,0,0,0.0
7957,0,0,0.0
7959,0,0,0.0
7961,0,0,0.0
7967,0,0,0.0
7970,0,0,0.0
7972,0,0,0.0
7973,0,0,0.0
7987,0,0,0.0
7994,0,0,0.0
7995,0,0,0.0
7999,0,0,0.0
8002,0,0,0.0
8003,0,0,0.0
8004,0,0,0.0
8007,0,0,0.0
8012,0,0,0.0
8016,0,0,0.0
8017,0,0,0.0
8024,0,0,0.0
8026,0,0,0.0
8032,0,0,0.0
8036,0,0,0.0
8044,0,0,0.0
8055,0,0,0.0
8061,0,0,0.0
8068,0,0,0.0
8070,0,0,0.0
8071,0,0,0.0
8073,0,0,0.0
8077,0,0,0.0
8080,0,0,0.0
8084,0,0,0.0
8110,0,0,0.0
8112,0,0,0.0
8120,0,0,0.0
8123,0,0,0.0
8125,0,0,0.0
8128,0,0,0.0
8130,0,0,0.0
8150,0,0,0.0
8152,0,0,0.0
8154,0,0,0.0
8155,0,0,0.0
8162,0,0,0.0
8168,0,0,0.0
8169,0,0,0.0
8177,0,0,0.0
8179,0,0,0.0
8181,0,0,0.0
8183,0,0,0.0
8199,0,0,0.0
8205,0,0,0.0
8208,0,0,0.0
8210,0,0,0.0
8219,0,0,0.0
8221,0,0,0.0
8222,0,0,0.0
8226,0,0,0.0
8234,0,0,0.0
8243,0,0,0.0
8244,0,0,0.0
8245,0,0,0.0
8252,0,0,0.0
8258,0,0,0.0
8259,0,0,0.0
8263,0,0,0.0
8264,0,0,0.0
8269,0,0,0.0
8275,0,0,0.0
8286,0,0,0.0
8307,0,0,0.0
8308,0,0,0.0
8311,0,0,0.0
8314,0,0,0.0
8315,0,0,0.0
8320,0,0,0.0
8325,0,0,0.0
8328,0,0,0.0
8329,0,0,0.0
8333,0,0,0.0
8334,0,0,0.0
8335,0,0,0.0
8346,0,0,0.0
8353,0,0,0.0
8367,0,0,0.0
8378,0,0,0.0
8386,0,0,0.0
8391,0,0,0.0
8392,0,0,0.0
8397,0,0,0.0
8399,0,0,0.0
8412,0,0,0.0
8415,0,0,0.0
8417,0,0,0.0
8418,0,0,0.0
8419,0,0,0.0
8424,0,0,0.0
8427,0,0,0.0
8429,0,0,0.0
8433,0,0,0.0
8434,0,0,0.0
8436,0,0,0.0
8438,0,0,0.0
8446,0,0,0.0
8448,0,0,0.0
8458,0,0,0.0
8461,0,0,0.0
8472,0,0,0.0
8488,0,0,0.0
8491,0,0,0.0
8493,0,0,0.0
8502,0,0,0.0
8512,0,0,0.0
8515,0,0,0.0
8519,0,0,0.0
8521,0,0,0.0
8529,0,0,0.0
8531,0,0,0.0
8533,0,0,0.0
8535,0,0,0.0
8536,0,0,0.0
8547,0,0,0.0
8549,0,0,0.0
8556,0,0,0.0
8558,0,0,0.0
8563,0,0,0.0
8566,0,0,0.0
8567,0,0,0.0
8571,0,0,0.0
8572,0,0,0.0
8577,0,0,0.0
8587,0,0,0.0
8593,0,0,0.0
8595,0,0,0.0
8597,0,0,0.0
8601,0,0,0.0
8605,0,0,0.0
8609,0,0,0.0
8624,0,0,0.0
8627,0,0,0.0
8635,0,0,0.0
8636,0,0,0.0
8640,0,0,0.0
8646,0,0,0.0
8666,0,0,0.0
8669,0,0,0.0
8680,0,0,0.0
8682,0,0,0.0
8683,0,0,0.0
8693,0,0,0.0
8695,0,0,0.0
8697,0,0,0.0
8702,0,0,0.0
8705,0,0,0.0
8706,0,0,0.0
8711,0,0,0.0
8712,0,0,0.0
8716,0,0,0.0
8717,0,0,0.0
8719,0,0,0.0
8720,0,0,0.0
8733,0,0,0.0
8734,0,0,0.0
8738,0,0,0.0
8749,0,0,0.0
8750,0,0,0.0
8754,0,0,0.0
8767,0,0,0.0
8770,0,0,0.0
8772,0,0,0.0
8782,0,0,0.0
8783,0,0,0.0
8787,0,0,0.0
8789,0,0,0.0
8791,0,0,0.0
8792,0,0,0.0
8793,0,0,0.0
8802,0,0,0.0
8804,0,0,0.0
8811,0,0,0.0
8817,0,0,0.0
8820,0,0,0.0
8837,0,0,0.0
8848,0,0,0.0
8855,0,0,0.0
8859,0,0,0.0
8864,0,0,0.0
8872,0,0,0.0
8876,0,0,0.0
8881,0,0,0.0
8894,0,0,0.0
8905,0,0,0.0
8906,0,0,0.0
8921,0,0,0.0
8924,0,0,0.0
8926,0,0,0.0
8927,0,0,0.0
8942,0,0,0.0
8946,0,0,0.0
8947,0,0,0.0
8949,0,0,0.0
8959,0,0,0.0
8963,0,0,0.0
8984,0,0,0.0
8989,0,0,0.0
8995,0,0,0.0
8996,0,0,0.0
8997,0,0,0.0
8998,0,0,0.0
9007,0,0,0.0
9017,0,0,0.0
9018,0,0,0.0
9031,0,0,0.0
9045,0,0,0.0
9063,0,0,0.0
9065,0,0,0.0
9067,0,0,0.0
9074,0,0,0.0
9076,0,0,0.0
9077,0,0,0.0
9078,0,0,0.0
9079,0,0,0.0
9083,0,0,0.0
9095,0,0,0.0
9096,0,0,0.0
9101,0,0,0.0
9104,0,0,0.0
9107,0,0,0.0
9108,0,0,0.0
9110,0,0,0.0
9111,0,0,0.0
9120,0,0,0.0
9121,0,0,0.0
9122,0,0,0.0
9127,0,0,0.0
9130,0,0,0.0
9135,0,0,0.0
9145,0,0,0.0
9155,0,0,0.0
9158,0,0,0.0
9160,0,0,0.0
9166,0,0,0.0
9168,0,0,0.0
9171,0,0,0.0
9174,0,0,0.0
9175,0,0,0.0
9184,0,0,0.0
9190,0,0,0.0
9196,0,0,0.0
9200,0,0,0.0
9204,0,0,0.0
9208,0,0,0.0
9215,0,0,0.0
9219,0,0,0.0
9221,0,0,0.0
9227,0,0,0.0
9230,0,0,0.0
9241,0,0,0.0
9247,0,0,0.0
9256,0,0,0.0
9259,0,0,0.0
9261,0,0,0.0
9265,0,0,0.0
9268,0,0,0.0
9269,0,0,0.0
9271,0,0,0.0
9275,0,0,0.0
9277,0,0,0.0
9280,0,0,0.0
9283,0,0,0.0
9290,0,0,0.0
9304,0,0,0.0
9306,0,0,0.0
9316,0,0,0.0
9318,0,0,0.0
9323,0,0,0.0
9327,0,0,0.0
9336,0,0,0.0
9337,0,0,0.0
9342,0,0,0.0
9343,0,0,0.0
9344,0,0,0.0
9346,0,0,0.0
9348,0,0,0.0
9359,0,0,0.0
9369,0,0,0.0
9371,0,0,0.0
9374,0,0,0.0
9417,0,0,0.0
9424,0,0,0.0
9425,0,0,0.0
9428,0,0,0.0
9429,0,0,0.0
9435,0,0,0.0
9446,0,0,0.0
9455,0,0,0.0
9460,0,0,0.0
9465,0,0,0.0
9472,0,0,0.0
9474,0,0,0.0
9476,0,0,0.0
9479,0,0,0.0
9484,0,0,0.0
9486,0,0,0.0
9490,0,0,0.0
9491,0,0,0.0
9493,0,0,0.0
9496,0,0,0.0
9497,0,0,0.0
9503,0,0,0.0
9505,0,0,0.0
9510,0,0,0.0
9516,0,0,0.0
9518,0,0,0.0
9521,0,0,0.0
9524,0,0,0.0
9528,0,0,0.0
9533,0,0,0.0
9540,0,0,0.0
9546,0,0,0.0
9557,0,0,0.0
9569,0,0,0.0
9582,0,0,0.0
9583,0,0,0.0
9587,0,0,0.0
9589,0,0,0.0
9596,0,0,0.0
9597,0,0,0.0
9599,0,0,0.0
9603,0,0,0.0
9612,0,0,0.0
9615,0,0,0.0
9627,0,0,0.0
9628,0,0,0.0
9637,0,0,0.0
9643,0,0,0.0
9650,0,0,0.0
9662,0,0,0.0
9673,0,0,0.0
9677,0,0,0.0
9686,0,0,0.0
9689,0,0,0.0
9692,0,0,0.0
9699,0,0,0.0
9706,0,0,0.0
9714,0,0,0.0
9715,0,0,0.0
9716,0,0,0.0
9718,0,0,0.0
9719,0,0,0.0
9721,0,0,0.0
9726,0,0,0.0
9735,0,0,0.0
9741,0,0,0.0
9746,0,0,0.0
9752,0,0,0.0
9764,0,0,0.0
9765,0,0,0.0
9768,0,0,0.0
9772,0,0,0.0
9777,0,0,0.0
9782,0,0,0.0
9783,0,0,0.0
9788,0,0,0.0
9794,0,0,0.0
9795,0,0,0.0
9817,0,0,0.0
9821,0,0,0.0
9823,0,0,0.0
9824,0,0,0.0
9825,0,0,0.0
9833,0,0,0.0
9837,0,0,0.0
9843,0,0,0.0
9847,0,0,0.0
9850,0,0,0.0
9852,0,0,0.0
9860,0,0,0.0
9865,0,0,0.0
9866,0,0,0.0
9867,0,0,0.0
9873,0,0,0.0
9878,0,0,0.0
9879,0,0,0.0
9882,0,0,0.0
9885,0,0,0.0
9890,0,0,0.0
9896,0,0,0.0
9903,0,0,0.0
9914,0,0,0.0
9915,0,0,0.0
9916,0,0,0.0
9921,0,0,0.0
9927,0,0,0.0
9930,0,0,0.0
9940,0,0,0.0
9941,0,0,0.0
9943,0,0,0.0
9947,0,0,0.0
9949,0,0,0.0
9956,0,0,0.0
9964,0,0,0.0
9967,0,0,0.0
9968,0,0,0.0
9969,0,0,0.0
9972,0,0,0.0
9979,0,0,0.0
9984,0,0,0.0
9996,0,0,0.0
10000,0,0,0.0
10006,0,0,0.0
10014,0,0,0.0
10024,0,0,0.0
10028,0,0,0.0
10055,0,0,0.0
10058,0,0,0.0
10066,0,0,0.0
10067,0,0,0.0
10068,0,0,0.0
10073,0,0,0.0
10082,0,0,0.0
10086,0,0,0.0
10093,0,0,0.0
10095,0,0,0.0
10100,0,0,0.0
10103,0,0,0.0
10106,0,0,0.0
10109,0,0,0.0
10116,0,0,0.0
10131,0,0,0.0
10136,0,0,0.0
10141,0,0,0.0
10142,0,0,0.0
10143,0,0,0.0
10147,0,0,0.0
10150,0,0,0.0
10161,0,0,0.0
10165,0,0,0.0
10167,0,0,0.0
10177,0,0,0.0
10179,0,0,0.0
10181,0,0,0.0
10195,0,0,0.0
10207,0,0,0.0
10209,0,0,0.0
10211,0,0,0.0
10213,0,0,0.0
10222,0,0,0.0
10225,0,0,0.0
10230,0,0,0.0
10233,0,0,0.0
10234,0,0,0.0
10238,0,0,0.0
10255,0,0,0.0
10258,0,0,0.0
10267,0,0,0.0
10278,0,0,0.0
10283,0,0,0.0
10292,0,0,0.0
10293,0,0,0.0
10295,0,0,0.0
10303,0,0,0.0
10304,0,0,0.0
10310,0,0,0.0
10313,0,0,0.0
10326,0,0,0.0
10332,0,0,0.0
10335,0,0,0.0
10338,0,0,0.0
10344,0,0,0.0
10345,0,0,0.0
10350,0,0,0.0
10358,0,0,0.0
10361,0,0,0.0
10364,0,0,0.0
10367,0,0,0.0
10374,0,0,0.0
10377,0,0,0.0
10380,0,0,0.0
10382,0,0,0.0
10386,0,0,0.0
10391,0,0,0.0
10394,0,0,0.0
10395,0,0,0.0
10396,0,0,0.0
10400,0,0,0.0
10403,0,0,0.0
10409,0,0,0.0
10412,0,0,0.0
10416,0,0,0.0
10420,0,0,0.0
10433,0,0,0.0
10435,0,0,0.0
10442,0,0,0.0
10447,0,0,0.0
10449,0,0,0.0
10450,0,0,0.0
10451,0,0,0.0
10457,0,0,0.0
10464,0,0,0.0
10478,0,0,0.0
10481,0,0,0.0
10485,0,0,0.0
10487,0,0,0.0
10488,0,0,0.0
10492,0,0,0.0
10503,0,0,0.0
10514,0,0,0.0
10516,0,0,0.0
10521,0,0,0.0
10526,0,0,0.0
10531,0,0,0.0
10541,0,0,0.0
10550,0,0,0.0
10553,0,0,0.0
10554,0,0,0.0
10561,0,0,0.0
10566,0,0,0.0
10570,0,0,0.0
10576,0,0,0.0
10578,0,0,0.0
10582,0,0,0.0
10585,0,0,0.0
10589,0,0,0.0
10616,0,0,0.0
10617,0,0,0.0
10618,0,0,0.0
10619,0,0,0.0
10625,0,0,0.0
10626,0,0,0.0
10627,0,0,0.0
10634,0,0,0.0
10635,0,0,0.0
10637,0,0,0.0
10647,0,0,0.0
10651,0,0,0.0
10655,0,0,0.0
10672,0,0,0.0
10677,0,0,0.0
10680,0,0,0.0
10681,0,0,0.0
10682,0,0,0.0
10683,0,0,0.0
10685,0,0,0.0
10692,0,0,0.0
10693,0,0,0.0
10694,0,0,0.0
10698,0,0,0.0
10699,0,0,0.0
10702,0,0,0.0
10703,0,0,0.0
10704,0,0,0.0
10706,0,0,0.0
10707,0,0,0.0
10717,0,0,0.0
10720,0,0,0.0
10724,0,0,0.0
10725,0,0,0.0
10728,0,0,0.0
10729,0,0,0.0
10736,0,0,0.0
10737,0,0,0.0
10738,0,0,0.0
10740,0,0,0.0
10744,0,1,1.0
10748,0,0,0.0
10749,0,0,0.0
10750,0,0,0.0
10751,0,0,0.0
10754,0,0,0.0
10756,0,0,0.0
10759,0,0,0.0
10762,0,0,0.0
10763,0,0,0.0
10766,0,0,0.0
10770,0,0,0.0
10775,0,0,0.0
10776,0,0,0.0
10785,0,0,0.0
10787,0,0,0.0
10789,0,0,0.0
10793,0,0,0.0
10794,0,0,0.0
10799,0,0,0.0
10800,0,0,0.0
10805,0,0,0.0
10808,0,0,0.0
10813,0,0,0.0
10816,0,0,0.0
10825,0,0,0.0
10828,0,0,0.0
10831,0,0,0.0
10832,0,0,0.0
10837,0,0,0.0
10839,0,0,0.0
10846,0,0,0.0
10848,0,0,0.0
10860,0,0,0.0
10871,0,0,0.0
10875,0,0,0.0
10878,0,0,0.0
10886,0,0,0.0
10889,0,0,0.0
10891,0,0,0.0
10892,0,0,0.0
10893,0,0,0.0
10900,0,0,0.0
10905,0,0,0.0
10912,0,0,0.0
10913,0,0,0.0
10916,0,0,0.0
10922,0,0,0.0
10929,0,0,0.0
10931,0,0,0.0
10938,0,0,0.0
10940,0,0,0.0
10942,0,0,0.0
10954,0,0,0.0
10956,0,0,0.0
10965,0,0,0.0
10966,0,0,0.0
10972,0,0,0.0
10973,0,0,0.0
10974,0,0,0.0
10975,0,0,0.0
10976,0,0,0.0
10983,0,0,0.0
10988,0,0,0.0
10997,0,0,0.0
10998,0,0,0.0
11001,0,0,0.0
11002,0,0,0.0
11003,0,0,0.0
11005,0,0,0.0
11009,0,0,0.0
11016,0,0,0.0
11017,0,0,0.0
11023,0,0,0.0
11033,0,0,0.0
11039,0,0,0.0
11046,0,0,0.0
11049,0,0,0.0
11053,0,0,0.0
11064,0,0,0.0
11083,0,0,0.0
11085,0,0,0.0
11087,0,0,0.0
11093,0,0,0.0
11094,0,0,0.0
11095,0,0,0.0
11101,0,0,0.0
11108,0,0,0.0
11110,0,0,0.0
11111,0,0,0.0
11116,0,0,0.0
11120,0,0,0.0
11122,0,0,0.0
11130,0,0,0.0
11133,0,0,0.0
11138,0,0,0.0
11139,0,0,0.0
11151,0,0,0.0
11154,0,0,0.0
11156,0,0,0.0
11157,0,0,0.0
11161,0,0,0.0
11162,0,0,0.0
11164,0,0,0.0
11171,0,0,0.0
11172,0,0,0.0
11173,0,0,0.0
11174,0,0,0.0
11182,0,0,0.0
11185,0,0,0.0
11190,0,0,0.0
11197,0,0,0.0
11205,0,0,0.0
11207,0,0,0.0
11211,0,0,0.0
11221,0,0,0.0
11232,0,0,0.0
11240,0,0,0.0
11241,0,0,0.0
11246,0,0,0.0
11249,0,0,0.0
11254,0,0,0.0
11258,0,0,0.0
11261,0,0,0.0
11267,0,0,0.0
11279,0,0,0.0
11280,0,0,0.0
11283,0,0,0.0
11284,0,0,0.0
11294,0,0,0.0
11302,0,0,0.0
11303,0,0,0.0
11308,0,0,0.0
11312,0,0,0.0
11314,0,0,0.0
11317,0,0,0.0
11319,0,0,0.0
11329,0,0,0.0
11332,0,0,0.0
11334,0,0,0.0
11336,0,0,0.0
11338,0,0,0.0
11340,0,0,0.0
11344,0,0,0.0
11345,0,0,0.0
11349,0,0,0.0
11350,0,0,0.0
11353,0,0,0.0
11357,0,0,0.0
11360,0,0,0.0
11362,0,0,0.0
11372,0,0,0.0
11381,0,0,0.0
11382,0,0,0.0
11383,0,0,0.0
11384,0,0,0.0
11390,0,0,0.0
11393,1,1,1.0
11394,0,0,0.0
11397,0,0,0.0
11400,0,0,0.0
11410,0,0,0.0
11413,0,0,0.0
11414,0,0,0.0
11416,0,0,0.0
11418,0,0,0.0
11424,0,0,0.0
11425,0,0,0.0
11429,1,1,1.0
11430,1,1,1.0
11432,0,0,0.0
11441,0,0,0.0
11442,0,0,0.0
11444,0,0,0.0
11446,0,0,0.0
11447,0,0,0.0
11449,0,0,0.0
11452,0,0,0.0
11465,1,1,1.0
11469,0,0,0.0
11479,0,0,0.0
11496,0,0,0.0
11503,0,0,0.0
11527,0,0,0.0
11534,0,0,0.0
11539,0,0,0.0
11540,0,0,0.0
11542,0,0,0.0
11545,0,0,0.0
11547,0,0,0.0
11550,0,0,0.0
11560,0,0,0.0
11566,0,0,0.0
11567,0,0,0.0
11570,0,0,0.0
11571,0,0,0.0
11572,0,0,0.0
11574,0,0,0.0
11580,0,0,0.0
11588,0,0,0.0
11591,0,0,0.0
11597,0,0,0.0
11601,0,0,0.0
11605,0,0,0.0
11607,0,0,0.0
11625,0,0,0.0
11630,0,0,0.0
11632,0,0,0.0
11649,0,0,0.0
11651,0,0,0.0
11662,0,0,0.0
11665,0,0,0.0
11668,0,0,0.0
11674,0,0,0.0
11675,0,0,0.0
11676,0,0,0.0
11681,0,0,0.0
11684,0,0,0.0
11685,0,0,0.0
11688,0,0,0.0
11695,0,0,0.0
11700,0,0,0.0
11701,0,0,0.0
11703,0,0,0.0
11706,0,0,0.0
11707,0,0,0.0
11712,0,0,0.0
11715,0,0,0.0
11716,0,0,0.0
11717,0,0,0.0
11718,0,0,0.0
11719,0,0,0.0
11734,0,0,0.0
11737,0,0,0.0
11747,0,0,0.0
11749,0,0,0.0
11750,0,0,0.0
11751,0,0,0.0
11757,0,0,0.0
11772,0,0,0.0
11775,0,0,0.0
11779,0,0,0.0
11784,0,0,0.0
11789,0,0,0.0
11793,0,0,0.0
11807,0,0,0.0
11813,0,0,0.0
11826,0,0,0.0
11831,0,0,0.0
11836,0,0,0.0
11838,0,0,0.0
11843,0,0,0.0
11847,0,0,0.0
11849,0,0,0.0
11876,0,0,0.0
11879,0,0,0.0
11883,0,0,0.0
11886,0,0,0.0
11901,0,0,0.0
11919,0,0,0.0
11920,0,0,0.0
11928,0,0,0.0
11930,0,0,0.0
11938,0,0,0.0
11939,0,0,0.0
11941,0,0,0.0
11946,0,0,0.0
11950,0,0,0.0
11951,0,0,0.0
11956,0,0,0.0
11961,0,0,0.0
11962,0,0,0.0
11963,0,0,0.0
11965,0,0,0.0
11966,0,0,0.0
11969,0,0,0.0
11974,0,0,0.0
11981,0,0,0.0
11982,0,0,0.0
11987,0,0,0.0
11990,0,0,0.0
11996,0,0,0.0
12001,0,0,0.0
12003,0,0,0.0
12010,0,0,0.0
12011,0,0,0.0
12015,0,0,0.0
12027,0,0,0.0
12033,0,0,0.0
12043,0,0,0.0
12051,0,0,0.0
12052,0,0,0.0
12053,0,0,0.0
12067,0,0,0.0
12073,0,0,0.0
12074,0,0,0.0
12079,0,0,0.0
12082,0,0,0.0
12099,0,0,0.0
12112,0,0,0.0
12121,0,0,0.0
12124,0,0,0.0
12127,0,0,0.0
12130,0,0,0.0
12132,0,0,0.0
12134,0,0,0.0
12138,0,0,0.0
12157,0,0,0.0
12161,0,0,0.0
12170,0,0,0.0
12173,0,0,0.0
12183,0,0,0.0
12185,0,0,0.0
12187,0,0,0.0
12189,0,0,0.0
12190,0,0,0.0
12192,0,0,0.0
12194,0,0,0.0
12195,0,0,0.0
12197,0,0,0.0
12203,0,0,0.0
12204,0,0,0.0
12209,0,0,0.0
12211,0,0,0.0
12213,0,0,0.0
12217,0,0,0.0
12219,0,0,0.0
12225,0,0,0.0
12231,0,0,0.0
12236,0,0,0.0
12238,0,0,0.0
12249,0,0,0.0
12254,0,0,0.0
12263,0,0,0.0
12265,0,0,0.0
12266,0,0,0.0
12270,0,0,0.0
12277,0,0,0.0
12282,0,0,0.0
12287,0,0,0.0
12290,0,0,0.0
12301,0,0,0.0
12309,0,0,0.0
12310,0,0,0.0
12317,0,0,0.0
12318,0,0,0.0
12329,0,0,0.0
12330,0,0,0.0
12336,0,0,0.0
12342,0,0,0.0
12343,0,0,0.0
12349,0,0,0.0
12355,0,0,0.0
12365,0,0,0.0
12369,0,0,0.0
12373,0,0,0.0
12376,0,0,0.0
12386,0,0,0.0
12392,0,0,0.0
12401,0,0,0.0
12403,0,0,0.0
12404,0,0,0.0
12405,0,0,0.0
12410,0,0,0.0
12417,0,0,0.0
12424,0,0,0.0
12426,0,0,0.0
12437,0,0,0.0
12440,0,0,0.0
12459,0,0,0.0
12461,0,0,0.0
12462,0,0,0.0
12463,0,0,0.0
12465,0,0,0.0
12466,0,0,0.0
12467,0,0,0.0
12471,0,0,0.0
12479,0,0,0.0
12480,0,0,0.0
12483,0,0,0.0
12489,0,0,0.0
12492,0,0,0.0
12498,0,0,0.0
12502,0,0,0.0
12510,0,0,0.0
12517,0,0,0.0
12529,0,0,0.0
12546,0,0,0.0
12550,0,0,0.0
12554,0,0,0.0
12559,0,0,0.0
12574,0,0,0.0
12589,0,0,0.0
12590,0,0,0.0
12593,0,0,0.0
12601,0,0,0.0
12608,0,0,0.0
12614,0,0,0.0
12615,0,0,0.0
12618,0,0,0.0
12628,0,0,0.0
12632,1,0,0.0
12639,0,0,0.0
12646,0,0,0.0
12652,0,0,0.0
12655,0,0,0.0
12660,0,0,0.0
12665,0,0,0.0
12672,0,0,0.0
12677,0,0,0.0
12678,0,0,0.0
12679,0,0,0.0
12680,0,0,0.0
12687,0,0,0.0
12690,0,0,0.0
12691,0,0,0.0
12696,0,0,0.0
12700,0,0,0.0
12702,0,0,0.0
12707,0,0,0.0
12727,0,0,0.0
12730,0,0,0.0
12734,0,0,0.0
12735,0,0,0.0
12736,0,0,0.0
12748,0,0,0.0
12756,0,0,0.0
12757,0,0,0.0
12760,0,0,0.0
12762,0,0,0.0
12769,0,0,0.0
12777,0,0,0.0
12779,0,0,0.0
12793,0,0,0.0
12800,0,0,0.0
12817,0,0,0.0
12822,0,0,0.0
12823,0,0,0.0
12830,0,0,0.0
12831,0,0,0.0
12832,0,0,0.0
12833,0,0,0.0
12834,0,0,0.0
12842,0,0,0.0
12866,0,0,0.0
12867,0,0,0.0
12869,0,0,0.0
12870,0,0,0.0
12871,0,0,0.0
12875,0,0,0.0
12880,0,0,0.0
12881,0,0,0.0
12883,0,0,0.0
12888,0,0,0.0
12889,0,0,0.0
12893,0,0,0.0
12895,0,0,0.0
12898,0,0,0.0
12900,0,0,0.0
12919,0,0,0.0
12924,0,0,0.0
12930,0,0,0.0
12938,0,0,0.0
12940,0,0,0.0
12949,0,0,0.0
12954,0,0,0.0
12956,0,0,0.0
12963,0,0,0.0
12978,0,0,0.0
12992,0,0,0.0
12997,0,0,0.0
12999,0,0,0.0
13002,0,0,0.0
13006,0,0,0.0
13011,0,0,0.0
13012,0,0,0.0
13014,0,0,0.0
13016,0,0,0.0
13021,0,0,0.0
13022,0,0,0.0
13024,0,0,0.0
13031,0,0,0.0
13040,0,0,0.0
13041,0,0,0.0
13044,0,0,0.0
13051,0,0,0.0
13060,0,0,0.0
13061,0,0,0.0
13065,0,0,0.0
13066,0,0,0.0
13072,0,0,0.0
13082,0,0,0.0
13087,0,0,0.0
13089,0,0,0.0
13091,0,0,0.0
13096,0,0,0.0
13102,0,0,0.0
13115,0,0,0.0
13122,0,0,0.0
13124,0,0,0.0
13127,0,0,0.0
13131,0,0,0.0
13132,0,0,0.0
13136,0,0,0.0
13151,0,0,0.0
13155,0,0,0.0
13161,0,0,0.0
13162,0,0,0.0
13171,0,0,0.0
13176,0,0,0.0
13178,0,0,0.0
13186,0,0,0.0
13193,0,0,0.0
13195,0,0,0.0
13201,0,0,0.0
13216,0,0,0.0
13225,0,0,0.0
13231,0,0,0.0
13236,0,0,0.0
13239,0,0,0.0
13245,0,0,0.0
13246,0,0,0.0
13247,0,0,0.0
13248,0,0,0.0
13249,0,0,0.0
13252,0,0,0.0
13260,0,0,0.0
13270,0,0,0.0
13276,0,0,0.0
13280,0,0,0.0
13281,0,0,0.0
13284,0,0,0.0
13290,0,0,0.0
13291,0,0,0.0
13294,0,0,0.0
13295,0,0,0.0
13296,0,0,0.0
13298,0,0,0.0
13299,0,0,0.0
13303,0,0,0.0
13311,0,0,0.0
13318,0,0,0.0
13319,0,0,0.0
13321,0,0,0.0
13333,0,0,0.0
13337,0,0,0.0
13338,0,0,0.0
13339,0,0,0.0
13342,0,0,0.0
13344,0,0,0.0
13346,0,0,0.0
13349,0,0,0.0
13350,0,0,0.0
13365,0,0,0.0
13373,0,0,0.0
13377,0,0,0.0
13394,0,0,0.0
13395,0,0,0.0
13397,0,0,0.0
13401,0,0,0.0
13407,0,0,0.0
13408,0,0,0.0
13410,0,0,0.0
13418,0,0,0.0
13424,0,0,0.0
13432,0,0,0.0
13434,0,0,0.0
13437,0,0,0.0
13443,0,0,0.0
13451,0,0,0.0
13454,0,0,0.0
13455,0,0,0.0
13459,0,0,0.0
13465,0,0,0.0
13471,0,0,0.0
13482,0,0,0.0
13500,1,1,1.0
13509,1,1,1.0
13514,1,1,1.0
13519,1,1,1.0
13523,1,1,1.0
13529,1,1,1.0
13530,1,1,1.0
13534,1,1,1.0
13535,1,1,1.0
13556,1,1,1.0
13564,1,1,1.0
13566,1,1,1.0
13567,1,1,1.0
13584,1,1,1.0
13585,1,1,1.0
13611,1,1,1.0
13627,1,1,1.0
13636,0,0,0.0
13638,0,0,0.0
13639,1,1,1.0
13641,1,1,1.0
13649,1,1,1.0
13652,1,1,1.0
13655,1,1,1.0
13658,1,1,1.0
13662,1,1,1.0
13665,1,1,1.0
13669,1,1,1.0
13671,0,0,0.0
13672,1,1,1.0
13683,1,1,1.0
13700,1,1,1.0
13702,1,1,1.0
13708,1,1,1.0
13712,1,1,1.0
13715,1,1,1.0
13721,0,0,0.0
13725,1,1,1.0
13726,1,1,1.0
13742,1,1,1.0
13744,1,1,1.0
13747,1,1,1.0
13748,1,1,1.0
13749,1,1,1.0
13750,1,1,1.0
13753,1,1,1.0
13760,1,1,1.0
13763,1,1,1.0
13776,1,1,1.0
13780,0,0,0.0
13784,1,1,1.0
13788,1,1,1.0
13792,1,1,1.0
13802,1,1,1.0
13809,1,1,1.0
13817,0,0,0.0
13826,1,1,1.0
13829,1,1,1.0
13830,1,1,1.0
13833,1,1,1.0
13837,1,1,1.0
13842,1,1,1.0
13843,1,1,1.0
13851,1,1,1.0
13853,1,1,1.0
13854,1,1,1.0
13866,1,1,1.0
13868,1,1,1.0
13878,0,0,0.0
13881,0,0,0.0
13884,1,1,1.0
13885,1,1,1.0
13893,1,1,1.0
13895,1,1,1.0
13900,1,1,1.0
13909,1,1,1.0
13928,1,1,1.0
13930,1,1,1.0
13937,1,1,1.0
13941,1,1,1.0
13949,1,1,1.0
13953,1,1,1.0
13955,1,1,1.0
13966,1,1,1.0
13970,1,1,1.0
13998,1,1,1.0
14003,0,0,0.0
14016,1,1,1.0
14023,1,1,1.0
14029,1,1,1.0
14034,1,1,1.0
14038,1,1,1.0
14048,0,0,0.0
14049,1,1,1.0
14057,1,1,1.0
14061,1,1,1.0
14069,1,1,1.0
14072,1,1,1.0
14082,1,1,1.0
14086,1,1,1.0
14090,1,1,1.0
14092,1,1,1.0
14102,1,1,1.0
14108,1,1,1.0
14110,1,1,1.0
14114,1,1,1.0
14117,0,0,0.0
14122,1,1,1.0
14127,1,1,1.0
14136,1,1,1.0
14140,1,1,1.0
14141,1,1,1.0
14142,1,1,1.0
14154,1,1,1.0
14156,1,1,1.0
14160,1,1,1.0
14173,1,1,1.0
14174,1,1,1.0
14181,1,1,1.0
14192,1,1,1.0
14205,1,1,1.0
14206,1,1,1.0
14218,1,1,1.0
14223,0,0,0.0
14225,1,1,1.0
14227,1,1,1.0
14231,0,0,0.0
14232,1,1,1.0
14236,0,0,0.0
14240,1,1,1.0
14243,1,1,1.0
14244,1,1,1.0
14250,1,1,1.0
14254,1,1,1.0
14256,0,0,0.0
14264,1,1,1.0
14267,1,1,1.0
14270,1,1,1.0
14272,1,1,1.0
14273,1,1,1.0
14275,1,1,1.0
14280,1,1,1.0
14285,1,1,1.0
14286,1,1,1.0
14287,1,1,1.0
14297,1,1,1.0
14302,1,1,1.0
14303,1,1,1.0
14304,1,1,1.0
14315,1,1,1.0
14316,1,1,1.0
14318,1,1,1.0
14320,1,1,1.0
14324,1,1,1.0
14330,1,1,1.0
14332,1,1,1.0
14334,1,1,1.0
14351,1,1,1.0
14355,1,1,1.0
14373,1,1,1.0
14384,1,1,1.0
14385,1,1,1.0
14386,1,1,1.0
14394,1,1,1.0
14403,1,1,1.0
14404,1,1,1.0
14408,1,1,1.0
14409,1,1,1.0
14410,1,1,1.0
14414,1,1,1.0
14419,0,0,0.0
14427,1,1,1.0
14428,1,1,1.0
14433,1,1,1.0
14436,1,1,1.0
14440,0,0,0.0
14453,0,0,0.0
14456,1,1,1.0
14457,1,1,1.0
14458,1,1,1.0
14459,1,1,1.0
14464,1,1,1.0
14468,1,1,1.0
14469,1,1,1.0
14473,1,1,1.0
14480,1,1,1.0
14481,0,0,0.0
14485,1,1,1.0
14486,1,1,1.0
14488,1,1,1.0
14489,1,1,1.0
14513,1,1,1.0
14528,1,1,1.0
14542,1,1,1.0
14544,1,1,1.0
14545,1,1,1.0
14549,1,1,1.0
14550,1,1,1.0
14557,1,1,1.0
14568,1,1,1.0
14569,1,1,1.0
14571,1,1,1.0
14573,1,1,1.0
14574,1,1,1.0
14578,1,1,1.0
14585,0,0,0.0
14590,1,1,1.0
14595,1,1,1.0
14600,1,1,1.0
14602,1,1,1.0
14617,1,1,1.0
14619,1,1,1.0
14622,1,1,1.0
14628,1,1,1.0
14634,1,1,1.0
14642,1,1,1.0
14645,1,1,1.0
14653,1,1,1.0
14654,1,1,1.0
14660,1,1,1.0
14661,1,1,1.0
14662,1,1,1.0
14670,1,1,1.0
14673,1,1,1.0
14674,1,1,1.0
14678,1,1,1.0
14685,1,1,1.0
14686,1,1,1.0
14688,1,1,1.0
14689,1,1,1.0
14692,1,1,1.0
14695,1,1,1.0
14697,1,1,1.0
14701,1,1,1.0
14703,1,1,1.0
14708,1,1,1.0
14714,1,1,1.0
14721,1,1,1.0
14731,1,1,1.0
14739,1,1,1.0
14740,1,1,1.0
14745,1,1,1.0
14748,1,1,1.0
14755,1,1,1.0
14756,1,1,1.0
14761,1,1,1.0
14774,1,1,1.0
14781,1,1,1.0
14782,1,1,1.0
14788,1,1,1.0
14797,1,1,1.0
14799,0,0,0.0
14807,1,1,1.0
14809,1,1,1.0
14812,1,1,1.0
14817,1,1,1.0
14818,1,1,1.0
14824,1,1,1.0
14831,1,1,1.0
14836,1,1,1.0
14839,1,1,1.0
14843,1,1,1.0
14845,1,1,1.0
14848,1,1,1.0
14860,1,1,1.0
14862,1,1,1.0
14867,1,1,1.0
14869,1,1,1.0
14873,1,1,1.0
14884,1,1,1.0
14890,1,1,1.0
14897,1,1,1.0
14898,1,1,1.0
14903,1,1,1.0
14909,1,1,1.0
14910,1,1,1.0
14912,1,1,1.0
14913,1,1,1.0
14919,1,1,1.0
14925,1,1,1.0
14928,1,1,1.0
14936,1,1,1.0
14941,1,1,1.0
14945,1,1,1.0
14947,0,0,0.0
14950,1,1,1.0
14953,1,1,1.0
14957,1,1,1.0
14962,1,1,1.0
14965,1,1,1.0
14967,1,1,1.0
14974,1,1,1.0
14977,1,1,1.0
14985,1,1,1.0
14992,0,0,0.0
14996,1,1,1.0
14997,1,1,1.0
15000,1,1,1.0
15003,0,0,0.0
15009,1,1,1.0
15011,1,1,1.0
15017,1,1,1.0
15021,1,1,1.0
15028,1,1,1.0
15036,1,1,1.0
15040,1,1,1.0
15045,1,1,1.0
15047,1,1,1.0
15052,1,1,1.0
15058,1,1,1.0
15064,1,1,1.0
15074,1,1,1.0
15077,1,1,1.0
15081,1,1,1.0
15082,1,1,1.0
15088,1,1,1.0
15097,1,1,1.0
15105,1,1,1.0
15110,1,1,1.0
15119,1,1,1.0
15120,1,1,1.0
15122,1,1,1.0
15128,1,1,1.0
15150,1,1,1.0
15152,1,1,1.0
15153,1,1,1.0
15171,0,0,0.0
15177,1,1,1.0
15183,1,1,1.0
15187,1,1,1.0
15189,1,1,1.0
15197,1,1,1.0
15199,1,1,1.0
15203,1,1,1.0
15213,1,1,1.0
15222,1,1,1.0
15225,1,1,1.0
15226,1,1,1.0
15236,1,1,1.0
15241,1,1,1.0
15248,1,1,1.0
15249,1,1,1.0
15263,1,1,1.0
15268,1,1,1.0
15280,1,1,1.0
15283,1,1,1.0
15301,1,1,1.0
15304,1,1,1.0
15307,1,1,1.0
15308,1,1,1.0
15310,1,1,1.0
15319,1,1,1.0
15324,1,1,1.0
15326,1,1,1.0
15327,1,1,1.0
15336,1,1,1.0
15340,1,1,1.0
15345,1,1,1.0
15351,1,1,1.0
15353,1,1,1.0
15367,1,1,1.0
15370,1,1,1.0
15371,0,0,0.0
15372,1,1,1.0
15377,1,1,1.0
15386,1,1,1.0
15390,1,1,1.0
15394,1,1,1.0
15397,1,1,1.0
15399,1,1,1.0
15411,1,1,1.0
15412,1,1,1.0
15419,1,1,1.0
15425,1,1,1.0
15426,1,1,1.0
15429,1,1,1.0
15430,1,1,1.0
15432,0,0,0.0
15435,1,1,1.0
15440,0,0,0.0
15446,1,1,1.0
15463,1,1,1.0
15464,1,1,1.0
15465,1,1,1.0
15475,1,1,1.0
15476,1,1,1.0
15480,1,1,1.0
15481,1,1,1.0
15482,1,1,1.0
15489,1,1,1.0
15494,1,1,1.0
15499,1,1,1.0
15506,1,1,1.0
15511,1,1,1.0
15517,0,0,0.0
15519,1,1,1.0
15520,0,0,0.0
15545,0,0,0.0
15550,0,0,0.0
15551,1,1,1.0
15552,0,0,0.0
15560,1,1,1.0
15562,1,1,1.0
15567,1,1,1.0
15569,1,1,1.0
15574,0,0,0.0
15576,1,1,1.0
15577,1,1,1.0
15581,1,1,1.0
15582,1,1,1.0
15583,1,1,1.0
15586,1,1,1.0
15587,1,1,1.0
15591,1,1,1.0
15593,1,1,1.0
15597,0,0,0.0
15609,1,1,1.0
15610,1,1,1.0
15618,1,1,1.0
15646,1,1,1.0
15652,1,1,1.0
15654,1,1,1.0
15655,1,1,1.0
15663,1,1,1.0
15664,1,1,1.0
15667,1,1,1.0
15670,1,1,1.0
15676,1,1,1.0
15677,1,1,1.0
15683,1,1,1.0
15688,1,1,1.0
15690,1,1,1.0
15697,1,1,1.0
15701,1,1,1.0
15702,1,1,1.0
15708,1,1,1.0
15709,1,1,1.0
15712,0,0,0.0
15713,1,1,1.0
15714,1,1,1.0
15719,1,1,1.0
15732,1,1,1.0
15735,1,1,1.0
15741,0,0,0.0
15742,1,1,1.0
15746,0,0,0.0
15747,1,1,1.0
15751,1,1,1.0
15754,1,1,1.0
15755,1,1,1.0
15756,1,1,1.0
15767,1,1,1.0
15772,1,1,1.0
15777,1,1,1.0
15788,1,1,1.0
15789,1,1,1.0
15821,1,1,1.0
15825,1,1,1.0
15826,1,1,1.0
15829,1,1,1.0
15833,1,1,1.0
15842,1,1,1.0
15844,1,1,1.0
15846,1,1,1.0
15861,1,1,1.0
15886,1,1,1.0
15889,1,1,1.0
15892,1,1,1.0
15894,1,1,1.0
15901,1,1,1.0
15902,1,1,1.0
15903,1,1,1.0
15905,1,1,1.0
15907,1,1,1.0
15921,1,1,1.0
15926,0,0,0.0
15931,1,1,1.0
15939,1,1,1.0
15944,1,1,1.0
15945,1,1,1.0
15947,0,0,0.0
15948,0,0,0.0
15952,1,1,1.0
15954,1,1,1.0
15958,1,1,1.0
15959,1,1,1.0
15963,1,1,1.0
15973,1,1,1.0
15977,1,1,1.0
15978,1,1,1.0
15982,1,1,1.0
15992,1,1,1.0
15996,1,1,1.0
15999,1,1,1.0
16000,1,1,1.0
16016,1,1,1.0
16017,1,1,1.0
16023,1,1,1.0
16025,1,1,1.0
16028,1,1,1.0
16053,1,1,1.0
16057,1,1,1.0
16061,1,1,1.0
16062,1,1,1.0
16063,0,0,0.0
16067,1,1,1.0
16069,1,1,1.0
16071,1,1,1.0
16072,1,1,1.0
16082,1,1,1.0
16087,0,0,0.0
16088,1,1,1.0
16089,1,1,1.0
16096,1,1,1.0
16102,1,1,1.0
16107,1,1,1.0
16112,1,1,1.0
16125,1,1,1.0
16128,1,1,1.0
16136,1,1,1.0
16141,1,1,1.0
16142,1,1,1.0
16145,1,1,1.0
16150,1,1,1.0
16154,1,1,1.0
16160,1,1,1.0
16166,1,1,1.0
16176,1,1,1.0
16185,0,0,0.0
16193,1,1,1.0
16194,1,1,1.0
16202,1,1,1.0
16208,1,1,1.0
16209,1,1,1.0
16212,1,1,1.0
16222,1,1,1.0
16230,1,1,1.0
16258,1,1,1.0
16265,1,1,1.0
16275,1,1,1.0
16291,1,1,1.0
16294,0,0,0.0
16296,1,1,1.0
16297,1,1,1.0
16299,1,1,1.0
16300,1,1,1.0
16307,1,1,1.0
16308,0,0,0.0
16318,1,1,1.0
16322,1,1,1.0
16327,1,1,1.0
16331,1,1,1.0
16332,0,0,0.0
16334,1,1,1.0
16341,1,1,1.0
16359,1,1,1.0
16375,1,1,1.0
16377,1,1,1.0
16378,1,1,1.0
16383,0,0,0.0
16390,0,0,0.0
16391,1,1,1.0
16392,1,1,1.0
16405,0,0,0.0
16406,1,1,1.0
16418,1,1,1.0
16419,1,1,1.0
16423,1,1,1.0
16429,1,1,1.0
16430,1,1,1.0
16446,1,1,1.0
16448,1,1,1.0
16450,1,1,1.0
16451,1,1,1.0
16452,1,1,1.0
16453,1,1,1.0
16454,1,1,1.0
16468,1,1,1.0
16476,1,1,1.0
16500,0,0,0.0
16512,1,1,1.0
16515,1,1,1.0
16524,1,1,1.0
16532,1,1,1.0
16539,0,0,0.0
16541,1,1,1.0
16543,1,1,1.0
16545,1,1,1.0
16562,1,1,1.0
16563,1,1,1.0
16577,1,1,1.0
16578,1,1,1.0
16579,1,1,1.0
16600,1,1,1.0
16601,1,1,1.0
16602,1,1,1.0
16608,1,1,1.0
16609,1,1,1.0
16614,1,1,1.0
16625,1,1,1.0
16628,1,1,1.0
16629,1,1,1.0
16630,1,1,1.0
16631,1,1,1.0
16659,1,1,1.0
16660,1,1,1.0
16665,1,1,1.0
16671,1,1,1.0
16672,1,1,1.0
16678,1,1,1.0
16679,0,0,0.0
16682,1,1,1.0
16689,0,0,0.0
16693,0,0,0.0
16694,0,0,0.0
16695,1,1,1.0
16696,1,1,1.0
16697,1,1,1.0
16700,1,1,1.0
16701,1,1,1.0
16709,1,1,1.0
16728,1,1,1.0
16731,1,1,1.0
16737,1,1,1.0
16739,1,1,1.0
16749,1,1,1.0
16750,1,1,1.0
16757,1,1,1.0
16761,1,1,1.0
16767,1,1,1.0
16769,1,1,1.0
16770,1,1,1.0
16781,1,1,1.0
16792,1,1,1.0
16794,1,1,1.0
16795,1,1,1.0
16798,1,1,1.0
16799,1,1,1.0
16805,1,1,1.0
16818,1,1,1.0
16831,1,1,1.0
16838,1,1,1.0
16839,1,1,1.0
16840,1,1,1.0
16846,1,1,1.0
16853,1,1,1.0
16854,1,1,1.0
16855,1,1,1.0
16856,1,1,1.0
16858,1,1,1.0
16863,1,1,1.0
16865,1,1,1.0
16872,1,1,1.0
16874,1,1,1.0
16878,0,0,0.0
16881,0,0,0.0
16890,1,1,1.0
16893,0,0,0.0
16896,0,0,0.0
16898,1,1,1.0
16899,1,1,1.0
16907,1,1,1.0
16911,1,1,1.0
16917,1,1,1.0
16923,1,1,1.0
16925,1,1,1.0
16927,1,1,1.0
16929,1,1,1.0
16934,1,1,1.0
16936,1,1,1.0
16937,1,1,1.0
16943,1,1,1.0
16945,1,1,1.0
16948,1,1,1.0
16949,1,1,1.0
16951,1,1,1.0
16954,1,1,1.0
16958,1,1,1.0
16962,1,1,1.0
16965,1,1,1.0
16972,0,0,0.0
16982,0,0,0.0
16988,1,1,1.0
16993,1,1,1.0
16996,1,1,1.0
17006,1,1,1.0
17012,1,1,1.0
17016,1,1,1.0
17020,1,1,1.0
17024,1,1,1.0
17028,1,1,1.0
17037,1,1,1.0
17044,1,1,1.0
17046,1,1,1.0
17052,1,1,1.0
17062,1,1,1.0
17068,1,1,1.0
17078,1,1,1.0
17085,1,1,1.0
17093,1,1,1.0
17113,1,1,1.0
17115,1,1,1.0
17117,1,1,1.0
17119,1,1,1.0
17127,1,1,1.0
17129,1,1,1.0
17133,1,1,1.0
17144,1,1,1.0
17146,1,1,1.0
17153,1,1,1.0
17159,1,1,1.0
17161,1,1,1.0
17169,1,1,1.0
17170,1,1,1.0
17182,1,1,1.0
17189,1,1,1.0
17195,1,1,1.0
17203,1,1,1.0
17206,0,0,0.0
17207,1,1,1.0
17210,1,1,1.0
17211,1,1,1.0
17226,1,1,1.0
17229,1,1,1.0
17234,1,1,1.0
17250,0,0,0.0
17254,1,1,1.0
17256,1,1,1.0
17261,1,1,1.0
17270,1,1,1.0
17272,0,0,0.0
17274,1,1,1.0
17275,1,1,1.0
17276,1,1,1.0
17280,1,1,1.0
17290,1,1,1.0
17301,1,1,1.0
17302,1,1,1.0
17310,1,1,1.0
17321,1,1,1.0
17326,1,1,1.0
17333,1,1,1.0
17338,1,1,1.0
17346,1,1,1.0
17348,1,1,1.0
17350,1,1,1.0
17352,1,1,1.0
17355,1,1,1.0
17359,1,1,1.0
17364,1,1,1.0
17367,0,0,0.0
17376,1,1,1.0
17379,1,1,1.0
17383,1,1,1.0
17394,0,0,0.0
17395,1,1,1.0
17402,1,1,1.0
17406,1,1,1.0
17413,0,0,0.0
17444,1,1,1.0
17448,0,0,0.0
17454,1,1,1.0
17455,1,1,1.0
17456,1,1,1.0
17463,0,0,0.0
17464,1,1,1.0
17480,1,1,1.0
17486,1,1,1.0
17495,1,1,1.0
17496,0,0,0.0
17510,1,1,1.0
17512,1,1,1.0
17521,0,0,0.0
17525,1,1,1.0
17532,1,1,1.0
17533,1,1,1.0
17534,1,1,1.0
17543,1,1,1.0
17547,1,1,1.0
17549,1,1,1.0
17555,1,1,1.0
17564,1,1,1.0
17565,1,1,1.0
17568,1,1,1.0
17582,1,1,1.0
17585,1,1,1.0
17586,1,1,1.0
17592,1,1,1.0
17599,1,1,1.0
17610,1,1,1.0
17613,0,0,0.0
17614,1,1,1.0
17615,1,1,1.0
17616,1,1,1.0
17619,1,1,1.0
17633,1,1,1.0
17637,0,0,0.0
17646,1,1,1.0
17648,1,1,1.0
17649,1,1,1.0
17656,1,1,1.0
17659,1,1,1.0
17660,1,1,1.0
17664,1,1,1.0
17669,1,1,1.0
17670,1,1,1.0
17672,1,1,1.0
17677,1,1,1.0
17681,1,1,1.0
17689,1,1,1.0
17691,1,1,1.0
17692,0,0,0.0
17693,1,1,1.0
17706,1,1,1.0
17707,1,1,1.0
17712,1,1,1.0
17722,1,1,1.0
17725,1,1,1.0
17728,1,1,1.0
17729,1,1,1.0
17730,1,1,1.0
17734,1,1,1.0
17735,1,1,1.0
17737,0,0,0.0
17738,1,1,1.0
17741,1,1,1.0
17742,1,1,1.0
17745,1,1,1.0
17746,1,1,1.0
17747,1,1,1.0
17748,1,1,1.0
17750,1,1,1.0
17752,1,1,1.0
17753,1,1,1.0
17754,1,1,1.0
17773,1,1,1.0
17797,1,1,1.0
17800,1,1,1.0
17806,1,1,1.0
17807,1,1,1.0
17809,1,1,1.0
17816,1,1,1.0
17821,1,1,1.0
17825,1,1,1.0
17826,0,0,0.0
17842,0,0,0.0
17845,1,1,1.0
17848,1,1,1.0
17859,1,1,1.0
17862,1,1,1.0
17866,1,1,1.0
17867,1,1,1.0
17870,1,1,1.0
17875,0,0,0.0
17881,1,1,1.0
17883,1,1,1.0
17890,1,1,1.0
17897,1,1,1.0
17899,1,1,1.0
17902,1,1,1.0
17904,1,1,1.0
17906,0,0,0.0
17914,1,1,1.0
17915,1,1,1.0
17918,1,1,1.0
17923,1,1,1.0
17924,1,1,1.0
17925,1,1,1.0
17926,0,0,0.0
17932,1,1,1.0
17933,1,1,1.0
17937,1,1,1.0
17940,1,1,1.0
17941,1,1,1.0
17944,1,1,1.0
17955,1,1,1.0
17968,1,1,1.0
17969,1,1,1.0
17972,1,1,1.0
17974,1,1,1.0
17989,1,1,1.0
17991,1,1,1.0
17992,1,1,1.0
17996,0,0,0.0
18018,0,0,0.0
18022,1,1,1.0
18027,1,1,1.0
18029,1,1,1.0
18033,1,1,1.0
18040,1,1,1.0
18042,1,1,1.0
18043,1,1,1.0
18048,1,1,1.0
18064,1,1,1.0
18068,1,1,1.0
18072,1,1,1.0
18073,1,1,1.0
18075,1,1,1.0
18077,1,1,1.0
18078,1,1,1.0
18082,1,1,1.0
18092,1,1,1.0
18096,1,1,1.0
18100,1,1,1.0
18112,1,1,1.0
18121,1,1,1.0
18123,1,1,1.0
18127,1,1,1.0
18130,1,1,1.0
18132,1,1,1.0
18143,1,1,1.0
18149,1,1,1.0
18152,1,1,1.0
18154,1,1,1.0
18156,1,1,1.0
18167,1,1,1.0
18173,1,1,1.0
18174,1,1,1.0
18181,1,1,1.0
18185,1,1,1.0
18192,1,1,1.0
18193,0,0,0.0
18194,0,0,0.0
18197,0,0,0.0
18198,1,1,1.0
18200,1,1,1.0
18202,0,0,0.0
18205,0,0,0.0
18208,1,1,1.0
18213,1,1,1.0
18220,1,1,1.0
18225,1,1,1.0
18228,1,1,1.0
18230,1,1,1.0
18235,1,1,1.0
18237,1,1,1.0
18238,1,1,1.0
18248,1,1,1.0
18251,1,1,1.0
18253,1,1,1.0
18255,1,1,1.0
18258,1,1,1.0
18259,0,0,0.0
18263,1,1,1.0
18268,0,0,0.0
18270,1,1,1.0
18275,1,1,1.0
18278,1,1,1.0
18279,1,1,1.0
18284,1,1,1.0
18290,1,1,1.0
18295,1,1,1.0
18307,1,1,1.0
18308,1,1,1.0
18310,1,1,1.0
18315,1,1,1.0
18320,1,1,1.0
18323,1,1,1.0
18326,1,1,1.0
18335,1,1,1.0
18340,0,0,0.0
18342,1,1,1.0
18345,1,1,1.0
18351,0,0,0.0
18361,1,1,1.0
18362,1,1,1.0
18371,1,1,1.0
18375,1,1,1.0
18379,1,1,1.0
18383,0,0,0.0
18385,0,0,0.0
18386,1,1,1.0
18389,1,1,1.0
18411,0,0,0.0
18412,0,0,0.0
18417,1,1,1.0
18423,1,1,1.0
18426,1,1,1.0
18429,1,1,1.0
18430,1,1,1.0
18431,1,1,1.0
18432,0,0,0.0
18439,1,1,1.0
18446,1,1,1.0
18449,1,1,1.0
18451,1,1,1.0
18452,1,1,1.0
18453,1,1,1.0
18465,1,1,1.0
18472,1,1,1.0
18480,1,1,1.0
18482,1,1,1.0
18485,1,1,1.0
18486,1,1,1.0
18488,1,1,1.0
18490,1,1,1.0
18495,1,1,1.0
18506,1,1,1.0
18515,1,1,1.0
18519,1,1,1.0
18524,1,1,1.0
18527,1,1,1.0
18531,1,1,1.0
18538,1,1,1.0
18540,1,1,1.0
18547,1,1,1.0
18557,1,1,1.0
18563,1,1,1.0
18566,1,1,1.0
18568,1,1,1.0
18569,1,1,1.0
18571,1,1,1.0
18575,1,1,1.0
18580,1,1,1.0
18581,1,1,1.0
18594,1,1,1.0
18603,1,1,1.0
18605,1,1,1.0
18607,1,1,1.0
18609,1,1,1.0
18612,1,1,1.0
18613,1,1,1.0
18614,1,1,1.0
18626,1,1,1.0
18627,1,1,1.0
18634,1,1,1.0
18639,1,1,1.0
18641,1,1,1.0
18665,1,1,1.0
18671,1,1,1.0
18673,1,1,1.0
18676,1,1,1.0
18681,1,1,1.0
18686,1,1,1.0
18689,1,1,1.0
18695,1,1,1.0
18707,0,0,0.0
18708,1,1,1.0
18718,1,1,1.0
18719,1,1,1.0
18725,1,1,1.0
18727,1,1,1.0
18728,1,1,1.0
18731,1,1,1.0
18735,1,1,1.0
18739,1,1,1.0
18740,1,1,1.0
18742,1,1,1.0
18745,1,1,1.0
18749,1,1,1.0
18751,1,1,1.0
18760,1,1,1.0
18766,0,0,0.0
18778,1,1,1.0
18779,0,0,0.0
18787,1,1,1.0
18788,1,1,1.0
18794,1,1,1.0
18811,1,1,1.0
18813,1,1,1.0
18814,1,1,1.0
18820,1,1,1.0
18821,1,1,1.0
18823,1,1,1.0
18824,1,1,1.0
18831,1,1,1.0
18832,1,1,1.0
18838,1,1,1.0
18843,1,1,1.0
18851,1,1,1.0
18853,1,1,1.0
18854,1,1,1.0
18856,1,1,1.0
18858,1,1,1.0
18860,1,1,1.0
18869,1,1,1.0
18870,1,1,1.0
18871,1,1,1.0
18875,1,1,1.0
18879,0,0,0.0
18880,1,1,1.0
18882,1,1,1.0
18886,1,1,1.0
18887,1,1,1.0
18892,1,1,1.0
18896,1,1,1.0
18902,1,1,1.0
18903,1,1,1.0
18906,1,1,1.0
18910,1,1,1.0
18913,1,1,1.0
18918,0,0,0.0
18925,1,1,1.0
18936,1,1,1.0
18937,1,1,1.0
18938,1,1,1.0
18947,1,1,1.0
18950,1,1,1.0
18952,1,1,1.0
18954,0,0,0.0
18958,1,1,1.0
18960,1,1,1.0
18964,0,0,0.0
18968,1,1,1.0
18969,1,1,1.0
18981,1,1,1.0
18988,1,1,1.0
18998,1,1,1.0
18999,1,1,1.0
19000,1,1,1.0
19007,1,1,1.0
19015,1,1,1.0
19019,1,1,1.0
19021,1,1,1.0
19035,1,1,1.0
19044,1,1,1.0
19051,1,1,1.0
19052,1,1,1.0
19058,1,1,1.0
19063,1,1,1.0
19067,1,1,1.0
19068,1,1,1.0
19074,1,1,1.0
19075,1,1,1.0
19079,1,1,1.0
19082,1,1,1.0
19085,0,0,0.0
19088,1,1,1.0
19090,1,1,1.0
19094,1,1,1.0
19096,1,1,1.0
19097,1,1,1.0
19098,1,1,1.0
19114,1,1,1.0
19121,1,1,1.0
19123,1,1,1.0
19130,1,1,1.0
19136,1,1,1.0
19138,1,1,1.0
19153,0,0,0.0
19155,0,0,0.0
19160,1,1,1.0
19163,1,1,1.0
19172,1,1,1.0
19174,0,0,0.0
19177,1,1,1.0
19183,1,1,1.0
19187,1,1,1.0
19190,1,1,1.0
19196,1,1,1.0
19199,1,1,1.0
19210,0,0,0.0
19212,1,1,1.0
19218,1,1,1.0
19219,1,1,1.0
19221,1,1,1.0
19231,1,1,1.0
19236,0,0,0.0
19239,1,1,1.0
19240,1,1,1.0
19244,0,0,0.0
19248,1,1,1.0
19252,1,1,1.0
19254,1,1,1.0
19255,1,1,1.0
19256,1,1,1.0
19258,1,1,1.0
19260,1,1,1.0
19269,1,1,1.0
19270,1,1,1.0
19277,1,1,1.0
19280,1,1,1.0
19282,0,0,0.0
19286,1,1,1.0
19290,1,1,1.0
19299,1,1,1.0
19305,1,1,1.0
19325,1,1,1.0
19335,0,0,0.0
19339,1,1,1.0
19340,0,0,0.0
19352,1,1,1.0
19356,1,1,1.0
19364,1,1,1.0
19366,1,1,1.0
19368,1,1,1.0
19371,1,1,1.0
19372,1,1,1.0
19373,1,1,1.0
19375,1,1,1.0
19377,1,1,1.0
19378,0,0,0.0
19382,1,1,1.0
19385,1,1,1.0
19391,0,0,0.0
19393,1,1,1.0
19395,0,0,0.0
19401,1,1,1.0
19404,1,1,1.0
19405,1,1,1.0
19412,1,1,1.0
19414,1,1,1.0
19416,1,1,1.0
19428,1,1,1.0
19430,1,1,1.0
19432,1,1,1.0
19456,1,1,1.0
19458,1,1,1.0
19459,1,1,1.0
19462,1,1,1.0
19464,1,1,1.0
19465,1,1,1.0
19469,1,1,1.0
19471,1,1,1.0
19478,1,1,1.0
19486,1,1,1.0
19488,1,1,1.0
19492,1,1,1.0
19506,1,1,1.0
19512,1,1,1.0
19530,1,1,1.0
19533,0,0,0.0
19537,1,1,1.0
19539,1,1,1.0
19541,1,1,1.0
19543,1,1,1.0
19560,1,1,1.0
19561,1,1,1.0
19562,1,1,1.0
19564,1,1,1.0
19575,1,1,1.0
19577,1,1,1.0
19578,0,0,0.0
19584,1,1,1.0
19586,1,1,1.0
19588,1,1,1.0
19593,1,1,1.0
19597,1,1,1.0
19617,1,1,1.0
19618,1,1,1.0
19624,1,1,1.0
19628,1,1,1.0
19633,1,1,1.0
19634,1,1,1.0
19636,1,1,1.0
19637,1,1,1.0
19639,1,1,1.0
19642,1,1,1.0
19647,1,1,1.0
19651,1,1,1.0
19652,1,1,1.0
19659,1,1,1.0
19663,1,1,1.0
19667,1,1,1.0
19676,1,1,1.0
19680,1,1,1.0
19693,1,1,1.0
19699,1,1,1.0
19701,1,1,1.0
19707,1,1,1.0
19717,1,1,1.0
19718,0,0,0.0
19721,1,1,1.0
19724,1,1,1.0
19735,1,1,1.0
19737,1,1,1.0
19764,1,1,1.0
19766,1,1,1.0
19767,1,1,1.0
19768,1,1,1.0
19769,1,1,1.0
19770,1,1,1.0
19773,1,1,1.0
19774,1,1,1.0
19779,1,1,1.0
19783,1,1,1.0
19786,1,1,1.0
19802,1,1,1.0
19812,1,1,1.0
19813,1,1,1.0
19815,0,0,0.0
19821,1,1,1.0
19826,1,1,1.0
19831,1,1,1.0
19848,1,1,1.0
19851,1,1,1.0
19852,1,1,1.0
19866,1,1,1.0
19868,1,1,1.0
19869,1,1,1.0
19871,1,1,1.0
19874,1,1,1.0
19876,1,1,1.0
19877,1,1,1.0
19882,1,1,1.0
19884,0,0,0.0
19888,0,0,0.0
19889,1,1,1.0
19890,1,1,1.0
19909,1,1,1.0
19913,1,1,1.0
19914,1,1,1.0
19916,1,1,1.0
19920,1,1,1.0
19931,1,1,1.0
19944,1,1,1.0
19946,1,1,1.0
19955,1,1,1.0
19957,1,1,1.0
19959,1,1,1.0
19965,1,1,1.0
19969,1,1,1.0
19971,1,1,1.0
19975,1,1,1.0
19981,1,1,1.0
19984,1,1,1.0
19988,0,0,0.0
19991,1,1,1.0
19993,1,1,1.0
19995,1,1,1.0
19997,1,1,1.0
20010,1,1,1.0
20012,1,1,1.0
20017,1,1,1.0
20019,1,1,1.0
20020,1,1,1.0
20026,1,1,1.0
20027,1,1,1.0
20029,1,1,1.0
20036,1,1,1.0
20049,1,1,1.0
20054,1,1,1.0
20056,1,1,1.0
20061,1,1,1.0
20063,1,1,1.0
20083,1,1,1.0
20094,1,1,1.0
20098,1,1,1.0
20111,1,1,1.0
20112,0,0,0.0
20116,1,1,1.0
20130,1,1,1.0
20133,1,1,1.0
20137,1,1,1.0
20140,1,1,1.0
20143,1,1,1.0
20146,1,1,1.0
20150,1,1,1.0
20152,1,1,1.0
20154,0,0,0.0
20156,1,1,1.0
20157,1,1,1.0
20164,1,1,1.0
20165,1,1,1.0
20171,1,1,1.0
20175,1,1,1.0
20179,1,1,1.0
20190,1,1,1.0
20192,1,1,1.0
20195,1,1,1.0
20213,1,1,1.0
20222,1,1,1.0
20223,0,0,0.0
20229,1,1,1.0
20244,0,0,0.0
20247,1,1,1.0
20266,1,1,1.0
20268,1,1,1.0
20270,1,1,1.0
20278,1,1,1.0
20279,0,0,0.0
20290,1,1,1.0
20307,1,1,1.0
20310,1,1,1.0
20311,1,1,1.0
20323,1,1,1.0
20326,1,1,1.0
20329,0,0,0.0
20331,1,1,1.0
20339,1,1,1.0
20343,1,1,1.0
20350,1,1,1.0
20357,1,1,1.0
20363,1,1,1.0
20373,1,1,1.0
20375,1,1,1.0
20378,1,1,1.0
20387,1,1,1.0
20390,1,1,1.0
20395,1,1,1.0
20403,1,1,1.0
20408,0,0,0.0
20412,1,1,1.0
20414,1,1,1.0
20417,1,1,1.0
20424,1,1,1.0
20426,1,1,1.0
20432,1,1,1.0
20435,0,0,0.0
20442,1,1,1.0
20443,1,1,1.0
20447,1,1,1.0
20449,0,0,0.0
20450,1,1,1.0
20459,1,1,1.0
20460,1,1,1.0
20465,1,1,1.0
20467,0,0,0.0
20469,0,0,0.0
20470,1,1,1.0
20478,1,1,1.0
20479,1,1,1.0
20484,1,1,1.0
20498,1,1,1.0
20501,1,1,1.0
20514,1,1,1.0
20525,1,1,1.0
20527,1,1,1.0
20528,1,1,1.0
20532,1,1,1.0
20536,1,1,1.0
20544,1,1,1.0
20550,1,1,1.0
20565,1,1,1.0
20587,1,1,1.0
20593,1,1,1.0
20601,1,1,1.0
20606,1,1,1.0
20612,1,1,1.0
20616,1,1,1.0
20626,1,1,1.0
20634,1,1,1.0
20641,1,1,1.0
20649,1,1,1.0
20652,0,0,0.0
20653,1,1,1.0
20660,0,0,0.0
20661,1,1,1.0
20665,1,1,1.0
20666,1,1,1.0
20669,1,1,1.0
20670,1,1,1.0
20671,1,1,1.0
20681,1,1,1.0
20687,1,1,1.0
20691,1,1,1.0
20697,1,1,1.0
20708,0,0,0.0
20711,1,1,1.0
20712,1,1,1.0
20713,1,1,1.0
20714,1,1,1.0
20716,1,1,1.0
20720,1,1,1.0
20721,1,1,1.0
20729,1,1,1.0
20735,1,1,1.0
20736,1,1,1.0
20745,1,1,1.0
20754,1,1,1.0
20758,1,1,1.0
20760,1,1,1.0
20765,1,1,1.0
20770,1,1,1.0
20775,1,1,1.0
20777,1,1,1.0
20780,1,1,1.0
20781,1,1,1.0
20784,1,1,1.0
20797,1,1,1.0
20798,1,1,1.0
20799,1,1,1.0
20803,1,1,1.0
20813,1,1,1.0
20818,1,1,1.0
20826,1,1,1.0
20835,1,1,1.0
20845,0,0,0.0
20846,1,1,1.0
20853,1,1,1.0
20857,1,1,1.0
20858,1,1,1.0
20864,0,0,0.0
20867,1,1,1.0
20870,1,1,1.0
20884,1,1,1.0
20889,1,1,1.0
20894,1,1,1.0
20895,1,1,1.0
20900,1,1,1.0
20902,1,1,1.0
20905,1,1,1.0
20913,1,1,1.0
20914,1,1,1.0
20916,1,1,1.0
20919,1,1,1.0
20920,1,1,1.0
20927,1,1,1.0
20928,1,1,1.0
20934,1,1,1.0
20941,1,1,1.0
20953,1,1,1.0
20961,1,1,1.0
20968,1,1,1.0
20971,1,1,1.0
20975,1,1,1.0
20983,1,1,1.0
20987,1,1,1.0
20992,1,1,1.0
20994,1,1,1.0
21003,1,1,1.0
21004,1,1,1.0
21009,1,1,1.0
21013,1,1,1.0
21026,1,1,1.0
21030,1,1,1.0
21046,0,0,0.0
21052,1,1,1.0
21053,1,1,1.0
21054,1,1,1.0
21057,1,1,1.0
21076,1,1,1.0
21080,1,1,1.0
21086,1,1,1.0
21087,1,1,1.0
21090,1,1,1.0
21092,1,1,1.0
21095,1,1,1.0
21099,1,1,1.0
21104,1,1,1.0
21105,1,1,1.0
21118,1,1,1.0
21121,1,1,1.0
21136,1,1,1.0
21145,1,1,1.0
21146,1,1,1.0
21147,1,1,1.0
21148,1,1,1.0
21151,0,0,0.0
21153,0,0,0.0
21154,1,1,1.0
21155,1,1,1.0
21157,1,1,1.0
21158,1,1,1.0
21161,1,1,1.0
21170,1,1,1.0
21173,1,1,1.0
21175,1,1,1.0
21181,1,1,1.0
21186,1,1,1.0
21189,1,1,1.0
21197,1,1,1.0
21205,0,0,0.0
21209,0,0,0.0
21213,1,1,1.0
21221,1,1,1.0
21223,1,1,1.0
21227,1,1,1.0
21231,0,0,0.0
21233,1,1,1.0
21235,0,0,0.0
21236,0,0,0.0
21248,1,1,1.0
21255,1,1,1.0
21262,1,1,1.0
21263,1,1,1.0
21274,1,1,1.0
21287,0,0,0.0
21294,1,1,1.0
21295,1,1,1.0
21296,1,1,1.0
21303,1,1,1.0
21304,1,1,1.0
21307,1,1,1.0
21309,1,1,1.0
21317,1,1,1.0
21318,1,1,1.0
21326,1,1,1.0
21333,1,1,1.0
21354,1,1,1.0
21364,1,1,1.0
21367,1,1,1.0
21368,1,1,1.0
21376,1,1,1.0
21385,1,1,1.0
21397,1,1,1.0
21406,1,1,1.0
21408,1,1,1.0
21409,0,0,0.0
21415,1,1,1.0
21429,0,0,0.0
21435,1,1,1.0
21436,1,1,1.0
21437,1,1,1.0
21443,1,1,1.0
21450,0,0,0.0
21451,1,1,1.0
21456,1,1,1.0
21457,1,1,1.0
21461,1,1,1.0
21465,1,1,1.0
21491,1,1,1.0
21493,1,1,1.0
21498,1,1,1.0
21502,1,1,1.0
21503,1,1,1.0
21505,1,1,1.0
21515,1,1,1.0
21523,1,1,1.0
21525,1,1,1.0
21552,1,1,1.0
21553,1,1,1.0
21564,1,1,1.0
21570,1,1,1.0
21574,1,1,1.0
21582,1,1,1.0
21586,1,1,1.0
21589,1,1,1.0
21606,1,1,1.0
21608,1,1,1.0
21611,1,1,1.0
21619,1,1,1.0
21626,1,1,1.0
21627,1,1,1.0
21628,1,1,1.0
21630,0,0,0.0
21638,1,1,1.0
21651,1,1,1.0
21653,1,1,1.0
21659,1,1,1.0
21674,1,1,1.0
21677,0,0,0.0
21678,1,1,1.0
21686,1,1,1.0
21694,1,1,1.0
21705,1,1,1.0
21706,0,0,0.0
21707,1,1,1.0
21709,1,1,1.0
21711,1,1,1.0
21720,1,1,1.0
21726,1,1,1.0
21729,1,1,1.0
21732,1,1,1.0
21739,0,0,0.0
21752,1,1,1.0
21756,1,1,1.0
21757,1,1,1.0
21759,1,1,1.0
21760,1,1,1.0
21765,1,1,1.0
21769,0,0,0.0
21770,1,1,1.0
21786,0,0,0.0
21789,1,1,1.0
21811,1,1,1.0
21821,1,1,1.0
21824,0,0,0.0
21825,1,1,1.0
21826,1,1,1.0
21834,0,0,0.0
21835,1,1,1.0
21836,1,1,1.0
21841,1,1,1.0
21842,1,1,1.0
21846,1,1,1.0
21849,1,1,1.0
21851,1,1,1.0
21853,1,1,1.0
21854,1,1,1.0
21873,1,1,1.0
21880,1,1,1.0
21881,1,1,1.0
21883,0,0,0.0
21895,1,1,1.0
21900,1,1,1.0
21903,1,1,1.0
21905,1,1,1.0
21914,1,1,1.0
21917,1,1,1.0
21922,1,1,1.0
21924,1,1,1.0
21927,1,1,1.0
21928,1,1,1.0
21932,1,1,1.0
21935,1,1,1.0
21936,1,1,1.0
21941,1,1,1.0
21942,1,1,1.0
21949,1,1,1.0
21958,1,1,1.0
21959,1,1,1.0
21962,1,1,1.0
21963,1,1,1.0
21972,0,0,0.0
21992,1,1,1.0
21994,1,1,1.0
22005,1,1,1.0
22022,1,1,1.0
22028,1,1,1.0
22029,1,1,1.0
22030,0,0,0.0
22035,1,1,1.0
22042,1,1,1.0
22043,1,1,1.0
22045,0,0,0.0
22046,0,0,0.0
22052,1,1,1.0
22059,1,1,1.0
22072,1,1,1.0
22078,1,1,1.0
22079,1,1,1.0
22083,1,1,1.0
22094,1,1,1.0
22099,0,0,0.0
22104,1,1,1.0
22106,1,1,1.0
22109,1,1,1.0
22113,1,1,1.0
22114,1,1,1.0
22117,1,1,1.0
22121,1,1,1.0
22137,1,1,1.0
22138,1,1,1.0
22139,0,0,0.0
22143,1,1,1.0
22156,0,0,0.0
22172,1,1,1.0
22173,1,1,1.0
22177,1,1,1.0
22188,1,1,1.0
22190,1,1,1.0
22195,1,1,1.0
22201,1,1,1.0
22208,1,1,1.0
22209,1,1,1.0
22213,1,1,1.0
22217,1,1,1.0
22218,1,1,1.0
22223,1,1,1.0
22224,1,1,1.0
22235,1,1,1.0
22239,1,1,1.0
22255,1,1,1.0
22257,1,1,1.0
22262,1,1,1.0
22264,1,1,1.0
22271,1,1,1.0
22274,1,1,1.0
22275,1,1,1.0
22284,1,1,1.0
22285,1,1,1.0
22288,0,0,0.0
22289,1,1,1.0
22313,1,1,1.0
22323,1,1,1.0
22325,1,1,1.0
22326,1,1,1.0
22346,1,1,1.0
22355,1,1,1.0
22359,0,0,0.0
22368,1,1,1.0
22373,1,1,1.0
22375,1,1,1.0
22377,1,1,1.0
22380,1,1,1.0
22383,1,1,1.0
22386,1,1,1.0
22393,1,1,1.0
22398,1,1,1.0
22404,1,1,1.0
22410,1,1,1.0
22414,1,1,1.0
22420,1,1,1.0
22424,1,1,1.0
22430,1,1,1.0
22437,1,1,1.0
22445,1,1,1.0
22448,1,1,1.0
22466,1,1,1.0
22467,1,1,1.0
22468,1,1,1.0
22471,1,1,1.0
22474,1,1,1.0
22477,1,1,1.0
22487,1,1,1.0
22495,1,1,1.0
22502,1,1,1.0
22519,1,1,1.0
22520,0,0,0.0
22530,1,1,1.0
22532,1,1,1.0
22534,1,1,1.0
22536,0,0,0.0
22540,1,1,1.0
22547,1,1,1.0
22550,1,1,1.0
22556,1,1,1.0
22559,1,1,1.0
22560,1,1,1.0
22561,1,1,1.0
22570,1,1,1.0
22571,1,1,1.0
22577,1,1,1.0
22586,1,1,1.0
22588,1,1,1.0
22599,1,1,1.0
22602,1,1,1.0
22608,1,1,1.0
22613,1,1,1.0
22614,0,0,0.0
22617,1,1,1.0
22620,1,1,1.0
22623,1,1,1.0
22626,1,1,1.0
22634,1,1,1.0
22639,1,1,1.0
22648,1,1,1.0
22651,1,1,1.0
22652,1,1,1.0
22653,0,0,0.0
22664,1,1,1.0
22665,1,1,1.0
22669,1,1,1.0
22673,1,1,1.0
22674,1,1,1.0
22680,1,1,1.0
22687,1,1,1.0
22695,1,1,1.0
22699,0,0,0.0
22700,1,1,1.0
22702,1,1,1.0
22705,0,0,0.0
22706,1,1,1.0
22707,1,1,1.0
22716,1,1,1.0
22719,1,1,1.0
22741,1,1,1.0
22749,0,0,0.0
22755,1,1,1.0
22761,1,1,1.0
22766,1,1,1.0
22769,1,1,1.0
22770,1,1,1.0
22772,1,1,1.0
22776,1,1,1.0
22779,1,1,1.0
22792,1,1,1.0
22801,1,1,1.0
22804,1,1,1.0
22806,1,1,1.0
22808,1,1,1.0
22811,1,1,1.0
22812,1,1,1.0
22813,1,1,1.0
22823,1,1,1.0
22832,1,1,1.0
22834,1,1,1.0
22836,1,1,1.0
22837,1,1,1.0
22839,1,1,1.0
22844,1,1,1.0
22848,1,1,1.0
22849,1,1,1.0
22854,1,1,1.0
22855,1,1,1.0
22866,1,1,1.0
22874,1,1,1.0
22882,0,0,0.0
22887,1,1,1.0
22891,1,1,1.0
22894,1,1,1.0
22897,1,1,1.0
22898,1,1,1.0
22899,1,1,1.0
22930,1,1,1.0
22934,1,1,1.0
22940,1,1,1.0
22941,1,1,1.0
22948,1,1,1.0
22951,1,1,1.0
22959,1,1,1.0
22963,1,1,1.0
22968,1,1,1.0
22969,1,1,1.0
22972,1,1,1.0
22975,1,1,1.0
22979,1,1,1.0
22981,1,1,1.0
22983,1,1,1.0
22986,1,1,1.0
22987,1,1,1.0
22988,1,1,1.0
22991,1,1,1.0
23011,1,1,1.0
23015,1,1,1.0
23020,1,1,1.0
23024,1,1,1.0
23029,1,1,1.0
23035,1,1,1.0
23036,1,1,1.0
23037,1,1,1.0
23038,1,1,1.0
23044,0,0,0.0
23047,1,1,1.0
23060,1,1,1.0
23063,1,1,1.0
23065,1,1,1.0
23067,0,0,0.0
23069,0,0,0.0
23074,1,1,1.0
23075,1,1,1.0
23080,1,1,1.0
23082,1,1,1.0
23088,0,0,0.0
23100,1,1,1.0
23101,0,0,0.0
23106,1,1,1.0
23108,1,1,1.0
23110,1,1,1.0
23111,1,1,1.0
23114,1,1,1.0
23124,1,1,1.0
23128,1,1,1.0
23137,1,1,1.0
23139,1,1,1.0
23141,1,1,1.0
23143,1,1,1.0
23149,1,1,1.0
23151,1,1,1.0
23152,0,0,0.0
23166,1,1,1.0
23182,1,1,1.0
23184,1,1,1.0
23187,1,1,1.0
23192,0,0,0.0
23204,1,1,1.0
23211,1,1,1.0
23215,1,1,1.0
23216,1,1,1.0
23217,1,1,1.0
23221,0,0,0.0
23224,1,1,1.0
23228,1,1,1.0
23234,1,1,1.0
23240,0,0,0.0
23248,0,0,0.0
23251,0,0,0.0
23255,1,1,1.0
23260,0,0,0.0
23265,1,1,1.0
23277,0,0,0.0
23279,1,1,1.0
23280,1,1,1.0
23283,1,1,1.0
23284,1,1,1.0
23287,1,1,1.0
23295,1,1,1.0
23299,1,1,1.0
23301,1,1,1.0
23302,1,1,1.0
23306,1,1,1.0
23329,1,1,1.0
23332,1,1,1.0
23335,1,1,1.0
23349,1,1,1.0
23351,1,1,1.0
23358,1,1,1.0
23360,1,1,1.0
23363,1,1,1.0
23364,1,1,1.0
23365,1,1,1.0
23373,1,1,1.0
23374,1,1,1.0
23376,1,1,1.0
23377,1,1,1.0
23378,1,1,1.0
23383,1,1,1.0
23392,1,1,1.0
23406,1,1,1.0
23407,1,1,1.0
23412,1,1,1.0
23415,1,1,1.0
23421,1,1,1.0
23422,1,1,1.0
23426,1,1,1.0
23438,0,0,0.0
23439,1,1,1.0
23440,1,1,1.0
23441,0,0,0.0
23452,1,1,1.0
23456,1,1,1.0
23462,1,1,1.0
23463,0,0,0.0
23465,1,1,1.0
23469,1,1,1.0
23471,1,1,1.0
23478,1,1,1.0
23484,1,1,1.0
23491,1,1,1.0
23493,1,1,1.0
23498,1,1,1.0
23513,1,1,1.0
23515,1,1,1.0
23525,1,1,1.0
23542,1,1,1.0
23544,1,1,1.0
23545,1,1,1.0
23547,1,1,1.0
23549,1,1,1.0
23550,1,1,1.0
23551,1,1,1.0
23556,1,1,1.0
23560,1,1,1.0
23572,1,1,1.0
23575,1,1,1.0
23576,1,1,1.0
23584,0,0,0.0
23588,1,1,1.0
23596,1,1,1.0
23598,1,1,1.0
23604,1,1,1.0
23622,1,1,1.0
23630,1,1,1.0
23645,1,1,1.0
23646,0,0,0.0
23649,1,1,1.0
23666,1,1,1.0
23670,1,1,1.0
23675,1,1,1.0
23676,1,1,1.0
23683,0,0,0.0
23688,0,0,0.0
23692,1,1,1.0
23698,1,1,1.0
23700,1,1,1.0
23709,1,1,1.0
23722,1,1,1.0
23723,1,1,1.0
23731,1,1,1.0
23746,1,1,1.0
23747,1,1,1.0
23748,1,1,1.0
23750,1,1,1.0
23758,1,1,1.0
23760,1,1,1.0
23763,1,1,1.0
23766,1,1,1.0
23770,1,1,1.0
23772,1,1,1.0
23773,1,1,1.0
23775,1,1,1.0
23779,1,1,1.0
23792,1,1,1.0
23800,1,1,1.0
23806,1,1,1.0
23809,1,1,1.0
23810,1,1,1.0
23815,0,0,0.0
23820,1,1,1.0
23827,1,1,1.0
23829,1,1,1.0
23832,1,1,1.0
23837,1,1,1.0
23840,1,1,1.0
23844,1,1,1.0
23848,1,1,1.0
23849,1,1,1.0
23854,1,1,1.0
23867,1,1,1.0
23869,1,1,1.0
23886,1,1,1.0
23891,1,1,1.0
23894,1,1,1.0
23912,1,1,1.0
23919,1,1,1.0
23923,1,1,1.0
23926,1,1,1.0
23935,1,1,1.0
23949,1,1,1.0
23954,1,1,1.0
23955,1,1,1.0
23957,1,1,1.0
23959,1,1,1.0
23979,1,1,1.0
23985,1,1,1.0
23999,0,0,0.0
24006,1,1,1.0
24012,1,1,1.0
24016,1,1,1.0
24023,1,1,1.0
24024,1,1,1.0
24031,1,1,1.0
24037,1,1,1.0
24038,1,1,1.0
24041,1,1,1.0
24043,1,1,1.0
24044,1,1,1.0
24046,1,1,1.0
24050,1,1,1.0
24052,1,1,1.0
24056,1,1,1.0
24062,1,1,1.0
24080,1,1,1.0
24090,1,1,1.0
24093,1,1,1.0
24100,1,1,1.0
24103,1,1,1.0
24104,1,1,1.0
24105,1,1,1.0
24115,1,1,1.0
24117,1,1,1.0
24118,1,1,1.0
24119,1,1,1.0
24125,1,1,1.0
24132,0,0,0.0
24134,1,1,1.0
24141,1,1,1.0
24144,1,1,1.0
24145,1,1,1.0
24149,1,1,1.0
24151,1,1,1.0
24153,1,1,1.0
24161,1,1,1.0
24167,1,1,1.0
24168,1,1,1.0
24171,1,1,1.0
24183,1,1,1.0
24191,1,1,1.0
24192,1,1,1.0
24200,0,0,0.0
24202,1,1,1.0
24205,0,0,0.0
24206,0,0,0.0
24211,1,1,1.0
24222,1,1,1.0
24225,1,1,1.0
24226,1,1,1.0
24227,1,1,1.0
24230,1,1,1.0
24232,1,1,1.0
24234,1,1,1.0
24253,1,1,1.0
24254,1,1,1.0
24255,1,1,1.0
24256,1,1,1.0
24266,0,0,0.0
24269,1,1,1.0
24276,1,1,1.0
24283,1,1,1.0
24285,1,1,1.0
24288,1,1,1.0
24292,1,1,1.0
24294,1,1,1.0
24298,1,1,1.0
24300,1,1,1.0
24301,1,1,1.0
24305,1,1,1.0
24315,1,1,1.0
24322,1,1,1.0
24328,1,1,1.0
24335,1,1,1.0
24338,1,1,1.0
24339,1,1,1.0
24341,1,1,1.0
24345,1,1,1.0
24346,1,1,1.0
24349,1,1,1.0
24351,1,1,1.0
24354,1,1,1.0
24356,1,1,1.0
24357,1,1,1.0
24371,1,1,1.0
24372,1,1,1.0
24375,0,0,0.0
24387,1,1,1.0
24395,0,0,0.0
24407,1,1,1.0
24413,1,1,1.0
24416,1,1,1.0
24417,0,0,0.0
24419,1,1,1.0
24431,1,1,1.0
24436,1,1,1.0
24438,1,1,1.0
24441,1,1,1.0
24442,1,1,1.0
24446,1,1,1.0
24447,1,1,1.0
24450,1,1,1.0
24455,1,1,1.0
24458,1,1,1.0
24466,1,1,1.0
24471,1,1,1.0
24472,1,1,1.0
24476,1,1,1.0
24493,1,1,1.0
24499,1,1,1.0
24516,1,1,1.0
24521,1,1,1.0
24526,1,1,1.0
24562,1,1,1.0
24576,1,1,1.0
24579,0,0,0.0
24586,0,0,0.0
24589,1,1,1.0
24606,1,1,1.0
24610,1,1,1.0
24613,0,0,0.0
24615,1,1,1.0
24624,1,1,1.0
24625,1,1,1.0
24628,1,1,1.0
24640,1,1,1.0
24654,1,1,1.0
24676,1,1,1.0
24685,1,1,1.0
24688,1,1,1.0
24698,0,0,0.0
24701,1,1,1.0
24709,1,1,1.0
24712,1,1,1.0
24719,1,1,1.0
24721,1,1,1.0
24724,0,0,0.0
24731,1,1,1.0
24736,1,1,1.0
24737,1,1,1.0
24743,0,0,0.0
24747,1,1,1.0
24753,1,1,1.0
24764,1,1,1.0
24767,1,1,1.0
24768,1,1,1.0
24769,1,1,1.0
24774,1,1,1.0
24777,0,0,0.0
24802,1,1,1.0
24804,1,1,1.0
24817,1,1,1.0
24832,1,1,1.0
24834,1,1,1.0
24840,1,1,1.0
24845,1,1,1.0
24849,1,1,1.0
24853,0,0,0.0
24854,1,1,1.0
24864,1,1,1.0
24874,1,1,1.0
24875,1,1,1.0
24877,1,1,1.0
24880,1,1,1.0
24886,1,1,1.0
24888,1,1,1.0
24891,1,1,1.0
24901,1,1,1.0
24902,1,1,1.0
24904,1,1,1.0
24905,1,1,1.0
24906,1,1,1.0
24909,1,1,1.0
24925,1,1,1.0
24931,1,1,1.0
24939,1,1,1.0
24946,1,1,1.0
24955,1,1,1.0
24959,1,1,1.0
24960,0,0,0.0
24961,1,1,1.0
24965,0,0,0.0
24967,0,0,0.0
24975,1,1,1.0
24977,1,1,1.0
24979,1,1,1.0
24981,1,1,1.0
24984,1,1,1.0
24985,1,1,1.0
24987,0,0,0.0
24988,1,1,1.0
24999,1,1,1.0
25004,1,1,1.0
25005,0,0,0.0
25009,1,1,1.0
25012,1,1,1.0
25013,1,1,1.0
25025,1,1,1.0
25026,1,1,1.0
25029,1,1,1.0
25031,1,1,1.0
25036,1,1,1.0
25037,1,1,1.0
25039,1,1,1.0
25040,1,1,1.0
25044,1,1,1.0
25047,1,1,1.0
25050,1,1,1.0
25056,1,1,1.0
25067,1,1,1.0
25069,1,1,1.0
25070,1,1,1.0
25076,1,1,1.0
25082,0,0,0.0
25092,1,1,1.0
25094,1,1,1.0
25095,1,1,1.0
25097,1,1,1.0
25099,1,1,1.0
25100,1,1,1.0
25105,1,1,1.0
25106,1,1,1.0
25113,1,1,1.0
25122,1,1,1.0
25125,1,1,1.0
25129,1,1,1.0
25136,1,1,1.0
25137,1,1,1.0
25143,1,1,1.0
25145,1,1,1.0
25150,1,1,1.0
25154,1,1,1.0
25160,1,1,1.0
25190,1,1,1.0
25197,1,1,1.0
25208,1,1,1.0
25215,1,1,1.0
25219,1,1,1.0
25222,1,1,1.0
25223,1,1,1.0
25228,0,0,0.0
25230,1,1,1.0
25240,1,1,1.0
25241,1,1,1.0
25249,1,1,1.0
25253,1,1,1.0
25263,1,1,1.0
25264,1,1,1.0
25265,1,1,1.0
25267,1,1,1.0
25269,1,1,1.0
25271,1,1,1.0
25273,1,1,1.0
25275,1,1,1.0
25278,1,1,1.0
25280,1,1,1.0
25281,1,1,1.0
25288,1,1,1.0
25291,1,1,1.0
25294,1,1,1.0
25299,1,1,1.0
25300,1,1,1.0
25301,1,1,1.0
25304,0,0,0.0
25306,1,1,1.0
25312,1,1,1.0
25315,1,1,1.0
25319,1,1,1.0
25320,1,1,1.0
25324,1,1,1.0
25330,1,1,1.0
25331,1,1,1.0
25342,1,1,1.0
25343,0,0,0.0
25348,0,0,0.0
25354,1,1,1.0
25360,1,1,1.0
25371,1,1,1.0
25377,1,1,1.0
25379,1,1,1.0
25390,1,1,1.0
25391,1,1,1.0
25402,1,1,1.0
25407,1,1,1.0
25408,1,1,1.0
25410,1,1,1.0
25414,1,1,1.0
25416,1,1,1.0
25425,1,1,1.0
25435,1,1,1.0
25437,1,1,1.0
25438,1,1,1.0
25441,1,1,1.0
25450,1,1,1.0
25452,0,0,0.0
25453,1,1,1.0
25479,1,1,1.0
25485,1,1,1.0
25486,1,1,1.0
25488,1,1,1.0
25490,1,1,1.0
25496,1,1,1.0
25502,1,1,1.0
25510,1,1,1.0
25514,1,1,1.0
25518,1,1,1.0
25521,1,1,1.0
25524,1,1,1.0
25533,1,1,1.0
25539,1,1,1.0
25547,1,1,1.0
25551,1,1,1.0
25553,0,0,0.0
25563,1,1,1.0
25564,1,1,1.0
25566,1,1,1.0
25578,1,1,1.0
25586,1,1,1.0
25588,1,1,1.0
25593,1,1,1.0
25594,1,1,1.0
25602,0,0,0.0
25604,1,1,1.0
25605,1,1,1.0
25606,0,0,0.0
25611,1,1,1.0
25619,1,1,1.0
25628,1,1,1.0
25629,1,1,1.0
25635,1,1,1.0
25636,1,1,1.0
25645,1,1,1.0
25647,1,1,1.0
25649,1,1,1.0
25653,1,1,1.0
25655,1,1,1.0
25660,1,1,1.0
25661,1,1,1.0
25666,1,1,1.0
25673,1,1,1.0
25675,1,1,1.0
25680,1,1,1.0
25683,1,1,1.0
25686,1,1,1.0
25690,1,1,1.0
25693,1,1,1.0
25698,1,1,1.0
25700,1,1,1.0
25709,1,1,1.0
25712,1,1,1.0
25715,0,0,0.0
25722,0,0,0.0
25726,1,1,1.0
25728,1,1,1.0
25744,1,1,1.0
25746,1,1,1.0
25750,1,1,1.0
25755,1,1,1.0
25760,1,1,1.0
25771,1,1,1.0
25775,1,1,1.0
25783,1,1,1.0
25784,1,1,1.0
25786,1,1,1.0
25787,1,1,1.0
25790,1,1,1.0
25799,1,1,1.0
25802,0,0,0.0
25823,1,1,1.0
25825,1,1,1.0
25835,1,1,1.0
25837,1,1,1.0
25838,1,1,1.0
25842,1,1,1.0
25851,1,1,1.0
25855,1,1,1.0
25857,1,1,1.0
25860,1,1,1.0
25861,1,1,1.0
25862,1,1,1.0
25863,1,1,1.0
25864,1,1,1.0
25866,1,1,1.0
25868,1,1,1.0
25870,1,1,1.0
25873,1,1,1.0
25884,1,1,1.0
25893,1,1,1.0
25895,1,1,1.0
25899,1,1,1.0
25900,0,0,0.0
25907,0,0,0.0
25909,1,1,1.0
25912,1,1,1.0
25920,1,1,1.0
25923,0,0,0.0
25937,1,1,1.0
25950,1,1,1.0
25951,1,1,1.0
25963,1,1,1.0
25965,1,1,1.0
25969,1,1,1.0
26007,1,1,1.0
26008,1,1,1.0
26011,1,1,1.0
26012,1,1,1.0
26014,1,1,1.0
26024,1,1,1.0
26027,1,1,1.0
26031,1,1,1.0
26033,1,1,1.0
26034,1,1,1.0
26036,1,1,1.0
26037,1,1,1.0
26041,1,1,1.0
26052,1,1,1.0
26053,1,1,1.0
26056,1,1,1.0
26060,1,1,1.0
26063,1,1,1.0
26073,1,1,1.0
26079,0,0,0.0
26080,1,1,1.0
26083,1,1,1.0
26089,0,0,0.0
26090,1,1,1.0
26096,1,1,1.0
26102,1,1,1.0
26104,0,0,0.0
26105,0,0,0.0
26106,1,1,1.0
26107,1,1,1.0
26109,1,1,1.0
26112,1,1,1.0
26121,1,1,1.0
26128,1,1,1.0
26129,1,1,1.0
26141,1,1,1.0
26149,1,1,1.0
26152,1,1,1.0
26156,1,1,1.0
26170,1,1,1.0
26184,1,1,1.0
26186,1,1,1.0
26195,1,1,1.0
26197,1,1,1.0
26199,1,1,1.0
26200,1,1,1.0
26209,1,1,1.0
26221,1,1,1.0
26222,1,1,1.0
26234,1,1,1.0
26236,0,0,0.0
26238,1,1,1.0
26250,1,1,1.0
26254,1,1,1.0
26256,1,1,1.0
26259,1,1,1.0
26265,1,1,1.0
26274,1,1,1.0
26281,0,0,0.0
26286,1,1,1.0
26303,1,1,1.0
26311,1,1,1.0
26317,1,1,1.0
26320,1,1,1.0
26321,1,1,1.0
26322,1,1,1.0
26323,1,1,1.0
26335,1,1,1.0
26343,1,1,1.0
26345,1,1,1.0
26352,1,1,1.0
26380,1,1,1.0
26381,1,1,1.0
26400,1,1,1.0
26402,1,1,1.0
26415,1,1,1.0
26421,1,1,1.0
26431,1,1,1.0
26432,1,1,1.0
26433,1,1,1.0
26439,0,0,0.0
26445,0,0,0.0
26447,1,1,1.0
26449,1,1,1.0
26456,1,1,1.0
26458,1,1,1.0
26459,0,0,0.0
26461,1,1,1.0
26471,1,1,1.0
26474,1,1,1.0
26481,1,1,1.0
26483,1,1,1.0
26488,1,1,1.0
26496,1,1,1.0
26499,1,1,1.0
26501,1,1,1.0
26505,1,1,1.0
26511,1,1,1.0
26513,1,1,1.0
26514,1,1,1.0
26516,1,1,1.0
26517,1,1,1.0
26519,1,1,1.0
26526,1,1,1.0
26528,1,1,1.0
26534,1,1,1.0
26539,1,1,1.0
26540,1,1,1.0
26544,1,1,1.0
26555,1,1,1.0
26557,1,1,1.0
26558,1,1,1.0
26560,0,0,0.0
26564,1,1,1.0
26575,1,1,1.0
26577,1,1,1.0
26580,1,1,1.0
26582,1,1,1.0
26583,1,1,1.0
26585,1,1,1.0
26596,1,1,1.0
26603,1,1,1.0
26615,1,1,1.0
26618,1,1,1.0
26619,1,1,1.0
26620,1,1,1.0
26625,1,1,1.0
26629,1,1,1.0
26631,1,1,1.0
26637,1,1,1.0
26651,1,1,1.0
26659,1,1,1.0
26663,1,1,1.0
26666,1,1,1.0
26672,0,0,0.0
26673,0,0,0.0
26675,1,1,1.0
26678,1,1,1.0
26684,1,1,1.0
26688,1,1,1.0
26692,1,1,1.0
26700,1,1,1.0
26702,1,1,1.0
26706,1,1,1.0
26711,1,1,1.0
26715,1,1,1.0
26717,1,1,1.0
26724,1,1,1.0
26725,1,1,1.0
26728,1,1,1.0
26731,1,1,1.0
26737,1,1,1.0
26740,1,1,1.0
26742,0,0,0.0
26748,1,1,1.0
26749,0,0,0.0
26753,1,1,1.0
26755,1,1,1.0
26762,1,1,1.0
26767,1,1,1.0
26770,1,1,1.0
26772,1,1,1.0
26774,1,1,1.0
26776,1,1,1.0
26781,1,1,1.0
26782,1,1,1.0
26800,1,1,1.0
26805,1,1,1.0
26808,1,1,1.0
26810,1,1,1.0
26813,1,1,1.0
26822,1,1,1.0
26830,1,1,1.0
26831,1,1,1.0
26833,0,0,0.0
26837,1,1,1.0
26839,1,1,1.0
26853,1,1,1.0
26857,1,1,1.0
26862,1,1,1.0
26867,1,1,1.0
26868,1,1,1.0
26869,1,1,1.0
26874,1,1,1.0
26877,1,1,1.0
26879,1,1,1.0
26882,1,1,1.0
26884,1,1,1.0
26885,1,1,1.0
26886,1,1,1.0
26892,1,1,1.0
26909,1,1,1.0
26921,1,1,1.0
26922,1,1,1.0
26929,1,1,1.0
26930,1,1,1.0
26932,1,1,1.0
26933,1,1,1.0
26941,1,1,1.0
26944,1,1,1.0
26945,1,1,1.0
26963,1,1,1.0
26968,1,1,1.0
26969,1,1,1.0
26972,0,0,0.0
26976,1,1,1.0
26978,1,1,1.0
26980,1,1,1.0
26986,1,1,1.0
26988,1,1,1.0
26989,1,1,1.0
26998,1,1,1.0
27001,0,0,0.0
27007,0,0,0.0
27008,1,1,1.0
27018,1,1,1.0
27030,1,1,1.0
27034,1,1,1.0
27043,1,1,1.0
27046,1,1,1.0
27055,0,0,0.0
27056,1,1,1.0
27061,1,1,1.0
27063,1,1,1.0
27066,1,1,1.0
27067,1,1,1.0
27070,1,1,1.0
27072,1,1,1.0
27074,1,1,1.0
27078,1,1,1.0
27083,1,1,1.0
27084,1,1,1.0
27098,1,1,1.0
27104,1,1,1.0
27106,1,1,1.0
27113,1,1,1.0
27117,1,1,1.0
27130,1,1,1.0
27132,1,1,1.0
27138,1,1,1.0
27143,1,1,1.0
27144,1,1,1.0
27152,1,1,1.0
27153,1,1,1.0
27154,1,1,1.0
27169,1,1,1.0
27173,1,1,1.0
27174,1,1,1.0
27175,1,1,1.0
27182,1,1,1.0
27184,1,1,1.0
27185,1,1,1.0
27187,1,1,1.0
27194,1,1,1.0
27195,1,1,1.0
27200,1,1,1.0
27205,1,1,1.0
27208,1,1,1.0
27218,0,0,0.0
27221,1,1,1.0
27224,1,1,1.0
27225,1,1,1.0
27231,1,1,1.0
27238,1,1,1.0
27239,1,1,1.0
27242,1,1,1.0
27248,1,1,1.0
27249,1,1,1.0
27255,1,1,1.0
27258,1,1,1.0
27261,1,1,1.0
27265,1,1,1.0
27269,1,1,1.0
27271,1,1,1.0
27274,1,1,1.0
27275,1,1,1.0
27277,1,1,1.0
27278,1,1,1.0
27285,0,0,0.0
27287,1,1,1.0
27291,1,1,1.0
27297,1,1,1.0
27302,1,1,1.0
27303,1,1,1.0
27314,1,1,1.0
27323,1,1,1.0
27324,1,1,1.0
27330,0,0,0.0
27332,1,1,1.0
27335,1,1,1.0
27341,1,1,1.0
27347,1,1,1.0
27348,1,1,1.0
27352,1,1,1.0
27360,1,1,1.0
27369,1,1,1.0
27373,1,1,1.0
27376,1,1,1.0
27377,1,1,1.0
27378,1,1,1.0
27379,1,1,1.0
27381,1,1,1.0
27396,1,1,1.0
27402,1,1,1.0
27408,1,1,1.0
27418,1,1,1.0
27419,1,1,1.0
27420,1,1,1.0
27422,1,1,1.0
27429,1,1,1.0
27439,1,1,1.0
27441,1,1,1.0
27452,1,1,1.0
27462,1,1,1.0
27463,1,1,1.0
27469,1,1,1.0
27471,1,1,1.0
27476,1,1,1.0
27489,1,1,1.0
27498,1,1,1.0
27507,0,0,0.0
27519,1,1,1.0
27520,1,1,1.0
27540,1,1,1.0
27547,1,1,1.0
27549,1,1,1.0
27550,1,1,1.0
27552,1,1,1.0
27557,1,1,1.0
27558,1,1,1.0
27559,1,1,1.0
27567,1,1,1.0
27570,1,1,1.0
27578,1,1,1.0
27593,1,1,1.0
27599,1,1,1.0
27603,1,1,1.0
27607,1,1,1.0
27620,1,1,1.0
27630,1,1,1.0
27639,1,1,1.0
27651,1,1,1.0
27653,1,1,1.0
27655,1,1,1.0
27656,1,1,1.0
27657,1,1,1.0
27658,1,1,1.0
27668,1,1,1.0
27670,1,1,1.0
27680,1,1,1.0
27682,1,1,1.0
27689,0,0,0.0
27696,1,1,1.0
27698,1,1,1.0
27699,1,1,1.0
27703,0,0,0.0
27712,1,1,1.0
27718,1,1,1.0
27721,1,1,1.0
27722,1,1,1.0
27725,1,1,1.0
27727,1,1,1.0
27735,1,1,1.0
27740,0,0,0.0
27745,1,1,1.0
27746,1,1,1.0
27758,1,1,1.0
27759,0,0,0.0
27760,1,1,1.0
27766,1,1,1.0
27785,1,1,1.0
27788,1,1,1.0
27791,1,1,1.0
27797,1,1,1.0
27806,1,1,1.0
27813,1,1,1.0
27815,1,1,1.0
27816,1,1,1.0
27828,1,1,1.0
27837,1,1,1.0
27840,1,1,1.0
27841,1,1,1.0
27842,1,1,1.0
27844,1,1,1.0
27845,1,1,1.0
27847,1,1,1.0
27852,1,1,1.0
27860,1,1,1.0
27866,1,1,1.0
27879,1,1,1.0
27882,1,1,1.0
27887,1,1,1.0
27890,1,1,1.0
27898,1,1,1.0
27900,1,1,1.0
27903,1,1,1.0
27904,1,1,1.0
27907,0,0,0.0
27916,1,1,1.0
27920,1,1,1.0
27923,1,1,1.0
27927,1,1,1.0
27931,1,1,1.0
27935,1,1,1.0
27952,1,1,1.0
27953,1,1,1.0
27957,1,1,1.0
27958,0,0,0.0
27971,1,1,1.0
27976,1,1,1.0
27980,1,1,1.0
27983,1,1,1.0
27990,0,0,0.0
27996,1,1,1.0
27998,1,1,1.0
28007,1,1,1.0
28010,1,1,1.0
28028,1,1,1.0
28033,0,0,0.0
28040,1,1,1.0
28041,1,1,1.0
28046,1,1,1.0
28059,0,0,0.0
28060,1,1,1.0
28075,1,1,1.0
28082,1,1,1.0
28084,1,1,1.0
28090,1,1,1.0
28100,1,1,1.0
28104,1,1,1.0
28105,0,0,0.0
28110,1,1,1.0
28111,1,1,1.0
28125,1,1,1.0
28145,1,1,1.0
28159,1,1,1.0
28162,1,1,1.0
28163,1,1,1.0
28166,1,1,1.0
28174,0,0,0.0
28175,1,1,1.0
28176,1,1,1.0
28182,1,1,1.0
28188,1,1,1.0
28189,1,1,1.0
28202,1,1,1.0
28203,1,1,1.0
28205,1,1,1.0
28206,1,1,1.0
28219,1,1,1.0
28224,1,1,1.0
28225,1,1,1.0
28226,1,1,1.0
28227,1,1,1.0
28228,1,1,1.0
28231,1,1,1.0
28246,1,1,1.0
28249,1,1,1.0
28261,1,1,1.0
28262,1,1,1.0
28276,1,1,1.0
28279,1,1,1.0
28284,1,1,1.0
28294,0,0,0.0
28311,1,1,1.0
28319,1,1,1.0
28325,1,1,1.0
28329,1,1,1.0
28333,1,1,1.0
28336,1,1,1.0
28339,1,1,1.0
28341,1,1,1.0
28348,1,1,1.0
28350,1,1,1.0
28352,1,1,1.0
28359,1,1,1.0
28362,1,1,1.0
28366,1,1,1.0
28369,1,1,1.0
28384,1,1,1.0
28386,1,1,1.0
28392,1,1,1.0
28395,1,1,1.0
28400,1,1,1.0
28406,1,1,1.0
28409,1,1,1.0
28414,1,1,1.0
28417,1,1,1.0
28418,1,1,1.0
28420,1,1,1.0
28424,1,1,1.0
28428,1,1,1.0
28438,1,1,1.0
28441,1,1,1.0
28444,1,1,1.0
28445,1,1,1.0
28447,1,1,1.0
28448,1,1,1.0
28451,0,0,0.0
28464,1,1,1.0
28476,1,1,1.0
28477,1,1,1.0
28482,1,1,1.0
28484,1,1,1.0
28487,1,1,1.0
28493,1,1,1.0
28495,1,1,1.0
28496,1,1,1.0
28502,1,1,1.0
28514,1,1,1.0
28520,1,1,1.0
28522,1,1,1.0
28526,1,1,1.0
28529,1,1,1.0
28530,0,0,0.0
28532,1,1,1.0
28534,0,0,0.0
28538,1,1,1.0
28549,0,0,0.0
28552,1,1,1.0
28555,1,1,1.0
28556,1,1,1.0
28569,1,1,1.0
28571,1,1,1.0
28575,1,1,1.0
28581,1,1,1.0
28603,1,1,1.0
28608,1,1,1.0
28613,1,1,1.0
28618,1,1,1.0
28632,1,1,1.0
28637,1,1,1.0
28641,1,1,1.0
28642,1,1,1.0
28645,0,0,0.0
28648,1,1,1.0
28649,1,1,1.0
28657,1,1,1.0
28659,1,1,1.0
28667,1,1,1.0
28691,1,1,1.0
28702,1,1,1.0
28706,1,1,1.0
28716,1,1,1.0
28719,0,0,0.0
28735,1,1,1.0
28738,1,1,1.0
28756,1,1,1.0
28777,1,1,1.0
28779,1,1,1.0
28780,1,1,1.0
28787,1,1,1.0
28790,1,1,1.0
28793,1,1,1.0
28797,1,1,1.0
28801,1,1,1.0
28804,1,1,1.0
28807,1,1,1.0
28809,1,1,1.0
28810,1,1,1.0
28811,1,1,1.0
28812,1,1,1.0
28813,1,1,1.0
28816,1,1,1.0
28821,0,0,0.0
28824,1,1,1.0
28827,1,1,1.0
28830,1,1,1.0
28831,1,1,1.0
28839,1,1,1.0
28842,1,1,1.0
28844,1,1,1.0
28851,1,1,1.0
28855,1,1,1.0
28857,1,1,1.0
28860,1,1,1.0
28867,1,1,1.0
28870,1,1,1.0
28875,1,1,1.0
28877,1,1,1.0
28899,1,1,1.0
28902,1,1,1.0
28905,1,1,1.0
28910,1,1,1.0
28911,1,1,1.0
28912,1,1,1.0
28931,1,1,1.0
28932,1,1,1.0
28938,0,0,0.0
28939,1,1,1.0
28948,1,1,1.0
28951,1,1,1.0
28954,1,1,1.0
28955,1,1,1.0
28956,1,1,1.0
28957,1,1,1.0
28958,1,1,1.0
28959,1,1,1.0
28965,1,1,1.0
28969,1,1,1.0
28970,1,1,1.0
28975,1,1,1.0
28976,1,1,1.0
28980,1,1,1.0
28992,1,1,1.0
28993,1,1,1.0
29005,1,1,1.0
29014,1,1,1.0
29018,1,1,1.0
29021,1,1,1.0
29027,1,1,1.0
29029,1,1,1.0
29031,1,1,1.0
29039,1,1,1.0
29040,1,1,1.0
29043,1,1,1.0
29047,1,1,1.0
29051,1,1,1.0
29064,1,1,1.0
29066,1,1,1.0
29079,1,1,1.0
29083,1,1,1.0
29092,1,1,1.0
29093,0,0,0.0
29094,1,1,1.0
29102,1,1,1.0
29106,0,0,0.0
29112,1,1,1.0
29114,1,1,1.0
29117,1,1,1.0
29119,1,1,1.0
29121,1,1,1.0
29131,1,1,1.0
29140,1,1,1.0
29146,1,1,1.0
29147,1,1,1.0
29149,1,1,1.0
29158,1,1,1.0
29160,1,1,1.0
29167,1,1,1.0
29175,1,1,1.0
29188,0,0,0.0
29191,1,1,1.0
29198,1,1,1.0
29210,1,1,1.0
29214,1,1,1.0
29219,1,1,1.0
29222,1,1,1.0
29225,1,1,1.0
29226,1,1,1.0
29234,1,1,1.0
29241,1,1,1.0
29245,1,1,1.0
29246,1,1,1.0
29252,1,1,1.0
29259,1,1,1.0
29273,1,1,1.0
29276,1,1,1.0
29278,1,1,1.0
29281,1,1,1.0
29284,0,0,0.0
29288,1,1,1.0
29289,1,1,1.0
29294,1,1,1.0
29302,1,1,1.0
29309,1,1,1.0
29314,1,1,1.0
29326,1,1,1.0
29329,1,1,1.0
29332,1,1,1.0
29335,1,1,1.0
29338,1,1,1.0
29346,1,1,1.0
29362,1,1,1.0
29366,1,1,1.0
29368,1,1,1.0
29373,1,1,1.0
29376,1,1,1.0
29381,1,1,1.0
29389,1,1,1.0
29391,1,1,1.0
29393,1,1,1.0
29409,1,1,1.0
29412,1,1,1.0
29415,1,1,1.0
29426,1,1,1.0
29440,1,1,1.0
29441,1,1,1.0
29454,1,1,1.0
29464,1,1,1.0
29471,1,1,1.0
29478,1,1,1.0
29479,1,1,1.0
29480,1,1,1.0
29485,1,1,1.0
29493,1,1,1.0
29495,1,1,1.0
29496,1,1,1.0
29497,1,1,1.0
29498,1,1,1.0
29502,1,1,1.0
29507,1,1,1.0
29512,1,1,1.0
29516,1,1,1.0
29522,1,1,1.0
29523,1,1,1.0
29526,1,1,1.0
29528,1,1,1.0
29531,1,1,1.0
29536,1,1,1.0
29548,1,1,1.0
29552,1,1,1.0
29554,1,1,1.0
29559,1,1,1.0
29560,1,1,1.0
29565,1,1,1.0
29572,1,1,1.0
29574,1,1,1.0
29578,1,1,1.0
29579,1,1,1.0
29580,1,1,1.0
29582,1,1,1.0
29584,1,1,1.0
29590,1,1,1.0
29593,1,1,1.0
29595,1,1,1.0
29597,1,1,1.0
29600,1,1,1.0
29605,1,1,1.0
29614,1,1,1.0
29620,1,1,1.0
29622,1,1,1.0
29636,1,1,1.0
29638,1,1,1.0
29641,1,1,1.0
29646,1,1,1.0
29649,1,1,1.0
29651,0,0,0.0
29657,1,1,1.0
29665,0,0,0.0
29666,0,0,0.0
29667,1,1,1.0
29670,1,1,1.0
29673,1,1,1.0
29674,1,1,1.0
29679,1,1,1.0
29687,1,1,1.0
29689,1,1,1.0
29696,1,1,1.0
29697,1,1,1.0
29708,1,1,1.0
29716,1,1,1.0
29720,1,1,1.0
29721,1,1,1.0
29723,1,1,1.0
29733,1,1,1.0
29752,1,1,1.0
29756,1,1,1.0
29761,1,1,1.0
29766,1,1,1.0
29767,1,1,1.0
29778,1,1,1.0
29797,1,1,1.0
29803,1,1,1.0
29817,1,1,1.0
29822,1,1,1.0
29833,1,1,1.0
29838,1,1,1.0
29842,1,1,1.0
29854,1,1,1.0
29855,1,1,1.0
29857,1,1,1.0
29869,1,1,1.0
29870,1,1,1.0
29871,1,1,1.0
29877,1,1,1.0
29879,1,1,1.0
29882,1,1,1.0
29885,1,1,1.0
29887,1,1,1.0
29889,1,1,1.0
29894,1,1,1.0
29896,1,1,1.0
29900,1,1,1.0
29901,1,1,1.0
29902,1,1,1.0
29913,1,1,1.0
29916,1,1,1.0
29921,1,1,1.0
29923,1,1,1.0
29926,1,1,1.0
29927,1,1,1.0
29931,1,1,1.0
29946,1,1,1.0
29949,1,1,1.0
29954,1,1,1.0
29955,1,1,1.0
29978,1,1,1.0
29983,1,1,1.0
29986,1,1,1.0
29987,1,1,1.0
29989,1,1,1.0
29991,1,1,1.0
29992,1,1,1.0
30011,1,1,1.0
30023,1,1,1.0
30028,1,1,1.0
30031,1,1,1.0
30039,1,1,1.0
30044,1,1,1.0
30047,1,1,1.0
30055,1,1,1.0
30056,1,1,1.0
30068,1,1,1.0
30070,1,1,1.0
30083,1,1,1.0
30086,1,1,1.0
30090,1,1,1.0
30092,1,1,1.0
30102,1,1,1.0
30126,1,1,1.0
30129,1,1,1.0
30136,1,1,1.0
30148,1,1,1.0
30165,1,1,1.0
30166,1,1,1.0
30168,1,1,1.0
30175,1,1,1.0
30176,1,1,1.0
30180,1,1,1.0
30186,1,1,1.0
30191,1,1,1.0
30192,1,1,1.0
30193,1,1,1.0
30194,1,1,1.0
30199,1,1,1.0
30200,0,0,0.0
30204,1,1,1.0
30206,1,1,1.0
30208,1,1,1.0
30220,1,1,1.0
30233,1,1,1.0
30235,1,1,1.0
30236,1,1,1.0
30243,1,1,1.0
30244,1,1,1.0
30247,1,1,1.0
30248,1,1,1.0
30251,1,1,1.0
30256,1,1,1.0
30261,1,1,1.0
30281,1,1,1.0
30288,1,1,1.0
30295,1,1,1.0
30296,1,1,1.0
30297,1,1,1.0
30300,1,1,1.0
30308,1,1,1.0
30312,1,1,1.0
30316,1,1,1.0
30317,1,1,1.0
30321,1,1,1.0
30326,1,1,1.0
30335,1,1,1.0
30340,1,1,1.0
30349,1,1,1.0
30350,0,0,0.0
30355,1,1,1.0
30359,1,1,1.0
30366,0,0,0.0
30369,0,0,0.0
30379,1,1,1.0
30385,1,1,1.0
30393,1,1,1.0
30395,0,0,0.0
30403,1,1,1.0
30404,1,1,1.0
30406,1,1,1.0
30415,1,1,1.0
30418,1,1,1.0
30420,1,1,1.0
30421,1,1,1.0
30427,1,1,1.0
30428,1,1,1.0
30451,1,1,1.0
30460,1,1,1.0
30461,1,1,1.0
30465,0,0,0.0
30466,0,0,0.0
30468,1,1,1.0
30469,1,1,1.0
30470,1,1,1.0
30471,1,1,1.0
30472,1,1,1.0
30480,1,1,1.0
30486,1,1,1.0
30492,1,1,1.0
30500,1,1,1.0
30510,1,1,1.0
30511,1,1,1.0
30514,1,1,1.0
30528,1,1,1.0
30529,1,1,1.0
30532,1,1,1.0
30538,1,1,1.0
30548,1,1,1.0
30549,0,0,0.0
30550,0,0,0.0
30552,1,1,1.0
30564,1,1,1.0
30567,1,1,1.0
30570,1,1,1.0
30575,1,1,1.0
30578,1,1,1.0
30586,1,1,1.0
30587,1,1,1.0
30600,1,1,1.0
30627,1,1,1.0
30632,1,1,1.0
30633,1,1,1.0
30635,1,1,1.0
30638,1,1,1.0
30652,1,1,1.0
30655,1,1,1.0
30669,1,1,1.0
30671,1,1,1.0
30679,1,1,1.0
30696,1,1,1.0
30698,1,1,1.0
30701,0,0,0.0
30706,1,1,1.0
30718,1,1,1.0
30720,1,1,1.0
30723,0,0,0.0
30727,1,1,1.0
30732,1,1,1.0
30735,1,1,1.0
30736,1,1,1.0
30758,1,1,1.0
30761,1,1,1.0
30764,1,1,1.0
30766,1,1,1.0
30768,1,1,1.0
30772,1,1,1.0
30773,1,1,1.0
30774,1,1,1.0
30777,1,1,1.0
30788,1,1,1.0
30796,1,1,1.0
30801,1,1,1.0
30817,1,1,1.0
30820,1,1,1.0
30834,1,1,1.0
30849,1,1,1.0
30855,1,1,1.0
30860,1,1,1.0
30861,1,1,1.0
30865,1,1,1.0
30873,1,1,1.0
30878,1,1,1.0
30882,1,1,1.0
30909,1,1,1.0
30923,1,1,1.0
30925,1,1,1.0
30928,1,1,1.0
30934,1,1,1.0
30935,1,1,1.0
30936,1,1,1.0
30937,1,1,1.0
30940,1,1,1.0
30942,1,1,1.0
30944,1,1,1.0
30946,1,1,1.0
30948,1,1,1.0
30953,1,1,1.0
30955,1,1,1.0
30958,1,1,1.0
30961,1,1,1.0
30964,1,1,1.0
30974,1,1,1.0
30979,1,1,1.0
30985,1,1,1.0
30987,1,1,1.0
30996,1,1,1.0
31007,1,1,1.0
31014,1,1,1.0
31015,1,1,1.0
31021,1,1,1.0
31023,1,1,1.0
31025,1,1,1.0
31026,1,1,1.0
31029,1,1,1.0
31033,1,1,1.0
31037,1,1,1.0
31040,1,1,1.0
31047,1,1,1.0
31048,1,1,1.0
31049,1,1,1.0
31055,1,1,1.0
31059,1,1,1.0
31060,1,1,1.0
31065,1,1,1.0
31066,1,1,1.0
31070,1,1,1.0
31079,1,1,1.0
31080,1,1,1.0
31088,1,1,1.0
31091,1,1,1.0
31096,1,1,1.0
31103,1,1,1.0
31105,1,1,1.0
31106,1,1,1.0
31108,0,0,0.0
31114,1,1,1.0
31123,1,1,1.0
31127,1,1,1.0
31133,1,1,1.0
31134,1,1,1.0
31135,1,1,1.0
31137,1,1,1.0
31145,1,1,1.0
31147,1,1,1.0
31156,1,1,1.0
31158,1,1,1.0
31161,1,1,1.0
31163,1,1,1.0
31167,1,1,1.0
31168,1,1,1.0
31172,1,1,1.0
31181,1,1,1.0
31184,1,1,1.0
31200,1,1,1.0
31207,1,1,1.0
31223,1,1,1.0
31224,1,1,1.0
31242,1,1,1.0
31248,1,1,1.0
31256,1,1,1.0
31258,1,1,1.0
31261,1,1,1.0
31268,0,0,0.0
31274,1,1,1.0
31277,0,0,0.0
31280,1,1,1.0
31285,1,1,1.0
31296,1,1,1.0
31298,1,1,1.0
31305,1,1,1.0
31306,1,1,1.0
31309,1,1,1.0
31311,1,1,1.0
31327,1,1,1.0
31329,1,1,1.0
31333,1,1,1.0
31336,1,1,1.0
31342,1,1,1.0
31345,1,1,1.0
31358,1,1,1.0
31366,1,1,1.0
31368,1,1,1.0
31369,1,1,1.0
31377,0,0,0.0
31387,0,0,0.0
31388,1,1,1.0
31398,1,1,1.0
31400,1,1,1.0
31421,1,1,1.0
31424,1,1,1.0
31426,1,1,1.0
31430,1,1,1.0
31436,1,1,1.0
31439,1,1,1.0
31444,1,1,1.0
31448,1,1,1.0
31450,1,1,1.0
31451,0,0,0.0
31453,0,0,0.0
31457,1,1,1.0
31466,1,1,1.0
31470,1,1,1.0
31479,1,1,1.0
31483,1,1,1.0
31484,1,1,1.0
31485,1,1,1.0
31494,1,1,1.0
31497,1,1,1.0
31501,1,1,1.0
31512,1,1,1.0
31532,1,1,1.0
31533,1,1,1.0
31542,1,1,1.0
31549,1,1,1.0
31554,1,1,1.0
31558,1,1,1.0
31560,1,1,1.0
31561,1,1,1.0
31562,1,1,1.0
31564,1,1,1.0
31567,1,1,1.0
31568,1,1,1.0
31573,1,1,1.0
31575,1,1,1.0
31579,1,1,1.0
31591,1,1,1.0
31592,1,1,1.0
31596,1,1,1.0
31610,1,1,1.0
31629,1,1,1.0
31632,0,0,0.0
31638,1,1,1.0
31642,1,1,1.0
31645,1,1,1.0
31650,1,1,1.0
31652,1,1,1.0
31665,1,1,1.0
31669,1,1,1.0
31671,1,1,1.0
31685,1,1,1.0
31690,1,1,1.0
31692,0,0,0.0
31693,1,1,1.0
31696,1,1,1.0
31703,1,1,1.0
31707,1,1,1.0
31712,1,1,1.0
31716,1,1,1.0
31724,1,1,1.0
31735,1,1,1.0
31736,1,1,1.0
31740,1,1,1.0
31753,1,1,1.0
31761,1,1,1.0
31764,1,1,1.0
31768,1,1,1.0
31769,1,1,1.0
31780,1,1,1.0
31781,1,1,1.0
31785,1,1,1.0
31789,1,1,1.0
31793,1,1,1.0
31798,1,1,1.0
31802,1,1,1.0
31803,1,1,1.0
31804,1,1,1.0
31806,1,1,1.0
31811,1,1,1.0
31814,0,0,0.0
31830,1,1,1.0
31831,1,1,1.0
31832,1,1,1.0
31833,1,1,1.0
31839,1,1,1.0
31840,0,0,0.0
31842,1,1,1.0
31850,1,1,1.0
31852,1,1,1.0
31858,1,1,1.0
31859,1,1,1.0
31862,1,1,1.0
31865,1,1,1.0
31866,1,1,1.0
31874,1,1,1.0
31877,1,1,1.0
31880,1,1,1.0
31889,1,1,1.0
31890,1,1,1.0
31891,1,1,1.0
31892,1,1,1.0
31895,1,1,1.0
31905,1,1,1.0
31909,1,1,1.0
31910,1,1,1.0
31912,1,1,1.0
31917,1,1,1.0
31918,1,1,1.0
31920,1,1,1.0
31922,1,1,1.0
31923,1,1,1.0
31924,1,1,1.0
31925,1,1,1.0
31926,1,1,1.0
31939,1,1,1.0
31947,1,1,1.0
31957,1,1,1.0
31961,1,1,1.0
31964,1,1,1.0
31965,1,1,1.0
31967,1,1,1.0
31976,1,1,1.0
31980,1,1,1.0
31983,1,1,1.0
31985,1,1,1.0
31995,0,0,0.0
32000,0,0,0.0
32009,1,1,1.0
32014,1,1,1.0
32033,1,1,1.0
32043,1,1,1.0
32051,1,1,1.0
32061,1,1,1.0
32064,1,1,1.0
32071,1,1,1.0
32075,1,1,1.0
32076,1,1,1.0
32081,1,1,1.0
32085,1,1,1.0
32086,1,1,1.0
32087,1,1,1.0
32095,1,1,1.0
32099,1,1,1.0
32106,1,1,1.0
32120,1,1,1.0
32126,1,1,1.0
32131,1,1,1.0
32134,1,1,1.0
32156,1,1,1.0
32163,1,1,1.0
32164,1,1,1.0
32169,1,1,1.0
32173,1,1,1.0
32175,0,0,0.0
32185,0,0,0.0
32188,1,1,1.0
32189,1,1,1.0
32193,1,1,1.0
32196,1,1,1.0
32198,1,1,1.0
32204,1,1,1.0
32206,1,1,1.0
32208,1,1,1.0
32210,1,1,1.0
32215,1,1,1.0
32227,1,1,1.0
32252,1,1,1.0
32255,1,1,1.0
32257,1,1,1.0
32258,1,1,1.0
32263,1,1,1.0
32264,1,1,1.0
32292,1,1,1.0
32293,1,1,1.0
32294,1,1,1.0
32299,1,1,1.0
32310,1,1,1.0
32312,1,1,1.0
32314,1,1,1.0
32315,1,1,1.0
32320,1,1,1.0
32321,1,1,1.0
32325,1,1,1.0
32336,1,1,1.0
32342,1,1,1.0
32346,1,1,1.0
32362,1,1,1.0
32367,0,0,0.0
32372,1,1,1.0
32386,1,1,1.0
32393,1,1,1.0
32399,1,1,1.0
32400,1,1,1.0
32403,1,1,1.0
32405,1,1,1.0
32406,1,1,1.0
32412,1,1,1.0
32418,1,1,1.0
32433,1,1,1.0
32439,1,1,1.0
32448,1,1,1.0
32455,1,1,1.0
32463,1,1,1.0
32464,1,1,1.0
32466,1,1,1.0
32469,1,1,1.0
32480,1,1,1.0
32482,1,1,1.0
32484,1,1,1.0
32487,1,1,1.0
32492,1,1,1.0
32494,1,1,1.0
32497,1,1,1.0
32500,1,1,1.0
32504,1,1,1.0
32506,1,1,1.0
32511,1,1,1.0
32517,1,1,1.0
32536,1,1,1.0
32543,1,1,1.0
32550,0,0,0.0
32552,1,1,1.0
32553,1,1,1.0
32555,1,1,1.0
32561,1,1,1.0
32564,1,1,1.0
32567,0,0,0.0
32568,0,0,0.0
32573,1,1,1.0
32575,1,1,1.0
32576,1,1,1.0
32577,1,1,1.0
32582,1,1,1.0
32585,1,1,1.0
32586,1,1,1.0
32594,1,1,1.0
32599,1,1,1.0
32605,1,1,1.0
32608,1,1,1.0
32611,1,1,1.0
32615,1,1,1.0
32617,1,1,1.0
32618,1,1,1.0
32620,1,1,1.0
32626,1,1,1.0
32634,1,1,1.0
32638,1,1,1.0
32646,1,1,1.0
32659,1,1,1.0
32660,1,1,1.0
32661,1,1,1.0
32665,0,0,0.0
32671,1,1,1.0
32672,1,1,1.0
32686,1,1,1.0
32688,1,1,1.0
32692,1,1,1.0
32700,1,1,1.0
32706,1,1,1.0
32708,1,1,1.0
32715,1,1,1.0
32734,0,0,0.0
32737,1,1,1.0
32747,1,1,1.0
32756,1,1,1.0
32758,1,1,1.0
32765,1,1,1.0
32774,1,1,1.0
32779,1,1,1.0
32781,1,1,1.0
32794,1,1,1.0
32799,1,1,1.0
32802,1,1,1.0
32803,1,1,1.0
32804,1,1,1.0
32820,1,1,1.0
32822,1,1,1.0
32839,1,1,1.0
32841,1,1,1.0
32848,1,1,1.0
32849,1,1,1.0
32850,1,1,1.0
32853,1,1,1.0
32856,1,1,1.0
32860,1,1,1.0
32861,1,1,1.0
32867,1,1,1.0
32884,1,1,1.0
32889,1,1,1.0
32891,1,1,1.0
32893,1,1,1.0
32894,1,1,1.0
32896,1,1,1.0
32899,1,1,1.0
32900,1,1,1.0
32902,1,1,1.0
32908,1,1,1.0
32912,0,0,0.0
32913,0,0,0.0
32919,1,1,1.0
32920,1,1,1.0
32926,1,1,1.0
32927,1,1,1.0
32931,1,1,1.0
32933,1,1,1.0
32937,1,1,1.0
32940,1,1,1.0
32941,1,1,1.0
32947,1,1,1.0
32950,1,1,1.0
32981,1,1,1.0
32987,1,1,1.0
32991,1,1,1.0
32996,1,1,1.0
33000,1,1,1.0
33001,1,1,1.0
33008,1,1,1.0
33010,1,1,1.0
33014,1,1,1.0
33015,1,1,1.0
33026,1,1,1.0
33033,1,1,1.0
33034,1,1,1.0
33041,1,1,1.0
33050,1,1,1.0
33051,1,1,1.0
33052,1,1,1.0
33056,1,1,1.0
33060,1,1,1.0
33064,1,1,1.0
33070,1,1,1.0
33081,1,1,1.0
33087,1,1,1.0
33089,0,0,0.0
33099,1,1,1.0
33106,1,1,1.0
33109,1,1,1.0
33112,1,1,1.0
33115,1,1,1.0
33117,1,1,1.0
33119,1,1,1.0
33121,1,1,1.0
33129,1,1,1.0
33140,1,1,1.0
33143,1,1,1.0
33147,1,1,1.0
33155,1,1,1.0
33166,1,1,1.0
33168,1,1,1.0
33191,1,1,1.0
33192,1,1,1.0
33209,1,1,1.0
33210,1,1,1.0
33215,1,1,1.0
33222,1,1,1.0
33226,1,1,1.0
33230,1,1,1.0
33239,1,1,1.0
33253,1,1,1.0
33262,1,1,1.0
33270,0,0,0.0
33271,1,1,1.0
33272,0,0,0.0
33278,0,0,0.0
33286,1,1,1.0
33299,1,1,1.0
33302,1,1,1.0
33316,1,1,1.0
33320,1,1,1.0
33321,1,1,1.0
33324,1,1,1.0
33325,1,1,1.0
33327,1,1,1.0
33328,1,1,1.0
33333,1,1,1.0
33336,1,1,1.0
33342,1,1,1.0
33347,1,1,1.0
33352,1,1,1.0
33355,1,1,1.0
33360,1,1,1.0
33370,1,1,1.0
33374,1,1,1.0
33378,1,1,1.0
33383,1,1,1.0
33385,1,1,1.0
33386,1,1,1.0
33392,1,1,1.0
33393,1,1,1.0
33394,1,1,1.0
33403,1,1,1.0
33411,1,1,1.0
33414,1,1,1.0
33435,1,1,1.0
33436,1,1,1.0
33444,1,1,1.0
33445,1,1,1.0
33447,1,1,1.0
33455,0,0,0.0
33457,0,0,0.0
33478,1,1,1.0
33479,1,1,1.0
33482,1,1,1.0
33484,1,1,1.0
33487,1,1,1.0
33491,1,1,1.0
33493,1,1,1.0
33497,1,1,1.0
33507,1,1,1.0
33509,1,1,1.0
33518,1,1,1.0
33522,1,1,1.0
33525,1,1,1.0
33526,1,1,1.0
33532,0,0,0.0
33542,1,1,1.0
33557,1,1,1.0
33558,1,1,1.0
33561,1,1,1.0
33572,1,1,1.0
33575,1,1,1.0
33579,1,1,1.0
33581,1,1,1.0
33589,1,1,1.0
33600,1,1,1.0
33607,1,1,1.0
33617,1,1,1.0
33628,1,1,1.0
33631,1,1,1.0
33634,0,0,0.0
33638,1,1,1.0
33642,0,0,0.0
33643,1,1,1.0
33647,1,1,1.0
33648,1,1,1.0
33651,1,1,1.0
33654,1,1,1.0
33655,1,1,1.0
33660,1,1,1.0
33671,1,1,1.0
33672,1,1,1.0
33688,1,1,1.0
33690,1,1,1.0
33710,1,1,1.0
33713,1,1,1.0
33723,1,1,1.0
33724,1,1,1.0
33732,1,1,1.0
33734,1,1,1.0
33737,1,1,1.0
33744,1,1,1.0
33757,1,1,1.0
33770,1,1,1.0
33775,1,1,1.0
33787,1,1,1.0
33793,1,1,1.0
33804,1,1,1.0
33806,1,1,1.0
33811,1,1,1.0
33812,1,1,1.0
33815,1,1,1.0
33816,0,0,0.0
33820,1,1,1.0
33823,1,1,1.0
33827,1,1,1.0
33830,1,1,1.0
33832,1,1,1.0
33848,1,1,1.0
33852,1,1,1.0
33853,1,1,1.0
33888,1,1,1.0
33890,1,1,1.0
33893,1,1,1.0
33897,1,1,1.0
33903,1,1,1.0
33904,1,1,1.0
33905,1,1,1.0
33908,1,1,1.0
33910,0,0,0.0
33913,1,1,1.0
33915,1,1,1.0
33916,1,1,1.0
33918,1,1,1.0
33923,1,1,1.0
33926,1,1,1.0
33928,1,1,1.0
33931,1,1,1.0
33932,1,1,1.0
33933,1,1,1.0
33952,1,1,1.0
33954,1,1,1.0
33957,1,1,1.0
33958,1,1,1.0
33962,1,1,1.0
33963,1,1,1.0
33964,1,1,1.0
33967,1,1,1.0
33969,1,1,1.0
33970,1,1,1.0
33975,1,1,1.0
33978,1,1,1.0
33984,1,1,1.0
33986,1,1,1.0
33987,1,1,1.0
33988,1,1,1.0
33995,1,1,1.0
34002,1,1,1.0
34003,0,0,0.0
34007,1,1,1.0
34010,0,0,0.0
34011,1,1,1.0
34014,1,1,1.0
34022,1,1,1.0
34030,1,1,1.0
34034,1,1,1.0
34042,1,1,1.0
34051,1,1,1.0
34053,1,1,1.0
34054,1,1,1.0
34063,1,1,1.0
34068,1,1,1.0
34074,1,1,1.0
34079,1,1,1.0
34081,1,1,1.0
34086,1,1,1.0
34092,1,1,1.0
34094,1,1,1.0
34097,1,1,1.0
34105,0,0,0.0
34112,1,1,1.0
34126,1,1,1.0
34138,1,1,1.0
34143,1,1,1.0
34144,1,1,1.0
34145,1,1,1.0
34147,1,1,1.0
34148,1,1,1.0
34154,1,1,1.0
34161,1,1,1.0
34164,1,1,1.0
34172,1,1,1.0
34174,1,1,1.0
34176,1,1,1.0
34178,0,0,0.0
34186,0,0,0.0
34192,1,1,1.0
34197,1,1,1.0
34200,1,1,1.0
34203,0,0,0.0
34205,0,0,0.0
34208,1,1,1.0
34216,1,1,1.0
34222,1,1,1.0
34225,1,1,1.0
34227,1,1,1.0
34228,1,1,1.0
34240,1,1,1.0
34245,1,1,1.0
34252,1,1,1.0
34255,1,1,1.0
34257,1,1,1.0
34274,1,1,1.0
34278,1,1,1.0
34279,1,1,1.0
34280,1,1,1.0
34281,1,1,1.0
34285,1,1,1.0
34288,1,1,1.0
34292,1,1,1.0
34305,1,1,1.0
34308,1,1,1.0
34313,1,1,1.0
34317,1,1,1.0
34322,1,1,1.0
34327,1,1,1.0
34329,1,1,1.0
34332,1,1,1.0
34333,1,1,1.0
34342,1,1,1.0
34351,1,1,1.0
34356,1,1,1.0
34359,1,1,1.0
34361,1,1,1.0
34366,0,0,0.0
34375,1,1,1.0
34379,1,1,1.0
34388,1,1,1.0
34390,1,1,1.0
34394,1,1,1.0
34399,1,1,1.0
34411,1,1,1.0
34412,1,1,1.0
34416,1,1,1.0
34417,1,1,1.0
34420,1,1,1.0
34422,1,1,1.0
34434,1,1,1.0
34435,1,1,1.0
34436,1,1,1.0
34440,1,1,1.0
34444,1,1,1.0
34446,1,1,1.0
34447,1,1,1.0
34453,1,1,1.0
34465,1,1,1.0
34466,1,1,1.0
34474,1,1,1.0
34479,1,1,1.0
34482,1,1,1.0
34497,1,1,1.0
34501,1,1,1.0
34504,1,1,1.0
34509,1,1,1.0
34513,1,1,1.0
34515,1,1,1.0
34516,1,1,1.0
34523,1,1,1.0
34526,1,1,1.0
34528,1,1,1.0
34532,1,1,1.0
34543,0,0,0.0
34548,0,0,0.0
34551,1,1,1.0
34555,1,1,1.0
34557,1,1,1.0
34572,1,1,1.0
34575,1,1,1.0
34577,1,1,1.0
34581,1,1,1.0
34587,1,1,1.0
34588,1,1,1.0
34589,1,1,1.0
34592,1,1,1.0
34597,1,1,1.0
34601,1,1,1.0
34607,1,1,1.0
34612,1,1,1.0
34615,1,1,1.0
34616,1,1,1.0
34619,1,1,1.0
34620,1,1,1.0
34626,1,1,1.0
34631,1,1,1.0
34632,1,1,1.0
34640,1,1,1.0
34641,1,1,1.0
34649,1,1,1.0
34653,1,1,1.0
34654,1,1,1.0
34662,0,0,0.0
34664,1,1,1.0
34666,1,1,1.0
34669,1,1,1.0
34671,1,1,1.0
34676,1,1,1.0
34677,1,1,1.0
34682,1,1,1.0
34684,1,1,1.0
34692,1,1,1.0
34695,1,1,1.0
34697,1,1,1.0
34701,1,1,1.0
34712,1,1,1.0
34714,1,1,1.0
34715,1,1,1.0
34732,1,1,1.0
34735,1,1,1.0
34746,0,0,0.0
34747,1,1,1.0
34749,1,1,1.0
34759,1,1,1.0
34761,1,1,1.0
34763,1,1,1.0
34766,1,1,1.0
34772,1,1,1.0
34774,1,1,1.0
34775,1,1,1.0
34781,1,1,1.0
34784,1,1,1.0
34797,1,1,1.0
34800,1,1,1.0
34814,1,1,1.0
34823,1,1,1.0
34831,1,1,1.0
34846,1,1,1.0
34848,1,1,1.0
34851,1,1,1.0
34856,1,1,1.0
34863,1,1,1.0
34865,1,1,1.0
34867,1,1,1.0
34870,1,1,1.0
34875,1,1,1.0
34876,1,1,1.0
34878,1,1,1.0
34879,1,1,1.0
34881,1,1,1.0
34894,1,1,1.0
34895,1,1,1.0
34906,1,1,1.0
34913,1,1,1.0
34922,1,1,1.0
34924,1,1,1.0
34935,1,1,1.0
34937,1,1,1.0
34943,0,0,0.0
34950,1,1,1.0
34955,1,1,1.0
34967,1,1,1.0
34978,1,1,1.0
34987,1,1,1.0
34991,1,1,1.0
34992,1,1,1.0
34995,1,1,1.0
34996,1,1,1.0
35001,1,1,1.0
35015,1,1,1.0
35017,1,1,1.0
35019,1,1,1.0
35021,1,1,1.0
35022,1,1,1.0
35030,1,1,1.0
35031,1,1,1.0
35037,1,1,1.0
35045,1,1,1.0
35057,1,1,1.0
35060,1,1,1.0
35061,1,1,1.0
35064,1,1,1.0
35065,1,1,1.0
35072,1,1,1.0
35073,1,1,1.0
35075,1,1,1.0
35077,1,1,1.0
35082,1,1,1.0
35083,0,0,0.0
35084,1,1,1.0
35087,1,1,1.0
35088,1,1,1.0
35092,1,1,1.0
35095,1,1,1.0
35102,1,1,1.0
35110,0,0,0.0
35114,1,1,1.0
35115,1,1,1.0
35117,1,1,1.0
35124,1,1,1.0
35137,1,1,1.0
35138,1,1,1.0
35150,1,1,1.0
35154,1,1,1.0
35159,1,1,1.0
35167,1,1,1.0
35168,1,1,1.0
35171,1,1,1.0
35177,1,1,1.0
35200,1,1,1.0
35212,1,1,1.0
35216,1,1,1.0
35218,1,1,1.0
35225,1,1,1.0
35229,1,1,1.0
35231,1,1,1.0
35235,1,1,1.0
35236,1,1,1.0
35238,1,1,1.0
35242,1,1,1.0
35243,1,1,1.0
35248,1,1,1.0
35253,1,1,1.0
35254,1,1,1.0
35267,1,1,1.0
35268,0,0,0.0
35279,1,1,1.0
35284,1,1,1.0
35289,1,1,1.0
35292,1,1,1.0
35295,1,1,1.0
35315,1,1,1.0
35317,1,1,1.0
35322,1,1,1.0
35335,1,1,1.0
35345,1,1,1.0
35346,1,1,1.0
35350,1,1,1.0
35356,1,1,1.0
35373,1,1,1.0
35384,1,1,1.0
35387,1,1,1.0
35388,1,1,1.0
35394,1,1,1.0
35411,1,1,1.0
35412,1,1,1.0
35414,1,1,1.0
35427,1,1,1.0
35436,1,1,1.0
35439,1,1,1.0
35440,1,1,1.0
35442,1,1,1.0
35451,1,1,1.0
35470,1,1,1.0
35488,1,1,1.0
35489,1,1,1.0
35498,1,1,1.0
35502,1,1,1.0
35511,1,1,1.0
35525,1,1,1.0
35529,1,1,1.0
35530,1,1,1.0
35533,1,1,1.0
35541,1,1,1.0
35544,1,1,1.0
35550,1,1,1.0
35553,1,1,1.0
35560,1,1,1.0
35567,1,1,1.0
35570,1,1,1.0
35575,1,1,1.0
35578,1,1,1.0
35579,1,1,1.0
35590,1,1,1.0
35591,1,1,1.0
35612,1,1,1.0
35615,1,1,1.0
35617,1,1,1.0
35618,1,1,1.0
35623,1,1,1.0
35624,1,1,1.0
35626,1,1,1.0
35628,1,1,1.0
35636,0,0,0.0
35647,1,1,1.0
35649,1,1,1.0
35650,1,1,1.0
35653,1,1,1.0
35667,1,1,1.0
35669,1,1,1.0
35673,1,1,1.0
35676,1,1,1.0
35678,1,1,1.0
35683,1,1,1.0
35684,1,1,1.0
35689,1,1,1.0
35695,1,1,1.0
35702,1,1,1.0
35703,1,1,1.0
35704,1,1,1.0
35710,1,1,1.0
35713,1,1,1.0
35714,1,1,1.0
35715,1,1,1.0
35716,1,1,1.0
35723,1,1,1.0
35726,1,1,1.0
35727,1,1,1.0
35728,1,1,1.0
35729,1,1,1.0
35731,0,0,0.0
35732,1,1,1.0
35742,1,1,1.0
35746,1,1,1.0
35748,1,1,1.0
35751,1,1,1.0
35758,1,1,1.0
35765,1,1,1.0
35769,1,1,1.0
35773,1,1,1.0
35774,1,1,1.0
35782,1,1,1.0
35788,1,1,1.0
35790,1,1,1.0
35793,1,1,1.0
35796,1,1,1.0
35802,1,1,1.0
35806,1,1,1.0
35808,1,1,1.0
35814,0,0,0.0
35823,1,1,1.0
35827,1,1,1.0
35832,0,0,0.0
35834,1,1,1.0
35843,1,1,1.0
35846,1,1,1.0
35847,1,1,1.0
35854,1,1,1.0
35855,1,1,1.0
35857,1,1,1.0
35864,1,1,1.0
35868,1,1,1.0
35870,1,1,1.0
35881,1,1,1.0
35883,1,1,1.0
35884,1,1,1.0
35892,1,1,1.0
35896,1,1,1.0
35897,1,1,1.0
35900,1,1,1.0
35902,1,1,1.0
35909,1,1,1.0
35916,1,1,1.0
35921,1,1,1.0
35923,0,0,0.0
35932,1,1,1.0
35941,1,1,1.0
35944,1,1,1.0
35948,1,1,1.0
35949,1,1,1.0
35957,1,1,1.0
35959,1,1,1.0
35960,1,1,1.0
35965,1,1,1.0
35969,1,1,1.0
35976,1,1,1.0
35977,1,1,1.0
35983,1,1,1.0
35984,1,1,1.0
35986,1,1,1.0
35989,1,1,1.0
35995,1,1,1.0
35997,0,0,0.0
36006,0,0,0.0
36007,1,1,1.0
36019,1,1,1.0
36022,0,0,0.0
36023,0,0,0.0
36029,1,1,1.0
36031,1,1,1.0
36033,1,1,1.0
36035,1,1,1.0
36036,1,1,1.0
36042,1,1,1.0
36046,1,1,1.0
36064,1,1,1.0
36065,1,1,1.0
36067,1,1,1.0
36075,1,1,1.0
36082,1,1,1.0
36085,1,1,1.0
36091,1,1,1.0
36098,1,1,1.0
36101,1,1,1.0
36108,1,1,1.0
36111,1,1,1.0
36113,1,1,1.0
36114,1,1,1.0
36121,1,1,1.0
36125,1,1,1.0
36134,1,1,1.0
36138,1,1,1.0
36143,1,1,1.0
36146,1,1,1.0
36150,1,1,1.0
36153,1,1,1.0
36156,1,1,1.0
36157,1,1,1.0
36158,1,1,1.0
36165,1,1,1.0
36169,1,1,1.0
36170,1,1,1.0
36180,1,1,1.0
36181,1,1,1.0
36182,0,0,0.0
36183,1,1,1.0
36193,1,1,1.0
36196,1,1,1.0
36207,1,1,1.0
36210,1,1,1.0
36211,1,1,1.0
36213,1,1,1.0
36216,1,1,1.0
36225,1,1,1.0
36226,1,1,1.0
36233,1,1,1.0
36246,1,1,1.0
36248,1,1,1.0
36249,1,1,1.0
36254,1,1,1.0
36256,1,1,1.0
36264,0,0,0.0
36275,1,1,1.0
36280,1,1,1.0
36282,1,1,1.0
36284,1,1,1.0
36285,1,1,1.0
36287,0,0,0.0
36304,1,1,1.0
36311,1,1,1.0
36315,1,1,1.0
36318,1,1,1.0
36321,1,1,1.0
36331,1,1,1.0
36332,1,1,1.0
36339,1,1,1.0
36346,1,1,1.0
36352,1,1,1.0
36353,1,1,1.0
36355,1,1,1.0
36357,1,1,1.0
36362,1,1,1.0
36365,0,0,0.0
36367,1,1,1.0
36370,1,1,1.0
36371,1,1,1.0
36374,1,1,1.0
36381,1,1,1.0
36389,1,1,1.0
36390,1,1,1.0
36403,1,1,1.0
36408,1,1,1.0
36409,1,1,1.0
36413,1,1,1.0
36428,1,1,1.0
36448,1,1,1.0
36449,1,1,1.0
36450,1,1,1.0
36456,1,1,1.0
36460,1,1,1.0
36465,0,0,0.0
36485,1,1,1.0
36494,1,1,1.0
36501,1,1,1.0
36510,1,1,1.0
36516,1,1,1.0
36519,1,1,1.0
36521,1,1,1.0
36528,1,1,1.0
36533,1,1,1.0
36547,0,0,0.0
36558,1,1,1.0
36561,1,1,1.0
36563,1,1,1.0
36564,1,1,1.0
36572,1,1,1.0
36573,1,1,1.0
36576,1,1,1.0
36583,1,1,1.0
36589,1,1,1.0
36593,1,1,1.0
36595,1,1,1.0
36598,1,1,1.0
36599,1,1,1.0
36603,1,1,1.0
36606,1,1,1.0
36609,1,1,1.0
36616,1,1,1.0
36621,1,1,1.0
36625,1,1,1.0
36631,1,1,1.0
36632,1,1,1.0
36636,1,1,1.0
36644,0,0,0.0
36651,1,1,1.0
36656,1,1,1.0
36660,1,1,1.0
36662,1,1,1.0
36665,1,1,1.0
36668,1,1,1.0
36673,1,1,1.0
36676,1,1,1.0
36685,1,1,1.0
36686,1,1,1.0
36687,1,1,1.0
36689,1,1,1.0
36698,1,1,1.0
36703,1,1,1.0
36717,0,0,0.0
36719,1,1,1.0
36723,1,1,1.0
36726,0,0,0.0
36747,1,1,1.0
36752,1,1,1.0
36753,1,1,1.0
36755,1,1,1.0
36756,1,1,1.0
36759,1,1,1.0
36762,0,0,0.0
36774,1,1,1.0
36775,1,1,1.0
36776,1,1,1.0
36779,1,1,1.0
36782,1,1,1.0
36787,1,1,1.0
36793,1,1,1.0
36795,1,1,1.0
36806,1,1,1.0
36812,1,1,1.0
36818,1,1,1.0
36819,1,1,1.0
36826,1,1,1.0
36828,1,1,1.0
36830,0,0,0.0
36834,1,1,1.0
36836,1,1,1.0
36842,1,1,1.0
36852,1,1,1.0
36855,1,1,1.0
36858,1,1,1.0
36865,1,1,1.0
36881,1,1,1.0
36882,1,1,1.0
36885,1,1,1.0
36892,1,1,1.0
36893,1,1,1.0
36896,1,1,1.0
36899,1,1,1.0
36908,0,0,0.0
36911,0,0,0.0
36913,0,0,0.0
36916,0,0,0.0
36924,1,1,1.0
36927,1,1,1.0
36931,1,1,1.0
36936,1,1,1.0
36949,1,1,1.0
36953,1,1,1.0
36962,1,1,1.0
36963,1,1,1.0
36971,1,1,1.0
36978,1,1,1.0
36982,1,1,1.0
37004,1,1,1.0
37009,1,1,1.0
37018,1,1,1.0
37023,1,1,1.0
37031,1,1,1.0
37032,1,1,1.0
37035,1,1,1.0
37036,1,1,1.0
37038,1,1,1.0
37045,1,1,1.0
37051,1,1,1.0
37059,1,1,1.0
37072,1,1,1.0
37090,0,0,0.0
37093,1,1,1.0
37109,1,1,1.0
37114,1,1,1.0
37116,0,0,0.0
37121,1,1,1.0
37122,1,1,1.0
37125,1,1,1.0
37126,1,1,1.0
37136,1,1,1.0
37140,1,1,1.0
37150,1,1,1.0
37156,1,1,1.0
37164,1,1,1.0
37179,0,0,0.0
37189,1,1,1.0
37190,1,1,1.0
37191,1,1,1.0
37198,1,1,1.0
37212,1,1,1.0
37213,1,1,1.0
37219,1,1,1.0
37222,1,1,1.0
37229,1,1,1.0
37232,1,1,1.0
37233,1,1,1.0
37235,1,1,1.0
37247,1,1,1.0
37250,1,1,1.0
37252,1,1,1.0
37259,1,1,1.0
37263,1,1,1.0
37266,1,1,1.0
37268,1,1,1.0
37269,1,1,1.0
37281,1,1,1.0
37287,1,1,1.0
37290,1,1,1.0
37309,1,1,1.0
37314,1,1,1.0
37318,1,1,1.0
37319,1,1,1.0
37320,1,1,1.0
37326,1,1,1.0
37336,1,1,1.0
37338,1,1,1.0
37339,1,1,1.0
37342,1,1,1.0
37343,1,1,1.0
37344,1,1,1.0
37345,1,1,1.0
37347,1,1,1.0
37348,1,1,1.0
37351,1,1,1.0
37360,1,1,1.0
37365,1,1,1.0
37368,1,1,1.0
37372,1,1,1.0
37379,1,1,1.0
37384,1,1,1.0
37389,1,1,1.0
37390,1,1,1.0
37392,1,1,1.0
37396,1,1,1.0
37404,1,1,1.0
37409,1,1,1.0
37411,1,1,1.0
37418,1,1,1.0
37427,1,1,1.0
37432,1,1,1.0
37434,1,1,1.0
37437,1,1,1.0
37438,1,1,1.0
37440,1,1,1.0
37456,0,0,0.0
37463,1,1,1.0
37465,1,1,1.0
37468,1,1,1.0
37475,1,1,1.0
37477,0,0,0.0
37494,1,1,1.0
37502,1,1,1.0
37509,1,1,1.0
37511,1,1,1.0
37515,1,1,1.0
37524,1,1,1.0
37529,1,1,1.0
37536,1,1,1.0
37543,1,1,1.0
37546,1,1,1.0
37553,1,1,1.0
37554,1,1,1.0
37557,1,1,1.0
37560,1,1,1.0
37562,1,1,1.0
37570,1,1,1.0
37571,1,1,1.0
37572,1,1,1.0
37587,1,1,1.0
37591,1,1,1.0
37605,1,1,1.0
37606,1,1,1.0
37607,1,1,1.0
37612,1,1,1.0
37613,1,1,1.0
37619,1,1,1.0
37622,1,1,1.0
37628,1,1,1.0
37630,1,1,1.0
37637,0,0,0.0
37640,0,0,0.0
37645,1,1,1.0
37651,1,1,1.0
37653,1,1,1.0
37669,1,1,1.0
37670,1,1,1.0
37676,1,1,1.0
37677,1,1,1.0
37680,1,1,1.0
37693,1,1,1.0
37702,1,1,1.0
37704,1,1,1.0
37706,1,1,1.0
37707,1,1,1.0
37708,1,1,1.0
37713,1,1,1.0
37715,1,1,1.0
37719,1,1,1.0
37728,1,1,1.0
37729,1,1,1.0
37751,1,1,1.0
37760,1,1,1.0
37761,1,1,1.0
37764,1,1,1.0
37776,1,1,1.0
37778,1,1,1.0
37782,1,1,1.0
37786,1,1,1.0
37792,1,1,1.0
37793,1,1,1.0
37798,1,1,1.0
37804,1,1,1.0
37817,0,0,0.0
37823,1,1,1.0
37827,1,1,1.0
37829,1,1,1.0
37833,1,1,1.0
37839,1,1,1.0
37841,0,0,0.0
37847,1,1,1.0
37851,1,1,1.0
37857,1,1,1.0
37868,1,1,1.0
37880,1,1,1.0
37887,1,1,1.0
37892,1,1,1.0
37898,1,1,1.0
37908,1,1,1.0
37909,1,1,1.0
37910,1,1,1.0
37915,1,1,1.0
37921,1,1,1.0
37922,1,1,1.0
37925,1,1,1.0
37928,1,1,1.0
37937,1,1,1.0
37942,0,0,0.0
37946,1,1,1.0
37970,1,1,1.0
37971,1,1,1.0
37973,1,1,1.0
37974,1,1,1.0
37982,1,1,1.0
37986,1,1,1.0
37993,1,1,1.0
38004,1,1,1.0
38008,1,1,1.0
38009,1,1,1.0
38015,1,1,1.0
38016,1,1,1.0
38024,1,1,1.0
38026,0,0,0.0
38027,1,1,1.0
38031,1,1,1.0
38035,1,1,1.0
38052,1,1,1.0
38059,1,1,1.0
38068,1,1,1.0
38074,1,1,1.0
38081,1,1,1.0
38091,1,1,1.0
38096,1,1,1.0
38101,1,1,1.0
38109,1,1,1.0
38110,1,1,1.0
38115,1,1,1.0
38117,1,1,1.0
38120,1,1,1.0
38123,1,1,1.0
38126,1,1,1.0
38132,1,1,1.0
38135,1,1,1.0
38136,1,1,1.0
38138,1,1,1.0
38141,1,1,1.0
38142,1,1,1.0
38147,1,1,1.0
38154,1,1,1.0
38156,1,1,1.0
38158,1,1,1.0
38170,1,1,1.0
38174,1,1,1.0
38175,1,1,1.0
38178,1,1,1.0
38180,1,1,1.0
38184,0,0,0.0
38198,1,1,1.0
38199,1,1,1.0
38214,1,1,1.0
38217,1,1,1.0
38223,1,1,1.0
38224,1,1,1.0
38240,1,1,1.0
38241,1,1,1.0
38242,1,1,1.0
38247,1,1,1.0
38251,1,1,1.0
38256,1,1,1.0
38263,1,1,1.0
38265,1,1,1.0
38273,1,1,1.0
38275,1,1,1.0
38277,1,1,1.0
38284,1,1,1.0
38285,1,1,1.0
38286,1,1,1.0
38287,1,1,1.0
38289,1,1,1.0
38290,1,1,1.0
38299,1,1,1.0
38301,1,1,1.0
38302,1,1,1.0
38309,1,1,1.0
38310,1,1,1.0
38316,1,1,1.0
38325,1,1,1.0
38336,1,1,1.0
38341,1,1,1.0
38345,1,1,1.0
38346,1,1,1.0
38348,1,1,1.0
38350,1,1,1.0
38351,1,1,1.0
38352,1,1,1.0
38353,1,1,1.0
38354,1,1,1.0
38356,1,1,1.0
38358,1,1,1.0
38372,0,0,0.0
38373,1,1,1.0
38377,1,1,1.0
38378,1,1,1.0
38380,1,1,1.0
38389,1,1,1.0
38391,1,1,1.0
38393,0,0,0.0
38395,1,1,1.0
38396,1,1,1.0
38401,1,1,1.0
38403,1,1,1.0
38404,1,1,1.0
38423,1,1,1.0
38424,1,1,1.0
38426,1,1,1.0
38433,1,1,1.0
38437,1,1,1.0
38441,1,1,1.0
38447,1,1,1.0
38452,1,1,1.0
38454,1,1,1.0
38458,1,1,1.0
38463,1,1,1.0
38476,1,1,1.0
38495,1,1,1.0
38503,1,1,1.0
38509,1,1,1.0
38518,1,1,1.0
38521,1,1,1.0
38538,1,1,1.0
38557,1,1,1.0
38568,1,1,1.0
38571,1,1,1.0
38572,1,1,1.0
38576,1,1,1.0
38578,1,1,1.0
38585,1,1,1.0
38587,1,1,1.0
38592,1,1,1.0
38595,1,1,1.0
38602,1,1,1.0
38609,1,1,1.0
38612,1,1,1.0
38613,1,1,1.0
38615,1,1,1.0
38623,1,1,1.0
38641,1,1,1.0
38647,1,1,1.0
38657,1,1,1.0
38660,1,1,1.0
38673,1,1,1.0
38675,1,1,1.0
38681,1,1,1.0
38685,1,1,1.0
38688,1,1,1.0
38689,1,1,1.0
38690,1,1,1.0
38693,1,1,1.0
38699,1,1,1.0
38712,1,1,1.0
38714,1,1,1.0
38717,1,1,1.0
38720,1,1,1.0
38725,1,1,1.0
38733,1,1,1.0
38739,1,1,1.0
38747,1,1,1.0
38753,1,1,1.0
38760,1,1,1.0
38764,1,1,1.0
38769,1,1,1.0
38777,1,1,1.0
38779,1,1,1.0
38783,1,1,1.0
38796,1,1,1.0
38806,1,1,1.0
38809,1,1,1.0
38819,1,1,1.0
38824,1,1,1.0
38827,1,1,1.0
38829,1,1,1.0
38832,1,1,1.0
38836,1,1,1.0
38842,1,1,1.0
38846,1,1,1.0
38847,1,1,1.0
38850,1,1,1.0
38855,1,1,1.0
38856,1,1,1.0
38857,1,1,1.0
38870,1,1,1.0
38872,1,1,1.0
38876,1,1,1.0
38879,1,1,1.0
38880,1,1,1.0
38886,1,1,1.0
38891,1,1,1.0
38898,1,1,1.0
38905,1,1,1.0
38906,0,0,0.0
38913,1,1,1.0
38915,0,0,0.0
38923,1,1,1.0
38927,1,1,1.0
38951,1,1,1.0
38952,1,1,1.0
38956,1,1,1.0
38967,1,1,1.0
38969,1,1,1.0
38975,1,1,1.0
38977,1,1,1.0
38985,1,1,1.0
38988,1,1,1.0
38989,1,1,1.0
38995,1,1,1.0
38997,1,1,1.0
39000,1,1,1.0
39005,0,0,0.0
39007,1,1,1.0
39011,1,1,1.0
39012,1,1,1.0
39015,1,1,1.0
39016,1,1,1.0
39019,1,1,1.0
39032,1,1,1.0
39037,1,1,1.0
39044,1,1,1.0
39048,1,1,1.0
39054,1,1,1.0
39058,1,1,1.0
39059,1,1,1.0
39060,1,1,1.0
39065,1,1,1.0
39068,1,1,1.0
39072,1,1,1.0
39073,1,1,1.0
39082,1,1,1.0
39084,1,1,1.0
39094,1,1,1.0
39097,0,0,0.0
39106,1,1,1.0
39113,1,1,1.0
39121,1,1,1.0
39124,1,1,1.0
39129,1,1,1.0
39135,1,1,1.0
39137,1,1,1.0
39139,1,1,1.0
39140,1,1,1.0
39142,1,1,1.0
39144,1,1,1.0
39146,1,1,1.0
39148,1,1,1.0
39155,1,1,1.0
39157,1,1,1.0
39158,1,1,1.0
39164,1,1,1.0
39169,1,1,1.0
39171,1,1,1.0
39181,1,1,1.0
39186,1,1,1.0
39189,1,1,1.0
39190,1,1,1.0
39193,1,1,1.0
39194,1,1,1.0
39201,1,1,1.0
39203,1,1,1.0
39209,1,1,1.0
39211,1,1,1.0
39213,1,1,1.0
39233,1,1,1.0
39234,1,1,1.0
39243,1,1,1.0
39248,1,1,1.0
39249,1,1,1.0
39259,1,1,1.0
39265,1,1,1.0
39270,1,1,1.0
39279,0,0,0.0
39280,1,1,1.0
39283,1,1,1.0
39284,1,1,1.0
39288,1,1,1.0
39290,1,1,1.0
39294,1,1,1.0
39304,1,1,1.0
39307,1,1,1.0
39308,1,1,1.0
39316,1,1,1.0
39322,1,1,1.0
39325,1,1,1.0
39327,1,1,1.0
39330,1,1,1.0
39333,1,1,1.0
39342,1,1,1.0
39344,1,1,1.0
39346,1,1,1.0
39348,1,1,1.0
39352,1,1,1.0
39357,1,1,1.0
39360,1,1,1.0
39378,1,1,1.0
39384,1,1,1.0
39386,1,1,1.0
39389,1,1,1.0
39393,1,1,1.0
39399,1,1,1.0
39405,1,1,1.0
39407,1,1,1.0
39410,1,1,1.0
39413,1,1,1.0
39414,1,1,1.0
39416,1,1,1.0
39418,1,1,1.0
39422,1,1,1.0
39428,1,1,1.0
39438,1,1,1.0
39439,1,1,1.0
39441,1,1,1.0
39449,1,1,1.0
39457,1,1,1.0
39463,1,1,1.0
39484,1,1,1.0
39488,0,0,0.0
39507,1,1,1.0
39509,1,1,1.0
39510,1,1,1.0
39521,1,1,1.0
39524,1,1,1.0
39526,1,1,1.0
39537,1,1,1.0
39538,1,1,1.0
39539,1,1,1.0
39540,1,1,1.0
39547,1,1,1.0
39549,1,1,1.0
39552,1,1,1.0
39554,1,1,1.0
39555,1,1,1.0
39556,1,1,1.0
39557,1,1,1.0
39558,1,1,1.0
39561,1,1,1.0
39570,1,1,1.0
39571,1,1,1.0
39575,1,1,1.0
39585,1,1,1.0
39593,1,1,1.0
39595,1,1,1.0
39597,1,1,1.0
39608,1,1,1.0
39612,1,1,1.0
39618,1,1,1.0
39627,1,1,1.0
39629,1,1,1.0
39630,1,1,1.0
39640,1,1,1.0
39643,0,0,0.0
39650,1,1,1.0
39660,0,0,0.0
39673,1,1,1.0
39679,1,1,1.0
39683,1,1,1.0
39684,1,1,1.0
39691,1,1,1.0
39700,1,1,1.0
39706,1,1,1.0
39715,1,1,1.0
39719,1,1,1.0
39721,1,1,1.0
39723,1,1,1.0
39729,1,1,1.0
39730,1,1,1.0
39731,1,1,1.0
39737,1,1,1.0
39738,1,1,1.0
39744,1,1,1.0
39749,1,1,1.0
39751,1,1,1.0
39762,1,1,1.0
39764,1,1,1.0
39765,1,1,1.0
39767,1,1,1.0
39768,1,1,1.0
39769,1,1,1.0
39770,1,1,1.0
39783,1,1,1.0
39785,1,1,1.0
39789,1,1,1.0
39802,1,1,1.0
39803,1,1,1.0
39804,1,1,1.0
39805,1,1,1.0
39807,1,1,1.0
39808,1,1,1.0
39809,1,1,1.0
39810,1,1,1.0
39813,1,1,1.0
39815,0,0,0.0
39819,1,1,1.0
39826,1,1,1.0
39831,1,1,1.0
39835,1,1,1.0
39843,1,1,1.0
39848,1,1,1.0
39857,1,1,1.0
39877,1,1,1.0
39884,1,1,1.0
39894,1,1,1.0
39902,1,1,1.0
39907,1,1,1.0
39915,1,1,1.0
39917,1,1,1.0
39918,1,1,1.0
39922,1,1,1.0
39924,0,0,0.0
39925,1,1,1.0
39929,1,1,1.0
39932,1,1,1.0
39936,1,1,1.0
39937,1,1,1.0
39938,1,1,1.0
39940,1,1,1.0
39945,1,1,1.0
39946,1,1,1.0
39947,0,0,0.0
39955,1,1,1.0
39958,1,1,1.0
39959,1,1,1.0
39960,1,1,1.0
39963,1,1,1.0
39964,1,1,1.0
39965,0,0,0.0
39970,1,1,1.0
39975,1,1,1.0
39979,1,1,1.0
39989,1,1,1.0
39997,1,1,1.0
40009,1,1,1.0
40010,1,1,1.0
40013,1,1,1.0
40015,1,1,1.0
40017,1,1,1.0
40021,1,1,1.0
40034,1,1,1.0
40035,1,1,1.0
40036,1,1,1.0
40040,1,1,1.0
40041,1,1,1.0
40042,1,1,1.0
40043,1,1,1.0
40060,1,1,1.0
40065,1,1,1.0
40068,1,1,1.0
40071,1,1,1.0
40072,1,1,1.0
40081,1,1,1.0
40082,1,1,1.0
40086,1,1,1.0
40090,1,1,1.0
40091,1,1,1.0
40092,1,1,1.0
40095,1,1,1.0
40099,1,1,1.0
40100,1,1,1.0
40107,1,1,1.0
40108,1,1,1.0
40110,1,1,1.0
40112,1,1,1.0
40114,1,1,1.0
40120,1,1,1.0
40153,1,1,1.0
40165,1,1,1.0
40168,1,1,1.0
40170,1,1,1.0
40171,1,1,1.0
40172,1,1,1.0
40179,0,0,0.0
40185,1,1,1.0
40189,1,1,1.0
40198,1,1,1.0
40203,1,1,1.0
40205,0,0,0.0
40223,1,1,1.0
40226,1,1,1.0
40228,1,1,1.0
40229,1,1,1.0
40257,1,1,1.0
40259,1,1,1.0
40261,1,1,1.0
40264,1,1,1.0
40270,1,1,1.0
40275,1,1,1.0
40277,1,1,1.0
40280,1,1,1.0
40282,1,1,1.0
40288,1,1,1.0
40299,1,1,1.0
40300,1,1,1.0
40302,1,1,1.0
40314,1,1,1.0
40317,1,1,1.0
40319,1,1,1.0
40324,1,1,1.0
40333,1,1,1.0
40334,1,1,1.0
40336,1,1,1.0
40345,1,1,1.0
40356,1,1,1.0
40357,1,1,1.0
40359,1,1,1.0
40365,0,0,0.0
40366,1,1,1.0
40367,1,1,1.0
40370,1,1,1.0
40375,1,1,1.0
40378,1,1,1.0
40380,1,1,1.0
40387,1,1,1.0
40390,1,1,1.0
40399,0,0,0.0
40409,1,1,1.0
40410,1,1,1.0
40413,1,1,1.0
40423,1,1,1.0
40425,1,1,1.0
40430,1,1,1.0
40431,1,1,1.0
40438,1,1,1.0
40450,1,1,1.0
40453,1,1,1.0
40456,1,1,1.0
40463,1,1,1.0
40473,1,1,1.0
40476,1,1,1.0
40477,1,1,1.0
40479,1,1,1.0
40486,1,1,1.0
40487,1,1,1.0
40490,1,1,1.0
40491,1,1,1.0
40492,1,1,1.0
40494,1,1,1.0
40495,1,1,1.0
40504,1,1,1.0
40517,1,1,1.0
40520,1,1,1.0
40527,1,1,1.0
40530,1,1,1.0
40532,1,1,1.0
40533,1,1,1.0
40535,1,1,1.0
40539,1,1,1.0
40543,1,1,1.0
40571,1,1,1.0
40572,1,1,1.0
40575,1,1,1.0
40580,1,1,1.0
40581,1,1,1.0
40584,1,1,1.0
40588,1,1,1.0
40612,1,1,1.0
40616,1,1,1.0
40619,1,1,1.0
40628,1,1,1.0
40634,1,1,1.0
40639,1,1,1.0
40649,1,1,1.0
40654,1,1,1.0
40662,1,1,1.0
40664,1,1,1.0
40665,1,1,1.0
40667,1,1,1.0
40673,1,1,1.0
40678,1,1,1.0
40680,1,1,1.0
40684,1,1,1.0
40700,1,1,1.0
40724,0,0,0.0
40731,0,0,0.0
40737,1,1,1.0
40746,1,1,1.0
40747,1,1,1.0
40761,1,1,1.0
40767,1,1,1.0
40769,1,1,1.0
40771,1,1,1.0
40772,1,1,1.0
40773,1,1,1.0
40775,1,1,1.0
40776,1,1,1.0
40778,1,1,1.0
40783,1,1,1.0
40786,1,1,1.0
40791,1,1,1.0
40796,1,1,1.0
40799,1,1,1.0
40806,1,1,1.0
40807,1,1,1.0
40808,1,1,1.0
40810,1,1,1.0
40813,1,1,1.0
40830,1,1,1.0
40840,1,1,1.0
40842,1,1,1.0
40862,0,0,0.0
40863,1,1,1.0
40864,1,1,1.0
40877,1,1,1.0
40882,1,1,1.0
40886,1,1,1.0
40888,1,1,1.0
40889,1,1,1.0
40891,1,1,1.0
40901,1,1,1.0
40910,0,0,0.0
40911,1,1,1.0
40918,1,1,1.0
40920,1,1,1.0
40923,1,1,1.0
40931,0,0,0.0
40933,1,1,1.0
40936,1,1,1.0
40946,1,1,1.0
40955,1,1,1.0
40959,1,1,1.0
40961,1,1,1.0
40965,1,1,1.0
40969,1,1,1.0
40976,1,1,1.0
40977,1,1,1.0
40984,1,1,1.0
40986,1,1,1.0
40989,1,1,1.0
40991,1,1,1.0
41003,1,1,1.0
41010,1,1,1.0
41029,1,1,1.0
41032,1,1,1.0
41036,1,1,1.0
41039,1,1,1.0
41041,1,1,1.0
41053,1,1,1.0
41054,1,1,1.0
41061,1,1,1.0
41063,1,1,1.0
41065,1,1,1.0
41066,1,1,1.0
41067,1,1,1.0
41068,1,1,1.0
41073,1,1,1.0
41075,1,1,1.0
41080,1,1,1.0
41081,1,1,1.0
41082,1,1,1.0
41083,1,1,1.0
41086,1,1,1.0
41091,0,0,0.0
41093,1,1,1.0
41097,1,1,1.0
41107,1,1,1.0
41121,1,1,1.0
41123,1,1,1.0
41132,1,1,1.0
41134,1,1,1.0
41140,1,1,1.0
41142,1,1,1.0
41145,1,1,1.0
41152,1,1,1.0
41158,1,1,1.0
41168,1,1,1.0
41169,1,1,1.0
41184,1,1,1.0
41186,1,1,1.0
41187,1,1,1.0
41189,1,1,1.0
41192,1,1,1.0
41194,1,1,1.0
41195,1,1,1.0
41197,1,1,1.0
41198,1,1,1.0
41199,1,1,1.0
41203,1,1,1.0
41214,1,1,1.0
41217,1,1,1.0
41220,1,1,1.0
41221,1,1,1.0
41225,1,1,1.0
41232,1,1,1.0
41237,1,1,1.0
41246,1,1,1.0
41248,1,1,1.0
41267,0,0,0.0
41275,0,0,0.0
41281,1,1,1.0
41282,1,1,1.0
41291,1,1,1.0
41293,1,1,1.0
41296,1,1,1.0
41304,1,1,1.0
41313,1,1,1.0
41322,1,1,1.0
41328,1,1,1.0
41330,1,1,1.0
41334,1,1,1.0
41342,1,1,1.0
41349,1,1,1.0
41357,1,1,1.0
41364,1,1,1.0
41366,1,1,1.0
41368,1,1,1.0
41382,1,1,1.0
41389,1,1,1.0
41393,1,1,1.0
41397,1,1,1.0
41398,1,1,1.0
41399,1,1,1.0
41403,1,1,1.0
41407,1,1,1.0
41409,1,1,1.0
41414,1,1,1.0
41429,1,1,1.0
41431,1,1,1.0
41434,1,1,1.0
41444,1,1,1.0
41445,1,1,1.0
41455,0,0,0.0
41461,1,1,1.0
41465,1,1,1.0
41471,1,1,1.0
41478,1,1,1.0
41481,1,1,1.0
41484,1,1,1.0
41486,1,1,1.0
41495,1,1,1.0
41496,1,1,1.0
41513,1,1,1.0
41525,1,1,1.0
41528,1,1,1.0
41530,1,1,1.0
41531,1,1,1.0
41536,1,1,1.0
41541,1,1,1.0
41545,1,1,1.0
41546,1,1,1.0
41549,1,1,1.0
41551,1,1,1.0
41559,1,1,1.0
41566,1,1,1.0
41567,1,1,1.0
41584,1,1,1.0
41590,1,1,1.0
41595,1,1,1.0
41599,1,1,1.0
41602,1,1,1.0
41603,1,1,1.0
41605,1,1,1.0
41609,1,1,1.0
41610,1,1,1.0
41618,1,1,1.0
41619,1,1,1.0
41621,1,1,1.0
41624,1,1,1.0
41632,1,1,1.0
41635,0,0,0.0
41639,1,1,1.0
41640,1,1,1.0
41646,1,1,1.0
41647,1,1,1.0
41654,1,1,1.0
41658,1,1,1.0
41670,1,1,1.0
41673,1,1,1.0
41678,1,1,1.0
41682,1,1,1.0
41683,1,1,1.0
41685,1,1,1.0
41695,1,1,1.0
41703,1,1,1.0
41705,1,1,1.0
41706,1,1,1.0
41709,1,1,1.0
41721,1,1,1.0
41731,1,1,1.0
41738,1,1,1.0
41742,1,1,1.0
41743,1,1,1.0
41746,1,1,1.0
41751,1,1,1.0
41752,1,1,1.0
41758,1,1,1.0
41761,1,1,1.0
41768,1,1,1.0
41787,1,1,1.0
41791,1,1,1.0
41801,1,1,1.0
41808,0,0,0.0
41811,1,1,1.0
41816,0,0,0.0
41820,1,1,1.0
41821,1,1,1.0
41822,1,1,1.0
41857,1,1,1.0
41868,1,1,1.0
41874,1,1,1.0
41879,1,1,1.0
41883,1,1,1.0
41896,1,1,1.0
41903,1,1,1.0
41905,1,1,1.0
41908,1,1,1.0
41910,1,1,1.0
41913,1,1,1.0
41938,1,1,1.0
41941,1,1,1.0
41945,1,1,1.0
41961,1,1,1.0
41966,1,1,1.0
41970,1,1,1.0
41973,1,1,1.0
41980,1,1,1.0
41983,1,1,1.0
41988,0,0,0.0
41989,1,1,1.0
41993,0,0,0.0
41994,0,0,0.0
41996,1,1,1.0
42001,1,1,1.0
42002,1,1,1.0
42006,1,1,1.0
42007,1,1,1.0
42020,1,1,1.0
42028,1,1,1.0
42029,1,1,1.0
42031,1,1,1.0
42032,1,1,1.0
42038,1,1,1.0
42041,1,1,1.0
42050,1,1,1.0
42060,1,1,1.0
42063,1,1,1.0
42064,1,1,1.0
42068,1,1,1.0
42085,1,1,1.0
42090,1,1,1.0
42093,1,1,1.0
42108,1,1,1.0
42115,1,1,1.0
42122,1,1,1.0
42140,1,1,1.0
42144,1,1,1.0
42150,1,1,1.0
42151,1,1,1.0
42163,1,1,1.0
42167,1,1,1.0
42168,0,0,0.0
42172,1,1,1.0
42178,1,1,1.0
42179,1,1,1.0
42193,1,1,1.0
42197,1,1,1.0
42198,1,1,1.0
42201,1,1,1.0
42205,1,1,1.0
42206,0,0,0.0
42215,1,1,1.0
42217,1,1,1.0
42218,1,1,1.0
42221,1,1,1.0
42233,1,1,1.0
42236,1,1,1.0
42241,1,1,1.0
42246,1,1,1.0
42250,1,1,1.0
42252,1,1,1.0
42257,1,1,1.0
42268,1,1,1.0
42271,1,1,1.0
42272,1,1,1.0
42280,1,1,1.0
42284,1,1,1.0
42286,1,1,1.0
42293,1,1,1.0
42295,1,1,1.0
42299,1,1,1.0
42306,1,1,1.0
42307,1,1,1.0
42312,1,1,1.0
42315,1,1,1.0
42319,1,1,1.0
42320,1,1,1.0
42329,1,1,1.0
42335,1,1,1.0
42336,1,1,1.0
42344,1,1,1.0
42351,0,0,0.0
42354,1,1,1.0
42357,0,0,0.0
42362,1,1,1.0
42364,1,1,1.0
42369,1,1,1.0
42372,0,0,0.0
42378,1,1,1.0
42380,1,1,1.0
42384,1,1,1.0
42389,1,1,1.0
42393,1,1,1.0
42396,1,1,1.0
42408,1,1,1.0
42410,1,1,1.0
42417,1,1,1.0
42423,1,1,1.0
42425,1,1,1.0
42433,1,1,1.0
42448,1,1,1.0
42451,1,1,1.0
42460,1,1,1.0
42476,1,1,1.0
42480,1,1,1.0
42490,1,1,1.0
42503,1,1,1.0
42513,1,1,1.0
42514,1,1,1.0
42520,1,1,1.0
42524,1,1,1.0
42526,1,1,1.0
42531,1,1,1.0
42536,1,1,1.0
42541,1,1,1.0
42548,1,1,1.0
42561,1,1,1.0
42564,1,1,1.0
42565,1,1,1.0
42585,1,1,1.0
42587,0,0,0.0
42591,1,1,1.0
42597,1,1,1.0
42601,1,1,1.0
42604,1,1,1.0
42609,1,1,1.0
42610,1,1,1.0
42611,1,1,1.0
42612,1,1,1.0
42615,1,1,1.0
42619,1,1,1.0
42624,1,1,1.0
42629,1,1,1.0
42631,1,1,1.0
42635,1,1,1.0
42640,1,1,1.0
42641,1,1,1.0
42646,1,1,1.0
42647,1,1,1.0
42649,1,1,1.0
42650,1,1,1.0
42651,1,1,1.0
42653,1,1,1.0
42654,1,1,1.0
42656,1,1,1.0
42660,1,1,1.0
42665,1,1,1.0
42667,1,1,1.0
42672,1,1,1.0
42679,1,1,1.0
42687,1,1,1.0
42688,1,1,1.0
42696,1,1,1.0
42698,1,1,1.0
42703,1,1,1.0
42708,1,1,1.0
42709,0,0,0.0
42710,1,1,1.0
42716,1,1,1.0
42730,1,1,1.0
42745,1,1,1.0
42759,1,1,1.0
42762,1,1,1.0
42772,1,1,1.0
42778,1,1,1.0
42779,1,1,1.0
42787,1,1,1.0
42788,1,1,1.0
42791,1,1,1.0
42792,1,1,1.0
42795,1,1,1.0
42801,1,1,1.0
42802,1,1,1.0
42803,1,1,1.0
42805,1,1,1.0
42806,1,1,1.0
42808,1,1,1.0
42810,1,1,1.0
42813,1,1,1.0
42819,1,1,1.0
42820,1,1,1.0
42824,1,1,1.0
42831,1,1,1.0
42844,1,1,1.0
42845,1,1,1.0
42848,1,1,1.0
42849,1,1,1.0
42851,1,1,1.0
42854,1,1,1.0
42860,1,1,1.0
42869,1,1,1.0
42870,1,1,1.0
42875,1,1,1.0
42876,1,1,1.0
42884,1,1,1.0
42885,1,1,1.0
42887,1,1,1.0
42892,1,1,1.0
42900,1,1,1.0
42922,1,1,1.0
42925,1,1,1.0
42927,1,1,1.0
42936,1,1,1.0
42937,1,1,1.0
42942,1,1,1.0
42949,1,1,1.0
42951,1,1,1.0
42953,1,1,1.0
42954,1,1,1.0
42959,1,1,1.0
42965,1,1,1.0
42979,1,1,1.0
42995,1,1,1.0
42996,1,1,1.0
43015,1,1,1.0
43019,1,1,1.0
43024,1,1,1.0
43028,1,1,1.0
43073,1,1,1.0
43075,1,1,1.0
43076,0,0,0.0
43077,1,1,1.0
43078,1,1,1.0
43079,1,1,1.0
43081,1,1,1.0
43087,1,1,1.0
43095,1,1,1.0
43097,1,1,1.0
43099,1,1,1.0
43100,1,1,1.0
43108,1,1,1.0
43115,1,1,1.0
43117,1,1,1.0
43123,1,1,1.0
43125,1,1,1.0
43128,1,1,1.0
43137,1,1,1.0
43147,1,1,1.0
43148,1,1,1.0
43151,1,1,1.0
43160,1,1,1.0
43169,1,1,1.0
43175,1,1,1.0
43179,1,1,1.0
43192,1,1,1.0
43193,1,1,1.0
43199,1,1,1.0
43213,1,1,1.0
43217,1,1,1.0
43222,1,1,1.0
43223,1,1,1.0
43229,1,1,1.0
43232,1,1,1.0
43234,1,1,1.0
43250,0,0,0.0
43252,0,0,0.0
43253,1,1,1.0
43256,1,1,1.0
43261,1,1,1.0
43263,1,1,1.0
43269,1,1,1.0
43278,1,1,1.0
43280,1,1,1.0
43286,1,1,1.0
43292,1,1,1.0
43301,1,1,1.0
43302,1,1,1.0
43306,1,1,1.0
43307,1,1,1.0
43309,1,1,1.0
43311,1,1,1.0
43312,1,1,1.0
43313,1,1,1.0
43314,1,1,1.0
43318,1,1,1.0
43322,1,1,1.0
43323,1,1,1.0
43336,1,1,1.0
43344,1,1,1.0
43349,1,1,1.0
43359,1,1,1.0
43360,1,1,1.0
43365,1,1,1.0
43368,1,1,1.0
43385,1,1,1.0
43388,1,1,1.0
43390,1,1,1.0
43406,1,1,1.0
43407,1,1,1.0
43410,1,1,1.0
43415,0,0,0.0
43419,1,1,1.0
43422,1,1,1.0
43426,1,1,1.0
43438,0,0,0.0
43440,1,1,1.0
43442,1,1,1.0
43445,1,1,1.0
43449,1,1,1.0
43454,1,1,1.0
43456,0,0,0.0
43479,1,1,1.0
43482,1,1,1.0
43487,1,1,1.0
43495,1,1,1.0
43503,1,1,1.0
43516,1,1,1.0
43523,1,1,1.0
43524,1,1,1.0
43533,1,1,1.0
43534,1,1,1.0
43536,1,1,1.0
43538,1,1,1.0
43546,1,1,1.0
43554,1,1,1.0
43566,1,1,1.0
43568,1,1,1.0
43573,1,1,1.0
43574,1,1,1.0
43606,0,0,0.0
43608,1,1,1.0
43610,1,1,1.0
43611,0,0,0.0
43620,1,1,1.0
43621,1,1,1.0
43622,1,1,1.0
43635,1,1,1.0
43636,1,1,1.0
43641,1,1,1.0
43653,1,1,1.0
43654,1,1,1.0
43655,1,1,1.0
43659,1,1,1.0
43660,1,1,1.0
43661,1,1,1.0
43666,1,1,1.0
43668,1,1,1.0
43675,1,1,1.0
43677,1,1,1.0
43683,1,1,1.0
43689,1,1,1.0
43690,1,1,1.0
43698,1,1,1.0
43708,1,1,1.0
43713,1,1,1.0
43715,1,1,1.0
43717,0,0,0.0
43720,1,1,1.0
43723,1,1,1.0
43732,1,1,1.0
43733,1,1,1.0
43736,1,1,1.0
43740,1,1,1.0
43742,1,1,1.0
43743,1,1,1.0
43748,1,1,1.0
43753,1,1,1.0
43778,1,1,1.0
43787,1,1,1.0
43799,0,0,0.0
43801,0,0,0.0
43803,1,1,1.0
43805,1,1,1.0
43808,1,1,1.0
43815,1,1,1.0
43819,1,1,1.0
43833,1,1,1.0
43843,1,1,1.0
43848,1,1,1.0
43849,1,1,1.0
43850,1,1,1.0
43865,1,1,1.0
43886,1,1,1.0
43888,1,1,1.0
43894,1,1,1.0
43898,1,1,1.0
43917,1,1,1.0
43924,1,1,1.0
43925,1,1,1.0
43928,1,1,1.0
43931,1,1,1.0
43936,1,1,1.0
43942,1,1,1.0
43944,1,1,1.0
43945,1,1,1.0
43951,1,1,1.0
43953,1,1,1.0
43958,1,1,1.0
43969,1,1,1.0
43970,1,1,1.0
43977,0,0,0.0
43979,1,1,1.0
43993,1,1,1.0
43994,1,1,1.0
43997,0,0,0.0
43999,1,1,1.0
44003,1,1,1.0
44012,1,1,1.0
44014,1,1,1.0
44015,1,1,1.0
44016,1,1,1.0
44029,1,1,1.0
44034,1,1,1.0
44040,1,1,1.0
44042,1,1,1.0
44044,0,0,0.0
44055,1,1,1.0
44058,1,1,1.0
44059,1,1,1.0
44062,1,1,1.0
44067,0,0,0.0
44078,1,1,1.0
44082,0,0,0.0
44092,1,1,1.0
44108,1,1,1.0
44109,1,1,1.0
44112,1,1,1.0
44118,1,1,1.0
44125,1,1,1.0
44139,1,1,1.0
44160,1,1,1.0
44171,1,1,1.0
44185,1,1,1.0
44186,1,1,1.0
44196,1,1,1.0
44199,1,1,1.0
44200,1,1,1.0
44202,1,1,1.0
44204,1,1,1.0
44205,1,1,1.0
44206,1,1,1.0
44208,1,1,1.0
44227,1,1,1.0
44228,1,1,1.0
44236,1,1,1.0
44241,1,1,1.0
44243,1,1,1.0
44246,1,1,1.0
44248,1,1,1.0
44249,1,1,1.0
44250,1,1,1.0
44260,1,1,1.0
44263,1,1,1.0
44268,1,1,1.0
44269,1,1,1.0
44274,1,1,1.0
44275,1,1,1.0
44280,1,1,1.0
44282,1,1,1.0
44284,1,1,1.0
44289,1,1,1.0
44295,1,1,1.0
44306,1,1,1.0
44307,1,1,1.0
44312,1,1,1.0
44313,1,1,1.0
44320,1,1,1.0
44336,1,1,1.0
44338,1,1,1.0
44342,1,1,1.0
44343,1,1,1.0
44346,1,1,1.0
44353,1,1,1.0
44354,1,1,1.0
44359,1,1,1.0
44367,1,1,1.0
44368,1,1,1.0
44369,1,1,1.0
44373,1,1,1.0
44379,1,1,1.0
44380,1,1,1.0
44381,1,1,1.0
44393,1,1,1.0
44396,1,1,1.0
44408,1,1,1.0
44412,1,1,1.0
44424,1,1,1.0
44433,1,1,1.0
44434,1,1,1.0
44440,1,1,1.0
44442,1,1,1.0
44445,1,1,1.0
44454,1,1,1.0
44455,1,1,1.0
44460,1,1,1.0
44465,1,1,1.0
44469,1,1,1.0
44476,1,1,1.0
44479,1,1,1.0
44485,1,1,1.0
44504,1,1,1.0
44505,1,1,1.0
44516,0,0,0.0
44524,1,1,1.0
44527,1,1,1.0
44528,1,1,1.0
44529,1,1,1.0
44532,1,1,1.0
44534,1,1,1.0
44545,1,1,1.0
44549,1,1,1.0
44551,1,1,1.0
44552,0,0,0.0
44556,1,1,1.0
44560,1,1,1.0
44566,1,1,1.0
44575,1,1,1.0
44582,1,1,1.0
44585,1,1,1.0
44586,1,1,1.0
44593,1,1,1.0
44594,1,1,1.0
44597,1,1,1.0
44603,1,1,1.0
44613,1,1,1.0
44615,1,1,1.0
44618,0,0,0.0
44622,1,1,1.0
44632,1,1,1.0
44638,1,1,1.0
44640,1,1,1.0
44642,1,1,1.0
44647,1,1,1.0
44650,1,1,1.0
44652,1,1,1.0
44663,1,1,1.0
44674,1,1,1.0
44679,1,1,1.0
44696,0,0,0.0
44708,1,1,1.0
44721,1,1,1.0
44726,1,1,1.0
44735,1,1,1.0
44736,1,1,1.0
44739,1,1,1.0
44745,1,1,1.0
44752,1,1,1.0
44753,1,1,1.0
44754,1,1,1.0
44757,1,1,1.0
44771,1,1,1.0
44774,1,1,1.0
44781,1,1,1.0
44784,1,1,1.0
44786,1,1,1.0
44788,1,1,1.0
44789,1,1,1.0
44794,1,1,1.0
44800,1,1,1.0
44802,1,1,1.0
44806,1,1,1.0
44807,1,1,1.0
44810,1,1,1.0
44813,1,1,1.0
44821,1,1,1.0
44826,1,1,1.0
44829,1,1,1.0
44830,1,1,1.0
44838,1,1,1.0
44840,1,1,1.0
44841,1,1,1.0
44843,1,1,1.0
44845,1,1,1.0
44854,1,1,1.0
44861,1,1,1.0
44871,1,1,1.0
44880,1,1,1.0
44882,0,0,0.0
44883,1,1,1.0
44894,1,1,1.0
44908,1,1,1.0
44913,1,1,1.0
44921,1,1,1.0
44924,1,1,1.0
44927,1,1,1.0
44928,1,1,1.0
44950,1,1,1.0
44951,1,1,1.0
44954,1,1,1.0
44959,1,1,1.0
44973,1,1,1.0
44976,1,1,1.0
44981,1,1,1.0
44982,1,1,1.0
44984,1,1,1.0
44985,1,1,1.0
44987,1,1,1.0
44989,1,1,1.0
44991,1,1,1.0
44993,1,1,1.0
44999,1,1,1.0
45005,1,1,1.0
45007,0,0,0.0
45009,1,1,1.0
45011,1,1,1.0
45016,1,1,1.0
45030,1,1,1.0
45039,1,1,1.0
45041,1,1,1.0
45043,1,1,1.0
45045,1,1,1.0
45048,1,1,1.0
45052,1,1,1.0
45054,1,1,1.0
45056,1,1,1.0
45067,1,1,1.0
45072,1,1,1.0
45075,1,1,1.0
45089,1,1,1.0
45091,1,1,1.0
45092,1,1,1.0
45099,1,1,1.0
45101,1,1,1.0
45103,1,1,1.0
45105,1,1,1.0
45111,1,1,1.0
45112,1,1,1.0
45115,1,1,1.0
45117,1,1,1.0
45118,1,1,1.0
45119,1,1,1.0
45121,1,1,1.0
45124,1,1,1.0
45133,1,1,1.0
45134,1,1,1.0
45139,1,1,1.0
45151,1,1,1.0
45153,1,1,1.0
45160,1,1,1.0
45166,1,1,1.0
45171,1,1,1.0
45175,1,1,1.0
45177,1,1,1.0
45181,1,1,1.0
45183,1,1,1.0
45186,1,1,1.0
45187,1,1,1.0
45188,1,1,1.0
45189,1,1,1.0
45192,1,1,1.0
45201,1,1,1.0
45204,1,1,1.0
45211,1,1,1.0
45214,1,1,1.0
45225,1,1,1.0
45226,1,1,1.0
45232,1,1,1.0
45233,1,1,1.0
45234,1,1,1.0
45235,1,1,1.0
45237,1,1,1.0
45238,0,0,0.0
45241,0,0,0.0
45243,0,0,0.0
45246,1,1,1.0
45250,1,1,1.0
45254,1,1,1.0
45255,1,1,1.0
45256,1,1,1.0
45260,1,1,1.0
45263,0,0,0.0
45267,1,1,1.0
45277,1,1,1.0
45286,1,1,1.0
45291,1,1,1.0
45306,1,1,1.0
45309,1,1,1.0
45314,1,1,1.0
45315,1,1,1.0
45331,1,1,1.0
45337,1,1,1.0
45338,1,1,1.0
45340,1,1,1.0
45343,1,1,1.0
45345,1,1,1.0
45348,1,1,1.0
45351,1,1,1.0
45360,1,1,1.0
45362,1,1,1.0
45367,1,1,1.0
45369,1,1,1.0
45371,1,1,1.0
45372,1,1,1.0
45378,1,1,1.0
45379,1,1,1.0
45381,1,1,1.0
45384,1,1,1.0
45390,1,1,1.0
45391,1,1,1.0
45394,1,1,1.0
45395,1,1,1.0
45397,1,1,1.0
45398,1,1,1.0
45402,1,1,1.0
45404,1,1,1.0
45407,1,1,1.0
45414,1,1,1.0
45415,1,1,1.0
45418,0,0,0.0
45422,1,1,1.0
45426,1,1,1.0
45430,1,1,1.0
45447,0,0,0.0
45450,1,1,1.0
45458,1,1,1.0
45466,1,1,1.0
45467,1,1,1.0
45476,1,1,1.0
45480,1,1,1.0
45483,1,1,1.0
45484,1,1,1.0
45485,1,1,1.0
45486,1,1,1.0
45495,1,1,1.0
45504,1,1,1.0
45507,1,1,1.0
45511,1,1,1.0
45512,1,1,1.0
45515,1,1,1.0
45516,1,1,1.0
45520,1,1,1.0
45521,1,1,1.0
45522,1,1,1.0
45523,1,1,1.0
45528,1,1,1.0
45532,1,1,1.0
45536,1,1,1.0
45539,1,1,1.0
45542,1,1,1.0
45544,1,1,1.0
45546,1,1,1.0
45549,1,1,1.0
45556,1,1,1.0
45571,1,1,1.0
45574,1,1,1.0
45580,1,1,1.0
45587,1,1,1.0
45589,1,1,1.0
45592,1,1,1.0
45598,1,1,1.0
45600,1,1,1.0
45602,1,1,1.0
45603,0,0,0.0
45606,1,1,1.0
45608,1,1,1.0
45609,0,0,0.0
45618,1,1,1.0
45619,1,1,1.0
45627,1,1,1.0
45634,1,1,1.0
45636,1,1,1.0
45647,1,1,1.0
45649,1,1,1.0
45653,1,1,1.0
45654,1,1,1.0
45658,1,1,1.0
45665,1,1,1.0
45666,1,1,1.0
45678,1,1,1.0
45681,1,1,1.0
45693,1,1,1.0
45697,1,1,1.0
45701,1,1,1.0
45702,1,1,1.0
45719,1,1,1.0
45721,1,1,1.0
45729,1,1,1.0
45745,1,1,1.0
45753,1,1,1.0
45762,1,1,1.0
45769,1,1,1.0
45774,1,1,1.0
45798,1,1,1.0
45809,1,1,1.0
45817,1,1,1.0
45818,1,1,1.0
45819,1,1,1.0
45830,1,1,1.0
45832,1,1,1.0
45833,1,1,1.0
45835,1,1,1.0
45840,1,1,1.0
45852,1,1,1.0
45856,1,1,1.0
45860,1,1,1.0
45863,1,1,1.0
45866,1,1,1.0
45868,0,0,0.0
45873,1,1,1.0
45875,1,1,1.0
45879,1,1,1.0
45880,1,1,1.0
45881,1,1,1.0
45882,1,1,1.0
45887,1,1,1.0
45888,1,1,1.0
45893,1,1,1.0
45898,1,1,1.0
45905,1,1,1.0
45914,1,1,1.0
45915,1,1,1.0
45937,1,1,1.0
45939,1,1,1.0
45948,1,1,1.0
45965,1,1,1.0
45966,0,0,0.0
45968,1,1,1.0
45969,1,1,1.0
45983,1,1,1.0
45984,1,1,1.0
45985,1,1,1.0
45995,1,1,1.0
46005,1,1,1.0
46006,1,1,1.0
46011,1,1,1.0
46018,1,1,1.0
46020,1,1,1.0
46024,1,1,1.0
46031,1,1,1.0
46041,1,1,1.0
46048,1,1,1.0
46049,1,1,1.0
46050,1,1,1.0
46056,1,1,1.0
46059,1,1,1.0
46069,1,1,1.0
46080,1,1,1.0
46086,1,1,1.0
46087,1,1,1.0
46095,1,1,1.0
46114,1,1,1.0
46126,1,1,1.0
46133,1,1,1.0
46139,0,0,0.0
46146,1,1,1.0
46148,1,1,1.0
46167,1,1,1.0
46172,1,1,1.0
46173,1,1,1.0
46186,1,1,1.0
46205,1,1,1.0
46209,1,1,1.0
46211,1,1,1.0
46215,1,1,1.0
46222,1,1,1.0
46225,1,1,1.0
46229,1,1,1.0
46250,1,1,1.0
46251,1,1,1.0
46255,1,1,1.0
46263,1,1,1.0
46264,1,1,1.0
46265,1,1,1.0
46270,1,1,1.0
46271,1,1,1.0
46277,1,1,1.0
46281,1,1,1.0
46286,1,1,1.0
46288,1,1,1.0
46289,1,1,1.0
46290,1,1,1.0
46294,1,1,1.0
46298,1,1,1.0
46300,1,1,1.0
46308,1,1,1.0
46315,1,1,1.0
46316,1,1,1.0
46324,1,1,1.0
46325,0,0,0.0
46326,1,1,1.0
46327,0,0,0.0
46336,1,1,1.0
46337,1,1,1.0
46340,1,1,1.0
46345,0,0,0.0
46347,1,1,1.0
46352,1,1,1.0
46356,1,1,1.0
46365,1,1,1.0
46366,1,1,1.0
46378,1,1,1.0
46385,1,1,1.0
46386,1,1,1.0
46390,1,1,1.0
46391,1,1,1.0
46393,1,1,1.0
46397,1,1,1.0
46398,1,1,1.0
46402,1,1,1.0
46406,1,1,1.0
46410,1,1,1.0
46418,1,1,1.0
46422,1,1,1.0
46426,1,1,1.0
46434,1,1,1.0
46436,1,1,1.0
46439,1,1,1.0
46442,1,1,1.0
46463,1,1,1.0
46469,1,1,1.0
46471,1,1,1.0
46473,1,1,1.0
46475,1,1,1.0
46476,1,1,1.0
46480,1,1,1.0
46485,1,1,1.0
46489,1,1,1.0
46497,1,1,1.0
46498,1,1,1.0
46503,1,1,1.0
46505,1,1,1.0
46511,1,1,1.0
46517,1,1,1.0
46523,0,0,0.0
46534,1,1,1.0
46540,1,1,1.0
46541,1,1,1.0
46544,1,1,1.0
46550,1,1,1.0
46553,1,1,1.0
46563,1,1,1.0
46574,1,1,1.0
46576,1,1,1.0
46577,1,1,1.0
46587,1,1,1.0
46593,1,1,1.0
46605,1,1,1.0
46611,1,1,1.0
46617,1,1,1.0
46625,1,1,1.0
46630,1,1,1.0
46633,1,1,1.0
46635,1,1,1.0
46638,1,1,1.0
46639,1,1,1.0
46642,1,1,1.0
46646,1,1,1.0
46650,1,1,1.0
46661,1,1,1.0
46681,1,1,1.0
46685,0,0,0.0
46696,1,1,1.0
46706,0,0,0.0
46711,1,1,1.0
46719,1,1,1.0
46720,1,1,1.0
46721,1,1,1.0
46730,1,1,1.0
46742,1,1,1.0
46743,1,1,1.0
46752,1,1,1.0
46754,1,1,1.0
46757,1,1,1.0
46759,1,1,1.0
46761,1,1,1.0
46769,1,1,1.0
46771,1,1,1.0
46777,1,1,1.0
46780,0,0,0.0
46792,1,1,1.0
46798,1,1,1.0
46813,1,1,1.0
46816,1,1,1.0
46822,1,1,1.0
46828,1,1,1.0
46837,1,1,1.0
46841,1,1,1.0
46847,1,1,1.0
46850,1,1,1.0
46852,1,1,1.0
46861,1,1,1.0
46866,1,1,1.0
46869,0,0,0.0
46890,1,1,1.0
46892,1,1,1.0
46896,1,1,1.0
46898,1,1,1.0
46899,1,1,1.0
46903,1,1,1.0
46908,1,1,1.0
46910,1,1,1.0
46911,1,1,1.0
46915,1,1,1.0
46919,1,1,1.0
46934,1,1,1.0
46936,1,1,1.0
46937,1,1,1.0
46943,1,1,1.0
46955,1,1,1.0
46956,1,1,1.0
46957,1,1,1.0
46963,1,1,1.0
46964,1,1,1.0
46965,1,1,1.0
46972,1,1,1.0
46977,1,1,1.0
46980,1,1,1.0
46986,1,1,1.0
46989,1,1,1.0
46992,1,1,1.0
46994,1,1,1.0
46997,1,1,1.0
47010,1,1,1.0
47011,1,1,1.0
47015,1,1,1.0
47017,1,1,1.0
47022,1,1,1.0
47025,1,1,1.0
47035,1,1,1.0
47039,1,1,1.0
47041,1,1,1.0
47043,0,0,0.0
47045,0,0,0.0
47046,1,1,1.0
47048,1,1,1.0
47063,1,1,1.0
47065,0,0,0.0
47068,1,1,1.0
47070,1,1,1.0
47071,1,1,1.0
47076,1,1,1.0
47078,1,1,1.0
47081,1,1,1.0
47086,1,1,1.0
47089,1,1,1.0
47091,1,1,1.0
47096,1,1,1.0
47112,1,1,1.0
47113,1,1,1.0
47114,1,1,1.0
47120,1,1,1.0
47121,1,1,1.0
47137,1,1,1.0
47150,1,1,1.0
47151,1,1,1.0
47156,1,1,1.0
47159,0,0,0.0
47168,1,1,1.0
47177,1,1,1.0
47184,1,1,1.0
47187,1,1,1.0
47190,1,1,1.0
47202,1,1,1.0
47209,1,1,1.0
47215,1,1,1.0
47219,1,1,1.0
47225,0,0,0.0
47226,1,1,1.0
47228,0,0,0.0
47233,1,1,1.0
47235,1,1,1.0
47236,0,0,0.0
47237,1,1,1.0
47239,1,1,1.0
47240,1,1,1.0
47242,1,1,1.0
47243,1,1,1.0
47244,1,1,1.0
47251,1,1,1.0
47252,1,1,1.0
47255,1,1,1.0
47261,0,0,0.0
47273,1,1,1.0
47274,1,1,1.0
47279,1,1,1.0
47292,1,1,1.0
47299,1,1,1.0
47312,1,1,1.0
47314,1,1,1.0
47315,1,1,1.0
47320,1,1,1.0
47322,1,1,1.0
47325,1,1,1.0
47326,1,1,1.0
47327,1,1,1.0
47332,1,1,1.0
47335,1,1,1.0
47341,1,1,1.0
47342,1,1,1.0
47344,1,1,1.0
47347,1,1,1.0
47355,1,1,1.0
47358,1,1,1.0
47362,1,1,1.0
47371,1,1,1.0
47375,1,1,1.0
47378,1,1,1.0
47379,1,1,1.0
47385,1,1,1.0
47386,1,1,1.0
47389,1,1,1.0
47390,1,1,1.0
47399,1,1,1.0
47401,0,0,0.0
47403,0,0,0.0
47408,0,0,0.0
47410,1,1,1.0
47413,1,1,1.0
47421,1,1,1.0
47424,1,1,1.0
47428,1,1,1.0
47433,1,1,1.0
47445,1,1,1.0
47446,1,1,1.0
47450,1,1,1.0
47451,1,1,1.0
47452,1,1,1.0
47457,1,1,1.0
47464,1,1,1.0
47468,1,1,1.0
47478,1,1,1.0
47482,1,1,1.0
47493,1,1,1.0
47501,1,1,1.0
47505,1,1,1.0
47510,1,1,1.0
47511,1,1,1.0
47519,1,1,1.0
47523,1,1,1.0
47524,1,1,1.0
47532,1,1,1.0
47533,1,1,1.0
47535,1,1,1.0
47538,1,1,1.0
47540,1,1,1.0
47541,1,1,1.0
47558,1,1,1.0
47562,1,1,1.0
47563,1,1,1.0
47566,1,1,1.0
47573,1,1,1.0
47579,0,0,0.0
47580,1,1,1.0
47582,0,0,0.0
47592,1,1,1.0
47602,1,1,1.0
47608,1,1,1.0
47611,1,1,1.0
47613,1,1,1.0
47615,1,1,1.0
47618,1,1,1.0
47625,1,1,1.0
47626,1,1,1.0
47627,1,1,1.0
47635,1,1,1.0
47638,1,1,1.0
47646,1,1,1.0
47649,1,1,1.0
47653,1,1,1.0
47654,1,1,1.0
47658,1,1,1.0
47659,1,1,1.0
47664,1,1,1.0
47670,1,1,1.0
47683,1,1,1.0
47690,0,0,0.0
47693,1,1,1.0
47699,1,1,1.0
47705,1,1,1.0
47706,1,1,1.0
47712,1,1,1.0
47718,1,1,1.0
47719,1,1,1.0
47722,1,1,1.0
47728,1,1,1.0
47732,1,1,1.0
47737,1,1,1.0
47741,1,1,1.0
47743,1,1,1.0
47748,1,1,1.0
47751,1,1,1.0
47752,1,1,1.0
47762,0,0,0.0
47770,1,1,1.0
47772,1,1,1.0
47776,1,1,1.0
47777,1,1,1.0
47778,1,1,1.0
47780,1,1,1.0
47789,1,1,1.0
47792,1,1,1.0
47794,1,1,1.0
47800,1,1,1.0
47806,1,1,1.0
47808,1,1,1.0
47814,1,1,1.0
47825,1,1,1.0
47827,1,1,1.0
47834,1,1,1.0
47836,1,1,1.0
47837,1,1,1.0
47841,1,1,1.0
47843,1,1,1.0
47850,1,1,1.0
47851,1,1,1.0
47853,1,1,1.0
47854,1,1,1.0
47856,1,1,1.0
47857,1,1,1.0
47859,1,1,1.0
47867,1,1,1.0
47870,1,1,1.0
47871,1,1,1.0
47877,1,1,1.0
47881,1,1,1.0
47885,1,1,1.0
47889,1,1,1.0
47899,1,1,1.0
47900,1,1,1.0
47917,1,1,1.0
47922,1,1,1.0
47923,1,1,1.0
47924,1,1,1.0
47930,1,1,1.0
47931,1,1,1.0
47938,1,1,1.0
47940,1,1,1.0
47948,1,1,1.0
47949,0,0,0.0
47950,0,0,0.0
47952,1,1,1.0
47956,1,1,1.0
47957,1,1,1.0
47970,1,1,1.0
47982,1,1,1.0
47984,1,1,1.0
47989,1,1,1.0
47992,1,1,1.0
47994,1,1,1.0
47995,1,1,1.0
48001,1,1,1.0
48005,1,1,1.0
48008,1,1,1.0
48022,1,1,1.0
48024,1,1,1.0
48026,1,1,1.0
48035,1,1,1.0
48036,1,1,1.0
48037,1,1,1.0
48038,1,1,1.0
48040,1,1,1.0
48051,1,1,1.0
48055,1,1,1.0
48072,1,1,1.0
48076,1,1,1.0
48080,1,1,1.0
48086,1,1,1.0
48087,1,1,1.0
48088,1,1,1.0
48106,1,1,1.0
48108,1,1,1.0
48109,1,1,1.0
48111,1,1,1.0
48125,0,0,0.0
48128,0,0,0.0
48138,1,1,1.0
48162,1,1,1.0
48163,1,1,1.0
48168,1,1,1.0
48169,1,1,1.0
48196,1,1,1.0
48206,1,1,1.0
48209,1,1,1.0
48212,1,1,1.0
48215,1,1,1.0
48218,1,1,1.0
48219,1,1,1.0
48223,1,1,1.0
48231,1,1,1.0
48237,1,1,1.0
48242,1,1,1.0
48247,1,1,1.0
48249,1,1,1.0
48252,1,1,1.0
48255,1,1,1.0
48261,1,1,1.0
48280,1,1,1.0
48290,1,1,1.0
48299,1,1,1.0
48308,1,1,1.0
48314,1,1,1.0
48316,1,1,1.0
48321,1,1,1.0
48325,1,1,1.0
48329,1,1,1.0
48330,1,1,1.0
48332,1,1,1.0
48337,1,1,1.0
48339,1,1,1.0
48341,1,1,1.0
48346,1,1,1.0
48349,1,1,1.0
48354,1,1,1.0
48357,1,1,1.0
48361,1,1,1.0
48368,1,1,1.0
48369,1,1,1.0
48381,1,1,1.0
48386,1,1,1.0
48387,1,1,1.0
48403,1,1,1.0
48406,1,1,1.0
48409,1,1,1.0
48414,1,1,1.0
48416,1,1,1.0
48421,1,1,1.0
48423,1,1,1.0
48429,1,1,1.0
48434,1,1,1.0
48444,1,1,1.0
48447,1,1,1.0
48454,1,1,1.0
48458,1,1,1.0
48461,1,1,1.0
48468,1,1,1.0
48469,1,1,1.0
48476,1,1,1.0
48482,0,0,0.0
48501,1,1,1.0
48502,1,1,1.0
48507,0,0,0.0
48511,1,1,1.0
48514,1,1,1.0
48522,1,1,1.0
48532,1,1,1.0
48534,1,1,1.0
48542,1,1,1.0
48548,1,1,1.0
48553,1,1,1.0
48554,1,1,1.0
48563,1,1,1.0
48566,1,1,1.0
48579,1,1,1.0
48592,1,1,1.0
48594,1,1,1.0
48599,1,1,1.0
48605,1,1,1.0
48609,1,1,1.0
48623,0,0,0.0
48628,1,1,1.0
48632,1,1,1.0
48638,1,1,1.0
48641,1,1,1.0
48644,1,1,1.0
48646,1,1,1.0
48648,1,1,1.0
48652,1,1,1.0
48660,0,0,0.0
48662,1,1,1.0
48668,1,1,1.0
48673,1,1,1.0
48678,1,1,1.0
48681,1,1,1.0
48682,1,1,1.0
48688,0,0,0.0
48694,1,1,1.0
48699,1,1,1.0
48700,1,1,1.0
48701,1,1,1.0
48705,1,1,1.0
48720,1,1,1.0
48723,1,1,1.0
48726,1,1,1.0
48727,1,1,1.0
48733,1,1,1.0
48735,1,1,1.0
48736,1,1,1.0
48737,1,1,1.0
48745,1,1,1.0
48749,1,1,1.0
48751,1,1,1.0
48752,1,1,1.0
48774,1,1,1.0
48775,1,1,1.0
48783,1,1,1.0
48785,1,1,1.0
48792,1,1,1.0
48795,1,1,1.0
48798,1,1,1.0
48816,1,1,1.0
48818,1,1,1.0
48821,1,1,1.0
48829,1,1,1.0
48832,1,1,1.0
48837,1,1,1.0
48839,1,1,1.0
48847,0,0,0.0
48855,1,1,1.0
48861,1,1,1.0
48863,1,1,1.0
48866,1,1,1.0
48867,1,1,1.0
48885,1,1,1.0
48886,1,1,1.0
48890,1,1,1.0
48899,0,0,0.0
48923,1,1,1.0
48924,1,1,1.0
48929,1,1,1.0
48935,1,1,1.0
48938,1,1,1.0
48939,1,1,1.0
48944,1,1,1.0
48946,1,1,1.0
48959,1,1,1.0
48963,1,1,1.0
48977,1,1,1.0
48983,1,1,1.0
48990,1,1,1.0
49006,1,1,1.0
49007,1,1,1.0
49013,1,1,1.0
49017,1,1,1.0
49024,1,1,1.0
49032,1,1,1.0
49035,1,1,1.0
49039,1,1,1.0
49041,1,1,1.0
49042,1,1,1.0
49044,1,1,1.0
49045,1,1,1.0
49060,1,1,1.0
49066,1,1,1.0
49068,1,1,1.0
49075,1,1,1.0
49085,1,1,1.0
49088,0,0,0.0
49112,1,1,1.0
49114,1,1,1.0
49123,1,1,1.0
49130,1,1,1.0
49134,1,1,1.0
49135,1,1,1.0
49144,1,1,1.0
49148,1,1,1.0
49152,1,1,1.0
49155,1,1,1.0
49158,1,1,1.0
49160,1,1,1.0
49161,1,1,1.0
49163,1,1,1.0
49165,1,1,1.0
49171,1,1,1.0
49175,1,1,1.0
49179,1,1,1.0
49193,1,1,1.0
49197,1,1,1.0
49199,1,1,1.0
49215,0,0,0.0
49217,0,0,0.0
49219,1,1,1.0
49222,1,1,1.0
49228,1,1,1.0
49231,1,1,1.0
49235,0,0,0.0
49236,0,0,0.0
49238,1,1,1.0
49241,1,1,1.0
49243,1,1,1.0
49246,1,1,1.0
49247,1,1,1.0
49254,1,1,1.0
49258,1,1,1.0
49261,1,1,1.0
49279,1,1,1.0
49280,1,1,1.0
49288,1,1,1.0
49296,1,1,1.0
49304,1,1,1.0
49307,1,1,1.0
49312,1,1,1.0
49314,1,1,1.0
49316,1,1,1.0
49319,1,1,1.0
49321,1,1,1.0
49322,1,1,1.0
49327,1,1,1.0
49328,1,1,1.0
49335,1,1,1.0
49336,1,1,1.0
49351,1,1,1.0
49355,1,1,1.0
49359,1,1,1.0
49368,1,1,1.0
49371,1,1,1.0
49373,1,1,1.0
49376,1,1,1.0
49380,1,1,1.0
49382,1,1,1.0
49383,1,1,1.0
49390,1,1,1.0
49394,0,0,0.0
49396,1,1,1.0
49397,1,1,1.0
49400,1,1,1.0
49404,1,1,1.0
49409,1,1,1.0
49423,1,1,1.0
49427,1,1,1.0
49429,1,1,1.0
49431,1,1,1.0
49437,1,1,1.0
49454,1,1,1.0
49457,1,1,1.0
49464,1,1,1.0
49465,1,1,1.0
49467,1,1,1.0
49468,1,1,1.0
49471,1,1,1.0
49474,1,1,1.0
49476,1,1,1.0
49489,1,1,1.0
49490,1,1,1.0
49491,1,1,1.0
49502,1,1,1.0
49507,1,1,1.0
49514,1,1,1.0
49515,1,1,1.0
49516,0,0,0.0
49518,1,1,1.0
49523,1,1,1.0
49527,1,1,1.0
49542,1,1,1.0
49545,1,1,1.0
49546,1,1,1.0
49548,1,1,1.0
49556,1,1,1.0
49563,1,1,1.0
49575,1,1,1.0
49579,1,1,1.0
49583,1,1,1.0
49592,1,1,1.0
49593,1,1,1.0
49595,0,0,0.0
49597,1,1,1.0
49603,1,1,1.0
49608,1,1,1.0
49612,1,1,1.0
49622,1,1,1.0
49626,1,1,1.0
49627,1,1,1.0
49634,1,1,1.0
49639,1,1,1.0
49640,1,1,1.0
49648,1,1,1.0
49653,1,1,1.0
49656,1,1,1.0
49668,1,1,1.0
49671,1,1,1.0
49674,1,1,1.0
49679,1,1,1.0
49682,1,1,1.0
49685,1,1,1.0
49689,1,1,1.0
49693,1,1,1.0
49702,1,1,1.0
49706,1,1,1.0
49710,1,1,1.0
49711,1,1,1.0
49713,1,1,1.0
49714,1,1,1.0
49717,1,1,1.0
49719,1,1,1.0
49720,1,1,1.0
49722,1,1,1.0
49726,1,1,1.0
49727,1,1,1.0
49729,1,1,1.0
49731,1,1,1.0
49735,1,1,1.0
49742,1,1,1.0
49745,1,1,1.0
49748,0,0,0.0
49751,1,1,1.0
49753,0,0,0.0
49758,1,1,1.0
49759,1,1,1.0
49763,1,1,1.0
49764,1,1,1.0
49772,0,0,0.0
49779,1,1,1.0
49783,1,1,1.0
49784,1,1,1.0
49785,0,0,0.0
49786,1,1,1.0
49799,1,1,1.0
49818,1,1,1.0
49819,1,1,1.0
49820,1,1,1.0
49821,1,1,1.0
49822,1,1,1.0
49827,1,1,1.0
49831,1,1,1.0
49836,1,1,1.0
49838,1,1,1.0
49840,1,1,1.0
49842,1,1,1.0
49851,1,1,1.0
49853,1,1,1.0
49856,1,1,1.0
49859,1,1,1.0
49861,1,1,1.0
49863,1,1,1.0
49866,1,1,1.0
49883,1,1,1.0
49884,1,1,1.0
49887,1,1,1.0
49894,1,1,1.0
49899,1,1,1.0
49901,1,1,1.0
49907,1,1,1.0
49909,1,1,1.0
49918,1,1,1.0
49936,0,0,0.0
49943,1,1,1.0
49945,1,1,1.0
49946,1,1,1.0
49962,1,1,1.0
49966,1,1,1.0
49970,1,1,1.0
49973,1,1,1.0
49975,0,0,0.0
49978,1,1,1.0
49988,1,1,1.0
49989,1,1,1.0
49990,1,1,1.0
49992,1,1,1.0
50000,0,0,0.0
50005,0,0,0.0
50010,1,1,1.0
50012,1,1,1.0
50013,1,1,1.0
50018,1,1,1.0
50024,1,1,1.0
50028,1,1,1.0
50032,1,1,1.0
50038,1,1,1.0
50040,1,1,1.0
50051,1,1,1.0
50060,1,1,1.0
50061,1,1,1.0
50067,1,1,1.0
50068,1,1,1.0
50073,1,1,1.0
50077,1,1,1.0
50078,1,1,1.0
50080,1,1,1.0
50083,1,1,1.0
50084,1,1,1.0
50090,1,1,1.0
50092,1,1,1.0
50093,1,1,1.0
50094,1,1,1.0
50098,1,1,1.0
50099,1,1,1.0
50103,1,1,1.0
50112,1,1,1.0
50124,1,1,1.0
50126,1,1,1.0
50128,1,1,1.0
50133,1,1,1.0
50142,1,1,1.0
50161,1,1,1.0
50167,1,1,1.0
50194,1,1,1.0
50204,1,1,1.0
50205,1,1,1.0
50206,1,1,1.0
50207,1,1,1.0
50212,1,1,1.0
50216,1,1,1.0
50220,1,1,1.0
50229,1,1,1.0
50230,1,1,1.0
50236,1,1,1.0
50239,1,1,1.0
50245,1,1,1.0
50251,1,1,1.0
50253,1,1,1.0
50255,1,1,1.0
50259,1,1,1.0
50264,1,1,1.0
50272,1,1,1.0
50273,1,1,1.0
50289,0,0,0.0
50291,0,0,0.0
50308,1,1,1.0
50315,1,1,1.0
50316,1,1,1.0
50324,1,1,1.0
50325,1,1,1.0
50335,1,1,1.0
50344,1,1,1.0
50345,1,1,1.0
50346,1,1,1.0
50352,1,1,1.0
50358,1,1,1.0
50359,1,1,1.0
50365,1,1,1.0
50375,1,1,1.0
50380,1,1,1.0
50381,1,1,1.0
50385,1,1,1.0
50386,1,1,1.0
50392,1,1,1.0
50409,1,1,1.0
50411,1,1,1.0
50415,1,1,1.0
50417,1,1,1.0
50418,1,1,1.0
50430,1,1,1.0
50431,1,1,1.0
50435,1,1,1.0
50436,1,1,1.0
50445,1,1,1.0
50446,1,1,1.0
50447,1,1,1.0
50449,1,1,1.0
50450,1,1,1.0
50451,0,0,0.0
50455,1,1,1.0
50458,1,1,1.0
50460,1,1,1.0
50463,1,1,1.0
50465,1,1,1.0
50469,1,1,1.0
50483,1,1,1.0
50493,1,1,1.0
50503,1,1,1.0
50508,1,1,1.0
50509,1,1,1.0
50520,1,1,1.0
50544,1,1,1.0
50547,1,1,1.0
50553,1,1,1.0
50572,1,1,1.0
50579,1,1,1.0
50583,1,1,1.0
50585,1,1,1.0
50588,1,1,1.0
50593,1,1,1.0
50601,1,1,1.0
50602,1,1,1.0
50604,1,1,1.0
50606,1,1,1.0
50607,1,1,1.0
50617,1,1,1.0
50618,1,1,1.0
50620,1,1,1.0
50621,1,1,1.0
50627,1,1,1.0
50633,1,1,1.0
50635,1,1,1.0
50637,1,1,1.0
50641,1,1,1.0
50643,1,1,1.0
50649,0,0,0.0
50650,1,1,1.0
50660,1,1,1.0
50661,1,1,1.0
50667,1,1,1.0
50685,1,1,1.0
50687,1,1,1.0
50688,1,1,1.0
50695,1,1,1.0
50700,1,1,1.0
50710,1,1,1.0
50712,1,1,1.0
50721,1,1,1.0
50724,1,1,1.0
50725,1,1,1.0
50726,1,1,1.0
50732,1,1,1.0
50738,1,1,1.0
50745,1,1,1.0
50748,1,1,1.0
50751,1,1,1.0
50752,1,1,1.0
50753,1,1,1.0
50757,1,1,1.0
50759,1,1,1.0
50760,1,1,1.0
50761,1,1,1.0
50767,1,1,1.0
50770,1,1,1.0
50772,1,1,1.0
50775,1,1,1.0
50781,1,1,1.0
50784,1,1,1.0
50786,1,1,1.0
50787,1,1,1.0
50790,1,1,1.0
50791,1,1,1.0
50794,1,1,1.0
50795,1,1,1.0
50798,1,1,1.0
50800,1,1,1.0
50809,1,1,1.0
50811,1,1,1.0
50812,1,1,1.0
50813,1,1,1.0
50816,1,1,1.0
50823,1,1,1.0
50828,1,1,1.0
50842,1,1,1.0
50854,1,1,1.0
50856,1,1,1.0
50858,0,0,0.0
50868,1,1,1.0
50888,1,1,1.0
50890,1,1,1.0
50894,1,1,1.0
50903,1,1,1.0
50909,1,1,1.0
50918,1,1,1.0
50929,1,1,1.0
50931,1,1,1.0
50934,1,1,1.0
50938,1,1,1.0
50946,1,1,1.0
50948,1,1,1.0
50949,1,1,1.0
50976,1,1,1.0
50986,1,1,1.0
50989,1,1,1.0
50993,1,1,1.0
50994,1,1,1.0
50996,1,1,1.0
51000,1,1,1.0
51001,1,1,1.0
51005,1,1,1.0
51008,1,1,1.0
51010,1,1,1.0
51014,0,0,0.0
51022,1,1,1.0
51025,1,1,1.0
51026,1,1,1.0
51028,1,1,1.0
51035,1,1,1.0
51038,0,0,0.0
51039,1,1,1.0
51043,1,1,1.0
51051,1,1,1.0
51052,1,1,1.0
51055,1,1,1.0
51057,1,1,1.0
51075,1,1,1.0
51091,1,1,1.0
51096,1,1,1.0
51104,1,1,1.0
51106,1,1,1.0
51108,1,1,1.0
51114,1,1,1.0
51116,1,1,1.0
51118,1,1,1.0
51119,1,1,1.0
51121,1,1,1.0
51124,1,1,1.0
51132,1,1,1.0
51142,1,1,1.0
51143,1,1,1.0
51145,1,1,1.0
51154,1,1,1.0
51159,1,1,1.0
51165,1,1,1.0
51169,1,1,1.0
51172,1,1,1.0
51184,1,1,1.0
51189,1,1,1.0
51192,1,1,1.0
51195,0,0,0.0
51198,1,1,1.0
51204,1,1,1.0
51205,1,1,1.0
51211,1,1,1.0
51224,1,1,1.0
51225,1,1,1.0
51230,1,1,1.0
51232,1,1,1.0
51237,1,1,1.0
51239,1,1,1.0
51240,1,1,1.0
51243,1,1,1.0
51244,1,1,1.0
51245,1,1,1.0
51246,1,1,1.0
51248,1,1,1.0
51251,1,1,1.0
51260,1,1,1.0
51275,1,1,1.0
51278,1,1,1.0
51279,1,1,1.0
51284,1,1,1.0
51285,1,1,1.0
51288,1,1,1.0
51290,1,1,1.0
51299,1,1,1.0
51315,1,1,1.0
51317,1,1,1.0
51318,1,1,1.0
51319,1,1,1.0
51323,1,1,1.0
51331,1,1,1.0
51332,1,1,1.0
51333,1,1,1.0
51336,1,1,1.0
51347,1,1,1.0
51353,1,1,1.0
51357,1,1,1.0
51358,1,1,1.0
51377,0,0,0.0
51382,0,0,0.0
51391,1,1,1.0
51392,1,1,1.0
51394,1,1,1.0
51405,1,1,1.0
51411,1,1,1.0
51416,1,1,1.0
51417,1,1,1.0
51429,1,1,1.0
51439,1,1,1.0
51444,1,1,1.0
51447,1,1,1.0
51458,1,1,1.0
51462,1,1,1.0
51463,1,1,1.0
51468,1,1,1.0
51472,1,1,1.0
51488,1,1,1.0
51489,1,1,1.0
51491,1,1,1.0
51496,1,1,1.0
51498,1,1,1.0
51499,1,1,1.0
51517,1,1,1.0
51533,1,1,1.0
51536,1,1,1.0
51539,1,1,1.0
51540,1,1,1.0
51547,1,1,1.0
51552,1,1,1.0
51556,1,1,1.0
51572,1,1,1.0
51576,1,1,1.0
51582,1,1,1.0
51590,0,0,0.0
51610,1,1,1.0
51612,1,1,1.0
51621,1,1,1.0
51630,1,1,1.0
51634,1,1,1.0
51642,1,1,1.0
51655,1,1,1.0
51656,1,1,1.0
51658,1,1,1.0
51659,1,1,1.0
51662,1,1,1.0
51665,1,1,1.0
51678,1,1,1.0
51680,1,1,1.0
51691,1,1,1.0
51713,1,1,1.0
51714,1,1,1.0
51715,1,1,1.0
51727,1,1,1.0
51740,0,0,0.0
51743,0,0,0.0
51750,1,1,1.0
51751,1,1,1.0
51755,1,1,1.0
51762,1,1,1.0
51765,1,1,1.0
51776,1,1,1.0
51782,1,1,1.0
51788,1,1,1.0
51797,1,1,1.0
51804,1,1,1.0
51809,1,1,1.0
51815,1,1,1.0
51819,1,1,1.0
51822,1,1,1.0
51823,1,1,1.0
51833,1,1,1.0
51837,1,1,1.0
51839,1,1,1.0
51841,1,1,1.0
51844,1,1,1.0
51845,1,1,1.0
51859,1,1,1.0
51869,1,1,1.0
51872,1,1,1.0
51874,1,1,1.0
51883,1,1,1.0
51902,1,1,1.0
51907,1,1,1.0
51908,1,1,1.0
51912,1,1,1.0
51915,1,1,1.0
51936,1,1,1.0
51939,1,1,1.0
51941,1,1,1.0
51952,1,1,1.0
51958,1,1,1.0
51965,1,1,1.0
51969,1,1,1.0
51974,1,1,1.0
51977,1,1,1.0
51978,1,1,1.0
51983,1,1,1.0
51988,1,1,1.0
52000,1,1,1.0
52005,1,1,1.0
52012,1,1,1.0
52015,1,1,1.0
52020,1,1,1.0
52022,1,1,1.0
52025,1,1,1.0
52026,1,1,1.0
52030,1,1,1.0
52034,1,1,1.0
52052,1,1,1.0
52053,1,1,1.0
52057,1,1,1.0
52059,1,1,1.0
52065,1,1,1.0
52066,1,1,1.0
52077,1,1,1.0
52080,1,1,1.0
52087,1,1,1.0
52088,1,1,1.0
52100,0,0,0.0
52110,1,1,1.0
52115,1,1,1.0
52121,0,0,0.0
52124,1,1,1.0
52135,1,1,1.0
52142,1,1,1.0
52147,1,1,1.0
52155,1,1,1.0
52158,1,1,1.0
52160,1,1,1.0
52162,1,1,1.0
52165,1,1,1.0
52172,1,1,1.0
52175,1,1,1.0
52176,1,1,1.0
52177,1,1,1.0
52178,1,1,1.0
52187,1,1,1.0
52195,1,1,1.0
52196,1,1,1.0
52197,1,1,1.0
52206,1,1,1.0
52207,1,1,1.0
52210,1,1,1.0
52211,1,1,1.0
52225,1,1,1.0
52242,1,1,1.0
52243,1,1,1.0
52246,1,1,1.0
52251,1,1,1.0
52253,1,1,1.0
52256,1,1,1.0
52258,1,1,1.0
52271,1,1,1.0
52283,0,0,0.0
52284,1,1,1.0
52285,0,0,0.0
52290,1,1,1.0
52306,1,1,1.0
52311,0,0,0.0
52312,1,1,1.0
52318,1,1,1.0
52324,1,1,1.0
52338,1,1,1.0
52339,1,1,1.0
52349,1,1,1.0
52354,1,1,1.0
52359,1,1,1.0
52362,1,1,1.0
52365,1,1,1.0
52372,1,1,1.0
52382,1,1,1.0
52384,1,1,1.0
52387,1,1,1.0
52388,1,1,1.0
52392,1,1,1.0
52395,1,1,1.0
52398,1,1,1.0
52403,1,1,1.0
52426,1,1,1.0
52439,1,1,1.0
52441,1,1,1.0
52448,1,1,1.0
52449,1,1,1.0
52450,1,1,1.0
52454,1,1,1.0
52457,1,1,1.0
52460,1,1,1.0
52471,1,1,1.0
52477,1,1,1.0
52483,1,1,1.0
52490,1,1,1.0
52497,1,1,1.0
52500,1,1,1.0
52506,1,1,1.0
52509,1,1,1.0
52511,1,1,1.0
52512,1,1,1.0
52519,1,1,1.0
52525,1,1,1.0
52529,1,1,1.0
52531,1,1,1.0
52533,1,1,1.0
52538,1,1,1.0
52542,1,1,1.0
52543,1,1,1.0
52551,1,1,1.0
52559,1,1,1.0
52573,1,1,1.0
52578,1,1,1.0
52579,1,1,1.0
52581,1,1,1.0
52590,1,1,1.0
52594,1,1,1.0
52597,1,1,1.0
52600,1,1,1.0
52601,1,1,1.0
52604,1,1,1.0
52610,1,1,1.0
52615,1,1,1.0
52616,1,1,1.0
52626,1,1,1.0
52636,0,0,0.0
52638,1,1,1.0
52643,1,1,1.0
52647,1,1,1.0
52650,1,1,1.0
52670,1,1,1.0
52671,1,1,1.0
52678,1,1,1.0
52688,1,1,1.0
52691,1,1,1.0
52700,1,1,1.0
52702,1,1,1.0
52709,1,1,1.0
52715,1,1,1.0
52723,1,1,1.0
52724,1,1,1.0
52731,1,1,1.0
52734,1,1,1.0
52742,1,1,1.0
52752,1,1,1.0
52754,0,0,0.0
52755,1,1,1.0
52759,1,1,1.0
52760,1,1,1.0
52773,1,1,1.0
52775,1,1,1.0
52776,1,1,1.0
52778,1,1,1.0
52780,1,1,1.0
52793,1,1,1.0
52805,1,1,1.0
52816,1,1,1.0
52822,1,1,1.0
52825,1,1,1.0
52832,1,1,1.0
52833,1,1,1.0
52841,1,1,1.0
52849,1,1,1.0
52850,1,1,1.0
52854,1,1,1.0
52857,1,1,1.0
52858,1,1,1.0
52877,1,1,1.0
52879,1,1,1.0
52880,1,1,1.0
52882,1,1,1.0
52886,1,1,1.0
52897,1,1,1.0
52917,1,1,1.0
52918,1,1,1.0
52920,1,1,1.0
52925,1,1,1.0
52927,1,1,1.0
52933,1,1,1.0
52934,1,1,1.0
52935,1,1,1.0
52939,1,1,1.0
52941,1,1,1.0
52945,1,1,1.0
52955,1,1,1.0
52961,1,1,1.0
52964,1,1,1.0
52968,1,1,1.0
52972,1,1,1.0
52981,1,1,1.0
52992,1,1,1.0
52996,1,1,1.0
52999,0,0,0.0
53000,1,1,1.0
53001,1,1,1.0
53003,1,1,1.0
53004,0,0,0.0
53006,1,1,1.0
53013,1,1,1.0
53016,1,1,1.0
53017,1,1,1.0
53027,1,1,1.0
53036,1,1,1.0
53049,1,1,1.0
53051,1,1,1.0
53054,1,1,1.0
53057,1,1,1.0
53076,1,1,1.0
53085,1,1,1.0
53089,1,1,1.0
53100,1,1,1.0
53107,1,1,1.0
53109,1,1,1.0
53125,1,1,1.0
53129,1,1,1.0
53130,1,1,1.0
53131,1,1,1.0
53135,1,1,1.0
53147,1,1,1.0
53149,1,1,1.0
53153,1,1,1.0
53161,1,1,1.0
53166,1,1,1.0
53170,1,1,1.0
53172,1,1,1.0
53173,1,1,1.0
53176,1,1,1.0
53184,0,0,0.0
53186,0,0,0.0
53195,0,0,0.0
53198,1,1,1.0
53200,1,1,1.0
53201,1,1,1.0
53204,1,1,1.0
53207,1,1,1.0
53214,0,0,0.0
53219,1,1,1.0
53225,1,1,1.0
53229,1,1,1.0
53232,1,1,1.0
53237,1,1,1.0
53238,1,1,1.0
53244,1,1,1.0
53245,1,1,1.0
53246,1,1,1.0
53248,1,1,1.0
53253,1,1,1.0
53255,1,1,1.0
53256,1,1,1.0
53263,1,1,1.0
53264,1,1,1.0
53268,1,1,1.0
53269,1,1,1.0
53276,1,1,1.0
53277,1,1,1.0
53279,1,1,1.0
53281,1,1,1.0
53282,0,0,0.0
53283,1,1,1.0
53287,1,1,1.0
53288,1,1,1.0
53292,1,1,1.0
53293,1,1,1.0
53296,1,1,1.0
53298,1,1,1.0
53306,1,1,1.0
53321,1,1,1.0
53322,1,1,1.0
53324,1,1,1.0
53327,1,1,1.0
53332,1,1,1.0
53337,1,1,1.0
53340,1,1,1.0
53342,1,1,1.0
53345,1,1,1.0
53356,1,1,1.0
53363,1,1,1.0
53372,1,1,1.0
53373,1,1,1.0
53374,1,1,1.0
53376,1,1,1.0
53377,1,1,1.0
53378,1,1,1.0
53380,1,1,1.0
53382,1,1,1.0
53383,0,0,0.0
53389,1,1,1.0
53401,1,1,1.0
53402,1,1,1.0
53406,1,1,1.0
53423,1,1,1.0
53427,1,1,1.0
53432,1,1,1.0
53442,1,1,1.0
53450,1,1,1.0
53455,1,1,1.0
53459,1,1,1.0
53464,1,1,1.0
53468,1,1,1.0
53471,1,1,1.0
53481,1,1,1.0
53482,1,1,1.0
53489,1,1,1.0
53490,1,1,1.0
53500,1,1,1.0
53506,1,1,1.0
53509,1,1,1.0
53518,1,1,1.0
53526,1,1,1.0
53528,1,1,1.0
53530,1,1,1.0
53543,0,0,0.0
53544,1,1,1.0
53546,0,0,0.0
53551,1,1,1.0
53570,1,1,1.0
53578,1,1,1.0
53580,1,1,1.0
53582,1,1,1.0
53586,1,1,1.0
53587,1,1,1.0
53595,1,1,1.0
53597,1,1,1.0
53601,1,1,1.0
53602,1,1,1.0
53603,1,1,1.0
53606,1,1,1.0
53608,1,1,1.0
53611,1,1,1.0
53612,1,1,1.0
53619,1,1,1.0
53624,1,1,1.0
53633,1,1,1.0
53635,1,1,1.0
53651,1,1,1.0
53653,1,1,1.0
53654,1,1,1.0
53656,1,1,1.0
53657,1,1,1.0
53659,1,1,1.0
53661,1,1,1.0
53664,1,1,1.0
53666,1,1,1.0
53672,1,1,1.0
53681,1,1,1.0
53685,1,1,1.0
53686,1,1,1.0
53688,1,1,1.0
53695,1,1,1.0
53696,1,1,1.0
53697,1,1,1.0
53699,1,1,1.0
53700,1,1,1.0
53701,1,1,1.0
53702,1,1,1.0
53705,1,1,1.0
53709,1,1,1.0
53719,1,1,1.0
53720,0,0,0.0
53733,1,1,1.0
53739,1,1,1.0
53742,1,1,1.0
53756,1,1,1.0
53757,1,1,1.0
53764,1,1,1.0
53768,1,1,1.0
53769,1,1,1.0
53776,1,1,1.0
53779,1,1,1.0
53783,1,1,1.0
53784,1,1,1.0
53785,1,1,1.0
53793,1,1,1.0
53794,1,1,1.0
53798,1,1,1.0
53805,1,1,1.0
53807,1,1,1.0
53811,1,1,1.0
53813,1,1,1.0
53836,1,1,1.0
53838,1,1,1.0
53844,1,1,1.0
53848,1,1,1.0
53877,1,1,1.0
53884,1,1,1.0
53886,1,1,1.0
53898,1,1,1.0
53902,1,1,1.0
53917,1,1,1.0
53921,1,1,1.0
53924,1,1,1.0
53932,1,1,1.0
53936,1,1,1.0
53937,1,1,1.0
53938,1,1,1.0
53953,0,0,0.0
53961,1,1,1.0
53964,1,1,1.0
53966,1,1,1.0
53967,1,1,1.0
53969,1,1,1.0
53971,1,1,1.0
53981,1,1,1.0
53990,1,1,1.0
54001,1,1,1.0
54003,1,1,1.0
54005,1,1,1.0
54035,1,1,1.0
54037,0,0,0.0
54043,1,1,1.0
54059,0,0,0.0
54061,1,1,1.0
54079,1,1,1.0
54087,1,1,1.0
54088,1,1,1.0
54092,1,1,1.0
54093,1,1,1.0
54097,1,1,1.0
54098,1,1,1.0
54099,1,1,1.0
54101,1,1,1.0
54104,1,1,1.0
54106,1,1,1.0
54107,1,1,1.0
54110,1,1,1.0
54118,1,1,1.0
54120,1,1,1.0
54131,1,1,1.0
54155,1,1,1.0
54166,1,1,1.0
54171,1,1,1.0
54193,1,1,1.0
54201,1,1,1.0
54207,1,1,1.0
54208,1,1,1.0
54212,0,0,0.0
54217,0,0,0.0
54221,1,1,1.0
54224,1,1,1.0
54227,1,1,1.0
54228,1,1,1.0
54230,1,1,1.0
54232,1,1,1.0
54244,1,1,1.0
54245,1,1,1.0
54247,1,1,1.0
54249,1,1,1.0
54253,1,1,1.0
54254,1,1,1.0
54257,1,1,1.0
54258,1,1,1.0
54264,1,1,1.0
54267,1,1,1.0
54271,1,1,1.0
54274,1,1,1.0
54279,1,1,1.0
54282,1,1,1.0
54287,1,1,1.0
54290,1,1,1.0
54292,1,1,1.0
54295,1,1,1.0
54306,1,1,1.0
54320,1,1,1.0
54325,0,0,0.0
54326,1,1,1.0
54328,1,1,1.0
54335,1,1,1.0
54337,1,1,1.0
54339,1,1,1.0
54351,1,1,1.0
54353,1,1,1.0
54354,1,1,1.0
54357,1,1,1.0
54358,1,1,1.0
54359,1,1,1.0
54368,1,1,1.0
54375,1,1,1.0
54379,1,1,1.0
54380,1,1,1.0
54386,1,1,1.0
54390,0,0,0.0
54394,1,1,1.0
54405,1,1,1.0
54410,1,1,1.0
54411,1,1,1.0
54412,1,1,1.0
54413,1,1,1.0
54416,1,1,1.0
54418,0,0,0.0
54425,1,1,1.0
54428,1,1,1.0
54430,1,1,1.0
54438,1,1,1.0
54440,1,1,1.0
54442,1,1,1.0
54451,1,1,1.0
54454,1,1,1.0
54455,1,1,1.0
54468,1,1,1.0
54475,1,1,1.0
54480,1,1,1.0
54485,1,1,1.0
54498,1,1,1.0
54500,1,1,1.0
54509,1,1,1.0
54515,1,1,1.0
54524,1,1,1.0
54527,1,1,1.0
54534,1,1,1.0
54536,1,1,1.0
54539,1,1,1.0
54540,1,1,1.0
54545,1,1,1.0
54546,1,1,1.0
54550,1,1,1.0
54552,1,1,1.0
54554,1,1,1.0
54557,1,1,1.0
54561,1,1,1.0
54563,1,1,1.0
54564,1,1,1.0
54565,1,1,1.0
54568,1,1,1.0
54569,1,1,1.0
54576,1,1,1.0
54579,1,1,1.0
54582,1,1,1.0
54589,1,1,1.0
54596,1,1,1.0
54600,1,1,1.0
54613,1,1,1.0
54622,1,1,1.0
54624,1,1,1.0
54625,1,1,1.0
54641,1,1,1.0
54642,1,1,1.0
54648,1,1,1.0
54663,1,1,1.0
54673,1,1,1.0
54676,1,1,1.0
54678,1,1,1.0
54682,1,1,1.0
54687,1,1,1.0
54695,1,1,1.0
54700,1,1,1.0
54701,1,1,1.0
54708,1,1,1.0
54719,1,1,1.0
54720,1,1,1.0
54721,1,1,1.0
54724,1,1,1.0
54736,1,1,1.0
54742,1,1,1.0
54752,1,1,1.0
54764,1,1,1.0
54770,1,1,1.0
54784,1,1,1.0
54786,1,1,1.0
54787,1,1,1.0
54791,1,1,1.0
54808,1,1,1.0
54810,1,1,1.0
54816,1,1,1.0
54819,1,1,1.0
54834,1,1,1.0
54842,1,1,1.0
54847,1,1,1.0
54857,1,1,1.0
54860,1,1,1.0
54861,0,0,0.0
54869,1,1,1.0
54871,0,0,0.0
54874,1,1,1.0
54877,1,1,1.0
54880,1,1,1.0
54883,1,1,1.0
54884,1,1,1.0
54888,1,1,1.0
54891,1,1,1.0
54894,1,1,1.0
54902,1,1,1.0
54911,1,1,1.0
54914,1,1,1.0
54923,1,1,1.0
54926,1,1,1.0
54931,1,1,1.0
54932,1,1,1.0
54936,0,0,0.0
54937,1,1,1.0
54944,1,1,1.0
54945,1,1,1.0
54959,0,0,0.0
54962,1,1,1.0
54975,1,1,1.0
54977,1,1,1.0
54978,1,1,1.0
54984,1,1,1.0
54990,1,1,1.0
54992,1,1,1.0
54996,1,1,1.0
55009,1,1,1.0
55030,1,1,1.0
55037,1,1,1.0
55046,1,1,1.0
55047,1,1,1.0
55052,1,1,1.0
55056,1,1,1.0
55064,1,1,1.0
55070,1,1,1.0
55071,1,1,1.0
55077,1,1,1.0
55078,1,1,1.0
55084,1,1,1.0
55085,1,1,1.0
55089,1,1,1.0
55092,1,1,1.0
55106,1,1,1.0
55107,1,1,1.0
55110,1,1,1.0
55120,1,1,1.0
55124,1,1,1.0
55129,1,1,1.0
55131,1,1,1.0
55134,1,1,1.0
55136,1,1,1.0
55142,1,1,1.0
55146,1,1,1.0
55156,1,1,1.0
55158,1,1,1.0
55159,1,1,1.0
55166,1,1,1.0
55169,1,1,1.0
55171,1,1,1.0
55172,1,1,1.0
55175,1,1,1.0
55176,1,1,1.0
55177,1,1,1.0
55187,1,1,1.0
55208,1,1,1.0
55211,1,1,1.0
55215,1,1,1.0
55222,1,1,1.0
55225,1,1,1.0
55227,1,1,1.0
55231,1,1,1.0
55235,1,1,1.0
55236,1,1,1.0
55245,1,1,1.0
55246,1,1,1.0
55247,1,1,1.0
55248,1,1,1.0
55257,1,1,1.0
55261,1,1,1.0
55268,1,1,1.0
55270,1,1,1.0
55273,1,1,1.0
55281,1,1,1.0
55284,1,1,1.0
55289,1,1,1.0
55290,1,1,1.0
55295,0,0,0.0
55299,0,0,0.0
55304,1,1,1.0
55309,1,1,1.0
55312,1,1,1.0
55322,0,0,0.0
55325,1,1,1.0
55333,1,1,1.0
55347,1,1,1.0
55350,1,1,1.0
55361,1,1,1.0
55364,1,1,1.0
55365,1,1,1.0
55371,1,1,1.0
55372,1,1,1.0
55377,1,1,1.0
55382,1,1,1.0
55399,1,1,1.0
55406,1,1,1.0
55416,1,1,1.0
55426,1,1,1.0
55429,0,0,0.0
55430,1,1,1.0
55432,1,1,1.0
55435,1,1,1.0
55441,1,1,1.0
55443,1,1,1.0
55446,1,1,1.0
55449,1,1,1.0
55468,1,1,1.0
55490,1,1,1.0
55496,1,1,1.0
55497,1,1,1.0
55502,1,1,1.0
55523,1,1,1.0
55526,1,1,1.0
55529,1,1,1.0
55532,1,1,1.0
55548,1,1,1.0
55549,1,1,1.0
55550,1,1,1.0
55552,1,1,1.0
55555,1,1,1.0
55558,1,1,1.0
55559,1,1,1.0
55562,1,1,1.0
55570,1,1,1.0
55582,1,1,1.0
55583,1,1,1.0
55587,1,1,1.0
55591,1,1,1.0
55594,1,1,1.0
55595,1,1,1.0
55599,1,1,1.0
55600,1,1,1.0
55605,1,1,1.0
55625,1,1,1.0
55626,1,1,1.0
55627,1,1,1.0
55631,1,1,1.0
55632,1,1,1.0
55640,1,1,1.0
55669,1,1,1.0
55672,1,1,1.0
55673,1,1,1.0
55676,0,0,0.0
55680,1,1,1.0
55688,1,1,1.0
55689,1,1,1.0
55694,1,1,1.0
55699,1,1,1.0
55707,1,1,1.0
55712,1,1,1.0
55716,1,1,1.0
55721,1,1,1.0
55725,1,1,1.0
55727,1,1,1.0
55733,1,1,1.0
55734,1,1,1.0
55740,1,1,1.0
55742,1,1,1.0
55749,1,1,1.0
55751,1,1,1.0
55756,1,1,1.0
55767,1,1,1.0
55782,1,1,1.0
55785,1,1,1.0
55792,1,1,1.0
55794,1,1,1.0
55808,1,1,1.0
55820,1,1,1.0
55837,1,1,1.0
55847,1,1,1.0
55850,1,1,1.0
55856,0,0,0.0
55861,1,1,1.0
55866,1,1,1.0
55867,1,1,1.0
55874,1,1,1.0
55875,1,1,1.0
55880,1,1,1.0
55881,1,1,1.0
55884,1,1,1.0
55896,1,1,1.0
55897,1,1,1.0
55899,1,1,1.0
55901,1,1,1.0
55917,1,1,1.0
55926,1,1,1.0
55928,1,1,1.0
55930,1,1,1.0
55931,1,1,1.0
55935,1,1,1.0
55942,1,1,1.0
55948,1,1,1.0
55959,1,1,1.0
55962,1,1,1.0
55964,1,1,1.0
55969,1,1,1.0
55971,1,1,1.0
55972,1,1,1.0
55975,1,1,1.0
55982,1,1,1.0
55983,1,1,1.0
55987,1,1,1.0
55988,1,1,1.0
55989,1,1,1.0
55995,1,1,1.0
55996,1,1,1.0
55997,1,1,1.0
55999,1,1,1.0
56004,1,1,1.0
56005,1,1,1.0
56008,1,1,1.0
56015,0,0,0.0
56016,1,1,1.0
56027,1,1,1.0
56028,1,1,1.0
56040,1,1,1.0
56044,1,1,1.0
56048,1,1,1.0
56054,1,1,1.0
56057,1,1,1.0
56060,1,1,1.0
56063,1,1,1.0
56068,1,1,1.0
56073,1,1,1.0
56076,1,1,1.0
56077,1,1,1.0
56085,1,1,1.0
56086,1,1,1.0
56087,1,1,1.0
56095,1,1,1.0
56102,1,1,1.0
56105,1,1,1.0
56108,1,1,1.0
56109,1,1,1.0
56110,1,1,1.0
56112,1,1,1.0
56114,1,1,1.0
56117,1,1,1.0
56129,1,1,1.0
56135,1,1,1.0
56138,1,1,1.0
56142,1,1,1.0
56146,1,1,1.0
56153,1,1,1.0
56158,1,1,1.0
56168,1,1,1.0
56169,1,1,1.0
56176,1,1,1.0
56183,1,1,1.0
56185,1,1,1.0
56186,1,1,1.0
56201,0,0,0.0
56204,1,1,1.0
56212,1,1,1.0
56218,1,1,1.0
56222,1,1,1.0
56226,1,1,1.0
56232,1,1,1.0
56254,1,1,1.0
56259,1,1,1.0
56267,1,1,1.0
56270,1,1,1.0
56273,1,1,1.0
56275,1,1,1.0
56282,1,1,1.0
56283,1,1,1.0
56296,1,1,1.0
56306,1,1,1.0
56321,1,1,1.0
56325,1,1,1.0
56326,1,1,1.0
56335,0,0,0.0
56336,1,1,1.0
56352,1,1,1.0
56353,1,1,1.0
56356,1,1,1.0
56357,1,1,1.0
56360,1,1,1.0
56371,1,1,1.0
56374,1,1,1.0
56375,0,0,0.0
56381,1,1,1.0
56385,1,1,1.0
56388,1,1,1.0
56394,1,1,1.0
56399,1,1,1.0
56406,1,1,1.0
56408,1,1,1.0
56417,1,1,1.0
56418,1,1,1.0
56428,1,1,1.0
56431,1,1,1.0
56432,1,1,1.0
56434,1,1,1.0
56440,1,1,1.0
56445,1,1,1.0
56446,1,1,1.0
56453,1,1,1.0
56458,1,1,1.0
56459,1,1,1.0
56473,1,1,1.0
56482,1,1,1.0
56483,1,1,1.0
56490,1,1,1.0
56496,1,1,1.0
56503,1,1,1.0
56504,1,1,1.0
56509,1,1,1.0
56510,1,1,1.0
56511,1,1,1.0
56519,1,1,1.0
56522,1,1,1.0
56523,1,1,1.0
56524,1,1,1.0
56530,1,1,1.0
56541,1,1,1.0
56548,1,1,1.0
56551,1,1,1.0
56553,1,1,1.0
56559,0,0,0.0
56561,0,0,0.0
56562,0,0,0.0
56564,1,1,1.0
56578,1,1,1.0
56579,1,1,1.0
56586,1,1,1.0
56590,1,1,1.0
56592,1,1,1.0
56594,1,1,1.0
56595,1,1,1.0
56604,1,1,1.0
56606,1,1,1.0
56616,1,1,1.0
56620,1,1,1.0
56637,1,1,1.0
56641,1,1,1.0
56643,1,1,1.0
56661,1,1,1.0
56663,1,1,1.0
56664,1,1,1.0
56667,1,1,1.0
56673,1,1,1.0
56677,1,1,1.0
56678,1,1,1.0
56680,1,1,1.0
56682,1,1,1.0
56685,1,1,1.0
56686,1,1,1.0
56689,1,1,1.0
56692,1,1,1.0
56694,1,1,1.0
56695,1,1,1.0
56699,1,1,1.0
56703,1,1,1.0
56712,1,1,1.0
56713,1,1,1.0
56714,1,1,1.0
56722,1,1,1.0
56730,0,0,0.0
56732,1,1,1.0
56734,0,0,0.0
56736,1,1,1.0
56737,0,0,0.0
56738,1,1,1.0
56743,0,0,0.0
56757,0,0,0.0
56759,1,1,1.0
56761,1,1,1.0
56762,1,1,1.0
56767,1,1,1.0
56771,1,1,1.0
56774,1,1,1.0
56780,1,1,1.0
56785,1,1,1.0
56795,0,0,0.0
56802,1,1,1.0
56814,1,1,1.0
56819,1,1,1.0
56820,1,1,1.0
56821,1,1,1.0
56826,1,1,1.0
56828,1,1,1.0
56830,1,1,1.0
56832,1,1,1.0
56833,1,1,1.0
56834,1,1,1.0
56837,1,1,1.0
56838,1,1,1.0
56839,1,1,1.0
56840,1,1,1.0
56847,1,1,1.0
56854,1,1,1.0
56855,1,1,1.0
56860,1,1,1.0
56872,1,1,1.0
56875,1,1,1.0
56884,1,1,1.0
56891,1,1,1.0
56893,1,1,1.0
56900,1,1,1.0
56901,1,1,1.0
56902,1,1,1.0
56908,1,1,1.0
56911,1,1,1.0
56922,1,1,1.0
56926,1,1,1.0
56927,1,1,1.0
56935,1,1,1.0
56941,1,1,1.0
56943,1,1,1.0
56945,1,1,1.0
56947,1,1,1.0
56955,1,1,1.0
56959,1,1,1.0
56968,1,1,1.0
56971,1,1,1.0
56974,1,1,1.0
56976,1,1,1.0
56979,1,1,1.0
56980,1,1,1.0
56981,1,1,1.0
56982,1,1,1.0
56984,1,1,1.0
56989,1,1,1.0
56993,1,1,1.0
56998,1,1,1.0
56999,1,1,1.0
57002,1,1,1.0
57004,1,1,1.0
57007,1,1,1.0
57009,1,1,1.0
57012,1,1,1.0
57015,1,1,1.0
57023,1,1,1.0
57027,1,1,1.0
57029,1,1,1.0
57036,1,1,1.0
57037,1,1,1.0
57047,1,1,1.0
57054,1,1,1.0
57059,1,1,1.0
57065,1,1,1.0
57068,1,1,1.0
57077,1,1,1.0
57086,1,1,1.0
57087,1,1,1.0
57089,1,1,1.0
57090,1,1,1.0
57091,1,1,1.0
57097,1,1,1.0
57098,0,0,0.0
57100,0,0,0.0
57101,1,1,1.0
57108,1,1,1.0
57110,1,1,1.0
57113,1,1,1.0
57116,1,1,1.0
57117,0,0,0.0
57119,1,1,1.0
57134,1,1,1.0
57142,1,1,1.0
57146,1,1,1.0
57147,1,1,1.0
57149,1,1,1.0
57152,0,0,0.0
57156,1,1,1.0
57160,1,1,1.0
57172,1,1,1.0
57187,1,1,1.0
57196,1,1,1.0
57198,1,1,1.0
57202,1,1,1.0
57203,1,1,1.0
57204,1,1,1.0
57209,1,1,1.0
57215,1,1,1.0
57218,1,1,1.0
57220,1,1,1.0
57225,0,0,0.0
57227,1,1,1.0
57250,1,1,1.0
57262,1,1,1.0
57264,1,1,1.0
57270,1,1,1.0
57282,1,1,1.0
57285,0,0,0.0
57288,1,1,1.0
57291,1,1,1.0
57297,1,1,1.0
57301,0,0,0.0
57302,1,1,1.0
57314,1,1,1.0
57318,1,1,1.0
57329,1,1,1.0
57330,1,1,1.0
57334,1,1,1.0
57359,1,1,1.0
57360,1,1,1.0
57362,1,1,1.0
57367,1,1,1.0
57374,1,1,1.0
57381,1,1,1.0
57384,1,1,1.0
57386,1,1,1.0
57392,1,1,1.0
57395,1,1,1.0
57410,1,1,1.0
57412,1,1,1.0
57416,1,1,1.0
57418,1,1,1.0
57423,1,1,1.0
57427,1,1,1.0
57438,1,1,1.0
57440,1,1,1.0
57441,1,1,1.0
57445,1,1,1.0
57452,1,1,1.0
57454,1,1,1.0
57456,1,1,1.0
57457,0,0,0.0
57461,1,1,1.0
57479,0,0,0.0
57483,1,1,1.0
57486,1,1,1.0
57496,1,1,1.0
57503,1,1,1.0
57507,1,1,1.0
57509,1,1,1.0
57515,1,1,1.0
57521,1,1,1.0
57526,1,1,1.0
57528,1,1,1.0
57544,1,1,1.0
57551,1,1,1.0
57555,1,1,1.0
57561,1,1,1.0
57580,1,1,1.0
57581,1,1,1.0
57584,1,1,1.0
57587,1,1,1.0
57589,1,1,1.0
57592,1,1,1.0
57594,1,1,1.0
57598,1,1,1.0
57599,1,1,1.0
57602,1,1,1.0
57619,1,1,1.0
57620,1,1,1.0
57621,1,1,1.0
57625,1,1,1.0
57643,1,1,1.0
57648,1,1,1.0
57649,1,1,1.0
57651,1,1,1.0
57652,1,1,1.0
57654,1,1,1.0
57657,1,1,1.0
57662,1,1,1.0
57666,1,1,1.0
57679,1,1,1.0
57680,1,1,1.0
57681,1,1,1.0
57684,0,0,0.0
57685,1,1,1.0
57689,1,1,1.0
57704,1,1,1.0
57706,1,1,1.0
57715,1,1,1.0
57720,1,1,1.0
57723,1,1,1.0
57728,1,1,1.0
57729,1,1,1.0
57733,1,1,1.0
57740,1,1,1.0
57746,1,1,1.0
57748,1,1,1.0
57754,1,1,1.0
57758,1,1,1.0
57760,1,1,1.0
57761,1,1,1.0
57770,1,1,1.0
57777,1,1,1.0
57780,1,1,1.0
57786,1,1,1.0
57789,1,1,1.0
57790,1,1,1.0
57792,1,1,1.0
57800,1,1,1.0
57806,1,1,1.0
57807,1,1,1.0
57809,1,1,1.0
57813,1,1,1.0
57821,1,1,1.0
57824,1,1,1.0
57825,0,0,0.0
57829,1,1,1.0
57841,1,1,1.0
57844,1,1,1.0
57849,1,1,1.0
57857,1,1,1.0
57858,1,1,1.0
57860,1,1,1.0
57866,1,1,1.0
57874,1,1,1.0
57880,1,1,1.0
57882,1,1,1.0
57883,1,1,1.0
57887,1,1,1.0
57889,1,1,1.0
57891,1,1,1.0
57892,1,1,1.0
57893,1,1,1.0
57896,1,1,1.0
57899,1,1,1.0
57910,1,1,1.0
57913,1,1,1.0
57915,1,1,1.0
57930,1,1,1.0
57933,1,1,1.0
57939,1,1,1.0
57940,1,1,1.0
57955,1,1,1.0
57957,1,1,1.0
57962,1,1,1.0
57966,1,1,1.0
57972,1,1,1.0
57980,1,1,1.0
57988,1,1,1.0
58000,1,1,1.0
58005,0,0,0.0
58011,1,1,1.0
58016,1,1,1.0
58017,1,1,1.0
58019,0,0,0.0
58020,1,1,1.0
58053,1,1,1.0
58055,1,1,1.0
58056,1,1,1.0
58058,1,1,1.0
58059,1,1,1.0
58065,1,1,1.0
58068,1,1,1.0
58069,1,1,1.0
58071,1,1,1.0
58073,1,1,1.0
58075,1,1,1.0
58078,1,1,1.0
58083,1,1,1.0
58086,1,1,1.0
58088,1,1,1.0
58089,1,1,1.0
58096,1,1,1.0
58099,1,1,1.0
58104,1,1,1.0
58105,1,1,1.0
58117,1,1,1.0
58119,1,1,1.0
58124,1,1,1.0
58130,1,1,1.0
58135,0,0,0.0
58138,1,1,1.0
58143,1,1,1.0
58145,1,1,1.0
58148,1,1,1.0
58159,1,1,1.0
58160,1,1,1.0
58161,1,1,1.0
58163,1,1,1.0
58166,1,1,1.0
58168,1,1,1.0
58174,1,1,1.0
58175,1,1,1.0
58183,1,1,1.0
58186,0,0,0.0
58189,1,1,1.0
58190,1,1,1.0
58198,1,1,1.0
58199,1,1,1.0
58200,0,0,0.0
58212,1,1,1.0
58214,1,1,1.0
58215,1,1,1.0
58222,1,1,1.0
58223,1,1,1.0
58224,1,1,1.0
58234,1,1,1.0
58237,1,1,1.0
58238,1,1,1.0
58245,1,1,1.0
58258,1,1,1.0
58268,1,1,1.0
58272,1,1,1.0
58291,1,1,1.0
58294,1,1,1.0
58300,1,1,1.0
58301,1,1,1.0
58302,1,1,1.0
58323,1,1,1.0
58325,1,1,1.0
58327,1,1,1.0
58335,1,1,1.0
58351,1,1,1.0
58355,1,1,1.0
58365,0,0,0.0
58370,1,1,1.0
58374,1,1,1.0
58376,1,1,1.0
58380,0,0,0.0
58381,1,1,1.0
58385,1,1,1.0
58393,1,1,1.0
58397,1,1,1.0
58402,1,1,1.0
58405,1,1,1.0
58408,1,1,1.0
58414,1,1,1.0
58421,1,1,1.0
58423,1,1,1.0
58432,1,1,1.0
58436,1,1,1.0
58447,1,1,1.0
58448,1,1,1.0
58450,1,1,1.0
58465,1,1,1.0
58468,1,1,1.0
58469,1,1,1.0
58470,1,1,1.0
58480,1,1,1.0
58485,1,1,1.0
58499,1,1,1.0
58502,1,1,1.0
58510,1,1,1.0
58516,0,0,0.0
58519,1,1,1.0
58530,1,1,1.0
58532,1,1,1.0
58538,0,0,0.0
58552,1,1,1.0
58559,1,1,1.0
58564,1,1,1.0
58572,1,1,1.0
58575,1,1,1.0
58580,1,1,1.0
58586,1,1,1.0
58596,1,1,1.0
58598,1,1,1.0
58599,1,1,1.0
58602,1,1,1.0
58605,1,1,1.0
58607,1,1,1.0
58608,1,1,1.0
58611,1,1,1.0
58624,1,1,1.0
58626,1,1,1.0
58635,1,1,1.0
58639,1,1,1.0
58644,1,1,1.0
58646,1,1,1.0
58647,1,1,1.0
58656,1,1,1.0
58659,1,1,1.0
58660,1,1,1.0
58662,1,1,1.0
58664,1,1,1.0
58670,1,1,1.0
58677,1,1,1.0
58681,1,1,1.0
58699,1,1,1.0
58707,1,1,1.0
58709,1,1,1.0
58718,1,1,1.0
58719,1,1,1.0
58724,1,1,1.0
58731,1,1,1.0
58734,1,1,1.0
58735,1,1,1.0
58736,1,1,1.0
58742,0,0,0.0
58747,1,1,1.0
58750,1,1,1.0
58752,1,1,1.0
58755,1,1,1.0
58756,1,1,1.0
58763,1,1,1.0
58778,1,1,1.0
58782,1,1,1.0
58787,1,1,1.0
58793,1,1,1.0
58802,1,1,1.0
58803,1,1,1.0
58806,1,1,1.0
58808,1,1,1.0
58814,1,1,1.0
58816,1,1,1.0
58824,1,1,1.0
58827,1,1,1.0
58829,1,1,1.0
58839,1,1,1.0
58847,1,1,1.0
58854,1,1,1.0
58858,1,1,1.0
58873,1,1,1.0
58875,1,1,1.0
58876,1,1,1.0
58877,1,1,1.0
58883,1,1,1.0
58887,1,1,1.0
58890,1,1,1.0
58893,1,1,1.0
58898,1,1,1.0
58901,0,0,0.0
58902,1,1,1.0
58905,1,1,1.0
58917,1,1,1.0
58920,0,0,0.0
58923,1,1,1.0
58931,1,1,1.0
58937,1,1,1.0
58946,1,1,1.0
58959,1,1,1.0
58962,1,1,1.0
58963,1,1,1.0
58964,1,1,1.0
58967,1,1,1.0
58972,1,1,1.0
58973,1,1,1.0
58980,1,1,1.0
58992,1,1,1.0
59002,1,1,1.0
59011,1,1,1.0
59029,1,1,1.0
59034,1,1,1.0
59038,1,1,1.0
59041,1,1,1.0
59044,1,1,1.0
59055,1,1,1.0
59066,1,1,1.0
59069,1,1,1.0
59073,1,1,1.0
59075,1,1,1.0
59083,1,1,1.0
59090,0,0,0.0
59091,1,1,1.0
59094,1,1,1.0
59101,1,1,1.0
59112,1,1,1.0
59125,1,1,1.0
59127,1,1,1.0
59130,1,1,1.0
59133,1,1,1.0
59138,1,1,1.0
59139,1,1,1.0
59143,1,1,1.0
59152,1,1,1.0
59157,1,1,1.0
59158,1,1,1.0
59161,1,1,1.0
59169,1,1,1.0
59171,1,1,1.0
59176,1,1,1.0
59183,1,1,1.0
59187,1,1,1.0
59190,1,1,1.0
59192,1,1,1.0
59193,1,1,1.0
59200,1,1,1.0
59202,1,1,1.0
59211,1,1,1.0
59219,1,1,1.0
59227,1,1,1.0
59228,1,1,1.0
59240,1,1,1.0
59252,1,1,1.0
59254,1,1,1.0
59257,1,1,1.0
59268,0,0,0.0
59274,1,1,1.0
59276,1,1,1.0
59280,1,1,1.0
59285,1,1,1.0
59295,1,1,1.0
59300,1,1,1.0
59308,1,1,1.0
59310,1,1,1.0
59319,1,1,1.0
59333,1,1,1.0
59342,1,1,1.0
59345,1,1,1.0
59347,1,1,1.0
59348,1,1,1.0
59350,1,1,1.0
59361,1,1,1.0
59366,1,1,1.0
59374,1,1,1.0
59380,1,1,1.0
59382,1,1,1.0
59384,1,1,1.0
59387,1,1,1.0
59403,1,1,1.0
59408,1,1,1.0
59411,1,1,1.0
59414,1,1,1.0
59415,1,1,1.0
59428,1,1,1.0
59432,1,1,1.0
59433,1,1,1.0
59440,1,1,1.0
59441,1,1,1.0
59450,0,0,0.0
59455,1,1,1.0
59456,1,1,1.0
59458,1,1,1.0
59464,1,1,1.0
59469,1,1,1.0
59471,1,1,1.0
59478,1,1,1.0
59484,1,1,1.0
59485,1,1,1.0
59494,1,1,1.0
59502,1,1,1.0
59506,1,1,1.0
59509,1,1,1.0
59516,1,1,1.0
59524,1,1,1.0
59526,1,1,1.0
59533,1,1,1.0
59534,1,1,1.0
59537,1,1,1.0
59540,1,1,1.0
59541,0,0,0.0
59542,1,1,1.0
59547,1,1,1.0
59557,1,1,1.0
59566,1,1,1.0
59569,1,1,1.0
59575,1,1,1.0
59585,1,1,1.0
59587,1,1,1.0
59588,1,1,1.0
59589,1,1,1.0
59594,1,1,1.0
59600,1,1,1.0
59605,1,1,1.0
59607,1,1,1.0
59611,1,1,1.0
59618,1,1,1.0
59620,1,1,1.0
59626,1,1,1.0
59637,1,1,1.0
59641,1,1,1.0
59646,1,1,1.0
59652,1,1,1.0
59660,1,1,1.0
59662,1,1,1.0
59670,1,1,1.0
59684,1,1,1.0
59685,1,1,1.0
59687,1,1,1.0
59700,1,1,1.0
59701,1,1,1.0
59708,1,1,1.0
59730,1,1,1.0
59732,1,1,1.0
59734,1,1,1.0
59735,1,1,1.0
59744,1,1,1.0
59746,1,1,1.0
59747,1,1,1.0
59750,1,1,1.0
59751,1,1,1.0
59752,1,1,1.0
59755,1,1,1.0
59756,1,1,1.0
59763,1,1,1.0
59764,1,1,1.0
59767,1,1,1.0
59773,1,1,1.0
59774,1,1,1.0
59784,0,0,0.0
59788,1,1,1.0
59789,1,1,1.0
59795,1,1,1.0
59807,0,0,0.0
59811,1,1,1.0
59812,0,0,0.0
59814,1,1,1.0
59815,0,0,0.0
59821,1,1,1.0
59829,1,1,1.0
59830,1,1,1.0
59841,1,1,1.0
59844,1,1,1.0
59845,1,1,1.0
59850,1,1,1.0
59853,1,1,1.0
59855,1,1,1.0
59861,1,1,1.0
59865,1,1,1.0
59870,1,1,1.0
59887,0,0,0.0
59889,1,1,1.0
59901,1,1,1.0
59906,1,1,1.0
59908,1,1,1.0
59911,1,1,1.0
59912,1,1,1.0
59913,1,1,1.0
59915,1,1,1.0
59923,1,1,1.0
59925,1,1,1.0
59929,1,1,1.0
59931,1,1,1.0
59933,1,1,1.0
59934,1,1,1.0
59935,1,1,1.0
59936,1,1,1.0
59938,1,1,1.0
59942,1,1,1.0
59944,1,1,1.0
59951,1,1,1.0
59953,1,1,1.0
59955,1,1,1.0
59956,1,1,1.0
59960,0,0,0.0
59967,1,1,1.0
59969,1,1,1.0
59972,1,1,1.0
59974,1,1,1.0
59975,1,1,1.0
59984,1,1,1.0
59988,1,1,1.0
59991,0,0,0.0
59994,1,1,1.0
59997,1,1,1.0
59998,0,0,0.0
60018,1,1,1.0
60044,1,1,1.0
60049,1,1,1.0
60050,1,1,1.0
60054,1,1,1.0
60055,1,1,1.0
60057,1,1,1.0
60059,1,1,1.0
60061,1,1,1.0
60062,1,1,1.0
60067,1,1,1.0
60075,1,1,1.0
60081,1,1,1.0
60085,1,1,1.0
60095,1,1,1.0
60097,1,1,1.0
60101,1,1,1.0
60109,1,1,1.0
60112,1,1,1.0
60117,1,1,1.0
60118,1,1,1.0
60121,1,1,1.0
60124,1,1,1.0
60126,1,1,1.0
60128,1,1,1.0
60156,1,1,1.0
60167,1,1,1.0
60169,1,1,1.0
60172,1,1,1.0
60175,0,0,0.0
60176,1,1,1.0
60184,1,1,1.0
60187,1,1,1.0
60203,1,1,1.0
60206,1,1,1.0
60210,1,1,1.0
60211,1,1,1.0
60223,1,1,1.0
60228,1,1,1.0
60238,1,1,1.0
60253,1,1,1.0
60270,1,1,1.0
60278,1,1,1.0
60280,1,1,1.0
60282,1,1,1.0
60289,1,1,1.0
60292,1,1,1.0
60298,1,1,1.0
60310,1,1,1.0
60315,1,1,1.0
60320,1,1,1.0
60325,1,1,1.0
60333,1,1,1.0
60334,1,1,1.0
60335,1,1,1.0
60337,1,1,1.0
60339,1,1,1.0
60340,1,1,1.0
60342,1,1,1.0
60349,1,1,1.0
60367,1,1,1.0
60368,1,1,1.0
60372,1,1,1.0
60375,0,0,0.0
60377,1,1,1.0
60380,1,1,1.0
60381,1,1,1.0
60394,1,1,1.0
60395,1,1,1.0
60401,1,1,1.0
60402,1,1,1.0
60404,1,1,1.0
60413,1,1,1.0
60414,1,1,1.0
60421,1,1,1.0
60425,1,1,1.0
60428,1,1,1.0
60433,1,1,1.0
60439,1,1,1.0
60440,1,1,1.0
60443,1,1,1.0
60445,1,1,1.0
60447,1,1,1.0
60448,1,1,1.0
60449,1,1,1.0
60450,1,1,1.0
60456,1,1,1.0
60467,0,0,0.0
60472,1,1,1.0
60473,1,1,1.0
60476,1,1,1.0
60481,1,1,1.0
60491,1,1,1.0
60493,1,1,1.0
60496,1,1,1.0
60512,1,1,1.0
60515,1,1,1.0
60523,1,1,1.0
60524,1,1,1.0
60531,1,1,1.0
60533,1,1,1.0
60538,1,1,1.0
60539,0,0,0.0
60540,1,1,1.0
60547,1,1,1.0
60554,1,1,1.0
60557,0,0,0.0
60564,1,1,1.0
60568,1,1,1.0
60572,1,1,1.0
60573,1,1,1.0
60576,1,1,1.0
60580,1,1,1.0
60587,1,1,1.0
60591,1,1,1.0
60592,1,1,1.0
60607,1,1,1.0
60631,1,1,1.0
60633,1,1,1.0
60634,1,1,1.0
60643,1,1,1.0
60644,1,1,1.0
60655,1,1,1.0
60659,1,1,1.0
60668,1,1,1.0
60669,1,1,1.0
60686,1,1,1.0
60689,1,1,1.0
60694,1,1,1.0
60705,1,1,1.0
60714,0,0,0.0
60723,1,1,1.0
60725,1,1,1.0
60727,1,1,1.0
60731,1,1,1.0
60742,1,1,1.0
60748,1,1,1.0
60760,1,1,1.0
60763,1,1,1.0
60774,1,1,1.0
60784,1,1,1.0
60785,1,1,1.0
60790,1,1,1.0
60793,1,1,1.0
60794,1,1,1.0
60801,1,1,1.0
60802,1,1,1.0
60809,0,0,0.0
60817,1,1,1.0
60822,1,1,1.0
60824,1,1,1.0
60834,1,1,1.0
60838,1,1,1.0
60839,1,1,1.0
60844,1,1,1.0
60853,1,1,1.0
60860,1,1,1.0
60871,1,1,1.0
60880,1,1,1.0
60883,0,0,0.0
60884,1,1,1.0
60885,1,1,1.0
60892,1,1,1.0
60897,1,1,1.0
60900,1,1,1.0
60903,1,1,1.0
60906,1,1,1.0
60908,1,1,1.0
60913,1,1,1.0
60917,1,1,1.0
60922,1,1,1.0
60923,1,1,1.0
60926,1,1,1.0
60931,1,1,1.0
60942,1,1,1.0
60946,1,1,1.0
60948,1,1,1.0
60950,1,1,1.0
60960,1,1,1.0
60961,1,1,1.0
60977,1,1,1.0
60978,1,1,1.0
60984,1,1,1.0
60987,1,1,1.0
60990,1,1,1.0
60991,1,1,1.0
60994,1,1,1.0
61000,1,1,1.0
61003,1,1,1.0
61009,1,1,1.0
61015,1,1,1.0
61031,1,1,1.0
61032,1,1,1.0
61034,1,1,1.0
61037,1,1,1.0
61038,1,1,1.0
61039,1,1,1.0
61040,1,1,1.0
61053,1,1,1.0
61062,1,1,1.0
61068,1,1,1.0
61070,1,1,1.0
61077,1,1,1.0
61079,1,1,1.0
61085,0,0,0.0
61092,1,1,1.0
61093,1,1,1.0
61095,1,1,1.0
61097,1,1,1.0
61103,1,1,1.0
61104,1,1,1.0
61125,1,1,1.0
61137,1,1,1.0
61138,1,1,1.0
61144,1,1,1.0
61149,1,1,1.0
61150,1,1,1.0
61153,1,1,1.0
61170,1,1,1.0
61177,1,1,1.0
61181,1,1,1.0
61192,1,1,1.0
61193,1,1,1.0
61194,1,1,1.0
61196,1,1,1.0
61197,1,1,1.0
61208,1,1,1.0
61220,1,1,1.0
61228,1,1,1.0
61230,1,1,1.0
61236,1,1,1.0
61241,1,1,1.0
61243,1,1,1.0
61250,1,1,1.0
61270,1,1,1.0
61284,1,1,1.0
61290,1,1,1.0
61292,1,1,1.0
61294,1,1,1.0
61296,1,1,1.0
61300,1,1,1.0
61314,1,1,1.0
61319,1,1,1.0
61324,1,1,1.0
61341,1,1,1.0
61351,1,1,1.0
61359,1,1,1.0
61370,1,1,1.0
61372,1,1,1.0
61374,1,1,1.0
61379,1,1,1.0
61380,1,1,1.0
61383,1,1,1.0
61392,1,1,1.0
61401,1,1,1.0
61405,1,1,1.0
61409,1,1,1.0
61410,1,1,1.0
61418,1,1,1.0
61420,1,1,1.0
61421,1,1,1.0
61428,1,1,1.0
61434,1,1,1.0
61435,1,1,1.0
61440,1,1,1.0
61443,1,1,1.0
61447,0,0,0.0
61448,1,1,1.0
61449,0,0,0.0
61480,1,1,1.0
61481,1,1,1.0
61482,1,1,1.0
61501,1,1,1.0
61503,1,1,1.0
61506,1,1,1.0
61513,1,1,1.0
61515,1,1,1.0
61518,1,1,1.0
61520,1,1,1.0
61529,1,1,1.0
61537,1,1,1.0
61539,1,1,1.0
61541,1,1,1.0
61546,1,1,1.0
61550,1,1,1.0
61551,1,1,1.0
61556,1,1,1.0
61561,1,1,1.0
61588,1,1,1.0
61596,1,1,1.0
61610,1,1,1.0
61617,1,1,1.0
61621,1,1,1.0
61626,1,1,1.0
61629,1,1,1.0
61631,0,0,0.0
61632,1,1,1.0
61633,1,1,1.0
61636,1,1,1.0
61639,1,1,1.0
61642,1,1,1.0
61644,1,1,1.0
61651,1,1,1.0
61652,1,1,1.0
61659,1,1,1.0
61670,1,1,1.0
61691,1,1,1.0
61692,1,1,1.0
61698,1,1,1.0
61699,1,1,1.0
61702,1,1,1.0
61704,1,1,1.0
61710,1,1,1.0
61721,0,0,0.0
61725,1,1,1.0
61727,1,1,1.0
61730,1,1,1.0
61731,1,1,1.0
61738,1,1,1.0
61743,1,1,1.0
61744,1,1,1.0
61746,1,1,1.0
61758,1,1,1.0
61767,1,1,1.0
61769,1,1,1.0
61772,1,1,1.0
61775,1,1,1.0
61777,1,1,1.0
61791,1,1,1.0
61798,1,1,1.0
61803,1,1,1.0
61804,1,1,1.0
61814,0,0,0.0
61817,1,1,1.0
61822,1,1,1.0
61824,1,1,1.0
61831,1,1,1.0
61839,1,1,1.0
61845,1,1,1.0
61848,1,1,1.0
61854,1,1,1.0
61856,1,1,1.0
61858,1,1,1.0
61859,1,1,1.0
61873,1,1,1.0
61874,1,1,1.0
61875,1,1,1.0
61876,1,1,1.0
61877,1,1,1.0
61881,1,1,1.0
61885,1,1,1.0
61893,1,1,1.0
61894,1,1,1.0
61895,1,1,1.0
61900,1,1,1.0
61901,1,1,1.0
61907,1,1,1.0
61908,1,1,1.0
61910,1,1,1.0
61914,1,1,1.0
61915,1,1,1.0
61928,1,1,1.0
61929,1,1,1.0
61932,1,1,1.0
61937,1,1,1.0
61939,1,1,1.0
61940,1,1,1.0
61944,1,1,1.0
61950,1,1,1.0
61953,1,1,1.0
61957,1,1,1.0
61958,1,1,1.0
61961,1,1,1.0
61963,1,1,1.0
61968,1,1,1.0
61975,1,1,1.0
61983,1,1,1.0
61989,1,1,1.0
61992,0,0,0.0
62006,1,1,1.0
62013,1,1,1.0
62018,1,1,1.0
62024,1,1,1.0
62025,1,1,1.0
62047,1,1,1.0
62053,1,1,1.0
62054,1,1,1.0
62056,1,1,1.0
62059,1,1,1.0
62061,1,1,1.0
62067,1,1,1.0
62068,1,1,1.0
62070,1,1,1.0
62071,1,1,1.0
62074,1,1,1.0
62082,1,1,1.0
62085,1,1,1.0
62094,1,1,1.0
62095,1,1,1.0
62099,1,1,1.0
62115,1,1,1.0
62124,1,1,1.0
62127,1,1,1.0
62132,1,1,1.0
62136,1,1,1.0
62141,1,1,1.0
62143,1,1,1.0
62152,1,1,1.0
62161,1,1,1.0
62170,1,1,1.0
62178,1,1,1.0
62180,0,0,0.0
62181,1,1,1.0
62188,1,1,1.0
62193,0,0,0.0
62194,0,0,0.0
62196,1,1,1.0
62204,1,1,1.0
62208,1,1,1.0
62216,1,1,1.0
62217,1,1,1.0
62219,1,1,1.0
62236,1,1,1.0
62241,1,1,1.0
62245,1,1,1.0
62250,1,1,1.0
62252,1,1,1.0
62253,1,1,1.0
62263,1,1,1.0
62275,1,1,1.0
62278,1,1,1.0
62287,1,1,1.0
62300,1,1,1.0
62309,1,1,1.0
62312,1,1,1.0
62317,1,1,1.0
62319,1,1,1.0
62323,1,1,1.0
62327,1,1,1.0
62329,1,1,1.0
62338,1,1,1.0
62360,0,0,0.0
62361,0,0,0.0
62362,1,1,1.0
62366,1,1,1.0
62375,1,1,1.0
62385,1,1,1.0
62388,1,1,1.0
62389,1,1,1.0
62398,1,1,1.0
62400,1,1,1.0
62406,1,1,1.0
62409,1,1,1.0
62423,1,1,1.0
62445,1,1,1.0
62451,1,1,1.0
62452,1,1,1.0
62455,1,1,1.0
62458,1,1,1.0
62474,1,1,1.0
62478,1,1,1.0
62488,1,1,1.0
62497,1,1,1.0
62498,1,1,1.0
62499,1,1,1.0
62500,1,1,1.0
62512,1,1,1.0
62513,1,1,1.0
62537,1,1,1.0
62540,0,0,0.0
62546,1,1,1.0
62548,1,1,1.0
62555,1,1,1.0
62556,0,0,0.0
62563,1,1,1.0
62567,1,1,1.0
62572,1,1,1.0
62574,1,1,1.0
62578,1,1,1.0
62579,1,1,1.0
62584,1,1,1.0
62588,1,1,1.0
62594,1,1,1.0
62597,1,1,1.0
62601,1,1,1.0
62607,1,1,1.0
62609,1,1,1.0
62610,1,1,1.0
62620,1,1,1.0
62624,1,1,1.0
62625,1,1,1.0
62628,1,1,1.0
62634,1,1,1.0
62641,1,1,1.0
62644,1,1,1.0
62648,1,1,1.0
62649,1,1,1.0
62662,1,1,1.0
62665,1,1,1.0
62668,1,1,1.0
62674,1,1,1.0
62681,1,1,1.0
62682,1,1,1.0
62689,1,1,1.0
62690,1,1,1.0
62694,1,1,1.0
62709,1,1,1.0
62714,1,1,1.0
62715,0,0,0.0
62718,1,1,1.0
62720,0,0,0.0
62725,1,1,1.0
62726,1,1,1.0
62730,1,1,1.0
62738,1,1,1.0
62739,1,1,1.0
62740,0,0,0.0
62744,1,1,1.0
62751,1,1,1.0
62753,1,1,1.0
62759,1,1,1.0
62763,1,1,1.0
62764,1,1,1.0
62767,1,1,1.0
62770,1,1,1.0
62774,1,1,1.0
62775,1,1,1.0
62776,1,1,1.0
62780,1,1,1.0
62784,1,1,1.0
62792,1,1,1.0
62797,1,1,1.0
62804,1,1,1.0
62807,1,1,1.0
62810,1,1,1.0
62812,1,1,1.0
62814,1,1,1.0
62820,1,1,1.0
62826,1,1,1.0
62839,1,1,1.0
62840,1,1,1.0
62848,1,1,1.0
62850,1,1,1.0
62855,1,1,1.0
62857,1,1,1.0
62867,1,1,1.0
62871,1,1,1.0
62886,1,1,1.0
62888,1,1,1.0
62890,1,1,1.0
62896,1,1,1.0
62897,0,0,0.0
62899,1,1,1.0
62902,0,0,0.0
62904,0,0,0.0
62920,0,0,0.0
62924,1,1,1.0
62929,1,1,1.0
62932,1,1,1.0
62940,1,1,1.0
62943,1,1,1.0
62945,1,1,1.0
62950,1,1,1.0
62953,1,1,1.0
62955,1,1,1.0
62956,1,1,1.0
62957,1,1,1.0
62959,1,1,1.0
62963,1,1,1.0
62966,1,1,1.0
62974,1,1,1.0
62977,1,1,1.0
62978,1,1,1.0
62982,1,1,1.0
62988,1,1,1.0
62990,1,1,1.0
62994,1,1,1.0
62998,1,1,1.0
63001,1,1,1.0
63016,1,1,1.0
63017,1,1,1.0
63022,1,1,1.0
63035,1,1,1.0
63036,1,1,1.0
63042,1,1,1.0
63044,1,1,1.0
63048,1,1,1.0
63049,1,1,1.0
63058,1,1,1.0
63063,1,1,1.0
63064,1,1,1.0
63072,1,1,1.0
63095,1,1,1.0
63104,0,0,0.0
63105,0,0,0.0
63111,1,1,1.0
63112,1,1,1.0
63114,1,1,1.0
63121,1,1,1.0
63122,1,1,1.0
63123,1,1,1.0
63125,1,1,1.0
63126,1,1,1.0
63129,1,1,1.0
63136,1,1,1.0
63140,1,1,1.0
63147,1,1,1.0
63150,1,1,1.0
63152,1,1,1.0
63154,1,1,1.0
63157,1,1,1.0
63160,1,1,1.0
63170,1,1,1.0
63171,1,1,1.0
63173,1,1,1.0
63180,1,1,1.0
63192,1,1,1.0
63203,1,1,1.0
63204,1,1,1.0
63207,1,1,1.0
63208,1,1,1.0
63210,1,1,1.0
63217,1,1,1.0
63223,1,1,1.0
63226,1,1,1.0
63227,1,1,1.0
63230,1,1,1.0
63231,1,1,1.0
63232,1,1,1.0
63237,1,1,1.0
63243,1,1,1.0
63251,1,1,1.0
63257,1,1,1.0
63263,1,1,1.0
63264,1,1,1.0
63275,1,1,1.0
63278,1,1,1.0
63279,0,0,0.0
63284,1,1,1.0
63285,1,1,1.0
63294,1,1,1.0
63298,1,1,1.0
63307,1,1,1.0
63314,1,1,1.0
63325,1,1,1.0
63328,1,1,1.0
63332,1,1,1.0
63339,1,1,1.0
63351,1,1,1.0
63371,1,1,1.0
63379,1,1,1.0
63380,1,1,1.0
63386,1,1,1.0
63388,1,1,1.0
63389,1,1,1.0
63390,1,1,1.0
63392,1,1,1.0
63403,1,1,1.0
63407,1,1,1.0
63414,1,1,1.0
63415,1,1,1.0
63416,1,1,1.0
63427,1,1,1.0
63428,1,1,1.0
63434,1,1,1.0
63437,1,1,1.0
63442,1,1,1.0
63444,0,0,0.0
63452,1,1,1.0
63453,1,1,1.0
63460,1,1,1.0
63462,1,1,1.0
63465,1,1,1.0
63470,1,1,1.0
63471,1,1,1.0
63475,1,1,1.0
63477,1,1,1.0
63479,1,1,1.0
63495,1,1,1.0
63499,1,1,1.0
63502,1,1,1.0
63507,1,1,1.0
63509,1,1,1.0
63511,1,1,1.0
63512,1,1,1.0
63525,1,1,1.0
63531,1,1,1.0
63541,1,1,1.0
63546,1,1,1.0
63547,1,1,1.0
63560,1,1,1.0
63562,1,1,1.0
63566,1,1,1.0
63576,1,1,1.0
63578,1,1,1.0
63581,1,1,1.0
63584,1,1,1.0
63595,1,1,1.0
63600,1,1,1.0
63602,1,1,1.0
63603,1,1,1.0
63605,1,1,1.0
63609,1,1,1.0
63610,1,1,1.0
63614,1,1,1.0
63617,0,0,0.0
63618,1,1,1.0
63625,0,0,0.0
63638,1,1,1.0
63644,0,0,0.0
63648,1,1,1.0
63654,1,1,1.0
63661,1,1,1.0
63665,1,1,1.0
63666,1,1,1.0
63669,1,1,1.0
63674,1,1,1.0
63677,1,1,1.0
63682,1,1,1.0
63683,1,1,1.0
63685,1,1,1.0
63688,1,1,1.0
63695,1,1,1.0
63697,1,1,1.0
63699,1,1,1.0
63700,1,1,1.0
63709,1,1,1.0
63719,1,1,1.0
63721,1,1,1.0
63729,1,1,1.0
63732,1,1,1.0
63738,1,1,1.0
63745,1,1,1.0
63748,1,1,1.0
63749,1,1,1.0
63754,1,1,1.0
63765,1,1,1.0
63766,1,1,1.0
63767,1,1,1.0
63771,1,1,1.0
63777,1,1,1.0
63783,1,1,1.0
63794,1,1,1.0
63795,1,1,1.0
63804,1,1,1.0
63819,1,1,1.0
63821,0,0,0.0
63822,1,1,1.0
63823,1,1,1.0
63824,1,1,1.0
63827,1,1,1.0
63830,1,1,1.0
63831,1,1,1.0
63836,1,1,1.0
63856,1,1,1.0
63866,1,1,1.0
63874,1,1,1.0
63875,1,1,1.0
63877,1,1,1.0
63879,1,1,1.0
63897,1,1,1.0
63903,1,1,1.0
63910,1,1,1.0
63913,1,1,1.0
63923,1,1,1.0
63938,1,1,1.0
63960,1,1,1.0
63963,1,1,1.0
63965,1,1,1.0
63966,1,1,1.0
63970,1,1,1.0
63977,0,0,0.0
63978,1,1,1.0
63982,0,0,0.0
63987,1,1,1.0
63989,1,1,1.0
63990,1,1,1.0
63992,1,1,1.0
63996,1,1,1.0
64007,1,1,1.0
64014,1,1,1.0
64017,1,1,1.0
64021,1,1,1.0
64024,1,1,1.0
64031,1,1,1.0
64033,1,1,1.0
64041,1,1,1.0
64044,1,1,1.0
64052,1,1,1.0
64059,1,1,1.0
64061,1,1,1.0
64071,1,1,1.0
64073,1,1,1.0
64075,0,0,0.0
64076,1,1,1.0
64080,1,1,1.0
64083,1,1,1.0
64084,1,1,1.0
64089,1,1,1.0
64090,1,1,1.0
64092,1,1,1.0
64100,1,1,1.0
64110,1,1,1.0
64120,1,1,1.0
64124,1,1,1.0
64126,1,1,1.0
64128,1,1,1.0
64130,1,1,1.0
64131,1,1,1.0
64151,1,1,1.0
64152,1,1,1.0
64161,1,1,1.0
64175,1,1,1.0
64178,1,1,1.0
64179,1,1,1.0
64183,1,1,1.0
64184,1,1,1.0
64190,1,1,1.0
64191,1,1,1.0
64194,1,1,1.0
64199,1,1,1.0
64201,1,1,1.0
64213,1,1,1.0
64229,1,1,1.0
64236,1,1,1.0
64245,1,1,1.0
64258,1,1,1.0
64263,1,1,1.0
64264,1,1,1.0
64281,1,1,1.0
64291,1,1,1.0
64298,1,1,1.0
64305,1,1,1.0
64309,1,1,1.0
64311,1,1,1.0
64314,1,1,1.0
64315,1,1,1.0
64321,1,1,1.0
64326,1,1,1.0
64334,1,1,1.0
64341,1,1,1.0
64342,0,0,0.0
64357,1,1,1.0
64359,1,1,1.0
64360,1,1,1.0
64369,1,1,1.0
64372,1,1,1.0
64378,1,1,1.0
64379,1,1,1.0
64381,1,1,1.0
64388,1,1,1.0
64393,1,1,1.0
64397,1,1,1.0
64406,1,1,1.0
64415,1,1,1.0
64429,1,1,1.0
64430,1,1,1.0
64433,1,1,1.0
64439,1,1,1.0
64443,1,1,1.0
64447,1,1,1.0
64450,1,1,1.0
64451,1,1,1.0
64455,1,1,1.0
64463,1,1,1.0
64466,1,1,1.0
64477,1,1,1.0
64499,1,1,1.0
64502,1,1,1.0
64504,1,1,1.0
64506,1,1,1.0
64507,1,1,1.0
64514,0,0,0.0
64527,1,1,1.0
64529,1,1,1.0
64533,1,1,1.0
64535,1,1,1.0
64537,0,0,0.0
64539,0,0,0.0
64545,1,1,1.0
64569,1,1,1.0
64572,1,1,1.0
64577,1,1,1.0
64585,1,1,1.0
64592,1,1,1.0
64597,1,1,1.0
64599,1,1,1.0
64604,1,1,1.0
64608,1,1,1.0
64615,1,1,1.0
64620,1,1,1.0
64623,1,1,1.0
64624,1,1,1.0
64627,1,1,1.0
64628,1,1,1.0
64632,1,1,1.0
64636,1,1,1.0
64641,1,1,1.0
64648,1,1,1.0
64669,1,1,1.0
64675,1,1,1.0
64677,1,1,1.0
64685,1,1,1.0
64688,1,1,1.0
64689,1,1,1.0
64695,1,1,1.0
64697,1,1,1.0
64698,1,1,1.0
64705,1,1,1.0
64710,1,1,1.0
64712,1,1,1.0
64715,1,1,1.0
64717,1,1,1.0
64721,1,1,1.0
64725,1,1,1.0
64726,1,1,1.0
64727,1,1,1.0
64729,1,1,1.0
64741,1,1,1.0
64744,1,1,1.0
64753,1,1,1.0
64755,1,1,1.0
64760,1,1,1.0
64764,1,1,1.0
64774,1,1,1.0
64775,1,1,1.0
64792,1,1,1.0
64797,1,1,1.0
64802,1,1,1.0
64808,1,1,1.0
64810,1,1,1.0
64817,1,1,1.0
64821,1,1,1.0
64824,1,1,1.0
64828,1,1,1.0
64831,1,1,1.0
64834,1,1,1.0
64836,1,1,1.0
64843,1,1,1.0
64851,1,1,1.0
64855,1,1,1.0
64866,1,1,1.0
64876,0,0,0.0
64878,0,0,0.0
64892,1,1,1.0
64899,1,1,1.0
64900,1,1,1.0
64909,1,1,1.0
64915,1,1,1.0
64919,1,1,1.0
64922,1,1,1.0
64924,0,0,0.0
64934,1,1,1.0
64952,1,1,1.0
64957,1,1,1.0
64963,1,1,1.0
64967,1,1,1.0
64978,1,1,1.0
64981,1,1,1.0
64982,1,1,1.0
64985,1,1,1.0
64989,1,1,1.0
64997,1,1,1.0
65014,1,1,1.0
65025,1,1,1.0
65032,1,1,1.0
65037,1,1,1.0
65038,1,1,1.0
65043,1,1,1.0
65044,1,1,1.0
65045,1,1,1.0
65049,1,1,1.0
65056,1,1,1.0
65057,1,1,1.0
65060,1,1,1.0
65062,0,0,0.0
65078,1,1,1.0
65080,1,1,1.0
65088,1,1,1.0
65091,1,1,1.0
65093,1,1,1.0
65094,1,1,1.0
65096,1,1,1.0
65098,1,1,1.0
65099,1,1,1.0
65117,1,1,1.0
65122,1,1,1.0
65123,1,1,1.0
65124,1,1,1.0
65127,1,1,1.0
65129,1,1,1.0
65133,1,1,1.0
65139,1,1,1.0
65140,1,1,1.0
65146,1,1,1.0
65152,1,1,1.0
65158,1,1,1.0
65160,1,1,1.0
65164,1,1,1.0
65168,1,1,1.0
65173,1,1,1.0
65175,1,1,1.0
65189,1,1,1.0
65192,1,1,1.0
65193,1,1,1.0
65200,1,1,1.0
65211,1,1,1.0
65212,1,1,1.0
65214,1,1,1.0
65221,1,1,1.0
65224,1,1,1.0
65232,1,1,1.0
65237,1,1,1.0
65246,0,0,0.0
65251,1,1,1.0
65256,1,1,1.0
65267,1,1,1.0
65272,1,1,1.0
65273,1,1,1.0
65274,1,1,1.0
65278,1,1,1.0
65282,1,1,1.0
65283,1,1,1.0
65287,1,1,1.0
65289,1,1,1.0
65292,1,1,1.0
65293,1,1,1.0
65297,1,1,1.0
65303,1,1,1.0
65306,1,1,1.0
65307,1,1,1.0
65309,1,1,1.0
65311,1,1,1.0
65320,1,1,1.0
65321,1,1,1.0
65324,1,1,1.0
65327,1,1,1.0
65330,1,1,1.0
65333,1,1,1.0
65354,1,1,1.0
65358,1,1,1.0
65367,1,1,1.0
65375,1,1,1.0
65380,1,1,1.0
65393,1,1,1.0
65394,1,1,1.0
65401,1,1,1.0
65410,1,1,1.0
65411,1,1,1.0
65412,1,1,1.0
65422,1,1,1.0
65438,1,1,1.0
65446,1,1,1.0
65449,1,1,1.0
65453,1,1,1.0
65455,1,1,1.0
65459,1,1,1.0
65463,1,1,1.0
65467,1,1,1.0
65470,1,1,1.0
65476,1,1,1.0
65478,1,1,1.0
65479,1,1,1.0
65484,1,1,1.0
65488,1,1,1.0
65502,1,1,1.0
65514,1,1,1.0
65520,1,1,1.0
65523,1,1,1.0
65525,1,1,1.0
65530,1,1,1.0
65541,1,1,1.0
65544,1,1,1.0
65545,1,1,1.0
65546,1,1,1.0
65547,1,1,1.0
65554,1,1,1.0
65559,1,1,1.0
65560,1,1,1.0
65561,1,1,1.0
65569,1,1,1.0
65572,1,1,1.0
65578,1,1,1.0
65584,1,1,1.0
65585,1,1,1.0
65595,1,1,1.0
65604,0,0,0.0
65605,1,1,1.0
65612,1,1,1.0
65615,1,1,1.0
65628,1,1,1.0
65637,1,1,1.0
65639,1,1,1.0
65645,1,1,1.0
65657,1,1,1.0
65658,1,1,1.0
65664,1,1,1.0
65673,1,1,1.0
65683,1,1,1.0
65687,1,1,1.0
65690,1,1,1.0
65695,1,1,1.0
65699,1,1,1.0
65707,1,1,1.0
65715,1,1,1.0
65716,1,1,1.0
65718,1,1,1.0
65722,1,1,1.0
65724,1,1,1.0
65745,1,1,1.0
65746,1,1,1.0
65747,1,1,1.0
65752,1,1,1.0
65755,1,1,1.0
65760,1,1,1.0
65774,1,1,1.0
65785,1,1,1.0
65787,1,1,1.0
65792,1,1,1.0
65798,1,1,1.0
65800,1,1,1.0
65801,1,1,1.0
65803,1,1,1.0
65809,1,1,1.0
65824,1,1,1.0
65848,1,1,1.0
65867,1,1,1.0
65871,1,1,1.0
65872,1,1,1.0
65880,1,1,1.0
65882,1,1,1.0
65900,1,1,1.0
65906,1,1,1.0
65909,1,1,1.0
65910,0,0,0.0
65923,1,1,1.0
65927,1,1,1.0
65936,1,1,1.0
65947,1,1,1.0
65955,1,1,1.0
65960,1,1,1.0
65966,1,1,1.0
65974,1,1,1.0
65975,1,1,1.0
65976,1,1,1.0
65978,1,1,1.0
65990,1,1,1.0
66003,1,1,1.0
66005,1,1,1.0
66006,1,1,1.0
66010,1,1,1.0
66016,1,1,1.0
66029,1,1,1.0
66032,1,1,1.0
66037,1,1,1.0
66042,1,1,1.0
66055,1,1,1.0
66070,1,1,1.0
66076,1,1,1.0
66080,1,1,1.0
66082,1,1,1.0
66083,1,1,1.0
66086,1,1,1.0
66087,1,1,1.0
66089,1,1,1.0
66091,1,1,1.0
66092,1,1,1.0
66093,1,1,1.0
66099,1,1,1.0
66102,1,1,1.0
66106,1,1,1.0
66109,1,1,1.0
66125,1,1,1.0
66127,1,1,1.0
66128,1,1,1.0
66134,1,1,1.0
66135,1,1,1.0
66138,1,1,1.0
66141,1,1,1.0
66145,0,0,0.0
66151,0,0,0.0
66155,1,1,1.0
66161,1,1,1.0
66166,1,1,1.0
66172,1,1,1.0
66176,1,1,1.0
66187,1,1,1.0
66189,1,1,1.0
66196,1,1,1.0
66198,1,1,1.0
66200,1,1,1.0
66204,1,1,1.0
66211,1,1,1.0
66213,1,1,1.0
66219,1,1,1.0
66220,1,1,1.0
66223,1,1,1.0
66225,1,1,1.0
66226,1,1,1.0
66229,1,1,1.0
66232,1,1,1.0
66237,1,1,1.0
66239,1,1,1.0
66247,1,1,1.0
66255,1,1,1.0
66261,1,1,1.0
66262,1,1,1.0
66263,1,1,1.0
66267,1,1,1.0
66270,1,1,1.0
66271,1,1,1.0
66272,1,1,1.0
66275,1,1,1.0
66278,1,1,1.0
66287,1,1,1.0
66291,1,1,1.0
66293,1,1,1.0
66303,1,1,1.0
66309,1,1,1.0
66311,1,1,1.0
66320,1,1,1.0
66324,1,1,1.0
66331,0,0,0.0
66335,1,1,1.0
66338,1,1,1.0
66340,1,1,1.0
66349,1,1,1.0
66360,1,1,1.0
66362,1,1,1.0
66363,1,1,1.0
66376,1,1,1.0
66382,1,1,1.0
66387,1,1,1.0
66393,1,1,1.0
66394,0,0,0.0
66398,1,1,1.0
66403,1,1,1.0
66406,1,1,1.0
66408,1,1,1.0
66411,1,1,1.0
66417,1,1,1.0
66422,1,1,1.0
66453,1,1,1.0
66454,1,1,1.0
66455,1,1,1.0
66461,1,1,1.0
66475,1,1,1.0
66483,1,1,1.0
66504,1,1,1.0
66506,0,0,0.0
66507,1,1,1.0
66525,1,1,1.0
66527,1,1,1.0
66541,1,1,1.0
66543,1,1,1.0
66548,1,1,1.0
66549,1,1,1.0
66556,1,1,1.0
66572,1,1,1.0
66583,1,1,1.0
66587,1,1,1.0
66588,1,1,1.0
66589,1,1,1.0
66594,1,1,1.0
66595,1,1,1.0
66596,1,1,1.0
66602,1,1,1.0
66606,1,1,1.0
66610,1,1,1.0
66612,1,1,1.0
66617,1,1,1.0
66624,1,1,1.0
66632,1,1,1.0
66633,1,1,1.0
66635,1,1,1.0
66644,1,1,1.0
66649,1,1,1.0
66653,1,1,1.0
66658,1,1,1.0
66660,1,1,1.0
66680,1,1,1.0
66683,1,1,1.0
66684,1,1,1.0
66689,0,0,0.0
66696,1,1,1.0
66698,1,1,1.0
66700,1,1,1.0
66707,1,1,1.0
66709,1,1,1.0
66713,1,1,1.0
66722,1,1,1.0
66724,1,1,1.0
66729,1,1,1.0
66732,1,1,1.0
66733,1,1,1.0
66734,1,1,1.0
66740,1,1,1.0
66752,1,1,1.0
66755,1,1,1.0
66756,1,1,1.0
66761,1,1,1.0
66766,1,1,1.0
66768,1,1,1.0
66770,1,1,1.0
66772,1,1,1.0
66775,1,1,1.0
66777,1,1,1.0
66778,1,1,1.0
66781,1,1,1.0
66786,1,1,1.0
66792,1,1,1.0
66793,1,1,1.0
66795,1,1,1.0
66798,1,1,1.0
66801,1,1,1.0
66803,1,1,1.0
66807,1,1,1.0
66810,1,1,1.0
66823,0,0,0.0
66826,1,1,1.0
66828,1,1,1.0
66833,1,1,1.0
66842,1,1,1.0
66858,1,1,1.0
66866,1,1,1.0
66869,1,1,1.0
66880,1,1,1.0
66883,1,1,1.0
66891,1,1,1.0
66892,1,1,1.0
66893,0,0,0.0
66894,0,0,0.0
66901,1,1,1.0
66902,1,1,1.0
66921,1,1,1.0
66923,1,1,1.0
66929,1,1,1.0
66934,1,1,1.0
66935,1,1,1.0
66938,1,1,1.0
66942,1,1,1.0
66944,1,1,1.0
66949,1,1,1.0
66957,1,1,1.0
66958,1,1,1.0
66962,1,1,1.0
66970,1,1,1.0
66971,1,1,1.0
66976,1,1,1.0
66978,1,1,1.0
66985,1,1,1.0
66986,1,1,1.0
66988,1,1,1.0
66992,1,1,1.0
66995,1,1,1.0
67000,1,1,1.0
67003,1,1,1.0
67010,1,1,1.0
67011,1,1,1.0
67015,1,1,1.0
67016,1,1,1.0
67020,1,1,1.0
67023,1,1,1.0
67029,1,1,1.0
67031,1,1,1.0
67041,1,1,1.0
67052,1,1,1.0
67057,1,1,1.0
67060,1,1,1.0
67062,1,1,1.0
67065,1,1,1.0
67067,0,0,0.0
67068,1,1,1.0
67088,1,1,1.0
67089,1,1,1.0
67091,1,1,1.0
67094,1,1,1.0
67102,1,1,1.0
67107,1,1,1.0
67118,1,1,1.0
67122,1,1,1.0
67124,1,1,1.0
67134,1,1,1.0
67135,1,1,1.0
67136,1,1,1.0
67137,1,1,1.0
67138,1,1,1.0
67139,1,1,1.0
67143,1,1,1.0
67147,1,1,1.0
67162,1,1,1.0
67166,1,1,1.0
67167,1,1,1.0
67177,1,1,1.0
67178,1,1,1.0
67182,1,1,1.0
67183,1,1,1.0
67186,1,1,1.0
67190,1,1,1.0
67192,1,1,1.0
67193,1,1,1.0
67195,1,1,1.0
67196,1,1,1.0
67199,1,1,1.0
67203,1,1,1.0
67206,1,1,1.0
67220,1,1,1.0
67231,1,1,1.0
67233,1,1,1.0
67234,1,1,1.0
67235,0,0,0.0
67238,1,1,1.0
67240,1,1,1.0
67241,1,1,1.0
67243,0,0,0.0
67252,1,1,1.0
67257,1,1,1.0
67267,1,1,1.0
67272,1,1,1.0
67281,1,1,1.0
67286,1,1,1.0
67288,1,1,1.0
67306,1,1,1.0
67308,1,1,1.0
67311,1,1,1.0
67313,1,1,1.0
67316,1,1,1.0
67318,0,0,0.0
67319,1,1,1.0
67322,1,1,1.0
67324,1,1,1.0
67330,1,1,1.0
67341,1,1,1.0
67342,1,1,1.0
67347,1,1,1.0
67352,1,1,1.0
67355,1,1,1.0
67358,1,1,1.0
67363,1,1,1.0
67366,1,1,1.0
67374,1,1,1.0
67375,1,1,1.0
67381,1,1,1.0
67388,1,1,1.0
67391,1,1,1.0
67414,1,1,1.0
67415,1,1,1.0
67424,0,0,0.0
67428,1,1,1.0
67440,0,0,0.0
67442,1,1,1.0
67444,1,1,1.0
67451,1,1,1.0
67455,1,1,1.0
67460,1,1,1.0
67462,1,1,1.0
67484,1,1,1.0
67488,1,1,1.0
67493,1,1,1.0
67494,1,1,1.0
67495,1,1,1.0
67497,1,1,1.0
67501,1,1,1.0
67503,1,1,1.0
67504,1,1,1.0
67505,1,1,1.0
67514,1,1,1.0
67516,1,1,1.0
67517,1,1,1.0
67518,1,1,1.0
67522,1,1,1.0
67533,1,1,1.0
67535,1,1,1.0
67547,1,1,1.0
67560,1,1,1.0
67561,1,1,1.0
67562,1,1,1.0
67567,1,1,1.0
67582,1,1,1.0
67588,1,1,1.0
67593,1,1,1.0
67595,1,1,1.0
67600,1,1,1.0
67608,1,1,1.0
67610,1,1,1.0
67616,1,1,1.0
67621,1,1,1.0
67627,1,1,1.0
67635,1,1,1.0
67640,1,1,1.0
67646,1,1,1.0
67656,1,1,1.0
67659,1,1,1.0
67675,1,1,1.0
67681,1,1,1.0
67684,1,1,1.0
67687,1,1,1.0
67689,1,1,1.0
67690,1,1,1.0
67692,1,1,1.0
67701,1,1,1.0
67703,1,1,1.0
67719,1,1,1.0
67721,1,1,1.0
67731,1,1,1.0
67735,1,1,1.0
67736,1,1,1.0
67738,1,1,1.0
67741,1,1,1.0
67744,1,1,1.0
67745,1,1,1.0
67748,1,1,1.0
67761,1,1,1.0
67767,1,1,1.0
67769,0,0,0.0
67776,1,1,1.0
67782,0,0,0.0
67789,1,1,1.0
67804,1,1,1.0
67805,0,0,0.0
67818,1,1,1.0
67819,1,1,1.0
67822,1,1,1.0
67823,1,1,1.0
67824,1,1,1.0
67829,1,1,1.0
67831,1,1,1.0
67832,1,1,1.0
67836,1,1,1.0
67847,1,1,1.0
67857,1,1,1.0
67863,1,1,1.0
67867,1,1,1.0
67881,1,1,1.0
67889,1,1,1.0
67890,1,1,1.0
67892,1,1,1.0
67894,1,1,1.0
67896,1,1,1.0
67900,1,1,1.0
67901,1,1,1.0
67903,1,1,1.0
67915,1,1,1.0
67916,1,1,1.0
67919,1,1,1.0
67920,1,1,1.0
67929,1,1,1.0
67933,1,1,1.0
67935,1,1,1.0
67948,1,1,1.0
67950,1,1,1.0
67959,1,1,1.0
67965,0,0,0.0
67968,0,0,0.0
67970,1,1,1.0
67972,1,1,1.0
67973,1,1,1.0
67980,1,1,1.0
67982,1,1,1.0
67987,1,1,1.0
67990,1,1,1.0
67992,1,1,1.0
67997,1,1,1.0
68000,1,1,1.0
68011,1,1,1.0
68012,1,1,1.0
68025,1,1,1.0
68028,1,1,1.0
68029,1,1,1.0
68033,1,1,1.0
68039,1,1,1.0
68041,1,1,1.0
68046,1,1,1.0
68053,1,1,1.0
68060,1,1,1.0
68063,1,1,1.0
68067,1,1,1.0
68068,1,1,1.0
68069,1,1,1.0
68071,1,1,1.0
68076,1,1,1.0
68080,1,1,1.0
68099,1,1,1.0
68101,1,1,1.0
68103,1,1,1.0
68104,1,1,1.0
68109,1,1,1.0
68110,1,1,1.0
68112,1,1,1.0
68114,1,1,1.0
68115,1,1,1.0
68120,1,1,1.0
68123,1,1,1.0
68124,1,1,1.0
68127,1,1,1.0
68128,1,1,1.0
68132,1,1,1.0
68133,1,1,1.0
68138,1,1,1.0
68142,0,0,0.0
68144,0,0,0.0
68163,1,1,1.0
68169,1,1,1.0
68172,1,1,1.0
68176,1,1,1.0
68182,1,1,1.0
68187,1,1,1.0
68188,1,1,1.0
68190,1,1,1.0
68191,1,1,1.0
68202,1,1,1.0
68209,1,1,1.0
68211,1,1,1.0
68213,1,1,1.0
68217,1,1,1.0
68223,1,1,1.0
68238,1,1,1.0
68240,1,1,1.0
68241,1,1,1.0
68252,1,1,1.0
68253,1,1,1.0
68254,1,1,1.0
68256,1,1,1.0
68261,1,1,1.0
68269,1,1,1.0
68270,1,1,1.0
68276,1,1,1.0
68277,1,1,1.0
68278,1,1,1.0
68292,1,1,1.0
68293,1,1,1.0
68296,1,1,1.0
68297,1,1,1.0
68298,1,1,1.0
68300,1,1,1.0
68306,1,1,1.0
68310,1,1,1.0
68317,1,1,1.0
68324,1,1,1.0
68330,1,1,1.0
68333,1,1,1.0
68346,1,1,1.0
68354,1,1,1.0
68355,1,1,1.0
68358,1,1,1.0
68361,1,1,1.0
68376,1,1,1.0
68389,1,1,1.0
68399,1,1,1.0
68402,1,1,1.0
68406,1,1,1.0
68407,1,1,1.0
68408,1,1,1.0
68415,1,1,1.0
68416,1,1,1.0
68422,1,1,1.0
68431,1,1,1.0
68432,1,1,1.0
68434,1,1,1.0
68440,1,1,1.0
68441,1,1,1.0
68463,1,1,1.0
68467,1,1,1.0
68472,1,1,1.0
68473,1,1,1.0
68478,1,1,1.0
68482,1,1,1.0
68483,1,1,1.0
68484,1,1,1.0
68486,1,1,1.0
68501,1,1,1.0
68502,0,0,0.0
68503,1,1,1.0
68508,0,0,0.0
68511,1,1,1.0
68512,1,1,1.0
68519,1,1,1.0
68520,1,1,1.0
68543,1,1,1.0
68548,1,1,1.0
68550,1,1,1.0
68556,1,1,1.0
68584,1,1,1.0
68587,0,0,0.0
68598,1,1,1.0
68601,1,1,1.0
68612,1,1,1.0
68634,1,1,1.0
68637,1,1,1.0
68640,1,1,1.0
68643,1,1,1.0
68644,1,1,1.0
68652,1,1,1.0
68655,1,1,1.0
68657,1,1,1.0
68668,1,1,1.0
68670,1,1,1.0
68672,1,1,1.0
68679,1,1,1.0
68680,1,1,1.0
68683,0,0,0.0
68685,0,0,0.0
68687,1,1,1.0
68689,1,1,1.0
68693,1,1,1.0
68694,0,0,0.0
68697,1,1,1.0
68709,1,1,1.0
68714,1,1,1.0
68722,1,1,1.0
68729,1,1,1.0
68736,1,1,1.0
68739,1,1,1.0
68741,1,1,1.0
68742,1,1,1.0
68743,1,1,1.0
68744,1,1,1.0
68751,1,1,1.0
68752,1,1,1.0
68754,1,1,1.0
68755,1,1,1.0
68757,1,1,1.0
68758,1,1,1.0
68766,1,1,1.0
68769,1,1,1.0
68786,1,1,1.0
68787,1,1,1.0
68788,1,1,1.0
68789,1,1,1.0
68794,1,1,1.0
68798,1,1,1.0
68800,1,1,1.0
68801,1,1,1.0
68811,1,1,1.0
68820,1,1,1.0
68828,1,1,1.0
68830,1,1,1.0
68835,1,1,1.0
68839,1,1,1.0
68840,1,1,1.0
68841,1,1,1.0
68850,1,1,1.0
68854,1,1,1.0
68863,1,1,1.0
68864,1,1,1.0
68867,0,0,0.0
68872,1,1,1.0
68873,1,1,1.0
68880,1,1,1.0
68893,1,1,1.0
68895,1,1,1.0
68897,1,1,1.0
68920,1,1,1.0
68929,1,1,1.0
68937,1,1,1.0
68941,1,1,1.0
68944,1,1,1.0
68946,1,1,1.0
68947,1,1,1.0
68948,1,1,1.0
68950,1,1,1.0
68954,1,1,1.0
68955,1,1,1.0
68958,1,1,1.0
68962,1,1,1.0
68965,1,1,1.0
68980,1,1,1.0
68985,1,1,1.0
68986,1,1,1.0
68991,1,1,1.0
68992,1,1,1.0
68994,1,1,1.0
68998,1,1,1.0
68999,1,1,1.0
69001,1,1,1.0
69004,1,1,1.0
69007,1,1,1.0
69009,1,1,1.0
69010,1,1,1.0
69023,1,1,1.0
69029,1,1,1.0
69033,1,1,1.0
69036,1,1,1.0
69039,1,1,1.0
69044,1,1,1.0
69046,0,0,0.0
69047,1,1,1.0
69049,0,0,0.0
69053,1,1,1.0
69055,1,1,1.0
69058,1,1,1.0
69060,1,1,1.0
69062,1,1,1.0
69065,0,0,0.0
69078,1,1,1.0
69080,1,1,1.0
69082,1,1,1.0
69086,1,1,1.0
69095,1,1,1.0
69096,1,1,1.0
69101,1,1,1.0
69107,1,1,1.0
69114,1,1,1.0
69123,1,1,1.0
69132,1,1,1.0
69140,1,1,1.0
69143,1,1,1.0
69144,1,1,1.0
69146,1,1,1.0
69154,1,1,1.0
69156,1,1,1.0
69161,1,1,1.0
69166,1,1,1.0
69167,1,1,1.0
69169,1,1,1.0
69170,0,0,0.0
69176,1,1,1.0
69177,1,1,1.0
69179,1,1,1.0
69191,1,1,1.0
69193,1,1,1.0
69195,1,1,1.0
69196,1,1,1.0
69198,1,1,1.0
69208,1,1,1.0
69212,1,1,1.0
69217,1,1,1.0
69224,1,1,1.0
69233,0,0,0.0
69234,0,0,0.0
69237,1,1,1.0
69242,1,1,1.0
69245,1,1,1.0
69255,1,1,1.0
69256,1,1,1.0
69257,1,1,1.0
69259,1,1,1.0
69265,1,1,1.0
69268,1,1,1.0
69270,1,1,1.0
69272,1,1,1.0
69288,1,1,1.0
69298,1,1,1.0
69307,1,1,1.0
69316,1,1,1.0
69320,1,1,1.0
69322,1,1,1.0
69327,1,1,1.0
69332,1,1,1.0
69333,1,1,1.0
69338,1,1,1.0
69343,1,1,1.0
69344,1,1,1.0
69356,1,1,1.0
69369,1,1,1.0
69371,1,1,1.0
69376,1,1,1.0
69381,1,1,1.0
69398,1,1,1.0
69412,0,0,0.0
69415,1,1,1.0
69427,1,1,1.0
69444,1,1,1.0
69446,1,1,1.0
69449,1,1,1.0
69455,1,1,1.0
69460,1,1,1.0
69461,1,1,1.0
69467,1,1,1.0
69468,1,1,1.0
69472,1,1,1.0
69473,1,1,1.0
69482,1,1,1.0
69494,1,1,1.0
69495,1,1,1.0
69497,1,1,1.0
69510,1,1,1.0
69512,1,1,1.0
69519,1,1,1.0
69522,1,1,1.0
69524,1,1,1.0
69537,1,1,1.0
69539,1,1,1.0
69544,1,1,1.0
69548,1,1,1.0
69551,1,1,1.0
69562,1,1,1.0
69584,0,0,0.0
69588,1,1,1.0
69592,0,0,0.0
69594,1,1,1.0
69595,1,1,1.0
69599,0,0,0.0
69600,1,1,1.0
69601,1,1,1.0
69606,1,1,1.0
69610,1,1,1.0
69613,1,1,1.0
69614,1,1,1.0
69635,1,1,1.0
69638,0,0,0.0
69640,1,1,1.0
69645,1,1,1.0
69652,1,1,1.0
69654,1,1,1.0
69656,1,1,1.0
69663,1,1,1.0
69676,1,1,1.0
69679,1,1,1.0
69684,1,1,1.0
69685,1,1,1.0
69690,1,1,1.0
69691,1,1,1.0
69704,1,1,1.0
69714,1,1,1.0
69728,1,1,1.0
69735,1,1,1.0
69738,1,1,1.0
69740,1,1,1.0
69746,1,1,1.0
69750,1,1,1.0
69754,1,1,1.0
69755,1,1,1.0
69762,1,1,1.0
69767,1,1,1.0
69768,0,0,0.0
69769,1,1,1.0
69779,1,1,1.0
69788,0,0,0.0
69795,1,1,1.0
69802,1,1,1.0
69819,1,1,1.0
69821,1,1,1.0
69829,1,1,1.0
69830,1,1,1.0
69831,1,1,1.0
69832,1,1,1.0
69845,1,1,1.0
69852,1,1,1.0
69855,1,1,1.0
69879,1,1,1.0
69881,1,1,1.0
69891,1,1,1.0
69897,1,1,1.0
69916,1,1,1.0
69918,1,1,1.0
69919,1,1,1.0
69920,1,1,1.0
69923,1,1,1.0
69930,1,1,1.0
69931,1,1,1.0
69933,1,1,1.0
69934,1,1,1.0
69937,1,1,1.0
69939,1,1,1.0
69941,1,1,1.0
69942,1,1,1.0
69944,0,0,0.0
69947,0,0,0.0
69953,0,0,0.0
69955,1,1,1.0
69958,1,1,1.0
69959,1,1,1.0
69970,1,1,1.0
69976,1,1,1.0
69977,1,1,1.0
69995,1,1,1.0
69996,1,1,1.0
69998,1,1,1.0
70003,1,1,1.0
70007,1,1,1.0
70009,1,1,1.0
70011,1,1,1.0
70014,1,1,1.0
70022,1,1,1.0
70027,1,1,1.0
70052,1,1,1.0
70059,1,1,1.0
70063,1,1,1.0
70064,1,1,1.0
70074,1,1,1.0
70088,1,1,1.0
70092,1,1,1.0
70096,1,1,1.0
70098,1,1,1.0
70107,1,1,1.0
70131,1,1,1.0
70132,0,0,0.0
70141,1,1,1.0
70150,0,0,0.0
70154,1,1,1.0
70155,1,1,1.0
70165,1,1,1.0
70169,1,1,1.0
70171,1,1,1.0
70174,1,1,1.0
70178,1,1,1.0
70183,1,1,1.0
70184,1,1,1.0
70185,1,1,1.0
70187,1,1,1.0
70190,1,1,1.0
70191,1,1,1.0
70192,1,1,1.0
70193,1,1,1.0
70204,1,1,1.0
70208,1,1,1.0
70209,1,1,1.0
70210,1,1,1.0
70212,1,1,1.0
70216,1,1,1.0
70227,1,1,1.0
70237,1,1,1.0
70241,1,1,1.0
70242,1,1,1.0
70252,1,1,1.0
70265,1,1,1.0
70266,1,1,1.0
70276,1,1,1.0
70280,1,1,1.0
70288,1,1,1.0
70292,1,1,1.0
70293,1,1,1.0
70297,1,1,1.0
70300,1,1,1.0
70301,1,1,1.0
70303,1,1,1.0
70304,1,1,1.0
70306,1,1,1.0
70311,1,1,1.0
70320,1,1,1.0
70324,1,1,1.0
70337,1,1,1.0
70341,1,1,1.0
70356,1,1,1.0
70357,1,1,1.0
70360,1,1,1.0
70361,1,1,1.0
70372,1,1,1.0
70375,1,1,1.0
70378,1,1,1.0
70380,1,1,1.0
70381,1,1,1.0
70384,1,1,1.0
70387,1,1,1.0
70390,1,1,1.0
70398,1,1,1.0
70417,1,1,1.0
70422,1,1,1.0
70428,1,1,1.0
70430,1,1,1.0
70454,1,1,1.0
70456,1,1,1.0
70462,1,1,1.0
70465,1,1,1.0
70470,1,1,1.0
70478,1,1,1.0
70479,1,1,1.0
70485,1,1,1.0
70487,0,0,0.0
70489,1,1,1.0
70494,0,0,0.0
70502,1,1,1.0
70509,0,0,0.0
70511,1,1,1.0
70512,1,1,1.0
70516,0,0,0.0
70527,1,1,1.0
70529,1,1,1.0
70530,1,1,1.0
70532,1,1,1.0
70534,1,1,1.0
70535,1,1,1.0
70537,1,1,1.0
70538,1,1,1.0
70549,1,1,1.0
70551,1,1,1.0
70560,1,1,1.0
70564,1,1,1.0
70565,1,1,1.0
70570,1,1,1.0
70571,1,1,1.0
70594,1,1,1.0
70597,1,1,1.0
70599,1,1,1.0
70600,1,1,1.0
70604,1,1,1.0
70607,1,1,1.0
70609,1,1,1.0
70616,1,1,1.0
70619,1,1,1.0
70622,1,1,1.0
70627,1,1,1.0
70634,1,1,1.0
70636,1,1,1.0
70637,1,1,1.0
70638,1,1,1.0
70644,1,1,1.0
70645,1,1,1.0
70648,1,1,1.0
70651,1,1,1.0
70658,1,1,1.0
70664,1,1,1.0
70671,0,0,0.0
70673,0,0,0.0
70675,0,0,0.0
70679,1,1,1.0
70686,1,1,1.0
70690,0,0,0.0
70708,1,1,1.0
70709,1,1,1.0
70715,1,1,1.0
70716,1,1,1.0
70720,1,1,1.0
70726,1,1,1.0
70727,1,1,1.0
70728,1,1,1.0
70755,1,1,1.0
70759,1,1,1.0
70769,1,1,1.0
70779,1,1,1.0
70782,1,1,1.0
70783,1,1,1.0
70785,1,1,1.0
70791,1,1,1.0
70795,1,1,1.0
70797,1,1,1.0
70802,1,1,1.0
70804,1,1,1.0
70808,1,1,1.0
70809,1,1,1.0
70810,1,1,1.0
70813,1,1,1.0
70814,1,1,1.0
70819,1,1,1.0
70828,1,1,1.0
70832,1,1,1.0
70834,1,1,1.0
70836,1,1,1.0
70839,1,1,1.0
70842,1,1,1.0
70844,1,1,1.0
70845,1,1,1.0
70847,0,0,0.0
70864,1,1,1.0
70866,1,1,1.0
70867,1,1,1.0
70869,0,0,0.0
70872,1,1,1.0
70874,1,1,1.0
70879,1,1,1.0
70880,1,1,1.0
70885,1,1,1.0
70888,1,1,1.0
70889,1,1,1.0
70891,1,1,1.0
70903,1,1,1.0
70911,1,1,1.0
70912,1,1,1.0
70925,1,1,1.0
70937,1,1,1.0
70939,1,1,1.0
70945,1,1,1.0
70946,1,1,1.0
70948,1,1,1.0
70949,1,1,1.0
70951,1,1,1.0
70953,1,1,1.0
70955,1,1,1.0
70962,1,1,1.0
70963,1,1,1.0
70964,1,1,1.0
70966,1,1,1.0
70970,1,1,1.0
70974,1,1,1.0
70977,1,1,1.0
70980,1,1,1.0
70985,1,1,1.0
70997,1,1,1.0
70998,1,1,1.0
71003,1,1,1.0
71015,1,1,1.0
71021,1,1,1.0
71030,0,0,0.0
71031,1,1,1.0
71034,1,1,1.0
71039,1,1,1.0
71042,1,1,1.0
71043,1,1,1.0
71057,1,1,1.0
71062,1,1,1.0
71066,1,1,1.0
71067,1,1,1.0
71076,1,1,1.0
71085,1,1,1.0
71087,1,1,1.0
71091,1,1,1.0
71098,1,1,1.0
71101,1,1,1.0
71103,1,1,1.0
71104,1,1,1.0
71106,1,1,1.0
71107,1,1,1.0
71111,1,1,1.0
71112,1,1,1.0
71118,1,1,1.0
71121,1,1,1.0
71123,1,1,1.0
71125,1,1,1.0
71141,1,1,1.0
71143,1,1,1.0
71145,1,1,1.0
71150,1,1,1.0
71155,1,1,1.0
71157,1,1,1.0
71158,1,1,1.0
71164,1,1,1.0
71166,1,1,1.0
71171,1,1,1.0
71177,1,1,1.0
71185,1,1,1.0
71190,1,1,1.0
71191,1,1,1.0
71199,1,1,1.0
71203,1,1,1.0
71204,1,1,1.0
71210,1,1,1.0
71214,1,1,1.0
71225,1,1,1.0
71226,1,1,1.0
71234,0,0,0.0
71235,0,0,0.0
71241,1,1,1.0
71250,1,1,1.0
71251,1,1,1.0
71254,1,1,1.0
71256,1,1,1.0
71257,1,1,1.0
71261,1,1,1.0
71264,1,1,1.0
71268,1,1,1.0
71274,1,1,1.0
71276,1,1,1.0
71283,1,1,1.0
71284,1,1,1.0
71289,1,1,1.0
71291,1,1,1.0
71292,1,1,1.0
71297,1,1,1.0
71299,1,1,1.0
71314,1,1,1.0
71316,1,1,1.0
71317,1,1,1.0
71325,1,1,1.0
71338,1,1,1.0
71339,1,1,1.0
71358,1,1,1.0
71370,1,1,1.0
71381,1,1,1.0
71387,1,1,1.0
71393,1,1,1.0
71396,0,0,0.0
71397,0,0,0.0
71409,1,1,1.0
71410,1,1,1.0
71415,1,1,1.0
71420,1,1,1.0
71423,1,1,1.0
71434,1,1,1.0
71442,1,1,1.0
71447,1,1,1.0
71448,1,1,1.0
71450,1,1,1.0
71452,1,1,1.0
71455,1,1,1.0
71470,1,1,1.0
71485,1,1,1.0
71491,1,1,1.0
71492,1,1,1.0
71502,1,1,1.0
71513,1,1,1.0
71527,1,1,1.0
71528,1,1,1.0
71536,1,1,1.0
71541,1,1,1.0
71543,1,1,1.0
71553,1,1,1.0
71557,1,1,1.0
71558,1,1,1.0
71567,1,1,1.0
71568,1,1,1.0
71590,1,1,1.0
71592,1,1,1.0
71593,1,1,1.0
71594,0,0,0.0
71603,1,1,1.0
71605,1,1,1.0
71606,1,1,1.0
71612,1,1,1.0
71615,1,1,1.0
71616,1,1,1.0
71622,1,1,1.0
71634,1,1,1.0
71637,1,1,1.0
71639,1,1,1.0
71640,1,1,1.0
71645,1,1,1.0
71647,1,1,1.0
71648,1,1,1.0
71649,1,1,1.0
71650,1,1,1.0
71658,1,1,1.0
71663,1,1,1.0
71664,1,1,1.0
71673,1,1,1.0
71683,1,1,1.0
71699,1,1,1.0
71704,1,1,1.0
71707,1,1,1.0
71708,1,1,1.0
71717,1,1,1.0
71727,1,1,1.0
71733,1,1,1.0
71736,1,1,1.0
71741,1,1,1.0
71742,1,1,1.0
71747,1,1,1.0
71748,1,1,1.0
71753,1,1,1.0
71767,1,1,1.0
71769,1,1,1.0
71780,1,1,1.0
71781,1,1,1.0
71783,1,1,1.0
71789,1,1,1.0
71790,1,1,1.0
71800,1,1,1.0
71806,1,1,1.0
71812,1,1,1.0
71820,1,1,1.0
71828,1,1,1.0
71829,1,1,1.0
71831,0,0,0.0
71843,1,1,1.0
71850,1,1,1.0
71867,1,1,1.0
71872,1,1,1.0
71875,1,1,1.0
71877,1,1,1.0
71881,1,1,1.0
71886,1,1,1.0
71910,1,1,1.0
71914,1,1,1.0
71918,1,1,1.0
71922,1,1,1.0
71927,1,1,1.0
71930,0,0,0.0
71932,1,1,1.0
71960,0,0,0.0
71964,1,1,1.0
71965,1,1,1.0
71966,1,1,1.0
71969,1,1,1.0
71978,1,1,1.0
71986,1,1,1.0
71989,1,1,1.0
71993,1,1,1.0
71994,1,1,1.0
72002,1,1,1.0
72005,1,1,1.0
72011,1,1,1.0
72020,1,1,1.0
72021,1,1,1.0
72022,1,1,1.0
72040,1,1,1.0
72041,1,1,1.0
72048,1,1,1.0
72054,1,1,1.0
72056,1,1,1.0
72059,1,1,1.0
72062,1,1,1.0
72067,1,1,1.0
72069,1,1,1.0
72070,1,1,1.0
72071,1,1,1.0
72072,1,1,1.0
72073,1,1,1.0
72075,1,1,1.0
72076,1,1,1.0
72077,1,1,1.0
72078,1,1,1.0
72080,1,1,1.0
72081,1,1,1.0
72085,1,1,1.0
72086,1,1,1.0
72087,1,1,1.0
72101,1,1,1.0
72102,1,1,1.0
72105,1,1,1.0
72107,1,1,1.0
72119,0,0,0.0
72125,1,1,1.0
72129,1,1,1.0
72134,1,1,1.0
72135,0,0,0.0
72137,1,1,1.0
72140,1,1,1.0
72143,1,1,1.0
72147,1,1,1.0
72151,1,1,1.0
72152,1,1,1.0
72155,1,1,1.0
72159,1,1,1.0
72162,1,1,1.0
72163,1,1,1.0
72164,1,1,1.0
72165,1,1,1.0
72171,1,1,1.0
72172,1,1,1.0
72174,1,1,1.0
72177,1,1,1.0
72182,1,1,1.0
72194,1,1,1.0
72196,1,1,1.0
72213,1,1,1.0
72215,1,1,1.0
72218,1,1,1.0
72220,1,1,1.0
72227,1,1,1.0
72231,1,1,1.0
72236,1,1,1.0
72239,1,1,1.0
72245,1,1,1.0
72247,1,1,1.0
72249,1,1,1.0
72255,1,1,1.0
72257,1,1,1.0
72258,1,1,1.0
72265,1,1,1.0
72273,1,1,1.0
72278,1,1,1.0
72286,1,1,1.0
72307,1,1,1.0
72308,1,1,1.0
72313,0,0,0.0
72314,1,1,1.0
72317,1,1,1.0
72319,1,1,1.0
72327,1,1,1.0
72332,1,1,1.0
72335,1,1,1.0
72341,1,1,1.0
72357,1,1,1.0
72365,0,0,0.0
72369,1,1,1.0
72372,1,1,1.0
72376,1,1,1.0
72377,1,1,1.0
72392,1,1,1.0
72399,1,1,1.0
72406,1,1,1.0
72410,1,1,1.0
72418,1,1,1.0
72428,1,1,1.0
72437,1,1,1.0
72449,1,1,1.0
72453,1,1,1.0
72457,1,1,1.0
72460,1,1,1.0
72461,1,1,1.0
72465,1,1,1.0
72467,1,1,1.0
72472,0,0,0.0
72473,1,1,1.0
72476,0,0,0.0
72484,1,1,1.0
72487,1,1,1.0
72492,1,1,1.0
72498,1,1,1.0
72501,1,1,1.0
72503,1,1,1.0
72505,1,1,1.0
72507,1,1,1.0
72510,1,1,1.0
72511,1,1,1.0
72513,1,1,1.0
72515,1,1,1.0
72526,1,1,1.0
72534,1,1,1.0
72535,1,1,1.0
72537,1,1,1.0
72538,1,1,1.0
72543,1,1,1.0
72546,1,1,1.0
72547,1,1,1.0
72554,1,1,1.0
72555,1,1,1.0
72558,1,1,1.0
72566,1,1,1.0
72567,1,1,1.0
72587,1,1,1.0
72593,1,1,1.0
72601,1,1,1.0
72605,1,1,1.0
72608,1,1,1.0
72610,1,1,1.0
72616,1,1,1.0
72622,1,1,1.0
72628,1,1,1.0
72636,1,1,1.0
72637,1,1,1.0
72638,1,1,1.0
72644,1,1,1.0
72646,1,1,1.0
72651,1,1,1.0
72664,1,1,1.0
72665,1,1,1.0
72666,1,1,1.0
72669,1,1,1.0
72671,1,1,1.0
72674,1,1,1.0
72687,1,1,1.0
72704,1,1,1.0
72713,1,1,1.0
72727,1,1,1.0
72728,1,1,1.0
72729,1,1,1.0
72745,1,1,1.0
72748,1,1,1.0
72755,1,1,1.0
72759,1,1,1.0
72763,1,1,1.0
72776,1,1,1.0
72780,1,1,1.0
72782,1,1,1.0
72784,1,1,1.0
72785,1,1,1.0
72788,1,1,1.0
72789,1,1,1.0
72792,1,1,1.0
72799,1,1,1.0
72800,1,1,1.0
72801,1,1,1.0
72805,1,1,1.0
72808,1,1,1.0
72809,1,1,1.0
72817,1,1,1.0
72819,0,0,0.0
72823,1,1,1.0
72826,1,1,1.0
72833,0,0,0.0
72849,1,1,1.0
72861,1,1,1.0
72862,1,1,1.0
72874,1,1,1.0
72875,1,1,1.0
72879,1,1,1.0
72881,1,1,1.0
72889,1,1,1.0
72890,1,1,1.0
72893,1,1,1.0
72903,1,1,1.0
72906,1,1,1.0
72907,1,1,1.0
72909,1,1,1.0
72913,1,1,1.0
72921,1,1,1.0
72933,1,1,1.0
72934,1,1,1.0
72940,1,1,1.0
72949,1,1,1.0
72959,1,1,1.0
72962,1,1,1.0
72973,1,1,1.0
72982,1,1,1.0
72990,1,1,1.0
72997,1,1,1.0
73002,1,1,1.0
73010,1,1,1.0
73014,1,1,1.0
73015,1,1,1.0
73016,0,0,0.0
73058,1,1,1.0
73059,1,1,1.0
73064,1,1,1.0
73070,1,1,1.0
73071,1,1,1.0
73082,1,1,1.0
73083,1,1,1.0
73084,1,1,1.0
73085,1,1,1.0
73090,1,1,1.0
73098,1,1,1.0
73100,1,1,1.0
73102,1,1,1.0
73104,1,1,1.0
73106,1,1,1.0
73118,1,1,1.0
73119,1,1,1.0
73125,1,1,1.0
73128,1,1,1.0
73139,1,1,1.0
73151,1,1,1.0
73152,1,1,1.0
73158,1,1,1.0
73161,1,1,1.0
73165,1,1,1.0
73171,1,1,1.0
73176,1,1,1.0
73185,1,1,1.0
73195,0,0,0.0
73202,0,0,0.0
73204,1,1,1.0
73205,1,1,1.0
73206,0,0,0.0
73211,1,1,1.0
73219,0,0,0.0
73222,1,1,1.0
73225,1,1,1.0
73239,1,1,1.0
73240,1,1,1.0
73241,1,1,1.0
73244,1,1,1.0
73246,1,1,1.0
73251,1,1,1.0
73257,1,1,1.0
73258,1,1,1.0
73268,1,1,1.0
73275,1,1,1.0
73284,1,1,1.0
73294,1,1,1.0
73295,1,1,1.0
73296,1,1,1.0
73300,1,1,1.0
73313,1,1,1.0
73324,1,1,1.0
73344,1,1,1.0
73364,1,1,1.0
73365,1,1,1.0
73366,1,1,1.0
73372,1,1,1.0
73376,1,1,1.0
73377,0,0,0.0
73378,1,1,1.0
73382,0,0,0.0
73384,1,1,1.0
73386,0,0,0.0
73390,1,1,1.0
73393,1,1,1.0
73394,1,1,1.0
73395,1,1,1.0
73405,1,1,1.0
73406,1,1,1.0
73414,1,1,1.0
73421,1,1,1.0
73423,1,1,1.0
73424,1,1,1.0
73428,1,1,1.0
73437,1,1,1.0
73438,1,1,1.0
73441,1,1,1.0
73443,1,1,1.0
73444,1,1,1.0
73449,1,1,1.0
73456,1,1,1.0
73460,1,1,1.0
73461,1,1,1.0
73474,1,1,1.0
73481,1,1,1.0
73483,1,1,1.0
73494,1,1,1.0
73496,1,1,1.0
73503,1,1,1.0
73504,1,1,1.0
73505,1,1,1.0
73506,1,1,1.0
73515,1,1,1.0
73517,1,1,1.0
73524,1,1,1.0
73527,1,1,1.0
73533,1,1,1.0
73537,1,1,1.0
73538,1,1,1.0
73541,1,1,1.0
73543,1,1,1.0
73545,1,1,1.0
73550,1,1,1.0
73554,1,1,1.0
73555,1,1,1.0
73560,1,1,1.0
73561,0,0,0.0
73562,1,1,1.0
73567,1,1,1.0
73573,1,1,1.0
73574,1,1,1.0
73581,1,1,1.0
73582,1,1,1.0
73590,1,1,1.0
73598,1,1,1.0
73605,1,1,1.0
73610,1,1,1.0
73613,1,1,1.0
73614,1,1,1.0
73615,1,1,1.0
73629,1,1,1.0
73637,1,1,1.0
73638,1,1,1.0
73640,1,1,1.0
73657,1,1,1.0
73665,0,0,0.0
73669,1,1,1.0
73673,1,1,1.0
73691,1,1,1.0
73693,1,1,1.0
73699,1,1,1.0
73701,1,1,1.0
73704,1,1,1.0
73710,1,1,1.0
73721,1,1,1.0
73726,1,1,1.0
73729,1,1,1.0
73750,1,1,1.0
73751,1,1,1.0
73753,1,1,1.0
73755,1,1,1.0
73760,1,1,1.0
73771,1,1,1.0
73775,1,1,1.0
73780,1,1,1.0
73781,1,1,1.0
73782,1,1,1.0
73787,1,1,1.0
73791,1,1,1.0
73795,1,1,1.0
73804,1,1,1.0
73806,1,1,1.0
73807,1,1,1.0
73814,1,1,1.0
73830,1,1,1.0
73832,1,1,1.0
73835,1,1,1.0
73836,1,1,1.0
73846,1,1,1.0
73847,1,1,1.0
73857,1,1,1.0
73859,1,1,1.0
73862,1,1,1.0
73863,1,1,1.0
73866,1,1,1.0
73869,1,1,1.0
73877,1,1,1.0
73882,1,1,1.0
73886,1,1,1.0
73887,1,1,1.0
73889,1,1,1.0
73892,1,1,1.0
73898,1,1,1.0
73905,1,1,1.0
73907,1,1,1.0
73908,1,1,1.0
73909,1,1,1.0
73913,1,1,1.0
73914,1,1,1.0
73916,1,1,1.0
73918,1,1,1.0
73919,0,0,0.0
73920,1,1,1.0
73924,1,1,1.0
73930,1,1,1.0
73949,1,1,1.0
73950,1,1,1.0
73953,1,1,1.0
73959,1,1,1.0
73969,1,1,1.0
73972,1,1,1.0
73975,1,1,1.0
73976,1,1,1.0
73984,1,1,1.0
73986,1,1,1.0
73989,1,1,1.0
73993,1,1,1.0
73995,1,1,1.0
74000,1,1,1.0
74005,1,1,1.0
74010,1,1,1.0
74014,1,1,1.0
74016,1,1,1.0
74029,1,1,1.0
74030,1,1,1.0
74037,1,1,1.0
74042,1,1,1.0
74045,1,1,1.0
74054,1,1,1.0
74060,1,1,1.0
74063,1,1,1.0
74065,1,1,1.0
74067,1,1,1.0
74073,1,1,1.0
74076,1,1,1.0
74078,1,1,1.0
74079,1,1,1.0
74086,1,1,1.0
74093,1,1,1.0
74099,0,0,0.0
74100,1,1,1.0
74103,1,1,1.0
74115,1,1,1.0
74120,1,1,1.0
74121,1,1,1.0
74129,1,1,1.0
74134,1,1,1.0
74138,1,1,1.0
74140,1,1,1.0
74145,1,1,1.0
74149,1,1,1.0
74156,1,1,1.0
74158,1,1,1.0
74166,1,1,1.0
74169,1,1,1.0
74176,1,1,1.0
74183,1,1,1.0
74193,1,1,1.0
74197,1,1,1.0
74201,1,1,1.0
74208,1,1,1.0
74209,1,1,1.0
74218,1,1,1.0
74230,1,1,1.0
74238,1,1,1.0
74249,1,1,1.0
74255,1,1,1.0
74256,1,1,1.0
74263,1,1,1.0
74267,1,1,1.0
74270,1,1,1.0
74272,1,1,1.0
74273,1,1,1.0
74275,1,1,1.0
74280,1,1,1.0
74282,1,1,1.0
74285,0,0,0.0
74291,0,0,0.0
74294,1,1,1.0
74295,1,1,1.0
74303,1,1,1.0
74317,1,1,1.0
74321,1,1,1.0
74341,1,1,1.0
74363,1,1,1.0
74364,1,1,1.0
74370,1,1,1.0
74374,1,1,1.0
74375,1,1,1.0
74377,1,1,1.0
74382,1,1,1.0
74385,1,1,1.0
74393,1,1,1.0
74394,1,1,1.0
74408,1,1,1.0
74412,1,1,1.0
74428,1,1,1.0
74430,1,1,1.0
74432,1,1,1.0
74433,1,1,1.0
74434,1,1,1.0
74435,1,1,1.0
74439,1,1,1.0
74441,1,1,1.0
74446,1,1,1.0
74447,1,1,1.0
74454,1,1,1.0
74460,1,1,1.0
74461,0,0,0.0
74462,1,1,1.0
74464,0,0,0.0
74466,0,0,0.0
74470,0,0,0.0
74473,1,1,1.0
74482,1,1,1.0
74486,0,0,0.0
74491,1,1,1.0
74492,1,1,1.0
74497,1,1,1.0
74508,1,1,1.0
74513,1,1,1.0
74519,1,1,1.0
74527,1,1,1.0
74532,1,1,1.0
74534,1,1,1.0
74539,1,1,1.0
74542,1,1,1.0
74549,1,1,1.0
74550,1,1,1.0
74556,1,1,1.0
74559,1,1,1.0
74565,1,1,1.0
74569,1,1,1.0
74571,1,1,1.0
74574,1,1,1.0
74576,1,1,1.0
74579,1,1,1.0
74584,1,1,1.0
74594,1,1,1.0
74600,1,1,1.0
74605,1,1,1.0
74606,1,1,1.0
74607,1,1,1.0
74610,1,1,1.0
74615,1,1,1.0
74618,1,1,1.0
74620,1,1,1.0
74626,1,1,1.0
74632,1,1,1.0
74636,1,1,1.0
74638,1,1,1.0
74639,1,1,1.0
74645,0,0,0.0
74649,0,0,0.0
74651,1,1,1.0
74656,0,0,0.0
74664,1,1,1.0
74666,0,0,0.0
74669,1,1,1.0
74673,1,1,1.0
74681,0,0,0.0
74682,1,1,1.0
74684,1,1,1.0
74685,1,1,1.0
74687,1,1,1.0
74689,1,1,1.0
74704,1,1,1.0
74715,1,1,1.0
74717,1,1,1.0
74732,1,1,1.0
74736,1,1,1.0
74739,1,1,1.0
74742,1,1,1.0
74743,1,1,1.0
74746,1,1,1.0
74748,1,1,1.0
74753,1,1,1.0
74754,1,1,1.0
74757,1,1,1.0
74762,1,1,1.0
74776,1,1,1.0
74777,1,1,1.0
74782,1,1,1.0
74790,1,1,1.0
74791,1,1,1.0
74792,1,1,1.0
74793,1,1,1.0
74797,1,1,1.0
74800,1,1,1.0
74801,1,1,1.0
74805,1,1,1.0
74816,1,1,1.0
74817,1,1,1.0
74828,1,1,1.0
74832,1,1,1.0
74834,1,1,1.0
74837,1,1,1.0
74851,1,1,1.0
74860,1,1,1.0
74862,1,1,1.0
74865,1,1,1.0
74873,1,1,1.0
74874,1,1,1.0
74878,1,1,1.0
74885,1,1,1.0
74891,1,1,1.0
74892,1,1,1.0
74898,1,1,1.0
74901,1,1,1.0
74905,1,1,1.0
74907,1,1,1.0
74911,1,1,1.0
74927,1,1,1.0
74929,1,1,1.0
74931,1,1,1.0
74936,1,1,1.0
74947,1,1,1.0
74955,1,1,1.0
74958,1,1,1.0
74971,1,1,1.0
74973,1,1,1.0
74975,1,1,1.0
74987,1,1,1.0
74989,1,1,1.0
74996,1,1,1.0
74998,1,1,1.0
75001,0,0,0.0
75004,1,1,1.0
75005,1,1,1.0
75016,1,1,1.0
75018,1,1,1.0
75020,1,1,1.0
75022,1,1,1.0
75026,0,0,0.0
75029,1,1,1.0
75038,1,1,1.0
75043,1,1,1.0
75047,1,1,1.0
75057,1,1,1.0
75061,1,1,1.0
75062,1,1,1.0
75067,1,1,1.0
75074,1,1,1.0
75077,1,1,1.0
75079,1,1,1.0
75084,1,1,1.0
75085,1,1,1.0
75088,1,1,1.0
75094,1,1,1.0
75098,1,1,1.0
75101,1,1,1.0
75104,1,1,1.0
75118,1,1,1.0
75120,1,1,1.0
75123,1,1,1.0
75127,1,1,1.0
75130,1,1,1.0
75135,1,1,1.0
75136,1,1,1.0
75142,1,1,1.0
75143,1,1,1.0
75148,1,1,1.0
75150,1,1,1.0
75155,1,1,1.0
75156,1,1,1.0
75159,1,1,1.0
75162,1,1,1.0
75169,1,1,1.0
75171,1,1,1.0
75172,1,1,1.0
75176,1,1,1.0
75177,1,1,1.0
75182,1,1,1.0
75184,0,0,0.0
75196,1,1,1.0
75205,0,0,0.0
75206,0,0,0.0
75210,1,1,1.0
75215,1,1,1.0
75222,1,1,1.0
75232,1,1,1.0
75238,1,1,1.0
75247,1,1,1.0
75253,1,1,1.0
75256,1,1,1.0
75258,1,1,1.0
75264,1,1,1.0
75268,1,1,1.0
75275,1,1,1.0
75287,0,0,0.0
75289,1,1,1.0
75299,1,1,1.0
75302,1,1,1.0
75313,1,1,1.0
75315,1,1,1.0
75324,1,1,1.0
75334,1,1,1.0
75340,1,1,1.0
75341,1,1,1.0
75353,1,1,1.0
75358,1,1,1.0
75361,1,1,1.0
75362,1,1,1.0
75365,1,1,1.0
75371,0,0,0.0
75376,1,1,1.0
75380,1,1,1.0
75381,1,1,1.0
75383,1,1,1.0
75388,1,1,1.0
75393,1,1,1.0
75398,1,1,1.0
75399,1,1,1.0
75402,1,1,1.0
75403,1,1,1.0
75407,1,1,1.0
75419,1,1,1.0
75420,1,1,1.0
75421,1,1,1.0
75425,1,1,1.0
75426,1,1,1.0
75429,1,1,1.0
75438,1,1,1.0
75442,1,1,1.0
75445,1,1,1.0
75449,1,1,1.0
75450,1,1,1.0
75451,1,1,1.0
75459,1,1,1.0
75462,1,1,1.0
75463,1,1,1.0
75467,1,1,1.0
75471,1,1,1.0
75472,1,1,1.0
75473,1,1,1.0
75474,1,1,1.0
75485,1,1,1.0
75488,1,1,1.0
75490,0,0,0.0
75500,1,1,1.0
75508,1,1,1.0
75517,1,1,1.0
75537,1,1,1.0
75542,1,1,1.0
75544,1,1,1.0
75549,1,1,1.0
75551,1,1,1.0
75556,1,1,1.0
75559,1,1,1.0
75560,1,1,1.0
75567,1,1,1.0
75569,1,1,1.0
75570,0,0,0.0
75575,1,1,1.0
75586,1,1,1.0
75591,1,1,1.0
75593,1,1,1.0
75596,1,1,1.0
75600,0,0,0.0
75602,1,1,1.0
75607,1,1,1.0
75622,1,1,1.0
75626,1,1,1.0
75631,1,1,1.0
75634,1,1,1.0
75637,1,1,1.0
75638,1,1,1.0
75641,1,1,1.0
75643,1,1,1.0
75648,1,1,1.0
75650,1,1,1.0
75653,1,1,1.0
75661,1,1,1.0
75662,1,1,1.0
75676,1,1,1.0
75677,1,1,1.0
75685,1,1,1.0
75694,1,1,1.0
75695,1,1,1.0
75697,1,1,1.0
75698,1,1,1.0
75703,1,1,1.0
75705,1,1,1.0
75710,1,1,1.0
75721,0,0,0.0
75727,1,1,1.0
75728,0,0,0.0
75733,0,0,0.0
75744,1,1,1.0
75745,1,1,1.0
75746,1,1,1.0
75751,1,1,1.0
75781,1,1,1.0
75783,1,1,1.0
75786,1,1,1.0
75788,1,1,1.0
75798,1,1,1.0
75799,1,1,1.0
75807,1,1,1.0
75808,1,1,1.0
75812,1,1,1.0
75817,1,1,1.0
75818,1,1,1.0
75819,1,1,1.0
75821,0,0,0.0
75823,1,1,1.0
75825,1,1,1.0
75837,1,1,1.0
75846,1,1,1.0
75851,1,1,1.0
75859,1,1,1.0
75860,1,1,1.0
75862,1,1,1.0
75863,1,1,1.0
75865,1,1,1.0
75870,1,1,1.0
75873,1,1,1.0
75879,1,1,1.0
75883,1,1,1.0
75885,1,1,1.0
75887,1,1,1.0
75892,1,1,1.0
75904,1,1,1.0
75909,0,0,0.0
75912,1,1,1.0
75915,0,0,0.0
75919,1,1,1.0
75921,1,1,1.0
75931,1,1,1.0
75932,1,1,1.0
75933,1,1,1.0
75936,1,1,1.0
75944,1,1,1.0
75951,1,1,1.0
75955,1,1,1.0
75961,1,1,1.0
75962,1,1,1.0
75963,1,1,1.0
75965,1,1,1.0
75985,1,1,1.0
75989,1,1,1.0
75993,1,1,1.0
75995,1,1,1.0
75998,1,1,1.0
76001,1,1,1.0
76004,1,1,1.0
76011,1,1,1.0
76014,1,1,1.0
76018,1,1,1.0
76019,1,1,1.0
76037,1,1,1.0
76043,1,1,1.0
76048,0,0,0.0
76055,1,1,1.0
76056,1,1,1.0
76063,1,1,1.0
76066,1,1,1.0
76068,1,1,1.0
76076,1,1,1.0
76094,1,1,1.0
76095,0,0,0.0
76100,1,1,1.0
76108,1,1,1.0
76109,1,1,1.0
76111,0,0,0.0
76123,1,1,1.0
76130,1,1,1.0
76132,1,1,1.0
76133,1,1,1.0
76135,1,1,1.0
76137,1,1,1.0
76142,1,1,1.0
76144,1,1,1.0
76145,1,1,1.0
76146,1,1,1.0
76156,1,1,1.0
76164,1,1,1.0
76166,1,1,1.0
76178,1,1,1.0
76183,1,1,1.0
76195,1,1,1.0
76205,1,1,1.0
76206,1,1,1.0
76212,0,0,0.0
76218,1,1,1.0
76220,1,1,1.0
76228,1,1,1.0
76231,1,1,1.0
76240,1,1,1.0
76241,1,1,1.0
76249,1,1,1.0
76262,1,1,1.0
76264,1,1,1.0
76267,1,1,1.0
76268,1,1,1.0
76277,0,0,0.0
76278,1,1,1.0
76279,1,1,1.0
76281,1,1,1.0
76289,1,1,1.0
76290,0,0,0.0
76291,0,0,0.0
76292,1,1,1.0
76295,1,1,1.0
76309,1,1,1.0
76311,1,1,1.0
76312,1,1,1.0
76313,1,1,1.0
76319,1,1,1.0
76320,1,1,1.0
76321,1,1,1.0
76322,1,1,1.0
76327,1,1,1.0
76328,1,1,1.0
76333,1,1,1.0
76349,1,1,1.0
76354,1,1,1.0
76358,1,1,1.0
76359,1,1,1.0
76362,1,1,1.0
76363,1,1,1.0
76364,1,1,1.0
76366,1,1,1.0
76372,1,1,1.0
76382,1,1,1.0
76385,1,1,1.0
76387,1,1,1.0
76390,1,1,1.0
76391,1,1,1.0
76392,1,1,1.0
76396,1,1,1.0
76404,1,1,1.0
76412,1,1,1.0
76413,1,1,1.0
76419,1,1,1.0
76422,1,1,1.0
76423,1,1,1.0
76435,1,1,1.0
76440,1,1,1.0
76441,1,1,1.0
76442,1,1,1.0
76445,1,1,1.0
76458,1,1,1.0
76463,1,1,1.0
76466,1,1,1.0
76469,1,1,1.0
76471,0,0,0.0
76485,0,0,0.0
76486,1,1,1.0
76488,1,1,1.0
76489,1,1,1.0
76492,1,1,1.0
76497,1,1,1.0
76499,1,1,1.0
76500,1,1,1.0
76506,1,1,1.0
76514,1,1,1.0
76515,1,1,1.0
76520,1,1,1.0
76522,1,1,1.0
76525,1,1,1.0
76526,1,1,1.0
76539,1,1,1.0
76540,1,1,1.0
76555,1,1,1.0
76559,1,1,1.0
76587,1,1,1.0
76594,1,1,1.0
76597,1,1,1.0
76599,1,1,1.0
76601,1,1,1.0
76614,1,1,1.0
76617,1,1,1.0
76618,1,1,1.0
76628,1,1,1.0
76633,0,0,0.0
76635,0,0,0.0
76637,0,0,0.0
76639,0,0,0.0
76641,1,1,1.0
76643,1,1,1.0
76667,1,1,1.0
76673,1,1,1.0
76675,1,1,1.0
76683,1,1,1.0
76693,1,1,1.0
76702,1,1,1.0
76703,1,1,1.0
76710,1,1,1.0
76721,1,1,1.0
76723,1,1,1.0
76725,1,1,1.0
76726,1,1,1.0
76733,1,1,1.0
76747,1,1,1.0
76750,1,1,1.0
76754,1,1,1.0
76755,1,1,1.0
76771,1,1,1.0
76773,1,1,1.0
76774,1,1,1.0
76780,1,1,1.0
76784,1,1,1.0
76797,1,1,1.0
76802,1,1,1.0
76805,1,1,1.0
76809,1,1,1.0
76810,0,0,0.0
76813,1,1,1.0
76819,1,1,1.0
76837,1,1,1.0
76844,1,1,1.0
76847,1,1,1.0
76857,1,1,1.0
76858,1,1,1.0
76859,1,1,1.0
76864,0,0,0.0
76866,1,1,1.0
76868,1,1,1.0
76870,1,1,1.0
76878,1,1,1.0
76886,1,1,1.0
76888,1,1,1.0
76890,1,1,1.0
76901,1,1,1.0
76908,1,1,1.0
76909,1,1,1.0
76911,1,1,1.0
76914,1,1,1.0
76916,1,1,1.0
76919,1,1,1.0
76921,1,1,1.0
76927,1,1,1.0
76929,1,1,1.0
76932,1,1,1.0
76940,1,1,1.0
76949,1,1,1.0
76961,1,1,1.0
76965,1,1,1.0
76969,1,1,1.0
76971,1,1,1.0
76973,1,1,1.0
76981,1,1,1.0
76983,1,1,1.0
76995,0,0,0.0
76997,0,0,0.0
76998,1,1,1.0
76999,1,1,1.0
77006,1,1,1.0
77008,1,1,1.0
77019,0,0,0.0
77021,1,1,1.0
77046,1,1,1.0
77055,1,1,1.0
77061,1,1,1.0
77062,1,1,1.0
77063,1,1,1.0
77065,1,1,1.0
77066,1,1,1.0
77073,1,1,1.0
77079,1,1,1.0
77089,1,1,1.0
77091,1,1,1.0
77096,1,1,1.0
77114,1,1,1.0
77115,1,1,1.0
77124,1,1,1.0
77126,1,1,1.0
77129,1,1,1.0
77138,1,1,1.0
77139,1,1,1.0
77155,1,1,1.0
77159,1,1,1.0
77164,1,1,1.0
77166,1,1,1.0
77175,1,1,1.0
77176,0,0,0.0
77183,1,1,1.0
77190,1,1,1.0
77196,1,1,1.0
77199,1,1,1.0
77202,1,1,1.0
77203,1,1,1.0
77204,1,1,1.0
77205,1,1,1.0
77206,1,1,1.0
77213,1,1,1.0
77219,1,1,1.0
77221,1,1,1.0
77235,1,1,1.0
77236,1,1,1.0
77238,1,1,1.0
77240,1,1,1.0
77243,1,1,1.0
77245,1,1,1.0
77249,1,1,1.0
77255,1,1,1.0
77256,1,1,1.0
77259,1,1,1.0
77262,1,1,1.0
77270,1,1,1.0
77272,1,1,1.0
77273,1,1,1.0
77280,1,1,1.0
77287,1,1,1.0
77293,1,1,1.0
77295,1,1,1.0
77300,1,1,1.0
77313,1,1,1.0
77314,1,1,1.0
77320,1,1,1.0
77324,1,1,1.0
77327,1,1,1.0
77328,1,1,1.0
77331,1,1,1.0
77332,1,1,1.0
77335,1,1,1.0
77373,0,0,0.0
77374,0,0,0.0
77377,1,1,1.0
77382,1,1,1.0
77384,1,1,1.0
77393,1,1,1.0
77400,1,1,1.0
77402,1,1,1.0
77403,1,1,1.0
77407,1,1,1.0
77409,1,1,1.0
77414,1,1,1.0
77415,1,1,1.0
77422,1,1,1.0
77426,1,1,1.0
77443,1,1,1.0
77456,1,1,1.0
77457,1,1,1.0
77464,1,1,1.0
77480,1,1,1.0
77481,1,1,1.0
77483,1,1,1.0
77485,1,1,1.0
77486,1,1,1.0
77495,1,1,1.0
77496,1,1,1.0
77503,1,1,1.0
77505,1,1,1.0
77509,1,1,1.0
77512,1,1,1.0
77516,1,1,1.0
77520,1,1,1.0
77526,1,1,1.0
77529,1,1,1.0
77532,1,1,1.0
77536,1,1,1.0
77537,1,1,1.0
77540,0,0,0.0
77549,1,1,1.0
77552,1,1,1.0
77557,1,1,1.0
77559,1,1,1.0
77567,1,1,1.0
77568,1,1,1.0
77571,1,1,1.0
77573,1,1,1.0
77574,1,1,1.0
77575,1,1,1.0
77591,1,1,1.0
77592,1,1,1.0
77600,1,1,1.0
77602,1,1,1.0
77608,1,1,1.0
77611,1,1,1.0
77613,1,1,1.0
77615,1,1,1.0
77618,1,1,1.0
77621,1,1,1.0
77635,1,1,1.0
77636,1,1,1.0
77639,1,1,1.0
77647,1,1,1.0
77650,1,1,1.0
77654,1,1,1.0
77656,1,1,1.0
77659,1,1,1.0
77671,1,1,1.0
77680,1,1,1.0
77683,1,1,1.0
77690,1,1,1.0
77693,1,1,1.0
77697,1,1,1.0
77701,1,1,1.0
77703,1,1,1.0
77705,1,1,1.0
77715,1,1,1.0
77720,0,0,0.0
77722,1,1,1.0
77730,1,1,1.0
77755,1,1,1.0
77760,1,1,1.0
77764,1,1,1.0
77771,1,1,1.0
77783,1,1,1.0
77786,1,1,1.0
77789,1,1,1.0
77799,1,1,1.0
77814,1,1,1.0
77815,1,1,1.0
77828,1,1,1.0
77840,1,1,1.0
77846,1,1,1.0
77854,0,0,0.0
77856,1,1,1.0
77889,1,1,1.0
77891,1,1,1.0
77898,0,0,0.0
77910,1,1,1.0
77912,1,1,1.0
77913,1,1,1.0
77928,1,1,1.0
77930,1,1,1.0
77934,1,1,1.0
77939,1,1,1.0
77944,1,1,1.0
77945,1,1,1.0
77953,1,1,1.0
77968,1,1,1.0
77978,1,1,1.0
77980,1,1,1.0
77984,1,1,1.0
77988,1,1,1.0
77989,1,1,1.0
77992,1,1,1.0
77995,1,1,1.0
77998,1,1,1.0
78006,1,1,1.0
78007,1,1,1.0
78012,1,1,1.0
78013,1,1,1.0
78024,1,1,1.0
78026,1,1,1.0
78028,1,1,1.0
78030,1,1,1.0
78038,1,1,1.0
78044,1,1,1.0
78045,1,1,1.0
78049,1,1,1.0
78054,1,1,1.0
78058,1,1,1.0
78060,1,1,1.0
78063,1,1,1.0
78068,1,1,1.0
78069,1,1,1.0
78076,1,1,1.0
78082,0,0,0.0
78087,1,1,1.0
78091,1,1,1.0
78092,0,0,0.0
78093,0,0,0.0
78097,1,1,1.0
78100,1,1,1.0
78107,1,1,1.0
78111,1,1,1.0
78112,1,1,1.0
78113,1,1,1.0
78116,1,1,1.0
78122,1,1,1.0
78125,1,1,1.0
78127,1,1,1.0
78128,1,1,1.0
78130,1,1,1.0
78142,1,1,1.0
78145,1,1,1.0
78151,1,1,1.0
78157,1,1,1.0
78165,1,1,1.0
78166,1,1,1.0
78168,1,1,1.0
78169,1,1,1.0
78174,1,1,1.0
78178,1,1,1.0
78182,1,1,1.0
78185,1,1,1.0
78189,1,1,1.0
78190,1,1,1.0
78191,1,1,1.0
78193,1,1,1.0
78195,1,1,1.0
78200,1,1,1.0
78201,1,1,1.0
78202,1,1,1.0
78203,1,1,1.0
78209,1,1,1.0
78217,1,1,1.0
78218,1,1,1.0
78220,1,1,1.0
78249,1,1,1.0
78250,1,1,1.0
78254,0,0,0.0
78264,1,1,1.0
78273,0,0,0.0
78274,0,0,0.0
78280,1,1,1.0
78284,1,1,1.0
78291,1,1,1.0
78292,1,1,1.0
78295,1,1,1.0
78301,1,1,1.0
78304,1,1,1.0
78306,1,1,1.0
78316,1,1,1.0
78327,1,1,1.0
78333,1,1,1.0
78335,1,1,1.0
78340,1,1,1.0
78356,1,1,1.0
78359,1,1,1.0
78371,1,1,1.0
78377,1,1,1.0
78378,1,1,1.0
78382,1,1,1.0
78383,1,1,1.0
78388,1,1,1.0
78392,1,1,1.0
78400,1,1,1.0
78403,1,1,1.0
78404,0,0,0.0
78409,1,1,1.0
78410,1,1,1.0
78413,1,1,1.0
78416,1,1,1.0
78419,1,1,1.0
78420,1,1,1.0
78424,1,1,1.0
78426,1,1,1.0
78429,1,1,1.0
78431,1,1,1.0
78441,1,1,1.0
78447,1,1,1.0
78452,1,1,1.0
78455,1,1,1.0
78467,1,1,1.0
78468,1,1,1.0
78469,1,1,1.0
78471,1,1,1.0
78482,1,1,1.0
78483,1,1,1.0
78485,1,1,1.0
78490,1,1,1.0
78492,1,1,1.0
78504,1,1,1.0
78508,1,1,1.0
78510,1,1,1.0
78518,1,1,1.0
78532,1,1,1.0
78537,1,1,1.0
78547,1,1,1.0
78551,1,1,1.0
78561,1,1,1.0
78562,1,1,1.0
78566,1,1,1.0
78568,1,1,1.0
78569,1,1,1.0
78571,1,1,1.0
78586,1,1,1.0
78601,1,1,1.0
78607,1,1,1.0
78632,1,1,1.0
78635,0,0,0.0
78638,1,1,1.0
78640,1,1,1.0
78646,1,1,1.0
78648,1,1,1.0
78655,1,1,1.0
78656,1,1,1.0
78674,1,1,1.0
78679,1,1,1.0
78683,1,1,1.0
78688,1,1,1.0
78693,1,1,1.0
78715,1,1,1.0
78717,1,1,1.0
78719,1,1,1.0
78720,1,1,1.0
78738,1,1,1.0
78740,1,1,1.0
78742,1,1,1.0
78744,1,1,1.0
78753,1,1,1.0
78758,1,1,1.0
78762,1,1,1.0
78767,1,1,1.0
78774,1,1,1.0
78780,1,1,1.0
78784,1,1,1.0
78789,1,1,1.0
78791,0,0,0.0
78801,0,0,0.0
78808,1,1,1.0
78810,1,1,1.0
78813,1,1,1.0
78815,1,1,1.0
78820,1,1,1.0
78821,1,1,1.0
78822,1,1,1.0
78825,1,1,1.0
78827,1,1,1.0
78829,1,1,1.0
78838,1,1,1.0
78840,1,1,1.0
78841,1,1,1.0
78847,1,1,1.0
78848,1,1,1.0
78854,1,1,1.0
78873,1,1,1.0
78875,1,1,1.0
78876,1,1,1.0
78884,1,1,1.0
78885,1,1,1.0
78886,1,1,1.0
78888,1,1,1.0
78896,1,1,1.0
78900,1,1,1.0
78908,1,1,1.0
78913,1,1,1.0
78927,1,1,1.0
78930,1,1,1.0
78932,1,1,1.0
78940,1,1,1.0
78941,1,1,1.0
78946,1,1,1.0
78947,1,1,1.0
78948,1,1,1.0
78953,1,1,1.0
78958,1,1,1.0
78959,1,1,1.0
78963,1,1,1.0
78967,1,1,1.0
78970,1,1,1.0
78973,1,1,1.0
78974,1,1,1.0
78978,1,1,1.0
78979,0,0,0.0
78981,0,0,0.0
78988,1,1,1.0
78992,1,1,1.0
79006,1,1,1.0
79013,1,1,1.0
79014,1,1,1.0
79018,1,1,1.0
79025,1,1,1.0
79033,1,1,1.0
79035,1,1,1.0
79037,1,1,1.0
79038,1,1,1.0
79047,1,1,1.0
79056,1,1,1.0
79057,1,1,1.0
79067,1,1,1.0
79070,1,1,1.0
79071,1,1,1.0
79072,1,1,1.0
79081,1,1,1.0
79086,1,1,1.0
79090,1,1,1.0
79091,1,1,1.0
79093,1,1,1.0
79098,1,1,1.0
79099,1,1,1.0
79108,1,1,1.0
79114,1,1,1.0
79120,1,1,1.0
79121,1,1,1.0
79138,1,1,1.0
79144,1,1,1.0
79150,1,1,1.0
79158,1,1,1.0
79164,1,1,1.0
79166,1,1,1.0
79174,1,1,1.0
79178,1,1,1.0
79183,1,1,1.0
79185,1,1,1.0
79190,1,1,1.0
79195,1,1,1.0
79197,1,1,1.0
79201,1,1,1.0
79205,1,1,1.0
79206,1,1,1.0
79208,1,1,1.0
79212,1,1,1.0
79219,1,1,1.0
79228,0,0,0.0
79244,1,1,1.0
79248,1,1,1.0
79257,1,1,1.0
79258,1,1,1.0
79266,1,1,1.0
79267,1,1,1.0
79270,1,1,1.0
79278,1,1,1.0
79279,1,1,1.0
79286,1,1,1.0
79293,1,1,1.0
79294,1,1,1.0
79296,1,1,1.0
79297,1,1,1.0
79299,0,0,0.0
79312,1,1,1.0
79325,1,1,1.0
79329,1,1,1.0
79330,1,1,1.0
79335,0,0,0.0
79338,1,1,1.0
79343,0,0,0.0
79345,1,1,1.0
79350,0,0,0.0
79354,1,1,1.0
79359,1,1,1.0
79361,1,1,1.0
79363,1,1,1.0
79373,1,1,1.0
79380,1,1,1.0
79386,1,1,1.0
79393,1,1,1.0
79394,1,1,1.0
79409,1,1,1.0
79414,1,1,1.0
79421,1,1,1.0
79422,1,1,1.0
79426,1,1,1.0
79443,1,1,1.0
79445,1,1,1.0
79446,1,1,1.0
79454,1,1,1.0
79457,1,1,1.0
79464,1,1,1.0
79471,1,1,1.0
79477,1,1,1.0
79478,1,1,1.0
79485,1,1,1.0
79492,0,0,0.0
79494,1,1,1.0
79496,1,1,1.0
79505,1,1,1.0
79506,1,1,1.0
79518,0,0,0.0
79528,1,1,1.0
79545,1,1,1.0
79552,1,1,1.0
79558,1,1,1.0
79561,1,1,1.0
79565,1,1,1.0
79574,1,1,1.0
79576,1,1,1.0
79588,1,1,1.0
79596,1,1,1.0
79597,1,1,1.0
79624,1,1,1.0
79626,1,1,1.0
79628,1,1,1.0
79631,1,1,1.0
79632,1,1,1.0
79637,1,1,1.0
79639,1,1,1.0
79642,1,1,1.0
79646,1,1,1.0
79647,1,1,1.0
79657,1,1,1.0
79669,1,1,1.0
79670,1,1,1.0
79672,1,1,1.0
79677,1,1,1.0
79682,1,1,1.0
79692,1,1,1.0
79710,1,1,1.0
79714,1,1,1.0
79722,1,1,1.0
79723,1,1,1.0
79725,1,1,1.0
79726,1,1,1.0
79731,1,1,1.0
79741,1,1,1.0
79746,1,1,1.0
79747,1,1,1.0
79750,1,1,1.0
79760,1,1,1.0
79765,1,1,1.0
79766,1,1,1.0
79769,1,1,1.0
79774,1,1,1.0
79782,1,1,1.0
79786,1,1,1.0
79793,1,1,1.0
79796,1,1,1.0
79798,1,1,1.0
79809,1,1,1.0
79816,1,1,1.0
79818,1,1,1.0
79823,1,1,1.0
79827,1,1,1.0
79847,1,1,1.0
79853,1,1,1.0
79857,1,1,1.0
79867,1,1,1.0
79873,1,1,1.0
79874,1,1,1.0
79875,1,1,1.0
79879,1,1,1.0
79884,1,1,1.0
79900,0,0,0.0
79909,1,1,1.0
79916,1,1,1.0
79919,1,1,1.0
79928,1,1,1.0
79929,1,1,1.0
79932,1,1,1.0
79935,1,1,1.0
79937,1,1,1.0
79939,1,1,1.0
79940,1,1,1.0
79950,1,1,1.0
79951,1,1,1.0
79963,1,1,1.0
79965,1,1,1.0
79968,1,1,1.0
79970,1,1,1.0
79992,1,1,1.0
80000,1,1,1.0
80005,1,1,1.0
80014,1,1,1.0
80018,1,1,1.0
80028,1,1,1.0
80036,1,1,1.0
80039,1,1,1.0
80042,1,1,1.0
80045,1,1,1.0
80055,1,1,1.0
80057,1,1,1.0
80063,0,0,0.0
80067,0,0,0.0
80073,1,1,1.0
80076,1,1,1.0
80083,1,1,1.0
80084,1,1,1.0
80086,1,1,1.0
80087,1,1,1.0
80093,1,1,1.0
80104,1,1,1.0
80108,1,1,1.0
80111,1,1,1.0
80125,1,1,1.0
80127,1,1,1.0
80128,1,1,1.0
80132,1,1,1.0
80140,1,1,1.0
80143,1,1,1.0
80151,1,1,1.0
80152,1,1,1.0
80155,1,1,1.0
80172,1,1,1.0
80173,1,1,1.0
80177,1,1,1.0
80182,1,1,1.0
80183,1,1,1.0
80191,1,1,1.0
80192,1,1,1.0
80195,1,1,1.0
80198,1,1,1.0
80201,1,1,1.0
80209,1,1,1.0
80213,1,1,1.0
80215,1,1,1.0
80224,1,1,1.0
80225,1,1,1.0
80230,1,1,1.0
80231,1,1,1.0
80232,1,1,1.0
80240,1,1,1.0
80243,0,0,0.0
80248,0,0,0.0
80253,1,1,1.0
80255,1,1,1.0
80269,1,1,1.0
80271,1,1,1.0
80283,1,1,1.0
80287,1,1,1.0
80288,1,1,1.0
80299,1,1,1.0
80303,1,1,1.0
80313,1,1,1.0
80321,1,1,1.0
80324,1,1,1.0
80329,1,1,1.0
80333,1,1,1.0
80335,1,1,1.0
80348,1,1,1.0
80349,1,1,1.0
80351,1,1,1.0
80354,1,1,1.0
80361,1,1,1.0
80365,1,1,1.0
80374,1,1,1.0
80376,1,1,1.0
80379,1,1,1.0
80382,1,1,1.0
80384,1,1,1.0
80385,1,1,1.0
80386,1,1,1.0
80387,1,1,1.0
80404,1,1,1.0
80406,1,1,1.0
80410,1,1,1.0
80413,1,1,1.0
80414,1,1,1.0
80416,1,1,1.0
80420,1,1,1.0
80427,0,0,0.0
80439,0,0,0.0
80440,0,0,0.0
80448,1,1,1.0
80449,1,1,1.0
80458,1,1,1.0
80461,1,1,1.0
80462,1,1,1.0
80464,1,1,1.0
80467,1,1,1.0
80471,1,1,1.0
80472,1,1,1.0
80479,1,1,1.0
80487,1,1,1.0
80488,1,1,1.0
80494,1,1,1.0
80496,1,1,1.0
80497,1,1,1.0
80506,1,1,1.0
80508,1,1,1.0
80509,1,1,1.0
80510,1,1,1.0
80514,1,1,1.0
80527,1,1,1.0
80533,1,1,1.0
80535,1,1,1.0
80536,1,1,1.0
80538,1,1,1.0
80543,1,1,1.0
80545,1,1,1.0
80547,1,1,1.0
80548,1,1,1.0
80550,1,1,1.0
80556,1,1,1.0
80564,1,1,1.0
80572,1,1,1.0
80575,1,1,1.0
80578,1,1,1.0
80585,1,1,1.0
80595,1,1,1.0
80596,1,1,1.0
80597,0,0,0.0
80600,1,1,1.0
80602,0,0,0.0
80611,1,1,1.0
80616,1,1,1.0
80617,1,1,1.0
80618,1,1,1.0
80619,1,1,1.0
80622,1,1,1.0
80629,1,1,1.0
80630,1,1,1.0
80632,1,1,1.0
80639,1,1,1.0
80640,1,1,1.0
80652,1,1,1.0
80666,1,1,1.0
80668,1,1,1.0
80669,1,1,1.0
80671,1,1,1.0
80676,1,1,1.0
80678,1,1,1.0
80687,1,1,1.0
80688,1,1,1.0
80693,1,1,1.0
80708,1,1,1.0
80709,1,1,1.0
80716,1,1,1.0
80723,1,1,1.0
80724,1,1,1.0
80725,1,1,1.0
80732,1,1,1.0
80737,1,1,1.0
80746,1,1,1.0
80751,1,1,1.0
80756,1,1,1.0
80758,1,1,1.0
80771,1,1,1.0
80773,1,1,1.0
80776,1,1,1.0
80777,1,1,1.0
80778,1,1,1.0
80783,0,0,0.0
80784,1,1,1.0
80785,0,0,0.0
80800,1,1,1.0
80806,1,1,1.0
80809,1,1,1.0
80810,1,1,1.0
80816,1,1,1.0
80823,1,1,1.0
80830,1,1,1.0
80832,1,1,1.0
80834,1,1,1.0
80837,1,1,1.0
80841,1,1,1.0
80844,1,1,1.0
80848,1,1,1.0
80871,1,1,1.0
80882,1,1,1.0
80888,1,1,1.0
80889,1,1,1.0
80890,1,1,1.0
80908,1,1,1.0
80912,1,1,1.0
80913,1,1,1.0
80917,1,1,1.0
80920,1,1,1.0
80924,1,1,1.0
80927,1,1,1.0
80932,1,1,1.0
80938,1,1,1.0
80946,0,0,0.0
80949,0,0,0.0
80951,1,1,1.0
80957,1,1,1.0
80968,1,1,1.0
80971,1,1,1.0
80973,1,1,1.0
80987,1,1,1.0
80996,1,1,1.0
80997,1,1,1.0
81002,1,1,1.0
81011,1,1,1.0
81012,1,1,1.0
81020,1,1,1.0
81024,1,1,1.0
81029,1,1,1.0
81031,1,1,1.0
81032,1,1,1.0
81033,1,1,1.0
81055,1,1,1.0
81060,1,1,1.0
81072,1,1,1.0
81074,1,1,1.0
81077,1,1,1.0
81078,1,1,1.0
81079,1,1,1.0
81086,1,1,1.0
81087,1,1,1.0
81089,1,1,1.0
81100,1,1,1.0
81102,1,1,1.0
81106,1,1,1.0
81108,1,1,1.0
81113,1,1,1.0
81115,1,1,1.0
81121,1,1,1.0
81126,0,0,0.0
81136,1,1,1.0
81140,1,1,1.0
81145,1,1,1.0
81147,0,0,0.0
81154,1,1,1.0
81156,1,1,1.0
81158,1,1,1.0
81160,1,1,1.0
81166,1,1,1.0
81170,1,1,1.0
81173,1,1,1.0
81179,1,1,1.0
81184,1,1,1.0
81189,1,1,1.0
81191,1,1,1.0
81192,1,1,1.0
81195,1,1,1.0
81196,1,1,1.0
81198,1,1,1.0
81207,1,1,1.0
81214,1,1,1.0
81215,1,1,1.0
81225,1,1,1.0
81227,1,1,1.0
81228,1,1,1.0
81230,1,1,1.0
81231,1,1,1.0
81247,1,1,1.0
81250,1,1,1.0
81254,1,1,1.0
81257,1,1,1.0
81261,1,1,1.0
81262,1,1,1.0
81273,1,1,1.0
81276,1,1,1.0
81277,1,1,1.0
81281,1,1,1.0
81284,1,1,1.0
81288,1,1,1.0
81291,1,1,1.0
81295,1,1,1.0
81298,1,1,1.0
81303,0,0,0.0
81310,1,1,1.0
81312,0,0,0.0
81313,1,1,1.0
81322,1,1,1.0
81326,1,1,1.0
81327,1,1,1.0
81334,1,1,1.0
81335,1,1,1.0
81336,1,1,1.0
81337,1,1,1.0
81338,1,1,1.0
81343,1,1,1.0
81344,1,1,1.0
81349,1,1,1.0
81352,1,1,1.0
81353,1,1,1.0
81358,1,1,1.0
81363,1,1,1.0
81368,1,1,1.0
81370,1,1,1.0
81378,1,1,1.0
81382,1,1,1.0
81383,1,1,1.0
81384,1,1,1.0
81387,1,1,1.0
81390,1,1,1.0
81391,1,1,1.0
81395,1,1,1.0
81402,1,1,1.0
81409,1,1,1.0
81416,0,0,0.0
81424,1,1,1.0
81429,1,1,1.0
81437,1,1,1.0
81443,1,1,1.0
81449,1,1,1.0
81453,1,1,1.0
81454,1,1,1.0
81459,1,1,1.0
81464,1,1,1.0
81469,1,1,1.0
81473,1,1,1.0
81480,1,1,1.0
81485,0,0,0.0
81486,1,1,1.0
81489,1,1,1.0
81491,0,0,0.0
81504,0,0,0.0
81505,0,0,0.0
81509,1,1,1.0
81511,1,1,1.0
81513,1,1,1.0
81533,1,1,1.0
81535,1,1,1.0
81546,1,1,1.0
81551,1,1,1.0
81560,1,1,1.0
81561,1,1,1.0
81571,1,1,1.0
81590,1,1,1.0
81595,1,1,1.0
81596,1,1,1.0
81604,1,1,1.0
81609,1,1,1.0
81610,1,1,1.0
81613,1,1,1.0
81614,1,1,1.0
81619,1,1,1.0
81622,1,1,1.0
81626,1,1,1.0
81630,1,1,1.0
81634,1,1,1.0
81635,1,1,1.0
81638,1,1,1.0
81639,1,1,1.0
81645,1,1,1.0
81646,1,1,1.0
81661,1,1,1.0
81663,1,1,1.0
81669,1,1,1.0
81671,0,0,0.0
81674,0,0,0.0
81683,1,1,1.0
81687,1,1,1.0
81693,1,1,1.0
81695,1,1,1.0
81701,1,1,1.0
81704,1,1,1.0
81715,1,1,1.0
81717,1,1,1.0
81725,1,1,1.0
81732,1,1,1.0
81733,1,1,1.0
81738,1,1,1.0
81739,1,1,1.0
81740,1,1,1.0
81745,1,1,1.0
81746,1,1,1.0
81750,1,1,1.0
81754,1,1,1.0
81766,1,1,1.0
81777,1,1,1.0
81780,1,1,1.0
81784,1,1,1.0
81788,1,1,1.0
81789,1,1,1.0
81802,1,1,1.0
81814,1,1,1.0
81821,1,1,1.0
81824,1,1,1.0
81825,1,1,1.0
81826,1,1,1.0
81828,1,1,1.0
81840,1,1,1.0
81845,1,1,1.0
81856,0,0,0.0
81868,1,1,1.0
81871,1,1,1.0
81872,1,1,1.0
81877,0,0,0.0
81891,1,1,1.0
81893,1,1,1.0
81897,1,1,1.0
81900,1,1,1.0
81902,1,1,1.0
81903,1,1,1.0
81906,1,1,1.0
81916,1,1,1.0
81918,1,1,1.0
81925,1,1,1.0
81931,1,1,1.0
81932,1,1,1.0
81940,1,1,1.0
81946,1,1,1.0
81964,1,1,1.0
81967,1,1,1.0
81973,1,1,1.0
81983,1,1,1.0
81994,1,1,1.0
82006,1,1,1.0
82007,1,1,1.0
82012,1,1,1.0
82025,1,1,1.0
82028,0,0,0.0
82034,1,1,1.0
82035,1,1,1.0
82040,1,1,1.0
82049,1,1,1.0
82053,1,1,1.0
82054,1,1,1.0
82083,1,1,1.0
82086,1,1,1.0
82098,1,1,1.0
82104,1,1,1.0
82106,1,1,1.0
82114,1,1,1.0
82116,1,1,1.0
82117,1,1,1.0
82123,1,1,1.0
82127,1,1,1.0
82133,1,1,1.0
82135,1,1,1.0
82136,1,1,1.0
82138,1,1,1.0
82142,1,1,1.0
82143,1,1,1.0
82146,1,1,1.0
82148,1,1,1.0
82150,1,1,1.0
82152,1,1,1.0
82156,1,1,1.0
82161,1,1,1.0
82167,1,1,1.0
82168,1,1,1.0
82171,1,1,1.0
82174,1,1,1.0
82175,1,1,1.0
82180,1,1,1.0
82182,1,1,1.0
82187,1,1,1.0
82191,1,1,1.0
82197,1,1,1.0
82204,1,1,1.0
82206,1,1,1.0
82207,1,1,1.0
82219,1,1,1.0
82223,1,1,1.0
82239,1,1,1.0
82241,1,1,1.0
82245,1,1,1.0
82250,1,1,1.0
82258,1,1,1.0
82271,1,1,1.0
82272,1,1,1.0
82275,1,1,1.0
82277,1,1,1.0
82279,1,1,1.0
82291,1,1,1.0
82293,1,1,1.0
82299,1,1,1.0
82302,1,1,1.0
82309,1,1,1.0
82314,1,1,1.0
82315,1,1,1.0
82318,1,1,1.0
82319,1,1,1.0
82325,1,1,1.0
82340,1,1,1.0
82347,1,1,1.0
82354,1,1,1.0
82358,1,1,1.0
82361,1,1,1.0
82368,1,1,1.0
82370,1,1,1.0
82371,1,1,1.0
82372,1,1,1.0
82387,1,1,1.0
82388,0,0,0.0
82390,0,0,0.0
82391,1,1,1.0
82392,1,1,1.0
82413,1,1,1.0
82420,1,1,1.0
82421,1,1,1.0
82427,1,1,1.0
82429,1,1,1.0
82434,1,1,1.0
82435,1,1,1.0
82438,1,1,1.0
82440,1,1,1.0
82446,1,1,1.0
82450,1,1,1.0
82451,1,1,1.0
82454,1,1,1.0
82459,1,1,1.0
82460,1,1,1.0
82462,1,1,1.0
82464,1,1,1.0
82465,1,1,1.0
82467,1,1,1.0
82474,1,1,1.0
82475,1,1,1.0
82484,1,1,1.0
82485,1,1,1.0
82488,1,1,1.0
82490,1,1,1.0
82491,1,1,1.0
82493,1,1,1.0
82498,1,1,1.0
82515,1,1,1.0
82519,1,1,1.0
82522,1,1,1.0
82527,1,1,1.0
82532,1,1,1.0
82534,1,1,1.0
82537,1,1,1.0
82548,1,1,1.0
82550,1,1,1.0
82554,1,1,1.0
82557,1,1,1.0
82559,1,1,1.0
82561,1,1,1.0
82571,0,0,0.0
82575,1,1,1.0
82582,1,1,1.0
82588,1,1,1.0
82596,1,1,1.0
82598,1,1,1.0
82599,1,1,1.0
82606,1,1,1.0
82610,1,1,1.0
82621,1,1,1.0
82624,1,1,1.0
82629,1,1,1.0
82631,1,1,1.0
82633,1,1,1.0
82643,1,1,1.0
82648,1,1,1.0
82650,1,1,1.0
82651,1,1,1.0
82654,1,1,1.0
82655,1,1,1.0
82682,1,1,1.0
82683,1,1,1.0
82685,1,1,1.0
82688,1,1,1.0
82691,1,1,1.0
82695,1,1,1.0
82698,1,1,1.0
82702,1,1,1.0
82703,1,1,1.0
82707,1,1,1.0
82716,1,1,1.0
82720,1,1,1.0
82723,1,1,1.0
82728,1,1,1.0
82730,1,1,1.0
82735,1,1,1.0
82752,1,1,1.0
82756,0,0,0.0
82767,0,0,0.0
82776,1,1,1.0
82778,1,1,1.0
82781,1,1,1.0
82785,1,1,1.0
82789,1,1,1.0
82795,1,1,1.0
82806,1,1,1.0
82807,1,1,1.0
82808,1,1,1.0
82815,1,1,1.0
82819,1,1,1.0
82823,1,1,1.0
82826,1,1,1.0
82829,1,1,1.0
82830,1,1,1.0
82831,1,1,1.0
82836,1,1,1.0
82837,1,1,1.0
82846,1,1,1.0
82847,1,1,1.0
82849,1,1,1.0
82852,1,1,1.0
82854,1,1,1.0
82871,1,1,1.0
82879,1,1,1.0
82885,1,1,1.0
82903,1,1,1.0
82910,1,1,1.0
82913,1,1,1.0
82916,1,1,1.0
82919,1,1,1.0
82938,0,0,0.0
82942,1,1,1.0
82949,1,1,1.0
82955,0,0,0.0
82973,1,1,1.0
82982,1,1,1.0
82986,1,1,1.0
82988,1,1,1.0
82990,1,1,1.0
83001,1,1,1.0
83007,1,1,1.0
83008,1,1,1.0
83014,1,1,1.0
83020,1,1,1.0
83024,1,1,1.0
83032,1,1,1.0
83041,1,1,1.0
83044,1,1,1.0
83051,1,1,1.0
83065,1,1,1.0
83066,1,1,1.0
83076,1,1,1.0
83079,1,1,1.0
83080,1,1,1.0
83086,1,1,1.0
83089,1,1,1.0
83091,1,1,1.0
83092,1,1,1.0
83097,1,1,1.0
83101,1,1,1.0
83126,1,1,1.0
83127,1,1,1.0
83129,0,0,0.0
83133,1,1,1.0
83134,1,1,1.0
83139,1,1,1.0
83144,1,1,1.0
83148,1,1,1.0
83153,1,1,1.0
83157,1,1,1.0
83160,1,1,1.0
83173,1,1,1.0
83177,1,1,1.0
83178,1,1,1.0
83181,1,1,1.0
83186,1,1,1.0
83191,1,1,1.0
83195,1,1,1.0
83206,1,1,1.0
83208,1,1,1.0
83213,1,1,1.0
83218,1,1,1.0
83223,1,1,1.0
83227,1,1,1.0
83243,1,1,1.0
83245,1,1,1.0
83246,1,1,1.0
83255,1,1,1.0
83258,1,1,1.0
83266,1,1,1.0
83274,1,1,1.0
83276,1,1,1.0
83282,1,1,1.0
83286,1,1,1.0
83288,1,1,1.0
83289,0,0,0.0
83290,1,1,1.0
83291,0,0,0.0
83300,1,1,1.0
83304,1,1,1.0
83306,1,1,1.0
83330,1,1,1.0
83331,1,1,1.0
83336,1,1,1.0
83339,1,1,1.0
83345,1,1,1.0
83347,1,1,1.0
83349,1,1,1.0
83350,0,0,0.0
83352,1,1,1.0
83353,1,1,1.0
83363,1,1,1.0
83368,1,1,1.0
83372,1,1,1.0
83373,1,1,1.0
83374,1,1,1.0
83381,1,1,1.0
83384,1,1,1.0
83385,1,1,1.0
83389,1,1,1.0
83397,1,1,1.0
83410,1,1,1.0
83419,1,1,1.0
83420,1,1,1.0
83428,1,1,1.0
83438,1,1,1.0
83440,1,1,1.0
83442,1,1,1.0
83449,1,1,1.0
83450,1,1,1.0
83452,1,1,1.0
83458,1,1,1.0
83462,1,1,1.0
83470,1,1,1.0
83474,1,1,1.0
83477,1,1,1.0
83479,0,0,0.0
83480,1,1,1.0
83492,1,1,1.0
83493,1,1,1.0
83497,1,1,1.0
83499,1,1,1.0
83500,1,1,1.0
83501,1,1,1.0
83505,1,1,1.0
83506,1,1,1.0
83507,1,1,1.0
83509,1,1,1.0
83510,1,1,1.0
83512,1,1,1.0
83521,1,1,1.0
83530,1,1,1.0
83534,1,1,1.0
83543,1,1,1.0
83548,1,1,1.0
83551,1,1,1.0
83552,1,1,1.0
83553,1,1,1.0
83557,1,1,1.0
83559,1,1,1.0
83565,1,1,1.0
83570,1,1,1.0
83573,1,1,1.0
83575,1,1,1.0
83582,1,1,1.0
83586,1,1,1.0
83598,1,1,1.0
83602,1,1,1.0
83610,1,1,1.0
83616,1,1,1.0
83625,1,1,1.0
83627,1,1,1.0
83631,1,1,1.0
83640,1,1,1.0
83642,1,1,1.0
83645,1,1,1.0
83647,1,1,1.0
83658,0,0,0.0
83659,1,1,1.0
83662,1,1,1.0
83667,1,1,1.0
83668,1,1,1.0
83673,1,1,1.0
83676,1,1,1.0
83679,1,1,1.0
83684,1,1,1.0
83686,1,1,1.0
83696,1,1,1.0
83699,1,1,1.0
83705,1,1,1.0
83711,1,1,1.0
83720,1,1,1.0
83736,1,1,1.0
83743,1,1,1.0
83745,1,1,1.0
83749,1,1,1.0
83751,1,1,1.0
83752,1,1,1.0
83757,1,1,1.0
83759,1,1,1.0
83763,1,1,1.0
83766,1,1,1.0
83769,1,1,1.0
83772,1,1,1.0
83778,1,1,1.0
83779,1,1,1.0
83789,1,1,1.0
83790,1,1,1.0
83794,1,1,1.0
83798,1,1,1.0
83800,1,1,1.0
83802,1,1,1.0
83805,1,1,1.0
83810,1,1,1.0
83812,1,1,1.0
83813,1,1,1.0
83815,1,1,1.0
83816,1,1,1.0
83821,1,1,1.0
83824,1,1,1.0
83829,1,1,1.0
83832,1,1,1.0
83836,0,0,0.0
83838,0,0,0.0
83843,1,1,1.0
83845,1,1,1.0
83856,1,1,1.0
83865,0,0,0.0
83876,1,1,1.0
83880,1,1,1.0
83888,1,1,1.0
83889,1,1,1.0
83897,1,1,1.0
83900,1,1,1.0
83903,1,1,1.0
83915,1,1,1.0
83916,1,1,1.0
83922,1,1,1.0
83926,1,1,1.0
83934,1,1,1.0
83948,1,1,1.0
83949,1,1,1.0
83950,1,1,1.0
83952,1,1,1.0
83956,1,1,1.0
83957,1,1,1.0
83960,1,1,1.0
83964,1,1,1.0
83968,1,1,1.0
83969,1,1,1.0
83974,1,1,1.0
83975,1,1,1.0
83977,1,1,1.0
83979,1,1,1.0
83980,1,1,1.0
83984,1,1,1.0
83989,1,1,1.0
84015,1,1,1.0
84020,1,1,1.0
84022,0,0,0.0
84025,1,1,1.0
84027,1,1,1.0
84029,1,1,1.0
84031,1,1,1.0
84032,1,1,1.0
84036,1,1,1.0
84039,1,1,1.0
84040,1,1,1.0
84054,1,1,1.0
84057,1,1,1.0
84064,1,1,1.0
84070,1,1,1.0
84071,1,1,1.0
84072,1,1,1.0
84085,1,1,1.0
84086,1,1,1.0
84087,1,1,1.0
84091,1,1,1.0
84094,1,1,1.0
84109,1,1,1.0
84135,1,1,1.0
84147,1,1,1.0
84148,1,1,1.0
84156,1,1,1.0
84158,0,0,0.0
84166,1,1,1.0
84168,1,1,1.0
84170,1,1,1.0
84175,1,1,1.0
84176,1,1,1.0
84179,1,1,1.0
84204,1,1,1.0
84216,0,0,0.0
84218,1,1,1.0
84222,1,1,1.0
84223,1,1,1.0
84224,1,1,1.0
84226,1,1,1.0
84230,1,1,1.0
84237,0,0,0.0
84253,1,1,1.0
84255,1,1,1.0
84260,0,0,0.0
84262,1,1,1.0
84264,0,0,0.0
84270,1,1,1.0
84280,1,1,1.0
84286,1,1,1.0
84289,1,1,1.0
84292,1,1,1.0
84294,1,1,1.0
84298,1,1,1.0
84299,1,1,1.0
84309,1,1,1.0
84312,1,1,1.0
84315,1,1,1.0
84318,1,1,1.0
84335,1,1,1.0
84342,1,1,1.0
84345,1,1,1.0
84350,1,1,1.0
84355,1,1,1.0
84361,1,1,1.0
84362,1,1,1.0
84367,1,1,1.0
84382,0,0,0.0
84385,1,1,1.0
84387,1,1,1.0
84389,1,1,1.0
84391,1,1,1.0
84398,1,1,1.0
84405,1,1,1.0
84406,1,1,1.0
84419,1,1,1.0
84420,1,1,1.0
84424,1,1,1.0
84428,1,1,1.0
84431,1,1,1.0
84432,1,1,1.0
84435,1,1,1.0
84444,1,1,1.0
84445,1,1,1.0
84448,1,1,1.0
84456,1,1,1.0
84467,1,1,1.0
84476,1,1,1.0
84481,1,1,1.0
84485,1,1,1.0
84488,1,1,1.0
84492,1,1,1.0
84495,1,1,1.0
84505,1,1,1.0
84510,1,1,1.0
84512,1,1,1.0
84540,1,1,1.0
84549,1,1,1.0
84554,1,1,1.0
84563,1,1,1.0
84565,1,1,1.0
84568,1,1,1.0
84573,1,1,1.0
84591,1,1,1.0
84601,1,1,1.0
84614,1,1,1.0
84621,1,1,1.0
84623,1,1,1.0
84629,1,1,1.0
84633,1,1,1.0
84637,1,1,1.0
84641,1,1,1.0
84646,1,1,1.0
84654,1,1,1.0
84655,1,1,1.0
84660,1,1,1.0
84662,1,1,1.0
84663,1,1,1.0
84670,1,1,1.0
84672,1,1,1.0
84675,1,1,1.0
84676,1,1,1.0
84677,1,1,1.0
84684,1,1,1.0
84688,1,1,1.0
84704,1,1,1.0
84706,1,1,1.0
84707,1,1,1.0
84709,1,1,1.0
84723,1,1,1.0
84726,1,1,1.0
84729,1,1,1.0
84730,1,1,1.0
84732,1,1,1.0
84733,1,1,1.0
84734,1,1,1.0
84736,0,0,0.0
84738,0,0,0.0
84743,0,0,0.0
84745,1,1,1.0
84746,1,1,1.0
84749,1,1,1.0
84764,1,1,1.0
84766,1,1,1.0
84769,1,1,1.0
84779,1,1,1.0
84787,1,1,1.0
84788,1,1,1.0
84797,1,1,1.0
84798,1,1,1.0
84811,1,1,1.0
84815,1,1,1.0
84819,1,1,1.0
84821,1,1,1.0
84823,1,1,1.0
84825,1,1,1.0
84827,1,1,1.0
84830,1,1,1.0
84831,1,1,1.0
84835,1,1,1.0
84836,1,1,1.0
84838,1,1,1.0
84839,1,1,1.0
84850,1,1,1.0
84853,1,1,1.0
84858,1,1,1.0
84860,1,1,1.0
84867,1,1,1.0
84873,1,1,1.0
84874,1,1,1.0
84878,1,1,1.0
84884,1,1,1.0
84890,1,1,1.0
84892,1,1,1.0
84893,1,1,1.0
84896,1,1,1.0
84897,1,1,1.0
84902,1,1,1.0
84907,1,1,1.0
84926,1,1,1.0
84930,1,1,1.0
84936,0,0,0.0
84941,1,1,1.0
84944,1,1,1.0
84950,1,1,1.0
84952,1,1,1.0
84955,1,1,1.0
84956,1,1,1.0
84968,1,1,1.0
84972,1,1,1.0
84975,1,1,1.0
84979,1,1,1.0
84982,1,1,1.0
84989,1,1,1.0
84990,1,1,1.0
84991,1,1,1.0
84994,1,1,1.0
84999,1,1,1.0
85004,1,1,1.0
85005,1,1,1.0
85009,1,1,1.0
85012,1,1,1.0
85016,1,1,1.0
85022,1,1,1.0
85023,1,1,1.0
85025,1,1,1.0
85026,1,1,1.0
85027,1,1,1.0
85036,1,1,1.0
85040,1,1,1.0
85043,1,1,1.0
85045,1,1,1.0
85050,1,1,1.0
85051,1,1,1.0
85052,1,1,1.0
85053,1,1,1.0
85055,1,1,1.0
85062,1,1,1.0
85068,1,1,1.0
85069,1,1,1.0
85070,1,1,1.0
85071,1,1,1.0
85075,1,1,1.0
85076,1,1,1.0
85079,1,1,1.0
85081,1,1,1.0
85085,1,1,1.0
85087,1,1,1.0
85089,1,1,1.0
85092,1,1,1.0
85096,0,0,0.0
85105,1,1,1.0
85108,1,1,1.0
85118,1,1,1.0
85126,1,1,1.0
85137,1,1,1.0
85139,1,1,1.0
85140,1,1,1.0
85142,1,1,1.0
85155,1,1,1.0
85156,1,1,1.0
85162,1,1,1.0
85164,1,1,1.0
85171,1,1,1.0
85173,1,1,1.0
85176,1,1,1.0
85178,1,1,1.0
85181,1,1,1.0
85186,1,1,1.0
85188,1,1,1.0
85190,1,1,1.0
85193,1,1,1.0
85204,1,1,1.0
85207,1,1,1.0
85210,1,1,1.0
85215,1,1,1.0
85227,1,1,1.0
85232,1,1,1.0
85240,1,1,1.0
85246,1,1,1.0
85249,1,1,1.0
85253,1,1,1.0
85255,1,1,1.0
85258,1,1,1.0
85265,1,1,1.0
85268,1,1,1.0
85276,1,1,1.0
85280,1,1,1.0
85285,0,0,0.0
85290,1,1,1.0
85291,1,1,1.0
85294,1,1,1.0
85298,0,0,0.0
85304,1,1,1.0
85307,1,1,1.0
85309,1,1,1.0
85312,1,1,1.0
85321,1,1,1.0
85323,1,1,1.0
85325,1,1,1.0
85327,1,1,1.0
85331,1,1,1.0
85335,1,1,1.0
85340,1,1,1.0
85359,1,1,1.0
85360,1,1,1.0
85361,1,1,1.0
85368,1,1,1.0
85375,1,1,1.0
85378,1,1,1.0
85379,1,1,1.0
85380,1,1,1.0
85382,1,1,1.0
85384,1,1,1.0
85388,1,1,1.0
85389,1,1,1.0
85391,1,1,1.0
85397,1,1,1.0
85400,1,1,1.0
85404,1,1,1.0
85407,1,1,1.0
85411,1,1,1.0
85413,1,1,1.0
85414,1,1,1.0
85417,1,1,1.0
85418,1,1,1.0
85423,1,1,1.0
85432,1,1,1.0
85433,1,1,1.0
85437,1,1,1.0
85448,1,1,1.0
85451,1,1,1.0
85461,1,1,1.0
85471,1,1,1.0
85477,0,0,0.0
85482,1,1,1.0
85483,1,1,1.0
85503,1,1,1.0
85511,1,1,1.0
85514,1,1,1.0
85521,1,1,1.0
85525,1,1,1.0
85526,1,1,1.0
85546,1,1,1.0
85558,1,1,1.0
85562,1,1,1.0
85568,1,1,1.0
85570,1,1,1.0
85571,1,1,1.0
85580,1,1,1.0
85588,1,1,1.0
85589,1,1,1.0
85592,1,1,1.0
85611,1,1,1.0
85620,1,1,1.0
85637,1,1,1.0
85640,0,0,0.0
85650,1,1,1.0
85655,1,1,1.0
85664,1,1,1.0
85669,1,1,1.0
85672,1,1,1.0
85675,1,1,1.0
85682,1,1,1.0
85688,1,1,1.0
85693,1,1,1.0
85694,1,1,1.0
85696,1,1,1.0
85702,1,1,1.0
85712,1,1,1.0
85714,1,1,1.0
85717,1,1,1.0
85724,1,1,1.0
85726,1,1,1.0
85733,1,1,1.0
85735,1,1,1.0
85736,1,1,1.0
85737,1,1,1.0
85749,1,1,1.0
85755,1,1,1.0
85761,1,1,1.0
85763,1,1,1.0
85785,1,1,1.0
85796,1,1,1.0
85800,1,1,1.0
85814,1,1,1.0
85823,0,0,0.0
85826,1,1,1.0
85838,0,0,0.0
85849,1,1,1.0
85850,1,1,1.0
85851,1,1,1.0
85854,1,1,1.0
85856,1,1,1.0
85864,1,1,1.0
85878,1,1,1.0
85879,1,1,1.0
85880,1,1,1.0
85895,1,1,1.0
85896,1,1,1.0
85898,1,1,1.0
85903,1,1,1.0
85905,1,1,1.0
85906,1,1,1.0
85922,1,1,1.0
85923,1,1,1.0
85936,1,1,1.0
85938,1,1,1.0
85942,1,1,1.0
85946,1,1,1.0
85955,1,1,1.0
85960,1,1,1.0
85964,1,1,1.0
85968,1,1,1.0
85974,1,1,1.0
85977,1,1,1.0
85983,1,1,1.0
85988,1,1,1.0
85992,1,1,1.0
86003,0,0,0.0
86004,0,0,0.0
86006,1,1,1.0
86011,1,1,1.0
86012,1,1,1.0
86013,1,1,1.0
86018,1,1,1.0
86019,1,1,1.0
86029,1,1,1.0
86031,1,1,1.0
86032,1,1,1.0
86039,1,1,1.0
86042,1,1,1.0
86043,1,1,1.0
86050,1,1,1.0
86052,1,1,1.0
86059,1,1,1.0
86062,1,1,1.0
86063,1,1,1.0
86070,0,0,0.0
86071,1,1,1.0
86079,1,1,1.0
86087,1,1,1.0
86089,1,1,1.0
86092,1,1,1.0
86095,1,1,1.0
86099,1,1,1.0
86101,0,0,0.0
86102,1,1,1.0
86113,1,1,1.0
86115,1,1,1.0
86117,1,1,1.0
86124,1,1,1.0
86129,1,1,1.0
86131,1,1,1.0
86141,1,1,1.0
86142,1,1,1.0
86148,1,1,1.0
86151,1,1,1.0
86152,1,1,1.0
86159,1,1,1.0
86174,1,1,1.0
86180,1,1,1.0
86191,1,1,1.0
86193,1,1,1.0
86195,1,1,1.0
86207,1,1,1.0
86209,1,1,1.0
86212,1,1,1.0
86213,1,1,1.0
86239,1,1,1.0
86246,1,1,1.0
86249,1,1,1.0
86251,1,1,1.0
86256,1,1,1.0
86262,1,1,1.0
86264,1,1,1.0
86265,1,1,1.0
86272,1,1,1.0
86275,1,1,1.0
86276,1,1,1.0
86281,1,1,1.0
86285,1,1,1.0
86288,1,1,1.0
86296,1,1,1.0
86298,1,1,1.0
86303,1,1,1.0
86317,1,1,1.0
86324,1,1,1.0
86328,1,1,1.0
86330,1,1,1.0
86332,1,1,1.0
86334,1,1,1.0
86336,1,1,1.0
86338,1,1,1.0
86342,1,1,1.0
86345,1,1,1.0
86371,1,1,1.0
86385,1,1,1.0
86390,1,1,1.0
86400,1,1,1.0
86403,1,1,1.0
86404,1,1,1.0
86416,1,1,1.0
86418,1,1,1.0
86428,1,1,1.0
86429,1,1,1.0
86430,1,1,1.0
86434,1,1,1.0
86437,1,1,1.0
86444,1,1,1.0
86457,1,1,1.0
86459,1,1,1.0
86462,1,1,1.0
86470,1,1,1.0
86475,1,1,1.0
86486,1,1,1.0
86492,1,1,1.0
86494,1,1,1.0
86499,1,1,1.0
86500,1,1,1.0
86506,1,1,1.0
86511,1,1,1.0
86521,1,1,1.0
86526,1,1,1.0
86527,1,1,1.0
86532,1,1,1.0
86534,1,1,1.0
86535,1,1,1.0
86539,0,0,0.0
86540,1,1,1.0
86545,1,1,1.0
86548,1,1,1.0
86551,0,0,0.0
86555,1,1,1.0
86556,1,1,1.0
86563,0,0,0.0
86565,1,1,1.0
86569,1,1,1.0
86570,1,1,1.0
86576,1,1,1.0
86581,1,1,1.0
86584,1,1,1.0
86593,1,1,1.0
86598,1,1,1.0
86599,1,1,1.0
86602,1,1,1.0
86603,1,1,1.0
86608,1,1,1.0
86613,1,1,1.0
86617,1,1,1.0
86625,1,1,1.0
86627,1,1,1.0
86629,1,1,1.0
86631,1,1,1.0
86632,1,1,1.0
86642,1,1,1.0
86645,1,1,1.0
86647,1,1,1.0
86648,1,1,1.0
86655,1,1,1.0
86658,1,1,1.0
86660,1,1,1.0
86676,1,1,1.0
86686,1,1,1.0
86700,1,1,1.0
86705,1,1,1.0
86707,1,1,1.0
86708,1,1,1.0
86728,1,1,1.0
86732,1,1,1.0
86741,0,0,0.0
86751,1,1,1.0
86763,1,1,1.0
86768,1,1,1.0
86769,1,1,1.0
86771,1,1,1.0
86772,1,1,1.0
86777,1,1,1.0
86782,1,1,1.0
86787,1,1,1.0
86792,1,1,1.0
86796,1,1,1.0
86808,1,1,1.0
86809,1,1,1.0
86818,1,1,1.0
86821,1,1,1.0
86827,1,1,1.0
86828,1,1,1.0
86829,1,1,1.0
86831,1,1,1.0
86838,1,1,1.0
86841,1,1,1.0
86842,1,1,1.0
86850,1,1,1.0
86859,1,1,1.0
86864,1,1,1.0
86869,1,1,1.0
86871,1,1,1.0
86873,1,1,1.0
86875,1,1,1.0
86876,1,1,1.0
86880,1,1,1.0
86890,1,1,1.0
86905,1,1,1.0
86907,1,1,1.0
86910,0,0,0.0
86924,1,1,1.0
86929,1,1,1.0
86936,1,1,1.0
86947,1,1,1.0
86951,1,1,1.0
86953,1,1,1.0
86959,1,1,1.0
86960,1,1,1.0
86964,1,1,1.0
86969,1,1,1.0
86977,1,1,1.0
86978,1,1,1.0
86980,1,1,1.0
86982,0,0,0.0
86984,1,1,1.0
86988,1,1,1.0
86991,1,1,1.0
86995,1,1,1.0
86997,1,1,1.0
87000,1,1,1.0
87010,1,1,1.0
87013,1,1,1.0
87018,1,1,1.0
87019,1,1,1.0
87021,1,1,1.0
87022,1,1,1.0
87028,1,1,1.0
87031,1,1,1.0
87035,1,1,1.0
87037,1,1,1.0
87044,1,1,1.0
87068,1,1,1.0
87072,1,1,1.0
87086,1,1,1.0
87096,1,1,1.0
87097,1,1,1.0
87100,1,1,1.0
87107,1,1,1.0
87111,1,1,1.0
87115,1,1,1.0
87119,1,1,1.0
87131,1,1,1.0
87132,1,1,1.0
87133,1,1,1.0
87147,1,1,1.0
87150,1,1,1.0
87152,1,1,1.0
87158,1,1,1.0
87165,1,1,1.0
87168,1,1,1.0
87176,1,1,1.0
87198,1,1,1.0
87213,1,1,1.0
87214,1,1,1.0
87219,1,1,1.0
87223,1,1,1.0
87233,1,1,1.0
87237,1,1,1.0
87245,1,1,1.0
87247,1,1,1.0
87250,1,1,1.0
87262,1,1,1.0
87266,1,1,1.0
87270,0,0,0.0
87276,1,1,1.0
87282,1,1,1.0
87286,0,0,0.0
87292,1,1,1.0
87296,1,1,1.0
87303,1,1,1.0
87320,1,1,1.0
87321,1,1,1.0
87322,1,1,1.0
87332,1,1,1.0
87338,1,1,1.0
87348,1,1,1.0
87349,1,1,1.0
87350,1,1,1.0
87357,1,1,1.0
87363,1,1,1.0
87374,1,1,1.0
87381,1,1,1.0
87384,1,1,1.0
87390,1,1,1.0
87393,1,1,1.0
87397,1,1,1.0
87400,1,1,1.0
87403,1,1,1.0
87412,1,1,1.0
87415,1,1,1.0
87417,1,1,1.0
87425,1,1,1.0
87428,1,1,1.0
87435,1,1,1.0
87449,0,0,0.0
87451,1,1,1.0
87456,1,1,1.0
87459,1,1,1.0
87465,1,1,1.0
87475,1,1,1.0
87477,1,1,1.0
87483,1,1,1.0
87487,1,1,1.0
87495,1,1,1.0
87506,1,1,1.0
87508,1,1,1.0
87510,1,1,1.0
87512,1,1,1.0
87513,1,1,1.0
87515,1,1,1.0
87518,1,1,1.0
87521,1,1,1.0
87522,1,1,1.0
87528,1,1,1.0
87534,1,1,1.0
87535,1,1,1.0
87545,1,1,1.0
87551,1,1,1.0
87565,1,1,1.0
87572,1,1,1.0
87573,1,1,1.0
87578,1,1,1.0
87583,1,1,1.0
87585,1,1,1.0
87586,1,1,1.0
87588,1,1,1.0
87593,1,1,1.0
87595,1,1,1.0
87613,1,1,1.0
87622,1,1,1.0
87624,1,1,1.0
87634,1,1,1.0
87653,1,1,1.0
87657,1,1,1.0
87662,1,1,1.0
87667,1,1,1.0
87672,1,1,1.0
87682,1,1,1.0
87684,1,1,1.0
87689,1,1,1.0
87690,1,1,1.0
87693,1,1,1.0
87694,1,1,1.0
87696,1,1,1.0
87701,1,1,1.0
87710,1,1,1.0
87714,1,1,1.0
87726,1,1,1.0
87739,1,1,1.0
87746,1,1,1.0
87750,1,1,1.0
87752,1,1,1.0
87756,1,1,1.0
87757,1,1,1.0
87763,1,1,1.0
87770,1,1,1.0
87771,1,1,1.0
87773,1,1,1.0
87776,1,1,1.0
87777,1,1,1.0
87780,1,1,1.0
87784,1,1,1.0
87786,1,1,1.0
87792,1,1,1.0
87802,1,1,1.0
87806,1,1,1.0
87816,0,0,0.0
87822,1,1,1.0
87828,1,1,1.0
87830,1,1,1.0
87832,0,0,0.0
87843,1,1,1.0
87859,1,1,1.0
87860,1,1,1.0
87861,1,1,1.0
87862,1,1,1.0
87863,1,1,1.0
87872,1,1,1.0
87881,1,1,1.0
87885,1,1,1.0
87892,1,1,1.0
87894,1,1,1.0
87896,1,1,1.0
87900,1,1,1.0
87906,1,1,1.0
87909,1,1,1.0
87917,1,1,1.0
87928,1,1,1.0
87929,0,0,0.0
87932,1,1,1.0
87940,1,1,1.0
87955,1,1,1.0
87956,1,1,1.0
87961,1,1,1.0
87965,1,1,1.0
87966,1,1,1.0
87970,1,1,1.0
87973,1,1,1.0
87979,1,1,1.0
87989,1,1,1.0
87995,1,1,1.0
87997,1,1,1.0
87998,0,0,0.0
88005,1,1,1.0
88009,1,1,1.0
88020,1,1,1.0
88026,1,1,1.0
88031,1,1,1.0
88033,1,1,1.0
88035,1,1,1.0
88038,1,1,1.0
88041,1,1,1.0
88049,1,1,1.0
88053,1,1,1.0
88054,1,1,1.0
88056,1,1,1.0
88061,1,1,1.0
88072,1,1,1.0
88074,1,1,1.0
88075,1,1,1.0
88089,1,1,1.0
88093,1,1,1.0
88096,1,1,1.0
88097,1,1,1.0
88098,1,1,1.0
88104,1,1,1.0
88106,1,1,1.0
88107,1,1,1.0
88120,1,1,1.0
88136,1,1,1.0
88143,1,1,1.0
88159,1,1,1.0
88165,1,1,1.0
88174,1,1,1.0
88182,1,1,1.0
88183,1,1,1.0
88200,1,1,1.0
88204,1,1,1.0
88216,1,1,1.0
88218,1,1,1.0
88232,1,1,1.0
88237,1,1,1.0
88247,1,1,1.0
88249,1,1,1.0
88259,1,1,1.0
88261,1,1,1.0
88269,1,1,1.0
88281,1,1,1.0
88284,1,1,1.0
88289,1,1,1.0
88291,1,1,1.0
88293,1,1,1.0
88300,1,1,1.0
88303,1,1,1.0
88314,1,1,1.0
88315,1,1,1.0
88316,1,1,1.0
88323,1,1,1.0
88325,1,1,1.0
88331,1,1,1.0
88332,1,1,1.0
88333,1,1,1.0
88335,1,1,1.0
88349,1,1,1.0
88352,1,1,1.0
88356,1,1,1.0
88367,1,1,1.0
88369,1,1,1.0
88370,1,1,1.0
88371,1,1,1.0
88374,1,1,1.0
88375,1,1,1.0
88377,1,1,1.0
88378,1,1,1.0
88390,1,1,1.0
88391,1,1,1.0
88396,1,1,1.0
88398,1,1,1.0
88409,1,1,1.0
88422,1,1,1.0
88424,1,1,1.0
88432,1,1,1.0
88437,1,1,1.0
88438,1,1,1.0
88440,1,1,1.0
88444,1,1,1.0
88447,1,1,1.0
88454,1,1,1.0
88461,1,1,1.0
88464,1,1,1.0
88465,1,1,1.0
88478,1,1,1.0
88479,1,1,1.0
88495,1,1,1.0
88496,1,1,1.0
88500,1,1,1.0
88501,1,1,1.0
88502,1,1,1.0
88508,1,1,1.0
88510,1,1,1.0
88517,1,1,1.0
88523,1,1,1.0
88533,1,1,1.0
88537,1,1,1.0
88542,1,1,1.0
88543,0,0,0.0
88558,0,0,0.0
88567,1,1,1.0
88569,1,1,1.0
88571,1,1,1.0
88575,1,1,1.0
88578,1,1,1.0
88580,1,1,1.0
88585,1,1,1.0
88589,1,1,1.0
88592,1,1,1.0
88593,1,1,1.0
88594,1,1,1.0
88595,1,1,1.0
88611,1,1,1.0
88615,1,1,1.0
88620,1,1,1.0
88625,1,1,1.0
88626,1,1,1.0
88632,1,1,1.0
88637,1,1,1.0
88646,1,1,1.0
88647,1,1,1.0
88657,1,1,1.0
88658,1,1,1.0
88662,1,1,1.0
88666,1,1,1.0
88680,1,1,1.0
88681,1,1,1.0
88684,1,1,1.0
88685,1,1,1.0
88688,1,1,1.0
88689,1,1,1.0
88691,1,1,1.0
88696,1,1,1.0
88703,1,1,1.0
88704,1,1,1.0
88707,1,1,1.0
88710,1,1,1.0
88711,1,1,1.0
88714,1,1,1.0
88716,1,1,1.0
88717,1,1,1.0
88720,1,1,1.0
88729,1,1,1.0
88730,1,1,1.0
88732,1,1,1.0
88747,1,1,1.0
88752,1,1,1.0
88759,1,1,1.0
88760,1,1,1.0
88765,1,1,1.0
88767,1,1,1.0
88770,1,1,1.0
88773,1,1,1.0
88774,1,1,1.0
88777,1,1,1.0
88787,1,1,1.0
88788,1,1,1.0
88795,1,1,1.0
88800,1,1,1.0
88803,1,1,1.0
88807,1,1,1.0
88813,1,1,1.0
88816,1,1,1.0
88820,1,1,1.0
88821,1,1,1.0
88824,1,1,1.0
88827,0,0,0.0
88831,1,1,1.0
88834,1,1,1.0
88836,1,1,1.0
88845,1,1,1.0
88855,1,1,1.0
88858,1,1,1.0
88859,1,1,1.0
88861,1,1,1.0
88865,1,1,1.0
88869,1,1,1.0
88872,1,1,1.0
88876,1,1,1.0
88878,1,1,1.0
88879,1,1,1.0
88882,1,1,1.0
88891,1,1,1.0
88896,1,1,1.0
88901,1,1,1.0
88906,1,1,1.0
88908,1,1,1.0
88919,1,1,1.0
88921,1,1,1.0
88925,1,1,1.0
88928,1,1,1.0
88929,1,1,1.0
88933,1,1,1.0
88938,1,1,1.0
88941,1,1,1.0
88959,1,1,1.0
88970,1,1,1.0
88972,1,1,1.0
88981,1,1,1.0
88984,1,1,1.0
88997,1,1,1.0
88998,1,1,1.0
89002,1,1,1.0
89004,1,1,1.0
89006,1,1,1.0
89010,1,1,1.0
89029,1,1,1.0
89040,1,1,1.0
89044,1,1,1.0
89050,1,1,1.0
89051,1,1,1.0
89056,1,1,1.0
89057,1,1,1.0
89064,1,1,1.0
89073,1,1,1.0
89099,1,1,1.0
89106,1,1,1.0
89124,1,1,1.0
89127,1,1,1.0
89135,1,1,1.0
89137,1,1,1.0
89138,1,1,1.0
89146,1,1,1.0
89147,1,1,1.0
89158,1,1,1.0
89161,1,1,1.0
89169,1,1,1.0
89173,1,1,1.0
89177,1,1,1.0
89179,1,1,1.0
89180,1,1,1.0
89182,0,0,0.0
89188,1,1,1.0
89191,1,1,1.0
89202,1,1,1.0
89206,1,1,1.0
89212,1,1,1.0
89216,1,1,1.0
89217,1,1,1.0
89218,1,1,1.0
89226,1,1,1.0
89234,1,1,1.0
89238,1,1,1.0
89239,1,1,1.0
89249,1,1,1.0
89260,0,0,0.0
89266,0,0,0.0
89272,1,1,1.0
89273,1,1,1.0
89274,0,0,0.0
89275,0,0,0.0
89276,1,1,1.0
89283,1,1,1.0
89288,1,1,1.0
89296,1,1,1.0
89306,0,0,0.0
89311,1,1,1.0
89315,1,1,1.0
89317,1,1,1.0
89320,1,1,1.0
89321,1,1,1.0
89328,1,1,1.0
89332,0,0,0.0
89334,1,1,1.0
89339,1,1,1.0
89342,1,1,1.0
89349,1,1,1.0
89352,1,1,1.0
89353,1,1,1.0
89361,1,1,1.0
89362,1,1,1.0
89367,1,1,1.0
89373,1,1,1.0
89374,1,1,1.0
89377,1,1,1.0
89388,1,1,1.0
89395,1,1,1.0
89396,1,1,1.0
89402,1,1,1.0
89413,1,1,1.0
89424,1,1,1.0
89431,0,0,0.0
89436,1,1,1.0
89440,1,1,1.0
89441,1,1,1.0
89444,1,1,1.0
89455,0,0,0.0
89456,1,1,1.0
89460,1,1,1.0
89463,1,1,1.0
89472,0,0,0.0
89474,1,1,1.0
89475,1,1,1.0
89484,1,1,1.0
89487,1,1,1.0
89488,1,1,1.0
89489,1,1,1.0
89490,1,1,1.0
89492,1,1,1.0
89495,1,1,1.0
89506,1,1,1.0
89507,1,1,1.0
89509,1,1,1.0
89520,1,1,1.0
89528,1,1,1.0
89529,1,1,1.0
89537,1,1,1.0
89540,1,1,1.0
89542,1,1,1.0
89546,1,1,1.0
89559,1,1,1.0
89565,1,1,1.0
89568,1,1,1.0
89573,1,1,1.0
89577,1,1,1.0
89578,1,1,1.0
89581,1,1,1.0
89583,1,1,1.0
89588,1,1,1.0
89597,1,1,1.0
89604,1,1,1.0
89605,1,1,1.0
89607,1,1,1.0
89608,1,1,1.0
89609,1,1,1.0
89611,1,1,1.0
89613,1,1,1.0
89644,1,1,1.0
89647,1,1,1.0
89654,1,1,1.0
89655,1,1,1.0
89659,1,1,1.0
89663,1,1,1.0
89669,1,1,1.0
89672,1,1,1.0
89676,1,1,1.0
89684,1,1,1.0
89690,1,1,1.0
89701,1,1,1.0
89710,1,1,1.0
89714,1,1,1.0
89717,1,1,1.0
89718,1,1,1.0
89724,1,1,1.0
89726,1,1,1.0
89728,1,1,1.0
89732,1,1,1.0
89739,0,0,0.0
89749,1,1,1.0
89754,1,1,1.0
89755,1,1,1.0
89757,1,1,1.0
89759,1,1,1.0
89773,1,1,1.0
89784,1,1,1.0
89800,1,1,1.0
89801,1,1,1.0
89804,1,1,1.0
89805,1,1,1.0
89806,1,1,1.0
89818,0,0,0.0
89821,0,0,0.0
89831,1,1,1.0
89833,1,1,1.0
89834,1,1,1.0
89840,1,1,1.0
89851,1,1,1.0
89860,1,1,1.0
89864,1,1,1.0
89867,1,1,1.0
89869,1,1,1.0
89871,1,1,1.0
89872,1,1,1.0
89873,1,1,1.0
89874,1,1,1.0
89876,1,1,1.0
89884,1,1,1.0
89892,1,1,1.0
89894,1,1,1.0
89908,1,1,1.0
89909,1,1,1.0
89912,1,1,1.0
89919,1,1,1.0
89923,1,1,1.0
89924,1,1,1.0
89927,1,1,1.0
89941,1,1,1.0
89948,1,1,1.0
89951,1,1,1.0
89953,1,1,1.0
89957,1,1,1.0
89960,1,1,1.0
89963,1,1,1.0
89964,1,1,1.0
89966,1,1,1.0
89969,1,1,1.0
89972,1,1,1.0
89973,1,1,1.0
89975,1,1,1.0
89985,1,1,1.0
89986,1,1,1.0
89988,1,1,1.0
89992,1,1,1.0
89998,0,0,0.0
90001,0,0,0.0
90007,1,1,1.0
90009,1,1,1.0
90012,1,1,1.0
90013,0,0,0.0
90014,0,0,0.0
90028,1,1,1.0
90032,1,1,1.0
90034,1,1,1.0
90041,1,1,1.0
90043,1,1,1.0
90063,1,1,1.0
90073,1,1,1.0
90085,1,1,1.0
90086,1,1,1.0
90097,1,1,1.0
90103,1,1,1.0
90105,1,1,1.0
90114,1,1,1.0
90129,1,1,1.0
90133,1,1,1.0
90138,1,1,1.0
90146,1,1,1.0
90167,0,0,0.0
90168,1,1,1.0
90172,1,1,1.0
90173,1,1,1.0
90174,1,1,1.0
90189,0,0,0.0
90190,1,1,1.0
90195,0,0,0.0
90200,1,1,1.0
90203,0,0,0.0
90208,1,1,1.0
90210,1,1,1.0
90215,0,0,0.0
90221,1,1,1.0
90225,1,1,1.0
90232,1,1,1.0
90233,1,1,1.0
90236,1,1,1.0
90239,1,1,1.0
90265,1,1,1.0
90266,1,1,1.0
90282,1,1,1.0
90283,1,1,1.0
90288,1,1,1.0
90295,1,1,1.0
90298,1,1,1.0
90305,1,1,1.0
90310,1,1,1.0
90314,1,1,1.0
90342,1,1,1.0
90344,1,1,1.0
90345,1,1,1.0
90349,1,1,1.0
90350,1,1,1.0
90352,1,1,1.0
90354,1,1,1.0
90355,1,1,1.0
90357,1,1,1.0
90359,1,1,1.0
90362,1,1,1.0
90363,0,0,0.0
90369,1,1,1.0
90392,1,1,1.0
90396,1,1,1.0
90399,1,1,1.0
90402,1,1,1.0
90410,1,1,1.0
90415,1,1,1.0
90418,1,1,1.0
90420,1,1,1.0
90421,1,1,1.0
90427,1,1,1.0
90430,1,1,1.0
90436,1,1,1.0
90450,1,1,1.0
90454,1,1,1.0
90461,1,1,1.0
90469,1,1,1.0
90485,1,1,1.0
90487,1,1,1.0
90493,1,1,1.0
90495,1,1,1.0
90498,1,1,1.0
90502,1,1,1.0
90505,1,1,1.0
90511,1,1,1.0
90521,1,1,1.0
90522,1,1,1.0
90527,1,1,1.0
90530,1,1,1.0
90531,1,1,1.0
90534,1,1,1.0
90551,0,0,0.0
90553,1,1,1.0
90554,1,1,1.0
90555,1,1,1.0
90559,1,1,1.0
90565,1,1,1.0
90571,1,1,1.0
90574,1,1,1.0
90585,1,1,1.0
90602,1,1,1.0
90615,1,1,1.0
90622,1,1,1.0
90624,1,1,1.0
90657,1,1,1.0
90660,1,1,1.0
90666,1,1,1.0
90668,1,1,1.0
90682,1,1,1.0
90688,1,1,1.0
90690,1,1,1.0
90691,1,1,1.0
90692,1,1,1.0
90693,1,1,1.0
90702,1,1,1.0
90708,1,1,1.0
90716,1,1,1.0
90731,1,1,1.0
90740,1,1,1.0
90741,1,1,1.0
90744,0,0,0.0
90745,0,0,0.0
90746,1,1,1.0
90749,1,1,1.0
90753,1,1,1.0
90759,1,1,1.0
90761,1,1,1.0
90764,1,1,1.0
90767,1,1,1.0
90772,1,1,1.0
90773,1,1,1.0
90781,1,1,1.0
90782,1,1,1.0
90783,1,1,1.0
90787,1,1,1.0
90796,1,1,1.0
90800,1,1,1.0
90803,1,1,1.0
90821,1,1,1.0
90824,1,1,1.0
90825,1,1,1.0
90830,1,1,1.0
90832,1,1,1.0
90834,1,1,1.0
90839,1,1,1.0
90840,1,1,1.0
90841,1,1,1.0
90850,1,1,1.0
90851,1,1,1.0
90858,1,1,1.0
90862,1,1,1.0
90871,1,1,1.0
90873,1,1,1.0
90874,1,1,1.0
90880,1,1,1.0
90881,1,1,1.0
90891,1,1,1.0
90894,1,1,1.0
90896,1,1,1.0
90900,1,1,1.0
90902,0,0,0.0
90907,0,0,0.0
90910,0,0,0.0
90912,1,1,1.0
90917,1,1,1.0
90936,1,1,1.0
90937,1,1,1.0
90938,1,1,1.0
90955,1,1,1.0
90956,1,1,1.0
90985,1,1,1.0
90986,1,1,1.0
90987,1,1,1.0
90992,1,1,1.0
90997,1,1,1.0
91000,1,1,1.0
91003,0,0,0.0
91011,1,1,1.0
91020,1,1,1.0
91024,1,1,1.0
91026,1,1,1.0
91041,1,1,1.0
91042,1,1,1.0
91043,1,1,1.0
91057,1,1,1.0
91058,1,1,1.0
91064,1,1,1.0
91066,1,1,1.0
91070,1,1,1.0
91071,1,1,1.0
91073,1,1,1.0
91078,1,1,1.0
91096,1,1,1.0
91098,1,1,1.0
91107,1,1,1.0
91114,1,1,1.0
91116,1,1,1.0
91118,1,1,1.0
91126,1,1,1.0
91131,1,1,1.0
91132,1,1,1.0
91135,1,1,1.0
91138,1,1,1.0
91142,1,1,1.0
91144,1,1,1.0
91145,1,1,1.0
91148,1,1,1.0
91155,1,1,1.0
91162,1,1,1.0
91165,1,1,1.0
91169,1,1,1.0
91175,1,1,1.0
91176,1,1,1.0
91180,1,1,1.0
91186,1,1,1.0
91188,1,1,1.0
91196,1,1,1.0
91199,1,1,1.0
91205,1,1,1.0
91209,1,1,1.0
91216,1,1,1.0
91220,1,1,1.0
91224,1,1,1.0
91229,1,1,1.0
91235,1,1,1.0
91239,1,1,1.0
91250,1,1,1.0
91259,1,1,1.0
91262,1,1,1.0
91268,0,0,0.0
91271,1,1,1.0
91272,0,0,0.0
91275,1,1,1.0
91280,1,1,1.0
91291,1,1,1.0
91292,1,1,1.0
91299,1,1,1.0
91304,1,1,1.0
91305,1,1,1.0
91307,1,1,1.0
91312,1,1,1.0
91323,1,1,1.0
91326,1,1,1.0
91329,1,1,1.0
91337,1,1,1.0
91357,1,1,1.0
91361,1,1,1.0
91365,1,1,1.0
91367,1,1,1.0
91370,1,1,1.0
91371,1,1,1.0
91384,1,1,1.0
91385,1,1,1.0
91386,1,1,1.0
91388,1,1,1.0
91400,1,1,1.0
91405,1,1,1.0
91410,1,1,1.0
91416,1,1,1.0
91428,1,1,1.0
91429,1,1,1.0
91444,1,1,1.0
91457,1,1,1.0
91469,0,0,0.0
91473,1,1,1.0
91474,1,1,1.0
91482,1,1,1.0
91489,1,1,1.0
91493,1,1,1.0
91507,1,1,1.0
91532,1,1,1.0
91535,0,0,0.0
91536,1,1,1.0
91552,1,1,1.0
91554,1,1,1.0
91556,1,1,1.0
91570,1,1,1.0
91573,1,1,1.0
91580,1,1,1.0
91587,1,1,1.0
91593,1,1,1.0
91600,1,1,1.0
91602,1,1,1.0
91603,1,1,1.0
91604,1,1,1.0
91607,1,1,1.0
91608,1,1,1.0
91610,1,1,1.0
91611,1,1,1.0
91612,1,1,1.0
91614,1,1,1.0
91616,1,1,1.0
91621,1,1,1.0
91626,1,1,1.0
91627,1,1,1.0
91628,1,1,1.0
91635,1,1,1.0
91636,0,0,0.0
91643,1,1,1.0
91644,1,1,1.0
91646,1,1,1.0
91649,1,1,1.0
91650,1,1,1.0
91677,1,1,1.0
91681,1,1,1.0
91690,1,1,1.0
91707,1,1,1.0
91708,1,1,1.0
91711,1,1,1.0
91712,1,1,1.0
91717,1,1,1.0
91739,1,1,1.0
91758,1,1,1.0
91762,1,1,1.0
91767,1,1,1.0
91770,1,1,1.0
91772,1,1,1.0
91777,1,1,1.0
91784,1,1,1.0
91785,1,1,1.0
91789,1,1,1.0
91793,1,1,1.0
91800,1,1,1.0
91803,1,1,1.0
91809,1,1,1.0
91813,0,0,0.0
91820,1,1,1.0
91826,1,1,1.0
91835,1,1,1.0
91837,1,1,1.0
91841,1,1,1.0
91854,1,1,1.0
91857,1,1,1.0
91861,1,1,1.0
91864,1,1,1.0
91873,1,1,1.0
91876,1,1,1.0
91885,1,1,1.0
91886,1,1,1.0
91904,1,1,1.0
91905,1,1,1.0
91909,1,1,1.0
91914,1,1,1.0
91929,1,1,1.0
91933,1,1,1.0
91937,1,1,1.0
91944,1,1,1.0
91947,1,1,1.0
91956,1,1,1.0
91962,1,1,1.0
91964,1,1,1.0
91973,1,1,1.0
91977,1,1,1.0
91982,1,1,1.0
91984,1,1,1.0
91987,0,0,0.0
91993,0,0,0.0
91994,1,1,1.0
91996,0,0,0.0
91998,0,0,0.0
92007,1,1,1.0
92012,1,1,1.0
92013,1,1,1.0
92016,0,0,0.0
92025,1,1,1.0
92033,1,1,1.0
92036,1,1,1.0
92040,1,1,1.0
92041,1,1,1.0
92043,1,1,1.0
92048,1,1,1.0
92055,1,1,1.0
92057,1,1,1.0
92062,1,1,1.0
92070,1,1,1.0
92076,1,1,1.0
92078,1,1,1.0
92089,1,1,1.0
92100,1,1,1.0
92102,1,1,1.0
92109,1,1,1.0
92112,1,1,1.0
92126,1,1,1.0
92132,1,1,1.0
92133,1,1,1.0
92134,1,1,1.0
92137,1,1,1.0
92148,1,1,1.0
92157,1,1,1.0
92158,1,1,1.0
92180,1,1,1.0
92192,1,1,1.0
92194,1,1,1.0
92203,1,1,1.0
92204,1,1,1.0
92205,1,1,1.0
92207,1,1,1.0
92208,1,1,1.0
92214,1,1,1.0
92220,1,1,1.0
92224,1,1,1.0
92225,1,1,1.0
92231,1,1,1.0
92232,1,1,1.0
92234,1,1,1.0
92236,1,1,1.0
92249,1,1,1.0
92254,1,1,1.0
92256,1,1,1.0
92257,1,1,1.0
92264,1,1,1.0
92267,1,1,1.0
92268,1,1,1.0
92275,1,1,1.0
92281,1,1,1.0
92284,1,1,1.0
92291,1,1,1.0
92295,1,1,1.0
92301,1,1,1.0
92303,1,1,1.0
92305,1,1,1.0
92306,1,1,1.0
92310,1,1,1.0
92317,1,1,1.0
92324,1,1,1.0
92328,1,1,1.0
92330,1,1,1.0
92340,1,1,1.0
92341,1,1,1.0
92345,1,1,1.0
92347,1,1,1.0
92354,1,1,1.0
92359,0,0,0.0
92367,1,1,1.0
92373,1,1,1.0
92374,1,1,1.0
92377,1,1,1.0
92388,1,1,1.0
92399,1,1,1.0
92401,1,1,1.0
92406,1,1,1.0
92409,1,1,1.0
92410,1,1,1.0
92411,1,1,1.0
92414,1,1,1.0
92419,1,1,1.0
92420,1,1,1.0
92424,1,1,1.0
92431,1,1,1.0
92435,1,1,1.0
92438,1,1,1.0
92441,1,1,1.0
92442,1,1,1.0
92443,1,1,1.0
92448,1,1,1.0
92454,1,1,1.0
92465,1,1,1.0
92473,1,1,1.0
92477,1,1,1.0
92481,1,1,1.0
92482,1,1,1.0
92483,1,1,1.0
92493,1,1,1.0
92495,1,1,1.0
92496,1,1,1.0
92500,1,1,1.0
92501,1,1,1.0
92505,1,1,1.0
92506,1,1,1.0
92511,1,1,1.0
92517,1,1,1.0
92521,1,1,1.0
92525,1,1,1.0
92529,1,1,1.0
92535,1,1,1.0
92536,1,1,1.0
92555,1,1,1.0
92556,1,1,1.0
92558,1,1,1.0
92564,1,1,1.0
92565,1,1,1.0
92574,1,1,1.0
92576,1,1,1.0
92586,1,1,1.0
92601,1,1,1.0
92602,1,1,1.0
92603,1,1,1.0
92612,1,1,1.0
92614,1,1,1.0
92622,1,1,1.0
92627,1,1,1.0
92630,1,1,1.0
92636,1,1,1.0
92639,1,1,1.0
92642,1,1,1.0
92644,1,1,1.0
92647,1,1,1.0
92653,1,1,1.0
92655,1,1,1.0
92658,1,1,1.0
92671,1,1,1.0
92674,1,1,1.0
92675,1,1,1.0
92686,1,1,1.0
92693,1,1,1.0
92699,1,1,1.0
92703,1,1,1.0
92704,1,1,1.0
92715,1,1,1.0
92718,1,1,1.0
92724,1,1,1.0
92729,0,0,0.0
92731,1,1,1.0
92739,1,1,1.0
92741,1,1,1.0
92746,1,1,1.0
92750,1,1,1.0
92752,1,1,1.0
92753,1,1,1.0
92756,1,1,1.0
92775,1,1,1.0
92776,1,1,1.0
92777,1,1,1.0
92783,1,1,1.0
92789,1,1,1.0
92790,1,1,1.0
92793,1,1,1.0
92794,1,1,1.0
92796,1,1,1.0
92812,1,1,1.0
92816,1,1,1.0
92819,1,1,1.0
92825,0,0,0.0
92827,1,1,1.0
92828,1,1,1.0
92839,1,1,1.0
92842,1,1,1.0
92859,1,1,1.0
92860,1,1,1.0
92863,1,1,1.0
92879,1,1,1.0
92883,1,1,1.0
92891,1,1,1.0
92895,1,1,1.0
92900,1,1,1.0
92901,1,1,1.0
92910,0,0,0.0
92914,1,1,1.0
92922,1,1,1.0
92925,1,1,1.0
92937,1,1,1.0
92941,1,1,1.0
92946,1,1,1.0
92952,1,1,1.0
92953,1,1,1.0
92955,1,1,1.0
92966,1,1,1.0
92982,1,1,1.0
92985,1,1,1.0
92987,1,1,1.0
92992,1,1,1.0
92998,1,1,1.0
93002,1,1,1.0
93008,1,1,1.0
93010,1,1,1.0
93011,1,1,1.0
93021,1,1,1.0
93024,1,1,1.0
93035,1,1,1.0
93038,1,1,1.0
93054,1,1,1.0
93058,1,1,1.0
93061,1,1,1.0
93065,1,1,1.0
93066,1,1,1.0
93067,1,1,1.0
93068,1,1,1.0
93073,1,1,1.0
93075,1,1,1.0
93080,1,1,1.0
93081,1,1,1.0
93084,0,0,0.0
93086,1,1,1.0
93094,1,1,1.0
93097,1,1,1.0
93101,1,1,1.0
93123,1,1,1.0
93125,1,1,1.0
93131,1,1,1.0
93136,1,1,1.0
93138,1,1,1.0
93156,1,1,1.0
93175,1,1,1.0
93180,1,1,1.0
93190,1,1,1.0
93195,1,1,1.0
93201,1,1,1.0
93204,1,1,1.0
93206,1,1,1.0
93207,1,1,1.0
93209,1,1,1.0
93225,1,1,1.0
93232,1,1,1.0
93238,1,1,1.0
93242,1,1,1.0
93243,1,1,1.0
93246,1,1,1.0
93252,1,1,1.0
93255,1,1,1.0
93256,1,1,1.0
93265,1,1,1.0
93274,1,1,1.0
93275,1,1,1.0
93280,1,1,1.0
93294,1,1,1.0
93296,1,1,1.0
93299,1,1,1.0
93301,1,1,1.0
93315,1,1,1.0
93316,1,1,1.0
93319,1,1,1.0
93329,1,1,1.0
93336,1,1,1.0
93337,1,1,1.0
93338,1,1,1.0
93340,1,1,1.0
93348,1,1,1.0
93351,1,1,1.0
93353,1,1,1.0
93355,1,1,1.0
93362,1,1,1.0
93366,1,1,1.0
93369,1,1,1.0
93372,1,1,1.0
93373,1,1,1.0
93375,1,1,1.0
93378,1,1,1.0
93380,0,0,0.0
93385,1,1,1.0
93392,1,1,1.0
93397,1,1,1.0
93399,1,1,1.0
93405,1,1,1.0
93411,1,1,1.0
93412,1,1,1.0
93420,1,1,1.0
93422,1,1,1.0
93425,1,1,1.0
93439,1,1,1.0
93442,1,1,1.0
93451,0,0,0.0
93453,0,0,0.0
93461,1,1,1.0
93466,1,1,1.0
93467,1,1,1.0
93471,1,1,1.0
93481,1,1,1.0
93483,1,1,1.0
93489,1,1,1.0
93497,1,1,1.0
93502,1,1,1.0
93510,1,1,1.0
93511,1,1,1.0
93512,1,1,1.0
93517,1,1,1.0
93520,1,1,1.0
93521,1,1,1.0
93528,1,1,1.0
93530,1,1,1.0
93533,1,1,1.0
93536,1,1,1.0
93539,1,1,1.0
93542,1,1,1.0
93548,1,1,1.0
93566,1,1,1.0
93577,1,1,1.0
93578,1,1,1.0
93579,1,1,1.0
93581,1,1,1.0
93587,1,1,1.0
93588,1,1,1.0
93605,1,1,1.0
93608,1,1,1.0
93611,1,1,1.0
93615,1,1,1.0
93623,1,1,1.0
93626,1,1,1.0
93627,1,1,1.0
93639,1,1,1.0
93646,1,1,1.0
93655,1,1,1.0
93656,1,1,1.0
93660,1,1,1.0
93661,1,1,1.0
93665,1,1,1.0
93670,1,1,1.0
93675,1,1,1.0
93678,1,1,1.0
93680,1,1,1.0
93683,1,1,1.0
93698,1,1,1.0
93699,1,1,1.0
93704,1,1,1.0
93705,1,1,1.0
93713,1,1,1.0
93734,1,1,1.0
93736,1,1,1.0
93738,1,1,1.0
93740,1,1,1.0
93742,1,1,1.0
93754,1,1,1.0
93764,1,1,1.0
93765,1,1,1.0
93770,1,1,1.0
93776,1,1,1.0
93778,1,1,1.0
93783,1,1,1.0
93786,1,1,1.0
93787,1,1,1.0
93791,1,1,1.0
93796,1,1,1.0
93797,1,1,1.0
93804,1,1,1.0
93827,1,1,1.0
93833,1,1,1.0
93838,0,0,0.0
93840,1,1,1.0
93843,1,1,1.0
93851,1,1,1.0
93854,1,1,1.0
93861,1,1,1.0
93862,1,1,1.0
93865,1,1,1.0
93867,1,1,1.0
93868,1,1,1.0
93878,1,1,1.0
93904,1,1,1.0
93908,1,1,1.0
93911,1,1,1.0
93912,1,1,1.0
93918,1,1,1.0
93924,1,1,1.0
93936,1,1,1.0
93941,1,1,1.0
93942,1,1,1.0
93950,1,1,1.0
93956,1,1,1.0
93961,1,1,1.0
93967,1,1,1.0
93973,1,1,1.0
93975,1,1,1.0
93978,1,1,1.0
93981,1,1,1.0
93983,1,1,1.0
93988,1,1,1.0
93993,0,0,0.0
93995,0,0,0.0
93997,1,1,1.0
93998,0,0,0.0
94001,0,0,0.0
94004,1,1,1.0
94007,1,1,1.0
94019,0,0,0.0
94027,1,1,1.0
94033,1,1,1.0
94049,1,1,1.0
94060,1,1,1.0
94072,1,1,1.0
94074,1,1,1.0
94078,1,1,1.0
94083,1,1,1.0
94096,1,1,1.0
94100,1,1,1.0
94103,1,1,1.0
94111,1,1,1.0
94113,1,1,1.0
94131,1,1,1.0
94141,1,1,1.0
94143,1,1,1.0
94146,1,1,1.0
94149,1,1,1.0
94153,1,1,1.0
94158,1,1,1.0
94159,1,1,1.0
94162,1,1,1.0
94163,1,1,1.0
94165,1,1,1.0
94168,1,1,1.0
94175,0,0,0.0
94184,1,1,1.0
94189,1,1,1.0
94193,1,1,1.0
94194,0,0,0.0
94198,1,1,1.0
94199,1,1,1.0
94207,1,1,1.0
94222,1,1,1.0
94226,1,1,1.0
94235,1,1,1.0
94238,1,1,1.0
94246,1,1,1.0
94248,1,1,1.0
94251,1,1,1.0
94252,1,1,1.0
94253,1,1,1.0
94263,1,1,1.0
94266,1,1,1.0
94269,1,1,1.0
94271,1,1,1.0
94282,1,1,1.0
94287,0,0,0.0
94288,1,1,1.0
94289,1,1,1.0
94296,1,1,1.0
94299,1,1,1.0
94302,1,1,1.0
94304,1,1,1.0
94309,1,1,1.0
94312,1,1,1.0
94331,1,1,1.0
94334,1,1,1.0
94336,1,1,1.0
94340,1,1,1.0
94342,1,1,1.0
94344,1,1,1.0
94346,1,1,1.0
94354,1,1,1.0
94366,0,0,0.0
94367,1,1,1.0
94378,1,1,1.0
94383,1,1,1.0
94384,1,1,1.0
94388,1,1,1.0
94391,1,1,1.0
94394,1,1,1.0
94395,1,1,1.0
94399,1,1,1.0
94402,1,1,1.0
94406,1,1,1.0
94409,1,1,1.0
94414,1,1,1.0
94415,1,1,1.0
94419,1,1,1.0
94421,1,1,1.0
94426,1,1,1.0
94429,1,1,1.0
94432,1,1,1.0
94433,1,1,1.0
94435,1,1,1.0
94440,1,1,1.0
94441,1,1,1.0
94445,1,1,1.0
94447,1,1,1.0
94451,1,1,1.0
94452,1,1,1.0
94459,1,1,1.0
94462,1,1,1.0
94477,1,1,1.0
94479,1,1,1.0
94483,1,1,1.0
94490,1,1,1.0
94492,1,1,1.0
94495,1,1,1.0
94498,1,1,1.0
94503,1,1,1.0
94510,1,1,1.0
94516,1,1,1.0
94518,1,1,1.0
94524,1,1,1.0
94526,1,1,1.0
94534,1,1,1.0
94535,1,1,1.0
94537,1,1,1.0
94543,0,0,0.0
94544,1,1,1.0
94552,1,1,1.0
94555,1,1,1.0
94557,0,0,0.0
94560,1,1,1.0
94562,1,1,1.0
94575,1,1,1.0
94586,1,1,1.0
94587,1,1,1.0
94588,1,1,1.0
94589,1,1,1.0
94592,1,1,1.0
94608,1,1,1.0
94616,1,1,1.0
94622,1,1,1.0
94626,1,1,1.0
94628,1,1,1.0
94633,1,1,1.0
94636,1,1,1.0
94639,1,1,1.0
94645,1,1,1.0
94647,1,1,1.0
94656,1,1,1.0
94662,1,1,1.0
94677,1,1,1.0
94684,1,1,1.0
94685,1,1,1.0
94689,1,1,1.0
94704,1,1,1.0
94707,1,1,1.0
94708,1,1,1.0
94718,1,1,1.0
94723,1,1,1.0
94724,0,0,0.0
94732,1,1,1.0
94734,1,1,1.0
94735,1,1,1.0
94738,1,1,1.0
94741,0,0,0.0
94760,1,1,1.0
94762,1,1,1.0
94764,0,0,0.0
94767,1,1,1.0
94772,1,1,1.0
94774,1,1,1.0
94778,1,1,1.0
94780,1,1,1.0
94786,1,1,1.0
94791,1,1,1.0
94794,1,1,1.0
94796,1,1,1.0
94802,1,1,1.0
94803,1,1,1.0
94806,1,1,1.0
94815,1,1,1.0
94824,1,1,1.0
94825,1,1,1.0
94835,1,1,1.0
94838,1,1,1.0
94842,1,1,1.0
94845,1,1,1.0
94847,1,1,1.0
94856,1,1,1.0
94860,1,1,1.0
94862,1,1,1.0
94864,1,1,1.0
94873,1,1,1.0
94877,1,1,1.0
94881,1,1,1.0
94889,1,1,1.0
94891,1,1,1.0
94892,1,1,1.0
94893,1,1,1.0
94896,1,1,1.0
94897,1,1,1.0
94902,0,0,0.0
94904,1,1,1.0
94911,1,1,1.0
94912,1,1,1.0
94915,1,1,1.0
94918,1,1,1.0
94920,1,1,1.0
94922,1,1,1.0
94927,1,1,1.0
94933,1,1,1.0
94934,1,1,1.0
94945,1,1,1.0
94948,1,1,1.0
94949,0,0,0.0
94953,1,1,1.0
94957,1,1,1.0
94973,1,1,1.0
94975,1,1,1.0
94980,1,1,1.0
94984,1,1,1.0
94985,1,1,1.0
94989,1,1,1.0
95012,1,1,1.0
95015,1,1,1.0
95025,1,1,1.0
95028,1,1,1.0
95032,1,1,1.0
95042,1,1,1.0
95045,1,1,1.0
95046,1,1,1.0
95053,1,1,1.0
95056,1,1,1.0
95062,1,1,1.0
95065,1,1,1.0
95071,1,1,1.0
95075,1,1,1.0
95081,1,1,1.0
95085,0,0,0.0
95088,0,0,0.0
95090,0,0,0.0
95092,1,1,1.0
95101,1,1,1.0
95104,0,0,0.0
95107,1,1,1.0
95113,1,1,1.0
95116,1,1,1.0
95117,1,1,1.0
95122,1,1,1.0
95127,1,1,1.0
95130,1,1,1.0
95133,1,1,1.0
95136,1,1,1.0
95145,1,1,1.0
95151,1,1,1.0
95152,1,1,1.0
95153,1,1,1.0
95176,1,1,1.0
95177,1,1,1.0
95179,1,1,1.0
95181,1,1,1.0
95189,1,1,1.0
95194,1,1,1.0
95198,1,1,1.0
95203,1,1,1.0
95208,1,1,1.0
95212,0,0,0.0
95214,1,1,1.0
95215,1,1,1.0
95224,1,1,1.0
95225,1,1,1.0
95226,1,1,1.0
95232,1,1,1.0
95252,1,1,1.0
95263,1,1,1.0
95269,1,1,1.0
95270,0,0,0.0
95272,0,0,0.0
95275,0,0,0.0
95279,1,1,1.0
95280,1,1,1.0
95283,1,1,1.0
95284,1,1,1.0
95286,1,1,1.0
95297,1,1,1.0
95302,1,1,1.0
95305,1,1,1.0
95306,1,1,1.0
95308,1,1,1.0
95323,1,1,1.0
95335,1,1,1.0
95336,1,1,1.0
95347,1,1,1.0
95349,1,1,1.0
95352,1,1,1.0
95354,1,1,1.0
95356,1,1,1.0
95357,1,1,1.0
95358,1,1,1.0
95363,1,1,1.0
95373,1,1,1.0
95382,1,1,1.0
95390,1,1,1.0
95396,1,1,1.0
95404,1,1,1.0
95412,1,1,1.0
95415,1,1,1.0
95418,1,1,1.0
95427,1,1,1.0
95432,1,1,1.0
95441,1,1,1.0
95443,1,1,1.0
95446,1,1,1.0
95457,1,1,1.0
95459,1,1,1.0
95468,0,0,0.0
95470,1,1,1.0
95472,1,1,1.0
95473,1,1,1.0
95474,1,1,1.0
95476,1,1,1.0
95481,1,1,1.0
95490,1,1,1.0
95491,1,1,1.0
95496,1,1,1.0
95499,1,1,1.0
95510,1,1,1.0
95512,1,1,1.0
95529,1,1,1.0
95532,1,1,1.0
95538,1,1,1.0
95551,1,1,1.0
95565,1,1,1.0
95571,1,1,1.0
95576,1,1,1.0
95579,1,1,1.0
95584,1,1,1.0
95586,1,1,1.0
95588,1,1,1.0
95594,1,1,1.0
95596,1,1,1.0
95598,1,1,1.0
95600,1,1,1.0
95606,1,1,1.0
95611,1,1,1.0
95615,1,1,1.0
95627,1,1,1.0
95650,0,0,0.0
95662,1,1,1.0
95666,1,1,1.0
95681,1,1,1.0
95684,1,1,1.0
95695,1,1,1.0
95697,1,1,1.0
95699,1,1,1.0
95708,1,1,1.0
95709,1,1,1.0
95710,1,1,1.0
95712,1,1,1.0
95725,1,1,1.0
95729,1,1,1.0
95738,1,1,1.0
95739,1,1,1.0
95741,1,1,1.0
95744,1,1,1.0
95752,1,1,1.0
95757,1,1,1.0
95759,1,1,1.0
95761,1,1,1.0
95766,1,1,1.0
95779,1,1,1.0
95785,1,1,1.0
95788,1,1,1.0
95791,1,1,1.0
95794,1,1,1.0
95796,1,1,1.0
95797,1,1,1.0
95805,1,1,1.0
95811,1,1,1.0
95819,0,0,0.0
95821,0,0,0.0
95823,1,1,1.0
95824,1,1,1.0
95825,1,1,1.0
95828,1,1,1.0
95831,1,1,1.0
95832,1,1,1.0
95836,1,1,1.0
95837,1,1,1.0
95847,1,1,1.0
95849,1,1,1.0
95869,1,1,1.0
95879,1,1,1.0
95882,1,1,1.0
95884,1,1,1.0
95886,1,1,1.0
95888,1,1,1.0
95893,0,0,0.0
95895,1,1,1.0
95899,1,1,1.0
95900,1,1,1.0
95901,1,1,1.0
95903,1,1,1.0
95905,1,1,1.0
95916,1,1,1.0
95918,1,1,1.0
95919,1,1,1.0
95931,1,1,1.0
95943,1,1,1.0
95948,1,1,1.0
95952,1,1,1.0
95954,1,1,1.0
95956,1,1,1.0
95961,1,1,1.0
95963,1,1,1.0
95965,1,1,1.0
95970,1,1,1.0
95974,1,1,1.0
95978,1,1,1.0
95981,1,1,1.0
95990,1,1,1.0
95994,1,1,1.0
96006,1,1,1.0
96012,1,1,1.0
96020,1,1,1.0
96025,1,1,1.0
96027,1,1,1.0
96029,1,1,1.0
96039,1,1,1.0
96040,1,1,1.0
96044,1,1,1.0
96046,1,1,1.0
96048,1,1,1.0
96054,1,1,1.0
96055,1,1,1.0
96060,1,1,1.0
96071,1,1,1.0
96075,1,1,1.0
96076,1,1,1.0
96077,1,1,1.0
96083,1,1,1.0
96090,1,1,1.0
96093,1,1,1.0
96098,1,1,1.0
96106,1,1,1.0
96116,1,1,1.0
96129,1,1,1.0
96135,1,1,1.0
96139,1,1,1.0
96142,1,1,1.0
96154,1,1,1.0
96158,1,1,1.0
96175,1,1,1.0
96179,1,1,1.0
96189,1,1,1.0
96190,1,1,1.0
96197,1,1,1.0
96201,1,1,1.0
96207,1,1,1.0
96209,1,1,1.0
96216,1,1,1.0
96217,1,1,1.0
96218,1,1,1.0
96224,1,1,1.0
96227,1,1,1.0
96236,1,1,1.0
96247,1,1,1.0
96255,1,1,1.0
96260,1,1,1.0
96263,1,1,1.0
96264,1,1,1.0
96281,1,1,1.0
96286,1,1,1.0
96292,1,1,1.0
96298,1,1,1.0
96303,1,1,1.0
96305,1,1,1.0
96308,1,1,1.0
96317,1,1,1.0
96320,1,1,1.0
96331,1,1,1.0
96332,1,1,1.0
96336,1,1,1.0
96338,1,1,1.0
96340,1,1,1.0
96349,1,1,1.0
96352,1,1,1.0
96354,1,1,1.0
96355,1,1,1.0
96358,0,0,0.0
96362,1,1,1.0
96369,1,1,1.0
96379,0,0,0.0
96384,1,1,1.0
96388,1,1,1.0
96392,1,1,1.0
96397,1,1,1.0
96404,1,1,1.0
96429,1,1,1.0
96432,1,1,1.0
96439,1,1,1.0
96442,1,1,1.0
96445,1,1,1.0
96446,1,1,1.0
96452,1,1,1.0
96455,1,1,1.0
96457,1,1,1.0
96463,1,1,1.0
96470,1,1,1.0
96477,1,1,1.0
96490,1,1,1.0
96491,1,1,1.0
96498,1,1,1.0
96503,1,1,1.0
96507,1,1,1.0
96518,1,1,1.0
96520,1,1,1.0
96521,1,1,1.0
96530,1,1,1.0
96533,1,1,1.0
96534,1,1,1.0
96536,1,1,1.0
96537,1,1,1.0
96540,0,0,0.0
96542,0,0,0.0
96563,1,1,1.0
96565,1,1,1.0
96566,1,1,1.0
96570,1,1,1.0
96572,1,1,1.0
96582,1,1,1.0
96586,1,1,1.0
96588,1,1,1.0
96589,1,1,1.0
96591,1,1,1.0
96594,1,1,1.0
96595,1,1,1.0
96599,1,1,1.0
96603,1,1,1.0
96610,1,1,1.0
96629,1,1,1.0
96632,1,1,1.0
96641,1,1,1.0
96648,1,1,1.0
96654,1,1,1.0
96656,1,1,1.0
96659,1,1,1.0
96665,1,1,1.0
96667,1,1,1.0
96673,1,1,1.0
96674,1,1,1.0
96676,1,1,1.0
96682,1,1,1.0
96685,1,1,1.0
96687,1,1,1.0
96688,1,1,1.0
96693,1,1,1.0
96697,1,1,1.0
96704,1,1,1.0
96709,1,1,1.0
96710,1,1,1.0
96713,1,1,1.0
96714,1,1,1.0
96715,1,1,1.0
96723,0,0,0.0
96725,0,0,0.0
96733,1,1,1.0
96740,1,1,1.0
96746,1,1,1.0
96747,1,1,1.0
96752,1,1,1.0
96758,1,1,1.0
96777,0,0,0.0
96790,0,0,0.0
96796,0,0,0.0
96802,0,0,0.0
96805,0,0,0.0
96808,0,0,0.0
96810,0,0,0.0
96814,0,0,0.0
96815,0,0,0.0
96817,0,0,0.0
96819,0,0,0.0
96825,0,0,0.0
96832,0,0,0.0
96839,0,0,0.0
96847,0,0,0.0
96850,0,0,0.0
96854,0,0,0.0
96869,0,0,0.0
96874,0,0,0.0
96879,0,0,0.0
96885,0,0,0.0
96887,0,0,0.0
96905,0,0,0.0
96907,0,0,0.0
96909,0,0,0.0
96911,0,0,0.0
96914,0,0,0.0
96921,0,0,0.0
96922,0,0,0.0
96927,0,0,0.0
96930,0,0,0.0
96934,0,0,0.0
96939,0,0,0.0
96946,0,0,0.0
96954,0,0,0.0
96960,0,0,0.0
96966,0,0,0.0
96973,0,0,0.0
96975,0,0,0.0
96978,0,0,0.0
96989,0,0,0.0
96990,0,0,0.0
96991,0,0,0.0
97000,0,0,0.0
97004,0,0,0.0
97007,0,0,0.0
97010,0,0,0.0
97011,0,0,0.0
97018,0,0,0.0
97021,1,0,0.0
97024,0,0,0.0
97033,0,0,0.0
97044,0,0,0.0
97046,0,0,0.0
97047,0,0,0.0
97055,0,0,0.0
97056,0,0,0.0
97057,0,0,0.0
97059,0,0,0.0
97071,0,0,0.0
97072,0,0,0.0
97074,0,0,0.0
97076,0,0,0.0
97077,0,0,0.0
97099,0,0,0.0
97109,0,0,0.0
97111,0,0,0.0
97114,0,0,0.0
97118,0,0,0.0
97119,0,0,0.0
97121,0,0,0.0
97124,0,0,0.0
97134,0,0,0.0
97137,0,0,0.0
97143,0,0,0.0
97148,0,0,0.0
97153,0,0,0.0
97158,0,0,0.0
97159,0,0,0.0
97165,0,0,0.0
97166,0,0,0.0
97173,0,0,0.0
97180,0,0,0.0
97182,0,0,0.0
97190,0,0,0.0
97191,1,0,0.0
97193,0,0,0.0
97195,0,0,0.0
97198,0,0,0.0
97213,0,0,0.0
97215,0,0,0.0
97218,0,0,0.0
97220,0,0,0.0
97248,0,0,0.0
97256,0,0,0.0
97257,0,0,0.0
97265,0,0,0.0
97267,0,0,0.0
97278,0,0,0.0
97289,0,0,0.0
97292,0,0,0.0
97301,0,0,0.0
97305,0,0,0.0
97312,0,0,0.0
97315,0,0,0.0
97320,0,0,0.0
97321,0,0,0.0
97341,0,0,0.0
97346,0,0,0.0
97348,0,0,0.0
97351,0,0,0.0
97352,0,0,0.0
97354,0,0,0.0
97357,0,0,0.0
97360,0,0,0.0
97364,0,0,0.0
97378,0,0,0.0
97389,0,0,0.0
97393,0,0,0.0
97399,0,0,0.0
97403,0,0,0.0
97407,0,0,0.0
97411,0,0,0.0
97419,0,0,0.0
97423,0,0,0.0
97433,0,0,0.0
97435,0,0,0.0
97441,0,0,0.0
97443,0,0,0.0
97456,0,0,0.0
97457,0,0,0.0
97461,0,0,0.0
97463,0,0,0.0
97464,0,0,0.0
97466,0,0,0.0
97467,0,0,0.0
97485,0,0,0.0
97488,0,0,0.0
97492,0,0,0.0
97493,0,0,0.0
97498,0,0,0.0
97499,0,0,0.0
97501,0,0,0.0
97519,0,0,0.0
97526,0,0,0.0
97527,0,0,0.0
97528,0,0,0.0
97529,0,0,0.0
97532,0,0,0.0
97534,0,0,0.0
97537,0,0,0.0
97539,0,0,0.0
97543,0,0,0.0
97547,0,0,0.0
97551,0,0,0.0
97553,0,0,0.0
97557,0,0,0.0
97560,0,0,0.0
97564,0,0,0.0
97568,0,0,0.0
97571,0,0,0.0
97576,0,0,0.0
97582,0,0,0.0
97586,0,0,0.0
97588,0,0,0.0
97592,0,0,0.0
97595,0,0,0.0
97596,0,0,0.0
97599,0,0,0.0
97600,0,0,0.0
97603,0,0,0.0
97608,0,0,0.0
97609,0,0,0.0
97620,0,0,0.0
97622,0,0,0.0
97624,0,0,0.0
97625,0,0,0.0
97626,0,0,0.0
97627,0,0,0.0
97629,0,0,0.0
97632,0,0,0.0
97637,0,0,0.0
97645,0,0,0.0
97646,0,0,0.0
97651,0,0,0.0
97652,0,0,0.0
97658,0,0,0.0
97666,0,0,0.0
97679,0,0,0.0
97687,0,0,0.0
97694,0,0,0.0
97700,0,0,0.0
97707,0,0,0.0
97712,0,0,0.0
97714,0,0,0.0
97726,0,0,0.0
97730,0,0,0.0
97733,0,0,0.0
97751,0,0,0.0
97755,0,0,0.0
97759,0,0,0.0
97773,0,0,0.0
97774,0,0,0.0
97790,0,0,0.0
97793,0,0,0.0
97796,0,0,0.0
97810,0,0,0.0
97815,0,0,0.0
97816,0,0,0.0
97826,0,0,0.0
97827,0,0,0.0
97829,0,0,0.0
97832,0,0,0.0
97835,0,0,0.0
97847,0,0,0.0
97850,0,0,0.0
97858,0,0,0.0
97863,0,0,0.0
97872,0,0,0.0
97873,0,0,0.0
97876,0,0,0.0
97878,0,0,0.0
97880,0,0,0.0
97890,0,0,0.0
97892,0,0,0.0
97901,0,0,0.0
97909,0,0,0.0
97910,0,0,0.0
97911,0,0,0.0
97914,0,0,0.0
97921,0,0,0.0
97922,0,0,0.0
97924,0,0,0.0
97925,0,0,0.0
97926,0,0,0.0
97928,0,0,0.0
97933,0,0,0.0
97937,0,0,0.0
97939,0,0,0.0
97942,0,0,0.0
97946,0,0,0.0
97951,0,0,0.0
97953,0,0,0.0
97954,0,0,0.0
97955,0,0,0.0
97965,0,0,0.0
97966,0,0,0.0
97971,0,0,0.0
97974,0,0,0.0
97980,0,0,0.0
97981,0,0,0.0
97983,0,0,0.0
97984,0,0,0.0
97989,0,0,0.0
97992,0,0,0.0
97993,0,0,0.0
97994,0,0,0.0
97997,0,0,0.0
98000,0,0,0.0
98011,0,0,0.0
98012,0,0,0.0
98013,0,0,0.0
98018,0,0,0.0
98026,0,0,0.0
98027,0,0,0.0
98035,0,0,0.0
98045,0,0,0.0
98050,0,0,0.0
98062,0,0,0.0
98064,0,0,0.0
98072,0,0,0.0
98080,0,0,0.0
98085,0,0,0.0
98103,0,0,0.0
98105,0,0,0.0
98110,0,0,0.0
98116,0,0,0.0
98119,0,0,0.0
98123,0,0,0.0
98130,0,0,0.0
98140,0,0,0.0
98141,0,0,0.0
98145,0,0,0.0
98147,0,0,0.0
98150,0,0,0.0
98154,0,0,0.0
98159,0,0,0.0
98162,0,0,0.0
98169,0,0,0.0
98171,0,0,0.0
98172,0,0,0.0
98182,0,0,0.0
98188,0,0,0.0
98202,0,0,0.0
98207,0,0,0.0
98210,0,0,0.0
98212,0,0,0.0
98218,0,0,0.0
98228,0,0,0.0
98231,0,0,0.0
98239,0,0,0.0
98242,0,0,0.0
98245,0,0,0.0
98246,0,0,0.0
98249,0,0,0.0
98250,0,0,0.0
98252,0,0,0.0
98253,0,0,0.0
98266,0,0,0.0
98267,0,0,0.0
98271,0,0,0.0
98272,0,0,0.0
98281,0,0,0.0
98287,0,0,0.0
98293,0,0,0.0
98304,0,0,0.0
98305,0,0,0.0
98307,0,0,0.0
98309,0,0,0.0
98310,0,0,0.0
98314,0,0,0.0
98317,0,0,0.0
98322,0,0,0.0
98325,0,0,0.0
98328,0,0,0.0
98335,0,0,0.0
98337,0,0,0.0
98343,0,0,0.0
98347,0,0,0.0
98350,0,0,0.0
98354,0,0,0.0
98361,0,0,0.0
98363,0,0,0.0
98366,0,0,0.0
98368,0,0,0.0
98374,0,0,0.0
98380,0,0,0.0
98385,0,0,0.0
98389,0,0,0.0
98394,0,0,0.0
98397,0,0,0.0
98400,0,0,0.0
98411,0,0,0.0
98417,0,0,0.0
98421,0,0,0.0
98428,0,0,0.0
98430,0,0,0.0
98431,0,0,0.0
98433,0,0,0.0
98446,0,0,0.0
98451,0,0,0.0
98452,0,0,0.0
98453,0,0,0.0
98457,0,0,0.0
98465,0,0,0.0
98467,0,0,0.0
98475,0,0,0.0
98476,0,0,0.0
98479,0,0,0.0
98488,0,0,0.0
98491,0,0,0.0
98493,0,0,0.0
98499,0,0,0.0
98500,0,0,0.0
98503,0,0,0.0
98504,0,0,0.0
98512,0,0,0.0
98514,0,0,0.0
98515,0,0,0.0
98516,0,0,0.0
98522,0,0,0.0
98531,0,0,0.0
98539,0,0,0.0
98543,0,0,0.0
98544,0,0,0.0
98545,0,0,0.0
98547,0,0,0.0
98548,0,0,0.0
98552,0,0,0.0
98555,0,0,0.0
98559,0,0,0.0
98567,0,0,0.0
98580,0,0,0.0
98585,0,0,0.0
98587,0,0,0.0
98591,0,0,0.0
98596,0,0,0.0
98597,0,0,0.0
98601,0,0,0.0
98610,0,0,0.0
98617,0,0,0.0
98641,0,0,0.0
98653,0,0,0.0
98660,0,0,0.0
98678,0,0,0.0
98679,0,0,0.0
98680,0,0,0.0
98681,0,0,0.0
98685,0,0,0.0
98688,0,0,0.0
98689,0,0,0.0
98695,0,0,0.0
98696,0,0,0.0
98703,0,0,0.0
98709,0,0,0.0
98715,0,0,0.0
98722,0,0,0.0
98726,0,0,0.0
98730,0,0,0.0
98732,0,0,0.0
98737,0,0,0.0
98741,0,0,0.0
98750,0,0,0.0
98756,0,0,0.0
98761,0,0,0.0
98762,0,0,0.0
98765,0,0,0.0
98772,0,0,0.0
98781,0,0,0.0
98783,0,0,0.0
98792,0,0,0.0
98793,0,0,0.0
98795,0,0,0.0
98797,0,0,0.0
98798,0,0,0.0
98803,0,0,0.0
98807,0,0,0.0
98817,0,0,0.0
98819,0,0,0.0
98824,0,0,0.0
98826,0,0,0.0
98828,0,0,0.0
98832,0,0,0.0
98834,0,0,0.0
98835,0,0,0.0
98838,0,0,0.0
98841,0,0,0.0
98842,0,0,0.0
98863,0,0,0.0
98865,0,0,0.0
98891,0,0,0.0
98899,0,0,0.0
98900,0,0,0.0
98902,0,0,0.0
98908,0,0,0.0
98910,0,0,0.0
98911,0,0,0.0
98913,0,0,0.0
98931,0,0,0.0
98938,0,0,0.0
98939,0,0,0.0
98953,0,0,0.0
98955,0,0,0.0
98956,0,0,0.0
98959,0,0,0.0
98960,0,0,0.0
98962,0,0,0.0
98966,0,0,0.0
98967,0,0,0.0
98969,0,0,0.0
98979,0,0,0.0
98980,0,0,0.0
98981,0,0,0.0
98983,0,0,0.0
98984,0,0,0.0
98990,0,0,0.0
98991,0,0,0.0
98992,0,0,0.0
98997,0,0,0.0
99016,0,0,0.0
99020,0,0,0.0
99023,0,0,0.0
99024,0,0,0.0
99027,0,0,0.0
99031,0,0,0.0
99033,0,0,0.0
99034,0,0,0.0
99038,0,0,0.0
99041,0,0,0.0
99042,0,0,0.0
99043,0,0,0.0
99046,0,0,0.0
99049,0,0,0.0
99061,0,0,0.0
99062,0,0,0.0
99067,0,0,0.0
99070,0,0,0.0
99072,0,0,0.0
99078,0,0,0.0
99079,0,0,0.0
99082,0,0,0.0
99083,0,0,0.0
99086,0,0,0.0
99091,0,0,0.0
99104,0,0,0.0
99105,0,0,0.0
99118,0,0,0.0
99122,0,0,0.0
99128,0,0,0.0
99132,0,0,0.0
99136,0,0,0.0
99146,0,0,0.0
99158,0,0,0.0
99161,0,0,0.0
99164,0,0,0.0
99171,0,0,0.0
99172,0,0,0.0
99174,0,0,0.0
99175,0,0,0.0
99177,0,0,0.0
99178,0,0,0.0
99180,0,0,0.0
99182,0,0,0.0
99183,0,0,0.0
99195,0,0,0.0
99199,0,0,0.0
99201,0,0,0.0
99208,0,0,0.0
99209,0,0,0.0
99214,0,0,0.0
99227,0,0,0.0
99230,0,0,0.0
99234,0,0,0.0
99235,0,0,0.0
99238,0,0,0.0
99250,0,0,0.0
99252,0,0,0.0
99256,0,0,0.0
99272,0,0,0.0
99273,0,0,0.0
99278,0,0,0.0
99280,0,0,0.0
99286,0,0,0.0
99290,0,0,0.0
99293,0,0,0.0
99294,0,0,0.0
99295,0,0,0.0
99301,0,0,0.0
99304,0,0,0.0
99308,0,0,0.0
99311,0,0,0.0
99319,0,0,0.0
99322,0,0,0.0
99325,0,0,0.0
99326,0,0,0.0
99327,0,0,0.0
99333,0,0,0.0
99335,0,0,0.0
99340,0,0,0.0
99347,0,0,0.0
99349,0,0,0.0
99352,0,0,0.0
99353,0,0,0.0
99354,0,0,0.0
99363,0,0,0.0
99380,0,0,0.0
99387,0,0,0.0
99401,0,0,0.0
99403,0,0,0.0
99410,0,0,0.0
99414,0,0,0.0
99417,0,0,0.0
99426,0,0,0.0
99429,0,0,0.0
99430,0,0,0.0
99431,0,0,0.0
99433,0,0,0.0
99434,0,0,0.0
99439,0,0,0.0
99446,0,0,0.0
99455,0,0,0.0
99469,0,0,0.0
99485,0,0,0.0
99488,0,0,0.0
99490,0,0,0.0
99491,0,0,0.0
99492,0,0,0.0
99497,0,0,0.0
99500,0,0,0.0
99505,0,0,0.0
99508,0,0,0.0
99509,0,0,0.0
99525,0,0,0.0
99530,0,0,0.0
99534,0,0,0.0
99536,0,0,0.0
99540,0,0,0.0
99544,0,0,0.0
99546,0,0,0.0
99549,0,0,0.0
99552,0,0,0.0
99553,0,0,0.0
99554,0,0,0.0
99560,0,0,0.0
99567,0,0,0.0
99571,0,0,0.0
99576,0,0,0.0
99577,0,0,0.0
99581,0,0,0.0
99589,0,0,0.0
99595,0,0,0.0
99597,0,0,0.0
99605,0,0,0.0
99615,0,0,0.0
99620,0,0,0.0
99624,0,0,0.0
99625,0,0,0.0
99631,0,0,0.0
99635,0,0,0.0
99639,0,0,0.0
99643,0,0,0.0
99646,0,0,0.0
99653,0,0,0.0
99660,0,0,0.0
99664,0,0,0.0
99667,0,0,0.0
99672,0,0,0.0
99673,0,0,0.0
99676,0,0,0.0
99684,0,0,0.0
99688,0,0,0.0
99694,0,0,0.0
99695,0,0,0.0
99701,0,0,0.0
99713,0,0,0.0
99724,0,0,0.0
99729,0,0,0.0
99731,0,0,0.0
99732,0,0,0.0
99736,0,0,0.0
99743,0,0,0.0
99744,0,0,0.0
99748,0,0,0.0
99756,0,0,0.0
99758,0,0,0.0
99759,0,0,0.0
99761,0,0,0.0
99762,0,0,0.0
99767,0,0,0.0
99770,0,0,0.0
99772,0,0,0.0
99783,0,0,0.0
99799,0,0,0.0
99807,0,0,0.0
99810,0,0,0.0
99819,0,0,0.0
99824,0,0,0.0
99845,0,0,0.0
99865,0,0,0.0
99870,0,0,0.0
99880,0,0,0.0
99882,0,0,0.0
99886,0,0,0.0
99887,0,0,0.0
99890,0,0,0.0
99892,0,0,0.0
99898,0,0,0.0
99906,0,0,0.0
99914,0,0,0.0
99917,0,0,0.0
99922,0,0,0.0
99928,0,0,0.0
99932,0,0,0.0
99935,0,0,0.0
99938,0,0,0.0
99947,0,0,0.0
99948,0,0,0.0
99949,0,0,0.0
99956,0,0,0.0
99958,0,0,0.0
99963,0,0,0.0
99964,0,0,0.0
99968,0,0,0.0
99970,0,0,0.0
99974,0,0,0.0
99977,0,0,0.0
99978,0,0,0.0
99979,0,0,0.0
99990,0,0,0.0
99993,0,0,0.0
99997,0,0,0.0
99999,0,0,0.0
100002,0,0,0.0
100008,0,0,0.0
100009,0,0,0.0
100010,0,0,0.0
100011,0,0,0.0
100014,0,0,0.0
100016,0,0,0.0
100018,0,0,0.0
100022,0,0,0.0
100029,0,0,0.0
100037,0,0,0.0
100044,0,0,0.0
100045,0,0,0.0
100047,0,0,0.0
100049,0,0,0.0
100056,0,0,0.0
100058,0,0,0.0
100061,0,0,0.0
100063,0,0,0.0
100064,0,0,0.0
100070,0,0,0.0
100071,0,0,0.0
100072,0,0,0.0
100074,0,0,0.0
100081,0,0,0.0
100099,0,0,0.0
100101,0,0,0.0
100102,0,0,0.0
100104,0,0,0.0
100108,0,0,0.0
100123,0,0,0.0
100126,0,0,0.0
100146,0,0,0.0
100148,0,0,0.0
100149,0,0,0.0
100150,0,0,0.0
100154,0,0,0.0
100164,0,0,0.0
100165,0,0,0.0
100169,0,0,0.0
100172,0,0,0.0
100176,0,0,0.0
100183,0,0,0.0
100189,0,0,0.0
100195,0,0,0.0
100198,0,0,0.0
100205,0,0,0.0
100206,0,0,0.0
100211,0,0,0.0
100224,0,0,0.0
100241,0,0,0.0
100246,0,0,0.0
100248,0,0,0.0
100257,0,0,0.0
100261,0,0,0.0
100274,0,0,0.0
100276,0,0,0.0
100281,0,0,0.0
100289,0,0,0.0
100290,0,0,0.0
100291,0,0,0.0
100294,0,0,0.0
100295,0,0,0.0
100296,0,0,0.0
100299,0,0,0.0
100304,0,0,0.0
100311,0,0,0.0
100321,0,0,0.0
100323,0,0,0.0
100325,0,0,0.0
100331,0,0,0.0
100334,0,0,0.0
100338,0,0,0.0
100341,0,0,0.0
100344,0,0,0.0
100348,0,0,0.0
100363,0,0,0.0
100371,0,0,0.0
100374,0,0,0.0
100377,0,0,0.0
100381,0,0,0.0
100382,0,0,0.0
100387,0,0,0.0
100402,0,0,0.0
100403,0,0,0.0
100414,0,0,0.0
100416,0,0,0.0
100424,0,0,0.0
100426,0,0,0.0
100428,0,0,0.0
100429,0,0,0.0
100435,0,0,0.0
100464,0,0,0.0
100476,0,0,0.0
100488,0,0,0.0
100489,0,0,0.0
100511,0,0,0.0
100533,0,0,0.0
100536,0,0,0.0
100540,0,0,0.0
100545,0,0,0.0
100552,0,0,0.0
100562,0,0,0.0
100563,0,0,0.0
100564,0,0,0.0
100567,0,0,0.0
100572,0,0,0.0
100579,0,0,0.0
100583,0,0,0.0
100591,0,0,0.0
100595,0,0,0.0
100600,0,0,0.0
100622,0,0,0.0
100629,0,0,0.0
100630,0,0,0.0
100631,0,0,0.0
100632,0,0,0.0
100635,0,0,0.0
100658,0,0,0.0
100669,0,0,0.0
100671,0,0,0.0
100673,0,0,0.0
100674,0,0,0.0
100685,0,0,0.0
100690,0,0,0.0
100694,0,0,0.0
100707,0,0,0.0
100709,0,0,0.0
100712,0,0,0.0
100722,0,0,0.0
100728,0,0,0.0
100729,0,0,0.0
100731,0,0,0.0
100732,0,0,0.0
100733,0,0,0.0
100738,0,0,0.0
100740,0,0,0.0
100741,0,0,0.0
100744,0,0,0.0
100747,0,0,0.0
100758,0,0,0.0
100759,0,0,0.0
100760,0,0,0.0
100766,0,0,0.0
100770,0,0,0.0
100771,0,0,0.0
100773,0,0,0.0
100775,0,0,0.0
100784,0,0,0.0
100787,0,0,0.0
100790,0,0,0.0
100791,0,0,0.0
100792,0,0,0.0
100794,0,0,0.0
100795,0,0,0.0
100796,0,0,0.0
100803,0,0,0.0
100804,0,0,0.0
100805,0,0,0.0
100808,0,0,0.0
100811,0,0,0.0
100812,0,0,0.0
100815,0,0,0.0
100816,0,0,0.0
100819,0,0,0.0
100821,0,0,0.0
100835,0,0,0.0
100841,0,0,0.0
100845,0,0,0.0
100856,0,0,0.0
100858,0,0,0.0
100862,0,0,0.0
100867,0,0,0.0
100871,0,0,0.0
100876,0,0,0.0
100892,0,0,0.0
100895,0,0,0.0
100906,0,0,0.0
100910,0,0,0.0
100919,0,0,0.0
100925,0,0,0.0
100926,0,0,0.0
100928,0,0,0.0
100931,0,0,0.0
100946,0,0,0.0
100952,0,0,0.0
100960,0,0,0.0
100973,0,0,0.0
100978,0,0,0.0
100983,0,0,0.0
100984,0,0,0.0
100986,0,0,0.0
100987,0,0,0.0
100988,0,0,0.0
100992,0,0,0.0
100997,0,0,0.0
100998,0,0,0.0
101006,0,0,0.0
101013,0,0,0.0
101028,0,0,0.0
101034,0,0,0.0
101035,0,0,0.0
101040,0,0,0.0
101041,0,0,0.0
101043,0,0,0.0
101045,0,0,0.0
101049,0,0,0.0
101056,0,0,0.0
101058,0,0,0.0
101059,0,0,0.0
101064,0,0,0.0
101065,0,0,0.0
101072,0,0,0.0
101078,0,0,0.0
101108,0,0,0.0
101110,0,0,0.0
101112,0,0,0.0
101114,0,0,0.0
101117,0,0,0.0
101118,0,0,0.0
101126,0,0,0.0
101132,0,0,0.0
101135,0,0,0.0
101137,0,0,0.0
101138,0,0,0.0
101150,0,0,0.0
101156,0,0,0.0
101157,0,0,0.0
101166,0,0,0.0
101172,0,0,0.0
101176,0,0,0.0
101185,0,0,0.0
101193,0,0,0.0
101203,0,0,0.0
101206,0,0,0.0
101209,0,0,0.0
101224,0,0,0.0
101233,0,0,0.0
101239,0,0,0.0
101252,0,0,0.0
101256,0,0,0.0
101258,0,0,0.0
101262,0,0,0.0
101263,0,0,0.0
101278,0,0,0.0
101280,0,0,0.0
101283,0,0,0.0
101284,0,0,0.0
101290,0,0,0.0
101297,0,0,0.0
101299,0,0,0.0
101300,0,0,0.0
101303,0,0,0.0
101308,0,0,0.0
101314,0,0,0.0
101320,0,0,0.0
101330,0,0,0.0
101335,0,0,0.0
101339,0,0,0.0
101345,0,0,0.0
101362,0,0,0.0
101367,0,0,0.0
101370,0,0,0.0
101371,0,0,0.0
101376,0,0,0.0
101389,0,0,0.0
101391,0,0,0.0
101395,0,0,0.0
101399,0,0,0.0
101412,0,0,0.0
101414,0,0,0.0
101419,0,0,0.0
101421,0,0,0.0
101423,0,0,0.0
101433,0,0,0.0
101436,0,0,0.0
101437,0,0,0.0
101439,0,0,0.0
101443,0,0,0.0
101450,0,0,0.0
101463,0,0,0.0
101465,0,0,0.0
101469,0,0,0.0
101471,0,0,0.0
101476,0,0,0.0
101482,0,0,0.0
101484,0,0,0.0
101488,0,0,0.0
101493,0,0,0.0
101494,0,0,0.0
101500,0,0,0.0
101504,0,0,0.0
101519,0,0,0.0
101522,0,0,0.0
101526,0,0,0.0
101527,0,0,0.0
101533,0,0,0.0
101536,0,0,0.0
101537,0,0,0.0
101543,0,0,0.0
101544,0,0,0.0
101545,0,0,0.0
101549,0,0,0.0
101550,0,0,0.0
101555,0,0,0.0
101556,0,0,0.0
101557,0,0,0.0
101562,0,0,0.0
101567,0,0,0.0
101568,0,0,0.0
101569,0,0,0.0
101571,0,0,0.0
101577,0,0,0.0
101597,0,0,0.0
101599,0,0,0.0
101608,0,0,0.0
101610,0,0,0.0
101616,0,0,0.0
101619,0,0,0.0
101620,0,0,0.0
101624,0,0,0.0
101625,0,0,0.0
101627,0,0,0.0
101637,0,0,0.0
101647,0,0,0.0
101651,0,0,0.0
101655,0,0,0.0
101656,0,0,0.0
101658,0,0,0.0
101661,0,0,0.0
101662,0,0,0.0
101663,0,0,0.0
101668,0,0,0.0
101671,0,0,0.0
101675,0,0,0.0
101680,0,0,0.0
101684,0,0,0.0
101693,0,0,0.0
101694,0,0,0.0
101696,0,0,0.0
101697,0,0,0.0
101700,0,0,0.0
101703,0,0,0.0
101704,0,0,0.0
101705,0,0,0.0
101713,0,0,0.0
101717,0,0,0.0
101722,0,0,0.0
101723,0,0,0.0
101727,0,0,0.0
101732,0,0,0.0
101741,0,0,0.0
101749,0,0,0.0
101752,0,0,0.0
101754,0,0,0.0
101755,0,0,0.0
101756,0,0,0.0
101757,0,0,0.0
101758,0,0,0.0
101759,0,0,0.0
101765,0,0,0.0
101768,0,0,0.0
101770,0,0,0.0
101780,0,0,0.0
101783,0,0,0.0
101791,0,0,0.0
101801,0,0,0.0
101828,0,0,0.0
101836,0,0,0.0
101842,0,0,0.0
101844,0,0,0.0
101846,0,0,0.0
101850,0,0,0.0
101853,0,0,0.0
101855,0,0,0.0
101858,0,0,0.0
101860,0,0,0.0
101867,0,0,0.0
101871,0,0,0.0
101873,0,0,0.0
101880,0,0,0.0
101881,0,0,0.0
101882,0,0,0.0
101885,0,0,0.0
101887,0,0,0.0
101891,0,0,0.0
101896,0,0,0.0
101897,0,0,0.0
101899,0,0,0.0
101907,0,0,0.0
101916,0,0,0.0
101917,0,0,0.0
101920,0,0,0.0
101923,0,0,0.0
101926,0,0,0.0
101931,0,0,0.0
101933,0,0,0.0
101935,0,0,0.0
101939,0,0,0.0
101941,0,0,0.0
101942,0,0,0.0
101946,0,0,0.0
101948,0,0,0.0
101952,0,0,0.0
101962,0,0,0.0
101967,0,0,0.0
101968,0,0,0.0
101971,0,0,0.0
101972,0,0,0.0
101982,0,0,0.0
101988,0,0,0.0
101992,0,0,0.0
101996,0,0,0.0
101997,0,0,0.0
102020,0,0,0.0
102021,0,0,0.0
102022,0,0,0.0
102036,0,0,0.0
102038,0,0,0.0
102041,0,0,0.0
102047,0,0,0.0
102076,1,1,1.0
102078,1,1,1.0
102084,0,0,0.0
102091,0,0,0.0
102092,1,1,1.0
102100,0,0,0.0
102102,1,1,1.0
102103,0,0,0.0
102107,0,0,0.0
102109,0,0,0.0
102111,1,1,1.0
102113,1,1,1.0
102120,1,1,1.0
102121,0,0,0.0
102126,0,0,0.0
102132,0,0,0.0
102134,1,1,1.0
102165,0,0,0.0
102171,0,0,0.0
102174,1,1,1.0
102176,1,1,1.0
102177,1,1,1.0
102181,1,1,1.0
102182,1,1,1.0
102190,0,0,0.0
102193,0,0,0.0
102196,1,1,1.0
102203,1,1,1.0
102212,0,0,0.0
102213,0,0,0.0
102214,0,0,0.0
102225,0,0,0.0
102232,0,0,0.0
102238,1,1,1.0
102240,1,1,1.0
102246,1,1,1.0
102249,0,0,0.0
102251,0,0,0.0
102255,0,0,0.0
102259,0,0,0.0
102267,0,0,0.0
102271,1,1,1.0
102277,1,1,1.0
102278,0,0,0.0
102286,1,1,1.0
102288,0,0,0.0
102291,1,1,1.0
102294,1,1,1.0
102298,0,0,0.0
102301,0,0,0.0
102312,1,1,1.0
102323,0,0,0.0
102324,0,0,0.0
102329,1,1,1.0
102335,1,1,1.0
102338,0,0,0.0
102341,0,0,0.0
102342,1,1,1.0
102349,1,1,1.0
102358,0,0,0.0
102359,1,1,1.0
102361,0,0,0.0
102362,0,0,0.0
102369,1,1,1.0
102377,1,1,1.0
102379,0,0,0.0
102394,0,0,0.0
102396,1,1,1.0
102400,0,0,0.0
102402,0,0,0.0
102403,0,0,0.0
102404,0,0,0.0
102407,0,0,0.0
102408,1,1,1.0
102415,1,1,1.0
102418,1,1,1.0
102419,1,1,1.0
102423,0,0,0.0
102424,0,0,0.0
102425,0,0,0.0
102427,0,0,0.0
102431,1,1,1.0
102435,1,1,1.0
102446,0,0,0.0
102450,1,1,1.0
102460,1,1,1.0
102475,0,0,0.0
102479,1,1,1.0
102480,1,1,1.0
102483,0,0,0.0
102490,0,0,0.0
102491,1,1,1.0
102493,1,1,1.0
102498,1,1,1.0
102500,0,0,0.0
102511,0,0,0.0
102514,1,1,1.0
102527,0,0,0.0
102533,0,0,0.0
102537,1,1,1.0
102538,1,1,1.0
102542,1,1,1.0
102544,1,1,1.0
102553,1,1,1.0
102555,0,0,0.0
102557,1,1,1.0
102560,0,0,0.0
102562,0,0,0.0
102563,0,0,0.0
102569,1,1,1.0
102570,0,0,0.0
102576,0,0,0.0
102578,1,1,1.0
102580,0,0,0.0
102593,0,0,0.0
102600,1,1,1.0
102606,0,0,0.0
102612,0,0,0.0
102613,0,0,0.0
102616,0,0,0.0
102618,0,0,0.0
102619,0,0,0.0
102620,0,0,0.0
102624,1,1,1.0
102628,1,1,1.0
102632,0,0,0.0
102634,1,1,1.0
102641,0,0,0.0
102651,1,1,1.0
102659,0,0,0.0
102665,1,1,1.0
102679,0,0,0.0
102682,0,0,0.0
102684,0,0,0.0
102686,0,0,0.0
102690,1,1,1.0
102696,1,1,1.0
102703,1,1,1.0
102704,0,0,0.0
102707,0,0,0.0
102712,1,1,1.0
102715,1,1,1.0
102718,1,1,1.0
102729,0,0,0.0
102732,1,1,1.0
102733,1,1,1.0
102736,1,1,1.0
102740,1,1,1.0
102747,0,0,0.0
102752,1,1,1.0
102759,1,1,1.0
102763,0,0,0.0
102768,0,0,0.0
102771,0,0,0.0
102776,0,0,0.0
102789,0,0,0.0
102796,0,0,0.0
102797,1,1,1.0
102803,1,1,1.0
102811,0,0,0.0
102818,0,0,0.0
102819,1,1,1.0
102827,0,0,0.0
102833,0,0,0.0
102850,0,0,0.0
102852,0,0,0.0
102854,1,1,1.0
102855,1,1,1.0
102857,1,1,1.0
102861,1,1,1.0
102863,0,0,0.0
102864,1,1,1.0
102868,0,0,0.0
102869,0,0,0.0
102877,1,1,1.0
102889,0,0,0.0
102891,0,0,0.0
102892,0,0,0.0
102897,0,0,0.0
102898,1,1,1.0
102899,1,1,1.0
102909,1,1,1.0
102912,0,0,0.0
102923,1,1,1.0
102926,1,1,1.0
102929,1,1,1.0
102930,0,0,0.0
102935,0,0,0.0
102944,1,1,1.0
102946,1,1,1.0
102951,0,0,0.0
102958,0,0,0.0
102959,0,0,0.0
102961,1,1,1.0
102963,1,1,1.0
102964,1,1,1.0
102968,0,0,0.0
102986,0,0,0.0
102987,0,0,0.0
103004,0,0,0.0
103005,0,0,0.0
103006,0,0,0.0
103014,0,0,0.0
103017,0,0,0.0
103027,0,0,0.0
103051,0,0,0.0
103053,0,0,0.0
103058,0,0,0.0
103061,0,0,0.0
103070,0,0,0.0
103073,0,0,0.0
103074,0,0,0.0
103088,0,0,0.0
103095,0,0,0.0
103097,0,0,0.0
103099,0,0,0.0
103100,0,0,0.0
103103,0,0,0.0
103106,0,0,0.0
103108,0,0,0.0
103116,0,0,0.0
103120,0,0,0.0
103121,0,0,0.0
103126,0,0,0.0
103129,0,0,0.0
103130,0,0,0.0
103134,0,0,0.0
103141,0,0,0.0
103143,0,0,0.0
103144,0,0,0.0
103150,0,0,0.0
103153,0,0,0.0
103154,0,0,0.0
103166,0,0,0.0
103167,0,0,0.0
103170,0,0,0.0
103171,0,0,0.0
103179,0,0,0.0
103182,0,0,0.0
103184,0,0,0.0
103189,0,0,0.0
103195,0,0,0.0
103198,0,0,0.0
103207,0,0,0.0
103208,0,0,0.0
103210,0,0,0.0
103212,0,0,0.0
103214,0,0,0.0
103220,0,0,0.0
103230,0,0,0.0
103238,0,0,0.0
103242,0,0,0.0
103249,0,0,0.0
103250,0,0,0.0
103261,0,0,0.0
103267,0,0,0.0
103270,0,0,0.0
103271,0,0,0.0
103286,0,0,0.0
103310,0,0,0.0
103316,0,0,0.0
103317,0,0,0.0
103320,0,0,0.0
103328,0,0,0.0
103329,0,0,0.0
103330,0,0,0.0
103331,0,0,0.0
103333,0,0,0.0
103339,0,0,0.0
103346,0,0,0.0
103347,0,0,0.0
103348,0,0,0.0
103362,0,0,0.0
103363,0,0,0.0
103371,0,0,0.0
103374,0,0,0.0
103376,0,0,0.0
103379,0,0,0.0
103382,0,0,0.0
103388,0,0,0.0
103392,0,0,0.0
103401,0,0,0.0
103409,0,0,0.0
103410,0,0,0.0
103414,0,0,0.0
103418,0,0,0.0
103422,0,0,0.0
103438,0,0,0.0
103440,0,0,0.0
103443,0,0,0.0
103444,0,0,0.0
103448,0,0,0.0
103455,0,0,0.0
103462,0,0,0.0
103468,0,0,0.0
103492,0,0,0.0
103502,0,0,0.0
103504,0,0,0.0
103506,0,0,0.0
103509,0,0,0.0
103529,0,0,0.0
103534,0,0,0.0
103544,0,0,0.0
103547,0,0,0.0
103548,0,0,0.0
103566,0,0,0.0
103573,0,0,0.0
103578,0,0,0.0
103580,0,0,0.0
103590,0,0,0.0
103591,0,0,0.0
103606,0,0,0.0
103609,0,0,0.0
103614,0,0,0.0
103635,0,0,0.0
103655,0,0,0.0
103657,0,0,0.0
103660,0,0,0.0
103661,0,0,0.0
103662,0,0,0.0
103663,0,0,0.0
103664,0,0,0.0
103670,0,0,0.0
103673,0,0,0.0
103675,0,0,0.0
103677,0,0,0.0
103681,0,0,0.0
103686,0,0,0.0
103687,0,0,0.0
103689,0,0,0.0
103690,0,0,0.0
103693,0,0,0.0
103697,0,0,0.0
103702,0,0,0.0
103704,0,0,0.0
103705,0,0,0.0
103718,0,0,0.0
103725,0,0,0.0
103729,0,0,0.0
103744,0,0,0.0
103748,0,0,0.0
103761,0,0,0.0
103762,0,0,0.0
103764,0,0,0.0
103775,0,0,0.0
103777,0,0,0.0
103782,0,0,0.0
103785,0,0,0.0
103788,0,0,0.0
103794,0,0,0.0
103795,0,0,0.0
103812,0,0,0.0
103816,0,0,0.0
103820,0,0,0.0
103825,0,0,0.0
103826,0,0,0.0
103839,0,0,0.0
103844,0,0,0.0
103847,0,0,0.0
103850,0,0,0.0
103852,0,0,0.0
103853,0,0,0.0
103864,0,0,0.0
103866,0,0,0.0
103869,0,0,0.0
103871,0,0,0.0
103876,0,0,0.0
103895,0,0,0.0
103897,0,0,0.0
103908,0,0,0.0
103912,0,0,0.0
103913,0,0,0.0
103918,0,0,0.0
103925,0,0,0.0
103936,0,0,0.0
103939,0,0,0.0
103941,0,0,0.0
103947,0,0,0.0
103949,0,0,0.0
103956,0,0,0.0
103965,0,0,0.0
103966,0,0,0.0
103986,0,0,0.0
103994,0,0,0.0
104003,0,0,0.0
104005,0,0,0.0
104007,0,0,0.0
104013,0,0,0.0
104018,0,0,0.0
104023,0,0,0.0
104027,0,0,0.0
104028,0,0,0.0
104030,0,0,0.0
104032,0,0,0.0
104036,0,0,0.0
104043,0,0,0.0
104056,0,0,0.0
104059,0,0,0.0
104060,0,0,0.0
104071,0,0,0.0
104076,0,0,0.0
104079,0,0,0.0
104085,0,0,0.0
104086,0,0,0.0
104095,0,0,0.0
104100,0,0,0.0
104118,0,0,0.0
104119,0,0,0.0
104123,0,0,0.0
104124,0,0,0.0
104131,0,0,0.0
104133,0,0,0.0
104135,0,0,0.0
104151,0,0,0.0
104160,0,0,0.0
104162,0,0,0.0
104182,0,0,0.0
104186,0,0,0.0
104187,0,0,0.0
104188,0,0,0.0
104189,0,0,0.0
104195,0,0,0.0
104203,0,0,0.0
104206,0,0,0.0
104207,0,0,0.0
104208,0,0,0.0
104212,0,0,0.0
104216,0,0,0.0
104217,0,0,0.0
104224,0,0,0.0
104233,0,0,0.0
104238,0,0,0.0
104240,0,0,0.0
104242,0,0,0.0
104245,0,0,0.0
104260,0,0,0.0
104269,0,0,0.0
104270,0,0,0.0
104275,0,0,0.0
104290,0,0,0.0
104308,0,0,0.0
104314,0,0,0.0
104315,0,0,0.0
104317,0,0,0.0
104320,0,0,0.0
104323,0,0,0.0
104332,0,0,0.0
104335,0,0,0.0
104338,0,0,0.0
104340,0,0,0.0
104342,0,0,0.0
104344,0,0,0.0
104346,0,0,0.0
104354,0,0,0.0
104359,0,0,0.0
104361,0,0,0.0
104362,0,0,0.0
104363,0,0,0.0
104364,0,0,0.0
104365,0,0,0.0
104366,0,0,0.0
104367,0,0,0.0
104369,0,0,0.0
104374,0,0,0.0
104381,0,0,0.0
104382,0,0,0.0
104391,0,0,0.0
104396,0,0,0.0
104397,0,0,0.0
104400,0,0,0.0
104401,0,0,0.0
104403,0,0,0.0
104407,0,0,0.0
104410,0,0,0.0
104414,0,0,0.0
104426,0,0,0.0
104436,0,0,0.0
104440,0,0,0.0
104443,0,0,0.0
104445,0,0,0.0
104449,0,0,0.0
104455,0,0,0.0
104457,0,0,0.0
104460,0,0,0.0
104463,0,0,0.0
104469,0,0,0.0
104472,0,0,0.0
104478,0,0,0.0
104484,0,0,0.0
104487,0,0,0.0
104494,0,0,0.0
104495,0,0,0.0
104502,0,0,0.0
104506,0,0,0.0
104519,0,0,0.0
104526,0,0,0.0
104527,0,0,0.0
104536,0,0,0.0
104537,0,0,0.0
104547,0,0,0.0
104549,0,0,0.0
104552,0,0,0.0
104553,0,0,0.0
104555,0,0,0.0
104556,0,0,0.0
104575,0,0,0.0
104578,0,0,0.0
104579,0,0,0.0
104582,0,0,0.0
104583,0,0,0.0
104596,0,0,0.0
104601,0,0,0.0
104605,0,0,0.0
104606,0,0,0.0
104607,0,0,0.0
104610,0,0,0.0
104627,0,0,0.0
104629,0,0,0.0
104635,0,0,0.0
104636,0,0,0.0
104649,0,0,0.0
104661,0,0,0.0
104664,0,0,0.0
104665,0,0,0.0
104670,0,0,0.0
104676,0,0,0.0
104677,0,0,0.0
104693,0,0,0.0
104695,0,0,0.0
104699,0,0,0.0
104704,0,0,0.0
104708,0,0,0.0
104712,0,0,0.0
104720,0,0,0.0
104723,0,0,0.0
104725,0,0,0.0
104727,0,0,0.0
104736,0,0,0.0
104745,0,0,0.0
104761,0,0,0.0
104764,0,0,0.0
104767,0,0,0.0
104775,0,0,0.0
104777,0,0,0.0
104778,0,0,0.0
104782,0,0,0.0
104783,0,0,0.0
104789,0,0,0.0
104798,0,0,0.0
104801,0,0,0.0
104802,0,0,0.0
104807,0,0,0.0
104808,0,0,0.0
104810,0,0,0.0
104832,0,0,0.0
104835,0,0,0.0
104837,0,0,0.0
104839,0,0,0.0
104857,0,0,0.0
104859,0,0,0.0
104861,0,0,0.0
104863,0,0,0.0
104869,0,0,0.0
104870,0,0,0.0
104871,0,0,0.0
104872,0,0,0.0
104873,0,0,0.0
104879,0,0,0.0
104883,0,0,0.0
104893,0,0,0.0
104906,0,0,0.0
104913,0,0,0.0
104925,0,0,0.0
104930,0,0,0.0
104936,0,0,0.0
104940,0,0,0.0
104949,0,0,0.0
104955,0,0,0.0
104957,0,0,0.0
104960,0,0,0.0
104963,0,0,0.0
104964,0,0,0.0
104966,0,0,0.0
104967,0,0,0.0
104972,0,0,0.0
104976,0,0,0.0
104984,0,0,0.0
104987,0,0,0.0
104988,0,0,0.0
104989,0,0,0.0
104991,0,0,0.0
104993,0,0,0.0
104999,0,0,0.0
105004,0,0,0.0
105011,0,0,0.0
105014,0,0,0.0
105016,0,0,0.0
105021,0,0,0.0
105025,0,0,0.0
105027,0,0,0.0
105033,0,0,0.0
105044,0,0,0.0
105045,0,0,0.0
105049,0,0,0.0
105050,0,0,0.0
105055,0,0,0.0
105056,0,0,0.0
105057,0,0,0.0
105059,0,0,0.0
105064,0,0,0.0
105093,0,0,0.0
105100,0,0,0.0
105102,0,0,0.0
105114,0,0,0.0
105131,0,0,0.0
105133,0,0,0.0
105136,0,0,0.0
105137,0,0,0.0
105143,0,0,0.0
105153,0,0,0.0
105156,0,0,0.0
105171,0,0,0.0
105173,0,0,0.0
105175,0,0,0.0
105180,0,0,0.0
105181,0,0,0.0
105186,0,0,0.0
105189,0,0,0.0
105191,0,0,0.0
105214,0,0,0.0
105219,0,0,0.0
105226,0,0,0.0
105229,0,0,0.0
105230,0,0,0.0
105234,0,0,0.0
105237,0,0,0.0
105243,0,0,0.0
105244,0,0,0.0
105261,0,0,0.0
105265,0,0,0.0
105267,0,0,0.0
105268,0,0,0.0
105269,0,0,0.0
105270,0,0,0.0
105275,0,0,0.0
105276,0,0,0.0
105286,0,0,0.0
105304,0,0,0.0
105313,0,0,0.0
105319,0,0,0.0
105320,1,1,1.0
105322,1,1,1.0
105325,1,1,1.0
105328,0,0,0.0
105333,1,1,1.0
105340,0,0,0.0
105344,0,0,0.0
105353,0,0,0.0
105355,0,0,0.0
105357,0,0,0.0
105360,0,0,0.0
105367,0,0,0.0
105369,0,0,0.0
105370,0,0,0.0
105378,0,0,0.0
105381,0,0,0.0
105386,0,0,0.0
105387,0,0,0.0
105390,0,0,0.0
105391,0,0,0.0
105408,0,0,0.0
105410,0,0,0.0
105412,0,0,0.0
105419,0,0,0.0
105422,0,0,0.0
105424,0,0,0.0
105427,0,0,0.0
105434,0,0,0.0
105437,0,0,0.0
105441,0,0,0.0
105443,0,0,0.0
105444,0,0,0.0
105468,0,0,0.0
105469,0,0,0.0
105471,0,0,0.0
105474,0,0,0.0
105482,0,0,0.0
105485,0,0,0.0
105491,0,0,0.0
105494,0,0,0.0
105496,0,0,0.0
105501,0,0,0.0
105504,0,0,0.0
105509,0,0,0.0
105510,0,0,0.0
105512,0,0,0.0
105515,0,0,0.0
105516,0,0,0.0
105520,0,0,0.0
105526,0,0,0.0
105527,0,0,0.0
105536,0,0,0.0
105540,0,0,0.0
105546,0,0,0.0
105553,0,0,0.0
105560,0,0,0.0
105563,0,0,0.0
105566,0,0,0.0
105570,0,0,0.0
105578,0,0,0.0
105579,0,0,0.0
105582,0,0,0.0
105583,0,0,0.0
105587,0,0,0.0
105589,0,0,0.0
105591,0,0,0.0
105592,0,0,0.0
105594,0,0,0.0
105600,0,0,0.0
105601,0,0,0.0
105606,0,0,0.0
105609,0,0,0.0
105611,0,0,0.0
105617,0,0,0.0
105639,0,0,0.0
105643,0,0,0.0
105645,0,0,0.0
105661,0,0,0.0
105666,0,0,0.0
105674,0,0,0.0
105684,0,0,0.0
105687,0,0,0.0
105693,0,0,0.0
105696,0,0,0.0
105704,0,0,0.0
105708,0,0,0.0
105709,0,0,0.0
105722,0,0,0.0
105725,0,0,0.0
105727,0,0,0.0
105739,0,0,0.0
105754,0,0,0.0
105755,0,0,0.0
105757,0,0,0.0
105760,0,0,0.0
105765,0,0,0.0
105766,0,0,0.0
105771,0,0,0.0
105772,0,0,0.0
105783,0,0,0.0
105790,0,0,0.0
105795,0,0,0.0
105798,0,0,0.0
105801,0,0,0.0
105805,0,0,0.0
105810,0,0,0.0
105811,0,0,0.0
105812,0,0,0.0
105813,0,0,0.0
105817,0,0,0.0
105821,0,0,0.0
105828,0,0,0.0
105839,0,0,0.0
105841,0,0,0.0
105842,0,0,0.0
105845,0,0,0.0
105854,0,0,0.0
105860,0,0,0.0
105880,0,0,0.0
105882,0,0,0.0
105892,0,0,0.0
105897,0,0,0.0
105898,0,0,0.0
105899,0,0,0.0
105900,0,0,0.0
105903,0,0,0.0
105907,0,0,0.0
105911,0,0,0.0
105920,0,0,0.0
105931,0,0,0.0
105936,0,0,0.0
105937,0,0,0.0
105938,0,0,0.0
105949,0,0,0.0
105958,0,0,0.0
105960,0,0,0.0
105972,0,0,0.0
105977,0,0,0.0
105980,0,0,0.0
105982,0,0,0.0
105983,0,0,0.0
105994,0,0,0.0
106006,1,1,1.0
106008,0,0,0.0
106015,0,0,0.0
106020,0,0,0.0
106026,1,1,1.0
106028,1,1,1.0
106030,1,1,1.0
106033,1,0,0.0
106034,1,0,0.0
106035,0,0,0.0
106038,0,0,0.0
106047,0,0,0.0
106058,0,0,0.0
106063,0,0,0.0
106066,0,0,0.0
106068,0,0,0.0
106074,0,0,0.0
106079,0,0,0.0
106082,0,0,0.0
106089,0,0,0.0
106094,0,0,0.0
106096,0,0,0.0
106099,0,0,0.0
106102,0,0,0.0
106107,0,0,0.0
106116,0,0,0.0
106117,0,0,0.0
106119,0,0,0.0
106132,0,0,0.0
106147,0,0,0.0
106151,0,0,0.0
106152,0,0,0.0
106167,0,0,0.0
106168,0,0,0.0
106170,0,0,0.0
106172,0,0,0.0
106173,0,0,0.0
106180,0,0,0.0
106189,0,0,0.0
106194,0,0,0.0
106197,0,0,0.0
106198,0,0,0.0
106206,0,0,0.0
106211,0,0,0.0
106216,0,0,0.0
106221,0,0,0.0
106222,0,0,0.0
106230,0,0,0.0
106235,0,0,0.0
106236,0,0,0.0
106240,0,0,0.0
106242,0,0,0.0
106248,0,0,0.0
106250,0,0,0.0
106252,0,0,0.0
106254,0,0,0.0
106264,0,0,0.0
106271,0,0,0.0
106278,0,0,0.0
106279,0,0,0.0
106286,0,0,0.0
106290,0,0,0.0
106291,0,0,0.0
106299,0,0,0.0
106311,0,0,0.0
106312,0,0,0.0
106320,0,0,0.0
106330,0,0,0.0
106338,0,0,0.0
106346,0,0,0.0
106356,0,0,0.0
106357,0,0,0.0
106365,0,0,0.0
106366,0,0,0.0
106375,0,0,0.0
106382,0,0,0.0
106384,0,0,0.0
106389,0,0,0.0
106392,0,0,0.0
106393,0,0,0.0
106395,0,0,0.0
106398,0,0,0.0
106400,0,0,0.0
106406,0,0,0.0
106408,0,0,0.0
106409,0,0,0.0
106425,0,0,0.0
106429,0,0,0.0
106430,0,0,0.0
106432,0,0,0.0
106435,0,0,0.0
106436,0,0,0.0
106439,0,0,0.0
106452,0,0,0.0
106460,0,0,0.0
106464,0,0,0.0
106465,0,0,0.0
106471,0,0,0.0
106472,0,0,0.0
106474,0,0,0.0
106490,0,0,0.0
106492,0,0,0.0
106498,0,0,0.0
106509,0,0,0.0
106515,0,0,0.0
106520,0,0,0.0
106529,0,0,0.0
106538,0,0,0.0
106541,0,0,0.0
106550,0,0,0.0
106555,0,0,0.0
106557,0,0,0.0
106559,0,0,0.0
106562,0,0,0.0
106567,0,0,0.0
106576,0,0,0.0
106578,0,0,0.0
106579,0,0,0.0
106582,0,0,0.0
106584,0,0,0.0
106589,0,0,0.0
106594,0,0,0.0
106599,0,0,0.0
106600,0,0,0.0
106613,0,0,0.0
106616,0,0,0.0
106617,0,0,0.0
106623,0,0,0.0
106627,0,0,0.0
106630,0,0,0.0
106631,0,0,0.0
106632,0,1,1.0
106635,0,0,0.0
106638,0,0,0.0
106639,0,0,0.0
106641,0,0,0.0
106643,0,0,0.0
106651,0,0,0.0
106654,0,0,0.0
106656,0,0,0.0
106660,0,0,0.0
106662,0,0,0.0
106664,0,0,0.0
106674,0,0,0.0
106676,0,0,0.0
106678,0,0,0.0
106684,0,0,0.0
106695,0,0,0.0
106698,0,0,0.0
106706,0,0,0.0
106709,0,0,0.0
106712,0,0,0.0
106714,0,0,0.0
106722,0,0,0.0
106726,0,0,0.0
106728,0,0,0.0
106733,0,0,0.0
106735,0,0,0.0
106740,0,0,0.0
106743,0,0,0.0
106748,0,0,0.0
106751,0,0,0.0
106752,0,0,0.0
106756,0,0,0.0
106775,0,0,0.0
106778,0,0,0.0
106780,0,0,0.0
106789,0,0,0.0
106792,0,0,0.0
106794,0,0,0.0
106798,0,0,0.0
106801,0,0,0.0
106803,0,0,0.0
106804,0,0,0.0
106806,0,0,0.0
106818,0,0,0.0
106825,0,0,0.0
106827,0,0,0.0
106828,0,0,0.0
106830,0,0,0.0
106831,0,0,0.0
106856,0,0,0.0
106863,0,0,0.0
106867,0,0,0.0
106877,0,0,0.0
106882,0,0,0.0
106884,0,0,0.0
106887,0,0,0.0
106888,0,0,0.0
106890,0,0,0.0
106902,0,0,0.0
106904,0,0,0.0
106910,0,0,0.0
106913,0,0,0.0
106920,0,0,0.0
106926,0,0,0.0
106930,0,0,0.0
106933,0,0,0.0
106937,0,0,0.0
106940,0,0,0.0
106948,0,0,0.0
106953,0,0,0.0
106957,0,0,0.0
106965,0,0,0.0
106978,0,0,0.0
106980,0,0,0.0
106994,0,0,0.0
106995,0,0,0.0
106998,0,0,0.0
107004,0,0,0.0
107007,0,0,0.0
107010,0,0,0.0
107011,0,0,0.0
107017,0,0,0.0
107018,0,0,0.0
107030,0,0,0.0
107038,0,0,0.0
107039,0,0,0.0
107040,0,0,0.0
107044,0,0,0.0
107045,0,0,0.0
107048,0,0,0.0
107051,0,0,0.0
107068,0,0,0.0
107071,0,0,0.0
107077,0,0,0.0
107086,0,0,0.0
107091,0,0,0.0
107092,0,0,0.0
107094,0,0,0.0
107095,0,0,0.0
107096,0,0,0.0
107112,0,0,0.0
107113,0,0,0.0
107117,0,0,0.0
107119,0,0,0.0
107124,0,0,0.0
107127,0,0,0.0
107130,0,0,0.0
107136,0,0,0.0
107138,0,0,0.0
107139,0,0,0.0
107142,0,0,0.0
107144,0,0,0.0
107153,0,0,0.0
107161,0,0,0.0
107168,0,0,0.0
107173,0,0,0.0
107174,0,0,0.0
107176,0,0,0.0
107177,0,0,0.0
107178,0,0,0.0
107180,0,0,0.0
107181,0,0,0.0
107190,0,0,0.0
107193,0,0,0.0
107194,0,0,0.0
107199,0,0,0.0
107207,0,0,0.0
107209,0,0,0.0
107216,0,0,0.0
107228,0,0,0.0
107229,0,0,0.0
107231,0,0,0.0
107235,0,0,0.0
107244,0,0,0.0
107245,0,0,0.0
107246,0,0,0.0
107252,0,0,0.0
107264,0,0,0.0
107265,0,0,0.0
107266,0,0,0.0
107270,0,0,0.0
107274,0,0,0.0
107277,0,0,0.0
107278,0,0,0.0
107285,0,0,0.0
107296,0,0,0.0
107307,0,0,0.0
107310,0,0,0.0
107319,0,0,0.0
107320,0,0,0.0
107330,0,0,0.0
107335,0,0,0.0
107336,0,0,0.0
107343,0,0,0.0
107347,0,0,0.0
107348,0,0,0.0
107349,0,0,0.0
107361,0,0,0.0
107377,0,0,0.0
107379,0,0,0.0
107393,0,0,0.0
107395,0,0,0.0
107401,0,0,0.0
107404,0,0,0.0
107407,0,0,0.0
107415,0,0,0.0
107418,0,0,0.0
107420,0,0,0.0
107423,0,0,0.0
107427,0,0,0.0
107438,0,0,0.0
107449,0,0,0.0
107468,0,0,0.0
107476,0,0,0.0
107481,0,0,0.0
107484,0,0,0.0
107487,0,0,0.0
107491,0,0,0.0
107499,0,0,0.0
107501,0,0,0.0
107509,0,0,0.0
107513,0,0,0.0
107522,0,0,0.0
107532,0,0,0.0
107535,0,0,0.0
107537,0,0,0.0
107539,0,0,0.0
107543,0,0,0.0
107550,0,0,0.0
107553,0,0,0.0
107556,0,0,0.0
107559,0,0,0.0
107560,0,0,0.0
107565,0,0,0.0
107572,0,0,0.0
107574,0,0,0.0
107576,0,0,0.0
107582,0,0,0.0
107584,0,0,0.0
107597,0,0,0.0
107598,0,0,0.0
107600,0,0,0.0
107606,0,0,0.0
107608,0,0,0.0
107609,0,0,0.0
107612,0,0,0.0
107613,0,0,0.0
107619,0,0,0.0
107620,0,0,0.0
107622,0,0,0.0
107624,0,0,0.0
107627,0,0,0.0
107629,0,0,0.0
107635,0,0,0.0
107649,0,0,0.0
107661,0,0,0.0
107663,0,0,0.0
107667,0,0,0.0
107669,0,0,0.0
107670,0,0,0.0
107671,0,0,0.0
107672,0,0,0.0
107673,0,0,0.0
107676,0,0,0.0
107686,0,0,0.0
107697,0,0,0.0
107701,0,0,0.0
107706,0,0,0.0
107707,0,0,0.0
107716,0,0,0.0
107719,0,0,0.0
107720,0,0,0.0
107727,0,0,0.0
107731,0,0,0.0
107742,0,0,0.0
107750,0,0,0.0
107751,0,0,0.0
107756,0,0,0.0
107765,0,0,0.0
107767,0,0,0.0
107768,0,0,0.0
107769,0,0,0.0
107772,0,0,0.0
107782,0,0,0.0
107785,0,0,0.0
107786,0,0,0.0
107787,0,0,0.0
107792,0,0,0.0
107793,0,0,0.0
107796,0,0,0.0
107797,0,0,0.0
107799,0,0,0.0
107803,0,0,0.0
107805,0,0,0.0
107806,0,0,0.0
107808,0,0,0.0
107814,0,0,0.0
107818,0,0,0.0
107821,0,0,0.0
107826,0,0,0.0
107833,0,0,0.0
107848,0,0,0.0
107858,0,0,0.0
107863,0,0,0.0
107867,0,0,0.0
107873,0,0,0.0
107875,0,0,0.0
107877,0,0,0.0
107899,0,0,0.0
107907,0,0,0.0
107910,1,1,1.0
107918,1,1,1.0
107923,0,0,0.0
107929,0,0,0.0
107932,0,0,0.0
107937,0,0,0.0
107939,0,0,0.0
107940,0,0,0.0
107942,0,0,0.0
107944,1,1,1.0
107958,1,1,1.0
107962,0,0,0.0
107964,0,0,0.0
107967,0,0,0.0
107973,0,0,0.0
107975,0,0,0.0
107976,0,0,0.0
107981,1,1,1.0
107983,0,0,0.0
107984,1,1,1.0
107989,1,1,1.0
107992,0,0,0.0
107995,0,0,0.0
107998,0,0,0.0
108016,0,0,0.0
108022,0,0,0.0
108030,0,0,0.0
108032,0,0,0.0
108034,0,0,0.0
108036,0,0,0.0
108042,1,1,1.0
108047,1,1,1.0
108048,0,0,0.0
108049,1,1,1.0
108056,1,1,1.0
108058,0,0,0.0
108059,0,0,0.0
108068,0,0,0.0
108070,0,0,0.0
108087,0,0,0.0
108089,0,0,0.0
108090,0,0,0.0
108092,0,0,0.0
108095,0,0,0.0
108103,1,1,1.0
108106,0,0,0.0
108114,0,0,0.0
108116,0,0,0.0
108119,0,0,0.0
108122,0,0,0.0
108124,0,0,0.0
108144,0,0,0.0
108145,0,0,0.0
108149,0,0,0.0
108154,0,0,0.0
108158,0,0,0.0
108165,0,0,0.0
108167,0,0,0.0
108168,0,0,0.0
108172,0,0,0.0
108179,0,0,0.0
108183,0,0,0.0
108184,0,0,0.0
108186,0,0,0.0
108192,0,0,0.0
108194,0,0,0.0
108204,0,0,0.0
108210,0,0,0.0
108214,0,0,0.0
108217,0,0,0.0
108221,0,0,0.0
108226,0,0,0.0
108227,0,0,0.0
108228,0,0,0.0
108231,0,0,0.0
108232,0,0,0.0
108236,0,0,0.0
108239,0,0,0.0
108242,0,0,0.0
108247,0,0,0.0
108254,0,0,0.0
108255,0,0,0.0
108259,0,0,0.0
108261,0,0,0.0
108263,0,0,0.0
108267,0,0,0.0
108271,0,0,0.0
108272,0,0,0.0
108278,0,0,0.0
108298,0,0,0.0
108300,0,0,0.0
108302,0,0,0.0
108304,0,0,0.0
108305,0,0,0.0
108308,0,0,0.0
108315,0,0,0.0
108325,0,0,0.0
108328,0,0,0.0
108329,0,0,0.0
108336,0,0,0.0
108338,0,0,0.0
108339,0,0,0.0
108343,0,0,0.0
108351,0,0,0.0
108352,0,0,0.0
108353,0,0,0.0
108357,0,0,0.0
108359,0,0,0.0
108364,0,0,0.0
108368,0,0,0.0
108370,0,0,0.0
108377,0,0,0.0
108394,0,0,0.0
108402,0,0,0.0
108407,0,0,0.0
108409,0,0,0.0
108410,0,0,0.0
108413,0,0,0.0
108418,0,0,0.0
108419,0,0,0.0
108420,0,0,0.0
108431,0,0,0.0
108432,0,0,0.0
108433,0,0,0.0
108435,0,0,0.0
108437,0,0,0.0
108438,0,0,0.0
108443,0,0,0.0
108448,0,0,0.0
108450,0,0,0.0
108462,0,0,0.0
108465,0,0,0.0
108472,0,0,0.0
108473,0,0,0.0
108475,0,0,0.0
108480,0,0,0.0
108492,0,0,0.0
108493,0,0,0.0
108498,0,0,0.0
108510,0,0,0.0
108519,0,0,0.0
108546,0,0,0.0
108556,0,0,0.0
108558,0,0,0.0
108575,0,0,0.0
108588,0,0,0.0
108597,0,0,0.0
108607,0,0,0.0
108612,0,0,0.0
108616,0,0,0.0
108624,0,0,0.0
108630,0,0,0.0
108636,0,0,0.0
108638,0,0,0.0
108642,0,0,0.0
108648,0,0,0.0
108650,0,0,0.0
108652,0,0,0.0
108661,0,0,0.0
108666,0,0,0.0
108676,0,0,0.0
108677,0,0,0.0
108684,0,0,0.0
108686,0,0,0.0
108695,0,0,0.0
108696,0,0,0.0
108701,0,0,0.0
108704,0,0,0.0
108708,0,0,0.0
108710,0,0,0.0
108720,0,0,0.0
108721,0,0,0.0
108723,0,0,0.0
108726,0,0,0.0
108733,0,0,0.0
108735,0,0,0.0
108736,0,0,0.0
108740,0,0,0.0
108750,0,0,0.0
108752,0,0,0.0
108758,0,0,0.0
108768,0,0,0.0
108771,0,0,0.0
108772,0,0,0.0
108777,0,0,0.0
108782,0,0,0.0
108783,0,0,0.0
108790,0,0,0.0
108793,0,0,0.0
108799,0,0,0.0
108804,0,0,0.0
108805,0,0,0.0
108810,0,0,0.0
108821,0,0,0.0
108823,0,0,0.0
108826,0,0,0.0
108829,0,0,0.0
108848,0,0,0.0
108853,0,0,0.0
108859,0,0,0.0
108870,0,0,0.0
108883,0,0,0.0
108888,0,0,0.0
108890,0,0,0.0
108891,0,0,0.0
108895,0,0,0.0
108896,0,0,0.0
108902,0,0,0.0
108905,0,0,0.0
108911,0,0,0.0
108917,0,0,0.0
108918,0,0,0.0
108919,0,0,0.0
108932,0,0,0.0
108936,0,0,0.0
108940,0,0,0.0
108942,0,0,0.0
108947,0,0,0.0
108949,0,0,0.0
108951,0,0,0.0
108954,0,0,0.0
108955,0,0,0.0
108958,0,0,0.0
108976,0,0,0.0
108989,0,0,0.0
108990,0,0,0.0
109002,0,0,0.0
109004,0,0,0.0
109007,0,0,0.0
109014,0,0,0.0
109017,0,0,0.0
109023,0,0,0.0
109026,0,0,0.0
109032,0,0,0.0
109033,0,0,0.0
109036,0,0,0.0
109038,0,0,0.0
109039,0,0,0.0
109043,0,0,0.0
109046,0,0,0.0
109056,0,0,0.0
109058,0,0,0.0
109060,0,0,0.0
109061,0,0,0.0
109064,0,0,0.0
109067,0,0,0.0
109070,0,0,0.0
109081,0,0,0.0
109085,0,0,0.0
109087,0,0,0.0
109104,0,0,0.0
109133,0,0,0.0
109136,0,0,0.0
109147,0,0,0.0
109152,0,0,0.0
109159,0,0,0.0
109178,0,0,0.0
109181,0,0,0.0
109182,0,0,0.0
109184,0,0,0.0
109193,0,0,0.0
109195,0,0,0.0
109197,0,0,0.0
109213,0,0,0.0
109224,0,0,0.0
109230,0,0,0.0
109233,0,0,0.0
109240,0,0,0.0
109241,0,0,0.0
109255,0,0,0.0
109256,0,0,0.0
109263,0,0,0.0
109264,0,0,0.0
109268,0,0,0.0
109275,0,0,0.0
109281,0,0,0.0
109282,0,0,0.0
109290,0,0,0.0
109300,0,0,0.0
109313,0,0,0.0
109318,0,0,0.0
109330,0,0,0.0
109335,0,0,0.0
109345,0,0,0.0
109352,0,0,0.0
109356,0,0,0.0
109358,0,0,0.0
109362,0,0,0.0
109371,0,0,0.0
109372,0,0,0.0
109374,0,0,0.0
109375,0,0,0.0
109376,0,0,0.0
109380,0,0,0.0
109388,0,0,0.0
109389,0,0,0.0
109398,0,0,0.0
109407,0,0,0.0
109410,0,0,0.0
109419,0,0,0.0
109424,0,0,0.0
109426,0,0,0.0
109429,0,0,0.0
109435,0,0,0.0
109446,0,0,0.0
109449,0,0,0.0
109450,0,0,0.0
109454,0,0,0.0
109462,0,0,0.0
109471,0,0,0.0
109481,0,0,0.0
109488,0,0,0.0
109489,0,0,0.0
109490,0,0,0.0
109491,0,0,0.0
109500,0,0,0.0
109502,0,0,0.0
109508,0,0,0.0
109513,0,0,0.0
109522,0,0,0.0
109525,0,0,0.0
109527,0,0,0.0
109534,0,0,0.0
109542,0,0,0.0
109547,0,0,0.0
109549,0,0,0.0
109551,0,0,0.0
109555,0,0,0.0
109567,0,0,0.0
109578,0,0,0.0
109581,0,0,0.0
109586,0,0,0.0
109590,0,0,0.0
109603,0,0,0.0
109605,0,0,0.0
109609,0,0,0.0
109624,0,0,0.0
109625,0,0,0.0
109626,0,0,0.0
109634,0,0,0.0
109639,0,0,0.0
109647,0,0,0.0
109649,0,0,0.0
109652,0,0,0.0
109655,0,0,0.0
109660,0,0,0.0
109661,0,0,0.0
109667,0,0,0.0
109673,0,0,0.0
109677,0,0,0.0
109688,0,0,0.0
109693,0,0,0.0
109698,0,0,0.0
109709,0,0,0.0
109710,0,0,0.0
109711,0,0,0.0
109718,0,0,0.0
109721,0,0,0.0
109722,0,0,0.0
109725,0,0,0.0
109732,0,0,0.0
109734,0,0,0.0
109738,1,1,1.0
109739,0,0,0.0
109743,0,0,0.0
109744,0,0,0.0
109746,0,0,0.0
109753,0,0,0.0
109754,0,0,0.0
109756,0,0,0.0
109759,0,0,0.0
109763,0,0,0.0
109764,0,0,0.0
109769,0,0,0.0
109779,0,0,0.0
109785,0,0,0.0
109787,0,0,0.0
109797,0,0,0.0
109801,0,0,0.0
109802,0,0,0.0
109809,0,0,0.0
109818,0,0,0.0
109825,0,0,0.0
109835,0,0,0.0
109836,0,0,0.0
109839,0,0,0.0
109844,0,0,0.0
109854,0,0,0.0
109858,0,0,0.0
109860,0,0,0.0
109861,0,0,0.0
109863,0,0,0.0
109864,0,0,0.0
109877,0,0,0.0
109879,0,0,0.0
109882,0,0,0.0
109885,0,0,0.0
109886,0,0,0.0
109890,0,0,0.0
109894,0,0,0.0
109899,0,0,0.0
109902,0,0,0.0
109905,0,0,0.0
109907,0,0,0.0
109908,0,0,0.0
109909,0,0,0.0
109912,0,0,0.0
109915,0,0,0.0
109916,0,0,0.0
109920,0,0,0.0
109934,1,0,0.0
109936,0,0,0.0
109937,0,0,0.0
109939,0,0,0.0
109950,0,0,0.0
109953,0,0,0.0
109956,0,0,0.0
109959,0,0,0.0
109966,0,0,0.0
109971,0,0,0.0
109977,0,0,0.0
109985,0,0,0.0
109995,0,0,0.0
110005,0,0,0.0
110006,0,0,0.0
110015,0,0,0.0
110016,0,0,0.0
110025,0,0,0.0
110027,0,0,0.0
110029,0,0,0.0
110030,0,0,0.0
110035,0,0,0.0
110036,0,0,0.0
110040,0,0,0.0
110043,0,0,0.0
110045,0,0,0.0
110046,0,0,0.0
110058,0,0,0.0
110061,0,0,0.0
110065,0,0,0.0
110099,0,0,0.0
110104,0,0,0.0
110112,0,0,0.0
110116,0,0,0.0
110125,0,0,0.0
110143,0,0,0.0
110146,0,0,0.0
110152,0,0,0.0
110155,0,0,0.0
110156,0,0,0.0
110168,0,0,0.0
110189,0,0,0.0
110192,0,0,0.0
110203,0,0,0.0
110209,0,0,0.0
110219,0,0,0.0
110220,0,0,0.0
110231,0,0,0.0
110238,0,0,0.0
110242,0,0,0.0
110245,0,0,0.0
110250,0,0,0.0
110254,0,0,0.0
110261,0,0,0.0
110264,0,0,0.0
110267,0,0,0.0
110275,0,0,0.0
110278,0,0,0.0
110279,0,0,0.0
110281,0,0,0.0
110288,0,0,0.0
110289,0,0,0.0
110292,0,0,0.0
110297,0,0,0.0
110301,0,0,0.0
110306,0,0,0.0
110309,0,0,0.0
110315,0,0,0.0
110320,0,0,0.0
110331,0,0,0.0
110336,0,0,0.0
110346,0,0,0.0
110347,0,0,0.0
110349,0,0,0.0
110352,0,0,0.0
110363,0,0,0.0
110385,0,0,0.0
110393,0,0,0.0
110397,0,0,0.0
110401,0,0,0.0
110402,0,0,0.0
110410,0,0,0.0
110416,0,0,0.0
110427,0,0,0.0
110428,0,0,0.0
110431,0,0,0.0
110438,0,0,0.0
110451,0,0,0.0
110458,0,0,0.0
110481,0,0,0.0
110482,0,0,0.0
110485,0,0,0.0
110486,0,0,0.0
110496,0,0,0.0
110505,0,0,0.0
110515,0,0,0.0
110528,0,0,0.0
110530,0,0,0.0
110531,0,0,0.0
110546,0,0,0.0
110554,0,0,0.0
110555,0,0,0.0
110559,0,0,0.0
110564,0,0,0.0
110569,0,0,0.0
110577,0,0,0.0
110583,0,0,0.0
110585,0,0,0.0
110586,0,0,0.0
110588,0,0,0.0
110593,0,0,0.0
110597,0,0,0.0
110600,0,0,0.0
110603,0,0,0.0
110622,0,0,0.0
110633,0,0,0.0
110635,0,0,0.0
110637,0,0,0.0
110639,0,0,0.0
110641,0,0,0.0
110651,0,0,0.0
110658,0,0,0.0
110660,0,0,0.0
110680,0,0,0.0
110689,0,0,0.0
110708,0,0,0.0
110711,0,0,0.0
110732,0,0,0.0
110746,0,0,0.0
110749,0,0,0.0
110751,0,0,0.0
110752,0,0,0.0
110753,0,0,0.0
110756,0,0,0.0
110761,0,0,0.0
110766,0,0,0.0
110773,0,0,0.0
110775,0,0,0.0
110776,0,0,0.0
110782,0,0,0.0
110790,0,0,0.0
110800,0,0,0.0
110805,0,0,0.0
110810,0,0,0.0
110811,0,0,0.0
110813,0,0,0.0
110819,0,0,0.0
110820,0,0,0.0
110821,0,0,0.0
110826,0,0,0.0
110827,0,0,0.0
110828,0,0,0.0
110829,0,0,0.0
110840,0,0,0.0
110848,0,0,0.0
110851,0,0,0.0
110853,0,0,0.0
110856,0,0,0.0
110862,0,0,0.0
110863,0,0,0.0
110884,0,0,0.0
110887,0,0,0.0
110888,0,0,0.0
110896,0,0,0.0
110898,0,0,0.0
110903,0,0,0.0
110906,0,0,0.0
110910,0,0,0.0
110912,0,0,0.0
110917,0,0,0.0
110926,0,0,0.0
110931,0,0,0.0
110933,0,0,0.0
110936,0,0,0.0
110937,0,0,0.0
110946,0,0,0.0
110948,0,0,0.0
110951,0,0,0.0
110956,0,0,0.0
110961,0,0,0.0
110973,0,0,0.0
110979,0,0,0.0
110990,0,0,0.0
110999,0,0,0.0
111012,0,0,0.0
111013,0,0,0.0
111018,0,0,0.0
111022,0,0,0.0
111023,0,0,0.0
111027,0,0,0.0
111031,0,0,0.0
111042,0,0,0.0
111043,0,0,0.0
111045,0,0,0.0
111047,0,0,0.0
111053,0,0,0.0
111055,0,0,0.0
111060,0,0,0.0
111082,0,0,0.0
111084,0,0,0.0
111087,0,0,0.0
111091,0,0,0.0
111097,0,0,0.0
111102,0,0,0.0
111104,0,0,0.0
111112,0,0,0.0
111114,0,0,0.0
111126,0,0,0.0
111131,0,0,0.0
111144,0,0,0.0
111147,0,0,0.0
111150,0,0,0.0
111152,0,0,0.0
111160,0,0,0.0
111162,0,0,0.0
111175,0,0,0.0
111177,0,0,0.0
111182,0,0,0.0
111184,0,0,0.0
111192,0,0,0.0
111193,0,0,0.0
111194,0,0,0.0
111195,0,0,0.0
111202,0,0,0.0
111205,0,0,0.0
111214,0,0,0.0
111223,0,0,0.0
111228,0,0,0.0
111229,0,0,0.0
111237,0,0,0.0
111242,0,0,0.0
111246,0,0,0.0
111247,0,0,0.0
111250,0,0,0.0
111253,0,0,0.0
111257,0,0,0.0
111258,0,0,0.0
111260,0,0,0.0
111262,0,0,0.0
111264,0,0,0.0
111265,0,0,0.0
111275,0,0,0.0
111277,0,0,0.0
111282,0,0,0.0
111283,0,0,0.0
111285,0,0,0.0
111293,0,0,0.0
111299,0,0,0.0
111301,0,0,0.0
111303,0,0,0.0
111306,0,0,0.0
111313,0,0,0.0
111321,0,0,0.0
111333,0,0,0.0
111339,0,0,0.0
111340,0,0,0.0
111344,0,0,0.0
111350,0,0,0.0
111358,0,0,0.0
111361,0,0,0.0
111370,0,0,0.0
111372,0,0,0.0
111374,0,0,0.0
111380,0,0,0.0
111381,0,0,0.0
111394,0,0,0.0
111395,0,0,0.0
111398,0,0,0.0
111402,0,0,0.0
111410,0,0,0.0
111413,0,0,0.0
111427,0,0,0.0
111441,0,0,0.0
111459,0,0,0.0
111466,0,0,0.0
111467,0,0,0.0
111482,0,0,0.0
111487,0,0,0.0
111490,0,0,0.0
111493,0,0,0.0
111494,0,0,0.0
111498,0,0,0.0
111505,0,0,0.0
111511,0,0,0.0
111512,0,0,0.0
111514,0,0,0.0
111515,0,0,0.0
111522,0,0,0.0
111527,0,0,0.0
111529,0,0,0.0
111533,0,0,0.0
111537,0,0,0.0
111555,0,0,0.0
111557,0,0,0.0
111565,0,0,0.0
111566,0,0,0.0
111580,0,0,0.0
111582,0,0,0.0
111589,0,0,0.0
111625,0,0,0.0
111627,0,0,0.0
111629,0,0,0.0
111634,0,0,0.0
111642,0,0,0.0
111651,0,0,0.0
111657,0,0,0.0
111659,0,0,0.0
111664,0,0,0.0
111668,0,0,0.0
111676,0,0,0.0
111693,0,0,0.0
111695,0,0,0.0
111697,0,0,0.0
111700,0,0,0.0
111705,1,1,1.0
111712,0,0,0.0
111714,0,0,0.0
111717,0,0,0.0
111719,0,0,0.0
111725,0,0,0.0
111726,0,0,0.0
111733,0,0,0.0
111741,0,0,0.0
111754,0,0,0.0
111759,0,0,0.0
111761,0,0,0.0
111768,0,0,0.0
111787,0,0,0.0
111790,0,0,0.0
111805,0,0,0.0
111806,0,0,0.0
111809,0,0,0.0
111818,0,0,0.0
111819,0,0,0.0
111821,0,0,0.0
111823,0,0,0.0
111827,0,0,0.0
111846,0,0,0.0
111849,0,0,0.0
111852,0,0,0.0
111853,0,0,0.0
111854,0,0,0.0
111855,0,0,0.0
111857,0,0,0.0
111863,0,0,0.0
111866,0,0,0.0
111867,0,0,0.0
111873,0,0,0.0
111887,0,0,0.0
111888,0,0,0.0
111892,0,0,0.0
111896,0,0,0.0
111899,0,0,0.0
111902,0,0,0.0
111903,0,0,0.0
111905,0,0,0.0
111908,0,0,0.0
111913,0,0,0.0
111914,0,0,0.0
111916,0,0,0.0
111924,0,0,0.0
111927,0,0,0.0
111934,0,0,0.0
111935,0,0,0.0
111937,0,0,0.0
111938,0,0,0.0
111945,0,0,0.0
111963,0,0,0.0
111970,0,0,0.0
111972,0,0,0.0
111973,0,0,0.0
111978,0,0,0.0
111995,0,0,0.0
111998,0,0,0.0
111999,0,0,0.0
112002,0,0,0.0
112006,0,0,0.0
112011,0,0,0.0
112015,0,0,0.0
112018,0,0,0.0
112025,0,0,0.0
112041,0,0,0.0
112043,0,0,0.0
112053,0,0,0.0
112055,0,0,0.0
112056,0,0,0.0
112063,0,0,0.0
112065,0,0,0.0
112072,0,0,0.0
112075,0,0,0.0
112079,0,0,0.0
112087,0,0,0.0
112092,0,0,0.0
112093,0,0,0.0
112094,0,0,0.0
112104,0,0,0.0
112105,0,0,0.0
112107,0,0,0.0
112120,0,0,0.0
112122,0,0,0.0
112137,0,0,0.0
112142,0,0,0.0
112143,0,0,0.0
112147,0,0,0.0
112159,0,0,0.0
112176,0,0,0.0
112199,0,0,0.0
112203,0,0,0.0
112205,0,0,0.0
112209,0,0,0.0
112215,0,0,0.0
112223,0,0,0.0
112224,0,0,0.0
112230,0,0,0.0
112235,0,0,0.0
112240,0,0,0.0
112246,0,0,0.0
112247,0,0,0.0
112253,0,0,0.0
112257,0,0,0.0
112262,0,0,0.0
112263,0,0,0.0
112266,0,0,0.0
112273,0,0,0.0
112274,0,0,0.0
112276,0,0,0.0
112283,0,0,0.0
112285,0,0,0.0
112295,0,0,0.0
112299,0,0,0.0
112301,0,0,0.0
112305,0,0,0.0
112311,0,0,0.0
112314,0,0,0.0
112316,0,0,0.0
112317,0,0,0.0
112330,0,0,0.0
112331,0,0,0.0
112332,0,0,0.0
112334,0,0,0.0
112336,0,0,0.0
112341,0,0,0.0
112352,0,0,0.0
112356,0,0,0.0
112368,0,0,0.0
112369,0,0,0.0
112387,0,0,0.0
112389,0,0,0.0
112391,0,0,0.0
112392,0,0,0.0
112395,0,0,0.0
112401,0,0,0.0
112411,0,0,0.0
112414,0,0,0.0
112421,0,0,0.0
112423,0,0,0.0
112430,0,0,0.0
112439,0,0,0.0
112447,0,0,0.0
112469,0,0,0.0
112470,0,0,0.0
112471,0,0,0.0
112473,0,0,0.0
112475,0,0,0.0
112481,0,0,0.0
112482,0,0,0.0
112485,0,0,0.0
112494,0,0,0.0
112495,0,0,0.0
112506,0,0,0.0
112509,0,0,0.0
112510,0,0,0.0
112518,0,0,0.0
112520,0,0,0.0
112525,0,0,0.0
112529,0,0,0.0
112532,0,0,0.0
112547,0,0,0.0
112555,0,0,0.0
112557,0,0,0.0
112559,0,0,0.0
112563,0,0,0.0
112569,0,0,0.0
112572,0,0,0.0
112584,0,0,0.0
112587,0,0,0.0
112588,0,0,0.0
112594,0,0,0.0
112596,0,0,0.0
112599,0,0,0.0
112606,0,0,0.0
112612,0,0,0.0
112620,0,0,0.0
112621,0,0,0.0
112622,0,0,0.0
112624,0,0,0.0
112625,0,0,0.0
112637,0,0,0.0
112642,0,0,0.0
112643,0,0,0.0
112644,0,0,0.0
112648,0,0,0.0
112649,0,0,0.0
112653,0,0,0.0
112656,0,0,0.0
112657,0,0,0.0
112658,0,0,0.0
112659,0,0,0.0
112668,0,0,0.0
112671,0,0,0.0
112676,0,0,0.0
112677,0,0,0.0
112685,0,0,0.0
112688,0,0,0.0
112689,0,0,0.0
112690,0,0,0.0
112691,0,0,0.0
112694,0,0,0.0
112697,0,0,0.0
112699,0,0,0.0
112701,0,0,0.0
112702,0,0,0.0
112703,0,0,0.0
112710,0,0,0.0
112716,0,0,0.0
112717,0,0,0.0
112719,0,0,0.0
112721,0,0,0.0
112732,0,0,0.0
112738,0,0,0.0
112750,0,0,0.0
112761,0,0,0.0
112762,0,0,0.0
112771,0,0,0.0
112774,0,0,0.0
112782,0,0,0.0
112795,0,0,0.0
112800,0,0,0.0
112804,0,0,0.0
112806,0,0,0.0
112819,0,0,0.0
112826,0,0,0.0
112827,0,0,0.0
112830,0,0,0.0
112839,0,0,0.0
112854,0,0,0.0
112867,0,0,0.0
112868,0,0,0.0
112872,0,0,0.0
112876,0,0,0.0
112884,0,0,0.0
112907,0,0,0.0
112914,0,0,0.0
112915,0,0,0.0
112917,0,0,0.0
112921,0,0,0.0
112923,0,0,0.0
112924,0,0,0.0
112931,0,0,0.0
112932,0,0,0.0
112933,0,0,0.0
112943,0,0,0.0
112947,0,0,0.0
112951,0,0,0.0
112954,0,0,0.0
112955,0,0,0.0
112963,0,0,0.0
112971,0,0,0.0
112974,0,0,0.0
112986,0,0,0.0
112989,0,0,0.0
112992,0,0,0.0
112999,0,0,0.0
113003,0,0,0.0
113004,0,0,0.0
113007,0,0,0.0
113011,0,0,0.0
113012,0,0,0.0
113015,0,0,0.0
113019,0,0,0.0
113020,0,0,0.0
113022,0,0,0.0
113047,0,0,0.0
113056,0,0,0.0
113066,0,0,0.0
113083,0,0,0.0
113087,0,0,0.0
113092,0,0,0.0
113093,0,0,0.0
113094,0,0,0.0
113095,0,0,0.0
113106,0,0,0.0
113107,0,0,0.0
113112,0,0,0.0
113113,0,0,0.0
113131,0,0,0.0
113141,0,0,0.0
113142,0,0,0.0
113150,0,0,0.0
113152,0,0,0.0
113163,0,0,0.0
113170,0,0,0.0
113181,0,0,0.0
113184,0,0,0.0
113193,0,0,0.0
113204,0,0,0.0
113209,0,0,0.0
113211,0,0,0.0
113221,0,0,0.0
113235,0,0,0.0
113241,0,0,0.0
113247,0,0,0.0
113250,0,0,0.0
113253,0,0,0.0
113254,0,0,0.0
113260,0,0,0.0
113262,0,0,0.0
113264,0,0,0.0
113268,0,0,0.0
113271,0,0,0.0
113285,0,0,0.0
113311,0,0,0.0
113317,0,0,0.0
113323,0,0,0.0
113329,0,0,0.0
113331,0,0,0.0
113332,0,0,0.0
113333,0,0,0.0
113342,0,0,0.0
113345,0,0,0.0
113349,0,0,0.0
113350,0,0,0.0
113352,0,0,0.0
113356,0,0,0.0
113376,0,0,0.0
113377,0,0,0.0
113383,0,0,0.0
113386,0,0,0.0
113393,0,0,0.0
113400,0,0,0.0
113403,0,0,0.0
113406,0,0,0.0
113410,0,0,0.0
113420,0,0,0.0
113421,0,0,0.0
113425,0,0,0.0
113428,0,0,0.0
113429,0,0,0.0
113437,0,0,0.0
113438,0,0,0.0
113439,0,0,0.0
113446,0,0,0.0
113454,0,0,0.0
113457,0,0,0.0
113459,0,0,0.0
113460,0,0,0.0
113465,0,0,0.0
113467,0,0,0.0
113476,0,0,0.0
113478,0,0,0.0
113482,0,0,0.0
113486,0,0,0.0
113488,0,0,0.0
113496,0,0,0.0
113501,0,0,0.0
113502,0,0,0.0
113504,0,0,0.0
113510,0,0,0.0
113514,0,0,0.0
113517,0,0,0.0
113520,0,0,0.0
113523,0,0,0.0
113527,0,0,0.0
113528,0,0,0.0
113530,0,0,0.0
113546,0,0,0.0
113554,0,0,0.0
113556,0,0,0.0
113558,0,0,0.0
113560,0,0,0.0
113561,0,0,0.0
113565,0,0,0.0
113567,0,0,0.0
113571,0,0,0.0
113572,0,0,0.0
113578,0,0,0.0
113586,0,0,0.0
113596,0,0,0.0
113599,0,0,0.0
113610,0,0,0.0
113611,0,0,0.0
113614,0,0,0.0
113617,0,0,0.0
113629,0,0,0.0
113631,0,0,0.0
113634,0,0,0.0
113635,0,0,0.0
113636,0,0,0.0
113637,0,0,0.0
113640,0,0,0.0
113643,0,0,0.0
113646,0,0,0.0
113650,0,0,0.0
113652,0,0,0.0
113660,0,0,0.0
113667,0,0,0.0
113678,0,0,0.0
113689,0,0,0.0
113690,0,0,0.0
113694,0,0,0.0
113697,0,0,0.0
113700,0,0,0.0
113701,0,0,0.0
113702,0,0,0.0
113704,0,0,0.0
113709,0,0,0.0
113711,0,0,0.0
113715,0,0,0.0
113718,0,0,0.0
113721,0,0,0.0
113736,0,0,0.0
113737,0,0,0.0
113742,0,0,0.0
113744,0,0,0.0
113760,0,0,0.0
113761,1,1,1.0
113765,1,1,1.0
113767,1,1,1.0
113768,1,1,1.0
113770,0,0,0.0
113771,0,0,0.0
113776,1,1,1.0
113777,1,1,1.0
113785,0,0,0.0
113796,0,0,0.0
113797,0,0,0.0
113803,0,0,0.0
113807,0,0,0.0
113808,0,0,0.0
113809,0,0,0.0
113812,0,0,0.0
113818,0,0,0.0
113832,0,0,0.0
113833,0,0,0.0
113840,0,0,0.0
113846,0,0,0.0
113849,0,0,0.0
113852,0,0,0.0
113854,0,0,0.0
113856,0,0,0.0
113866,0,0,0.0
113867,0,0,0.0
113873,0,0,0.0
113879,0,0,0.0
113885,0,0,0.0
113887,0,0,0.0
113892,0,0,0.0
113894,0,0,0.0
113897,0,0,0.0
113900,0,0,0.0
113906,0,0,0.0
113915,0,0,0.0
113917,0,0,0.0
113926,0,0,0.0
113927,0,0,0.0
113929,0,0,0.0
113932,0,0,0.0
113948,0,0,0.0
113966,0,0,0.0
113969,0,0,0.0
113978,0,0,0.0
113984,0,0,0.0
113997,0,0,0.0
113998,0,0,0.0
113999,0,0,0.0
114004,0,0,0.0
114014,0,0,0.0
114025,0,0,0.0
114028,0,0,0.0
114030,0,0,0.0
114031,0,0,0.0
114049,0,0,0.0
114057,0,0,0.0
114066,0,0,0.0
114079,0,0,0.0
114081,0,0,0.0
114099,0,0,0.0
114101,0,0,0.0
114103,0,0,0.0
114107,0,0,0.0
114112,0,0,0.0
114118,0,0,0.0
114121,0,0,0.0
114131,0,0,0.0
114135,0,0,0.0
114137,0,0,0.0
114138,0,0,0.0
114147,0,0,0.0
114151,0,0,0.0
114154,0,0,0.0
114155,0,0,0.0
114160,0,0,0.0
114163,0,0,0.0
114164,0,0,0.0
114166,0,0,0.0
114167,0,0,0.0
114169,0,0,0.0
114173,0,0,0.0
114176,0,0,0.0
114187,0,0,0.0
114190,0,0,0.0
114196,0,0,0.0
114198,0,0,0.0
114201,0,0,0.0
114204,0,0,0.0
114208,0,0,0.0
114215,0,0,0.0
114224,0,0,0.0
114225,0,0,0.0
114230,0,0,0.0
114236,0,0,0.0
114238,0,0,0.0
114246,0,0,0.0
114249,0,0,0.0
114250,0,0,0.0
114257,0,0,0.0
114260,0,0,0.0
114262,0,0,0.0
114266,0,0,0.0
114271,0,0,0.0
114275,0,0,0.0
114278,0,0,0.0
114280,0,0,0.0
114283,0,0,0.0
114289,0,0,0.0
114291,0,0,0.0
114296,0,0,0.0
114301,0,0,0.0
114308,0,0,0.0
114317,0,0,0.0
114326,0,0,0.0
114330,0,0,0.0
114333,0,0,0.0
114335,0,0,0.0
114337,0,0,0.0
114339,0,0,0.0
114354,0,0,0.0
114361,0,0,0.0
114366,0,0,0.0
114368,0,0,0.0
114382,0,0,0.0
114386,0,0,0.0
114390,0,0,0.0
114394,0,0,0.0
114395,0,0,0.0
114396,0,0,0.0
114401,0,0,0.0
114403,0,0,0.0
114404,0,0,0.0
114408,0,0,0.0
114410,0,0,0.0
114418,0,0,0.0
114422,0,0,0.0
114425,0,0,0.0
114427,0,0,0.0
114429,0,0,0.0
114432,0,0,0.0
114436,0,0,0.0
114442,0,0,0.0
114447,0,0,0.0
114456,0,0,0.0
114457,0,0,0.0
114458,0,0,0.0
114471,0,0,0.0
114474,0,0,0.0
114475,0,0,0.0
114477,0,0,0.0
114485,0,0,0.0
114492,0,0,0.0
114493,0,0,0.0
114497,0,0,0.0
114499,0,0,0.0
114515,0,0,0.0
114516,0,0,0.0
114522,0,0,0.0
114553,0,0,0.0
114560,0,0,0.0
114563,0,0,0.0
114564,0,0,0.0
114580,0,0,0.0
114586,0,0,0.0
114590,0,0,0.0
114596,0,0,0.0
114599,0,0,0.0
114602,0,0,0.0
114611,0,0,0.0
114613,0,0,0.0
114619,0,0,0.0
114622,0,0,0.0
114627,0,0,0.0
114628,0,0,0.0
114638,0,0,0.0
114644,0,0,0.0
114653,0,0,0.0
114658,0,0,0.0
114661,0,0,0.0
114662,0,0,0.0
114667,0,0,0.0
114677,0,0,0.0
114678,0,0,0.0
114680,0,0,0.0
114692,0,0,0.0
114700,0,0,0.0
114701,0,0,0.0
114703,0,0,0.0
114705,0,0,0.0
114707,0,0,0.0
114708,0,0,0.0
114711,0,0,0.0
114722,0,0,0.0
114723,0,0,0.0
114725,0,0,0.0
114726,0,0,0.0
114739,0,0,0.0
114740,0,0,0.0
114741,0,0,0.0
114743,0,0,0.0
114745,0,0,0.0
114758,0,0,0.0
114764,0,0,0.0
114788,0,0,0.0
114790,0,0,0.0
114793,0,0,0.0
114803,0,0,0.0
114808,0,0,0.0
114810,0,0,0.0
114819,0,0,0.0
114821,0,0,0.0
114822,0,0,0.0
114831,0,0,0.0
114839,0,0,0.0
114859,0,0,0.0
114860,0,0,0.0
114865,0,0,0.0
114869,0,0,0.0
114871,0,0,0.0
114876,0,0,0.0
114877,0,0,0.0
114880,0,0,0.0
114886,0,0,0.0
114887,0,0,0.0
114888,0,0,0.0
114891,0,0,0.0
114897,0,0,0.0
114899,0,0,0.0
114900,0,0,0.0
114909,0,0,0.0
114912,0,0,0.0
114914,0,0,0.0
114916,0,0,0.0
114918,0,0,0.0
114921,0,0,0.0
114922,0,0,0.0
114927,0,0,0.0
114935,0,0,0.0
114937,0,0,0.0
114951,0,0,0.0
114952,0,0,0.0
114961,0,0,0.0
114963,0,0,0.0
114964,0,0,0.0
114977,0,0,0.0
114979,0,0,0.0
114983,0,0,0.0
114986,0,0,0.0
114988,0,0,0.0
114989,0,0,0.0
114995,0,0,0.0
115002,0,0,0.0
115003,0,0,0.0
115009,0,0,0.0
115014,0,0,0.0
115027,0,0,0.0
115028,0,0,0.0
115030,0,0,0.0
115036,0,0,0.0
115037,0,0,0.0
115039,0,0,0.0
115042,0,0,0.0
115045,0,0,0.0
115049,0,0,0.0
115078,0,0,0.0
115081,0,0,0.0
115084,0,0,0.0
115092,0,0,0.0
115097,0,0,0.0
115100,0,0,0.0
115101,0,0,0.0
115110,0,0,0.0
115113,0,0,0.0
115127,0,0,0.0
115128,0,0,0.0
115137,0,0,0.0
115142,0,0,0.0
115143,0,0,0.0
115144,0,0,0.0
115150,0,0,0.0
115153,0,0,0.0
115155,0,0,0.0
115156,0,0,0.0
115159,0,0,0.0
115167,0,0,0.0
115171,0,0,0.0
115176,0,0,0.0
115180,0,0,0.0
115186,0,0,0.0
115188,0,0,0.0
115189,0,0,0.0
115192,0,0,0.0
115212,0,0,0.0
115226,0,0,0.0
115236,0,0,0.0
115252,0,0,0.0
115257,0,0,0.0
115259,0,0,0.0
115266,0,0,0.0
115270,0,0,0.0
115271,0,0,0.0
115272,0,0,0.0
115275,0,0,0.0
115288,0,0,0.0
115289,0,0,0.0
115290,0,0,0.0
115291,0,0,0.0
115300,0,0,0.0
115304,0,0,0.0
115311,0,0,0.0
115326,0,0,0.0
115336,0,0,0.0
115338,0,0,0.0
115346,0,0,0.0
115354,0,0,0.0
115357,0,0,0.0
115358,0,0,0.0
115363,0,0,0.0
115365,0,0,0.0
115372,0,0,0.0
115373,0,0,0.0
115376,0,0,0.0
115380,0,0,0.0
115381,0,0,0.0
115400,0,0,0.0
115403,0,0,0.0
115407,0,0,0.0
115412,0,0,0.0
115413,0,0,0.0
115419,0,0,0.0
115423,0,0,0.0
115436,0,0,0.0
115437,0,0,0.0
115451,0,0,0.0
115452,0,0,0.0
115454,0,0,0.0
115455,0,0,0.0
115458,0,0,0.0
115463,0,0,0.0
115477,0,0,0.0
115494,0,0,0.0
115504,0,0,0.0
115506,0,0,0.0
115513,0,0,0.0
115515,0,0,0.0
115526,0,0,0.0
115529,0,0,0.0
115543,0,0,0.0
115544,0,0,0.0
115552,0,0,0.0
115554,0,0,0.0
115559,0,0,0.0
115561,0,0,0.0
115566,0,0,0.0
115575,0,0,0.0
115577,0,0,0.0
115581,0,0,0.0
115585,0,0,0.0
115586,0,0,0.0
115598,0,0,0.0
115599,0,0,0.0
115600,0,0,0.0
115602,0,0,0.0
115603,0,0,0.0
115604,0,0,0.0
115607,0,0,0.0
115611,0,0,0.0
115629,0,0,0.0
115632,0,0,0.0
115636,0,0,0.0
115642,0,0,0.0
115647,0,0,0.0
115651,0,0,0.0
115654,0,0,0.0
115669,0,0,0.0
115671,0,0,0.0
115672,0,0,0.0
115681,0,0,0.0
115695,0,0,0.0
115698,0,0,0.0
115703,0,0,0.0
115704,0,0,0.0
115705,0,0,0.0
115706,0,0,0.0
115719,0,0,0.0
115734,0,0,0.0
115736,0,0,0.0
115738,0,0,0.0
115745,0,0,0.0
115752,0,0,0.0
115756,0,0,0.0
115758,0,0,0.0
115769,0,0,0.0
115789,0,0,0.0
115792,0,0,0.0
115796,0,0,0.0
115801,0,0,0.0
115807,0,0,0.0
115818,0,0,0.0
115822,0,0,0.0
115831,0,0,0.0
115843,0,0,0.0
115844,0,0,0.0
115845,0,0,0.0
115853,0,0,0.0
115869,0,0,0.0
115870,0,0,0.0
115880,0,0,0.0
115882,0,0,0.0
115887,0,0,0.0
115897,0,0,0.0
115899,0,0,0.0
115900,0,0,0.0
115903,0,0,0.0
115907,0,0,0.0
115908,0,0,0.0
115910,0,0,0.0
115913,0,0,0.0
115916,0,0,0.0
115921,0,0,0.0
115931,0,0,0.0
115932,0,0,0.0
115934,0,0,0.0
115943,0,0,0.0
115944,0,0,0.0
115948,0,0,0.0
115949,0,0,0.0
115950,0,0,0.0
115961,0,0,0.0
115972,0,0,0.0
115976,0,0,0.0
115979,0,0,0.0
115984,0,0,0.0
115987,0,0,0.0
116000,0,0,0.0
116002,0,0,0.0
116006,0,0,0.0
116008,0,0,0.0
116012,0,0,0.0
116013,0,0,0.0
116019,0,0,0.0
116020,0,0,0.0
116023,0,0,0.0
116033,0,0,0.0
116034,0,0,0.0
116035,0,0,0.0
116048,0,0,0.0
116053,0,0,0.0
116062,0,0,0.0
116066,0,0,0.0
116067,0,0,0.0
116070,0,0,0.0
116082,0,0,0.0
116090,0,0,0.0
116093,0,0,0.0
116097,0,0,0.0
116099,0,0,0.0
116102,0,0,0.0
116114,0,0,0.0
116116,0,0,0.0
116125,0,0,0.0
116126,0,0,0.0
116132,0,0,0.0
116135,0,0,0.0
116142,0,0,0.0
116162,0,0,0.0
116164,0,0,0.0
116166,0,0,0.0
116169,0,0,0.0
116171,0,0,0.0
116175,0,0,0.0
116176,0,0,0.0
116179,0,0,0.0
116180,0,0,0.0
116187,0,0,0.0
116188,0,0,0.0
116194,0,0,0.0
116196,0,0,0.0
116201,0,0,0.0
116212,0,0,0.0
116213,0,0,0.0
116221,0,0,0.0
116227,0,0,0.0
116228,0,0,0.0
116229,0,0,0.0
116233,0,0,0.0
116234,0,0,0.0
116236,0,0,0.0
116243,0,0,0.0
116244,0,0,0.0
116253,0,0,0.0
116257,0,0,0.0
116259,0,0,0.0
116260,0,0,0.0
116266,0,0,0.0
116274,0,0,0.0
116278,0,0,0.0
116279,0,0,0.0
116295,0,0,0.0
116301,0,0,0.0
116302,0,0,0.0
116303,0,0,0.0
116309,0,0,0.0
116312,0,0,0.0
116314,0,0,0.0
116324,0,0,0.0
116339,0,0,0.0
116343,0,0,0.0
116348,0,0,0.0
116349,0,0,0.0
116351,0,0,0.0
116352,0,0,0.0
116355,0,0,0.0
116356,0,0,0.0
116360,0,0,0.0
116362,0,0,0.0
116364,0,0,0.0
116373,0,0,0.0
116376,0,0,0.0
116378,0,0,0.0
116380,0,0,0.0
116383,0,0,0.0
116386,0,0,0.0
116387,0,0,0.0
116388,0,0,0.0
116390,0,0,0.0
116393,0,0,0.0
116398,0,0,0.0
116405,0,0,0.0
116406,0,0,0.0
116409,0,0,0.0
116411,0,0,0.0
116426,0,0,0.0
116433,0,0,0.0
116434,0,0,0.0
116445,0,0,0.0
116448,0,0,0.0
116449,0,0,0.0
116455,0,0,0.0
116461,0,0,0.0
116462,0,0,0.0
116464,0,0,0.0
116465,0,0,0.0
116468,0,0,0.0
116472,0,0,0.0
116473,0,0,0.0
116489,0,0,0.0
116493,0,0,0.0
116496,0,0,0.0
116497,0,0,0.0
116499,0,0,0.0
116502,0,0,0.0
116512,0,0,0.0
116513,0,0,0.0
116516,0,0,0.0
116531,0,0,0.0
116532,0,0,0.0
116535,0,0,0.0
116539,0,0,0.0
116541,0,0,0.0
116542,0,0,0.0
116547,0,0,0.0
116551,0,0,0.0
116556,0,0,0.0
116566,0,0,0.0
116567,0,0,0.0
116573,0,0,0.0
116574,0,0,0.0
116577,0,0,0.0
116582,0,0,0.0
116591,0,0,0.0
116594,0,0,0.0
116605,0,0,0.0
116609,0,0,0.0
116611,0,0,0.0
116618,0,0,0.0
116628,0,0,0.0
116629,0,0,0.0
116631,0,0,0.0
116646,0,0,0.0
116647,0,0,0.0
116652,0,0,0.0
116653,0,0,0.0
116656,0,0,0.0
116669,0,0,0.0
116673,0,0,0.0
116674,0,0,0.0
116675,0,0,0.0
116678,0,0,0.0
116679,0,0,0.0
116681,0,0,0.0
116694,0,0,0.0
116697,0,0,0.0
116700,0,0,0.0
116712,0,0,0.0
116723,0,0,0.0
116734,0,0,0.0
116738,0,0,0.0
116740,0,0,0.0
116745,0,0,0.0
116746,0,0,0.0
116750,0,0,0.0
116752,0,0,0.0
116757,0,0,0.0
116760,0,0,0.0
116765,0,0,0.0
116772,0,0,0.0
116787,0,0,0.0
116790,0,0,0.0
116791,0,0,0.0
116793,0,0,0.0
116808,0,0,0.0
116809,0,0,0.0
116810,0,0,0.0
116813,0,0,0.0
116814,0,0,0.0
116821,0,0,0.0
116823,0,0,0.0
116828,0,0,0.0
116829,0,0,0.0
116831,0,0,0.0
116833,0,0,0.0
116841,0,0,0.0
116844,0,0,0.0
116847,0,0,0.0
116855,0,0,0.0
116860,0,0,0.0
116867,0,0,0.0
116868,0,0,0.0
116872,0,0,0.0
116877,0,0,0.0
116889,0,0,0.0
116895,0,0,0.0
116898,0,0,0.0
116907,0,0,0.0
116909,0,0,0.0
116913,0,0,0.0
116914,0,0,0.0
116915,0,0,0.0
116920,0,0,0.0
116921,0,0,0.0
116925,0,0,0.0
116928,0,0,0.0
116959,0,0,0.0
116965,0,0,0.0
116967,0,0,0.0
116968,0,0,0.0
116969,0,0,0.0
116974,0,0,0.0
116978,0,0,0.0
116979,0,0,0.0
116982,0,0,0.0
116983,0,0,0.0
116987,0,0,0.0
117000,0,0,0.0
117011,0,0,0.0
117012,0,0,0.0
117023,0,0,0.0
117034,0,0,0.0
117035,0,0,0.0
117037,0,0,0.0
117046,0,0,0.0
117051,0,0,0.0
117052,0,0,0.0
117056,0,0,0.0
117058,0,0,0.0
117065,0,0,0.0
117066,0,0,0.0
117070,0,0,0.0
117072,0,0,0.0
117074,0,0,0.0
117078,0,0,0.0
117083,0,0,0.0
117102,0,0,0.0
117106,0,0,0.0
117108,0,0,0.0
117109,0,0,0.0
117110,0,0,0.0
117123,0,0,0.0
117125,0,0,0.0
117126,0,0,0.0
117131,0,0,0.0
117137,0,0,0.0
117138,0,0,0.0
117142,0,0,0.0
117144,0,0,0.0
117147,0,0,0.0
117153,0,0,0.0
117159,0,0,0.0
117160,0,0,0.0
117164,0,0,0.0
117165,0,0,0.0
117178,0,0,0.0
117179,0,0,0.0
117181,0,0,0.0
117183,0,0,0.0
117184,0,0,0.0
117186,0,0,0.0
117188,0,0,0.0
117193,0,0,0.0
117198,0,0,0.0
117199,0,0,0.0
117207,0,0,0.0
117211,0,0,0.0
117212,0,0,0.0
117216,0,0,0.0
117224,0,0,0.0
117226,0,0,0.0
117227,0,0,0.0
117230,0,0,0.0
117233,0,0,0.0
117246,0,0,0.0
117253,0,0,0.0
117258,0,0,0.0
117272,0,0,0.0
117276,0,0,0.0
117282,0,0,0.0
117295,0,0,0.0
117296,0,0,0.0
117301,0,0,0.0
117310,0,0,0.0
117314,0,0,0.0
117315,0,0,0.0
117321,0,0,0.0
117324,0,0,0.0
117328,0,0,0.0
117335,0,0,0.0
117342,0,0,0.0
117347,0,0,0.0
117351,0,0,0.0
117352,0,0,0.0
117360,0,0,0.0
117364,0,0,0.0
117369,0,0,0.0
117370,0,0,0.0
117373,0,0,0.0
117377,0,0,0.0
117379,0,0,0.0
117381,0,0,0.0
117385,0,0,0.0
117397,0,0,0.0
117405,0,0,0.0
117413,0,0,0.0
117418,0,0,0.0
117420,0,0,0.0
117422,0,0,0.0
117426,0,0,0.0
117428,0,0,0.0
117430,0,0,0.0
117435,0,0,0.0
117462,0,0,0.0
117466,0,0,0.0
117473,0,0,0.0
117474,0,0,0.0
117475,0,0,0.0
117481,0,0,0.0
117486,0,0,0.0
117488,0,0,0.0
117491,0,0,0.0
117492,0,0,0.0
117493,0,0,0.0
117515,0,0,0.0
117517,0,0,0.0
117521,0,0,0.0
117524,0,0,0.0
117527,0,0,0.0
117531,0,0,0.0
117533,0,0,0.0
117546,0,0,0.0
117558,0,0,0.0
117559,0,0,0.0
117563,0,0,0.0
117567,0,0,0.0
117575,0,0,0.0
117591,0,0,0.0
117603,0,0,0.0
117604,0,0,0.0
117606,0,0,0.0
117608,0,0,0.0
117614,0,0,0.0
117617,0,0,0.0
117618,0,0,0.0
117620,0,0,0.0
117627,0,0,0.0
117628,0,0,0.0
117631,0,0,0.0
117640,0,0,0.0
117642,0,0,0.0
117643,0,0,0.0
117645,0,0,0.0
117647,0,0,0.0
117655,0,0,0.0
117656,0,0,0.0
117666,0,0,0.0
117667,0,0,0.0
117677,0,0,0.0
117680,0,0,0.0
117682,0,0,0.0
117692,0,0,0.0
117695,0,0,0.0
117697,0,0,0.0
117704,0,0,0.0
117705,0,0,0.0
117712,0,0,0.0
117719,0,0,0.0
117722,0,0,0.0
117724,0,0,0.0
117725,0,0,0.0
117727,0,0,0.0
117730,0,0,0.0
117733,0,0,0.0
117752,0,0,0.0
117755,0,0,0.0
117767,0,0,0.0
117778,0,0,0.0
117779,0,0,0.0
117782,0,0,0.0
117794,0,0,0.0
117795,0,0,0.0
117815,0,0,0.0
117818,0,0,0.0
117829,0,0,0.0
117830,0,0,0.0
117835,0,0,0.0
117838,0,0,0.0
117839,0,0,0.0
117853,0,0,0.0
117857,0,0,0.0
117858,0,0,0.0
117860,0,0,0.0
117865,0,0,0.0
117876,0,0,0.0
117882,0,0,0.0
117899,0,0,0.0
117902,0,0,0.0
117920,0,0,0.0
117933,0,0,0.0
117935,0,0,0.0
117936,0,0,0.0
117943,0,0,0.0
117955,0,0,0.0
117958,0,0,0.0
117969,0,0,0.0
117972,0,0,0.0
117976,0,0,0.0
117987,0,0,0.0
117997,0,0,0.0
117998,0,0,0.0
118005,0,0,0.0
118008,0,0,0.0
118009,0,0,0.0
118012,0,0,0.0
118019,0,0,0.0
118024,0,0,0.0
118030,0,0,0.0
118031,0,0,0.0
118033,0,0,0.0
118039,0,0,0.0
118049,0,0,0.0
118050,0,0,0.0
118062,0,0,0.0
118066,0,0,0.0
118067,0,0,0.0
118072,0,0,0.0
118073,0,0,0.0
118078,0,0,0.0
118079,0,0,0.0
118080,0,0,0.0
118089,0,0,0.0
118097,0,0,0.0
118099,0,0,0.0
118100,0,0,0.0
118101,0,0,0.0
118104,0,0,0.0
118107,0,0,0.0
118112,0,0,0.0
118116,0,0,0.0
118132,0,0,0.0
118137,0,0,0.0
118146,0,0,0.0
118150,0,0,0.0
118156,0,0,0.0
118162,0,0,0.0
118166,0,0,0.0
118168,0,0,0.0
118181,0,0,0.0
118182,0,0,0.0
118188,0,0,0.0
118192,0,0,0.0
118201,0,0,0.0
118204,0,0,0.0
118211,0,0,0.0
118223,0,0,0.0
118224,0,0,0.0
118229,0,0,0.0
118231,0,0,0.0
118235,0,0,0.0
118247,0,0,0.0
118249,0,0,0.0
118250,0,0,0.0
118255,0,0,0.0
118256,0,0,0.0
118259,0,0,0.0
118266,0,0,0.0
118275,0,0,0.0
118278,0,0,0.0
118289,0,0,0.0
118291,0,0,0.0
118300,0,0,0.0
118303,0,0,0.0
118306,0,0,0.0
118307,0,0,0.0
118309,0,0,0.0
118311,0,0,0.0
118314,0,0,0.0
118317,0,0,0.0
118318,0,0,0.0
118321,0,0,0.0
118333,0,0,0.0
118341,0,0,0.0
118350,0,0,0.0
118352,0,0,0.0
118353,0,0,0.0
118358,0,0,0.0
118359,0,0,0.0
118372,0,0,0.0
118373,0,0,0.0
118378,0,0,0.0
118387,0,0,0.0
118388,0,0,0.0
118390,0,0,0.0
118402,0,0,0.0
118407,0,0,0.0
118411,0,0,0.0
118417,0,0,0.0
118419,0,0,0.0
118422,0,0,0.0
118430,0,0,0.0
118432,0,0,0.0
118433,0,0,0.0
118437,0,0,0.0
118440,0,0,0.0
118454,0,0,0.0
118467,0,0,0.0
118468,0,0,0.0
118472,0,0,0.0
118484,0,0,0.0
118487,0,0,0.0
118488,0,0,0.0
118490,0,0,0.0
118499,0,0,0.0
118500,0,0,0.0
118502,0,0,0.0
118504,0,0,0.0
118510,0,0,0.0
118521,0,0,0.0
118528,0,0,0.0
118531,0,0,0.0
118535,0,0,0.0
118543,0,0,0.0
118545,0,0,0.0
118547,0,0,0.0
118569,0,0,0.0
118573,0,0,0.0
118581,0,0,0.0
118587,0,0,0.0
118588,0,0,0.0
118611,0,0,0.0
118617,0,0,0.0
118618,0,0,0.0
118629,0,0,0.0
118634,0,0,0.0
118641,0,0,0.0
118651,0,0,0.0
118653,0,0,0.0
118659,0,0,0.0
118660,0,0,0.0
118664,0,0,0.0
118677,0,0,0.0
118678,0,0,0.0
118679,0,0,0.0
118693,0,0,0.0
118702,0,0,0.0
118708,0,0,0.0
118716,0,0,0.0
118717,0,0,0.0
118720,0,0,0.0
118721,0,0,0.0
118722,0,0,0.0
118724,0,0,0.0
118726,0,0,0.0
118728,0,0,0.0
118731,0,0,0.0
118732,0,0,0.0
118746,0,0,0.0
118747,0,0,0.0
118758,0,0,0.0
118759,0,0,0.0
118763,0,0,0.0
118777,0,0,0.0
118779,0,0,0.0
118793,0,0,0.0
118796,0,0,0.0
118798,0,0,0.0
118800,0,0,0.0
118805,0,0,0.0
118818,0,0,0.0
118819,0,0,0.0
118820,0,0,0.0
118832,0,0,0.0
118835,0,0,0.0
118841,0,0,0.0
118842,0,0,0.0
118844,0,0,0.0
118850,0,0,0.0
118852,0,0,0.0
118854,0,0,0.0
118855,0,0,0.0
118858,0,0,0.0
118859,0,0,0.0
118860,0,0,0.0
118863,0,0,0.0
118864,0,0,0.0
118865,0,0,0.0
118869,0,0,0.0
118873,0,0,0.0
118883,0,0,0.0
118887,0,0,0.0
118890,0,0,0.0
118898,0,0,0.0
118900,0,0,0.0
118901,0,0,0.0
118905,0,0,0.0
118907,0,0,0.0
118919,0,0,0.0
118920,0,0,0.0
118922,0,0,0.0
118929,0,0,0.0
118931,0,0,0.0
118932,0,0,0.0
118942,0,0,0.0
118944,0,0,0.0
118946,0,0,0.0
118954,0,0,0.0
118961,0,0,0.0
118962,0,0,0.0
118973,0,0,0.0
118993,0,0,0.0
118998,0,0,0.0
118999,0,0,0.0
119002,0,0,0.0
119005,0,0,0.0
119007,0,0,0.0
119010,0,0,0.0
119015,0,0,0.0
119016,0,0,0.0
119017,0,0,0.0
119018,0,0,0.0
119024,0,0,0.0
119027,0,0,0.0
119028,0,0,0.0
119035,0,0,0.0
119048,0,0,0.0
119049,0,0,0.0
119056,0,0,0.0
119059,0,0,0.0
119064,0,0,0.0
119065,0,0,0.0
119068,0,0,0.0
119076,0,0,0.0
119079,0,0,0.0
119083,0,0,0.0
119086,0,0,0.0
119091,0,0,0.0
119098,0,0,0.0
119110,0,0,0.0
119117,0,0,0.0
119118,0,0,0.0
119125,0,0,0.0
119126,0,0,0.0
119130,0,0,0.0
119132,0,0,0.0
119134,0,0,0.0
119135,0,0,0.0
119140,0,0,0.0
119155,0,0,0.0
119162,0,0,0.0
119165,0,0,0.0
119169,0,0,0.0
119173,0,0,0.0
119182,0,0,0.0
119184,0,0,0.0
119186,0,0,0.0
119190,0,0,0.0
119196,0,0,0.0
119200,0,0,0.0
119219,0,0,0.0
119228,0,0,0.0
119230,0,0,0.0
119245,0,0,0.0
119255,0,0,0.0
119256,0,0,0.0
119262,0,0,0.0
119265,0,0,0.0
119267,0,0,0.0
119280,0,0,0.0
119285,0,0,0.0
119293,0,0,0.0
119296,0,0,0.0
119297,0,0,0.0
119310,0,0,0.0
119313,0,0,0.0
119323,0,0,0.0
119331,0,0,0.0
119334,0,0,0.0
119340,0,0,0.0
119341,0,0,0.0
119347,0,0,0.0
119353,0,0,0.0
119354,0,0,0.0
119355,0,0,0.0
119356,0,0,0.0
119358,0,0,0.0
119365,0,0,0.0
119367,0,0,0.0
119379,0,0,0.0
119387,0,0,0.0
119405,0,0,0.0
119409,0,0,0.0
119414,0,0,0.0
119415,0,0,0.0
119424,0,0,0.0
119428,0,0,0.0
119429,0,0,0.0
119437,0,0,0.0
119441,0,0,0.0
119443,0,0,0.0
119445,0,0,0.0
119451,0,0,0.0
119454,0,0,0.0
119463,0,0,0.0
119470,0,0,0.0
119473,0,0,0.0
119478,0,0,0.0
119490,0,0,0.0
119492,0,0,0.0
119505,0,0,0.0
119510,0,0,0.0
119512,0,0,0.0
119513,0,0,0.0
119514,0,0,0.0
119523,0,0,0.0
119531,0,0,0.0
119534,0,0,0.0
119540,0,0,0.0
119549,0,0,0.0
119551,0,0,0.0
119553,0,0,0.0
119554,0,0,0.0
119559,0,0,0.0
119565,0,0,0.0
119568,0,0,0.0
119571,0,0,0.0
119580,0,0,0.0
119585,0,0,0.0
119599,0,0,0.0
119601,0,0,0.0
119602,0,0,0.0
119603,0,0,0.0
119611,0,0,0.0
119612,0,0,0.0
119628,0,0,0.0
119641,0,0,0.0
119663,0,0,0.0
119664,0,0,0.0
119665,0,0,0.0
119669,0,0,0.0
119671,0,0,0.0
119676,0,0,0.0
119686,0,0,0.0
119687,0,0,0.0
119690,0,0,0.0
119695,0,0,0.0
119701,0,0,0.0
119702,0,0,0.0
119704,0,0,0.0
119706,0,0,0.0
119713,0,0,0.0
119715,0,0,0.0
119720,0,0,0.0
119725,0,0,0.0
119728,0,0,0.0
119729,0,0,0.0
119732,0,0,0.0
119737,0,0,0.0
119738,0,0,0.0
119740,0,0,0.0
119742,0,0,0.0
119743,0,0,0.0
119753,0,0,0.0
119763,0,0,0.0
119769,0,0,0.0
119774,0,0,0.0
119777,0,0,0.0
119786,0,0,0.0
119789,0,0,0.0
119796,0,0,0.0
119811,0,0,0.0
119814,0,0,0.0
119825,0,0,0.0
119828,0,0,0.0
119831,0,0,0.0
119832,0,0,0.0
119834,0,0,0.0
119838,0,0,0.0
119842,0,0,0.0
119843,0,0,0.0
119847,0,0,0.0
119848,0,0,0.0
119861,0,0,0.0
119869,0,0,0.0
119870,0,0,0.0
119895,0,0,0.0
119896,0,0,0.0
119899,0,0,0.0
119903,0,0,0.0
119908,0,0,0.0
119909,0,0,0.0
119911,0,0,0.0
119921,0,0,0.0
119925,0,0,0.0
119926,0,0,0.0
119937,0,0,0.0
119938,0,0,0.0
119943,0,0,0.0
119946,0,0,0.0
119960,0,0,0.0
119962,0,0,0.0
119964,0,0,0.0
119966,0,0,0.0
119970,0,0,0.0
119971,0,0,0.0
119972,0,0,0.0
119985,0,0,0.0
119993,0,0,0.0
120002,0,0,0.0
120013,0,0,0.0
120033,0,0,0.0
120041,0,0,0.0
120043,0,0,0.0
120048,0,0,0.0
120049,0,0,0.0
120057,0,0,0.0
120058,0,0,0.0
120061,0,0,0.0
120062,0,0,0.0
120069,0,0,0.0
120074,0,0,0.0
120075,0,0,0.0
120079,0,0,0.0
120083,0,0,0.0
120092,0,0,0.0
120093,0,0,0.0
120099,0,0,0.0
120104,0,0,0.0
120107,0,0,0.0
120120,0,0,0.0
120121,0,0,0.0
120125,0,0,0.0
120128,0,0,0.0
120135,0,0,0.0
120136,0,0,0.0
120137,0,0,0.0
120150,0,0,0.0
120151,0,0,0.0
120153,0,0,0.0
120164,0,0,0.0
120166,0,0,0.0
120171,0,0,0.0
120180,0,0,0.0
120181,0,0,0.0
120182,0,0,0.0
120184,0,0,0.0
120203,0,0,0.0
120208,0,0,0.0
120211,0,0,0.0
120215,0,0,0.0
120224,0,0,0.0
120226,0,0,0.0
120234,0,0,0.0
120237,0,0,0.0
120250,0,0,0.0
120262,0,0,0.0
120265,0,0,0.0
120270,0,0,0.0
120275,0,0,0.0
120279,0,0,0.0
120284,0,0,0.0
120289,0,0,0.0
120291,0,0,0.0
120296,0,0,0.0
120302,0,0,0.0
120305,0,0,0.0
120314,0,0,0.0
120315,0,0,0.0
120316,0,0,0.0
120328,0,0,0.0
120349,0,0,0.0
120363,0,0,0.0
120369,0,0,0.0
120388,0,0,0.0
120392,0,0,0.0
120395,0,0,0.0
120398,0,0,0.0
120402,0,0,0.0
120407,0,0,0.0
120413,0,0,0.0
120416,0,0,0.0
120417,0,0,0.0
120426,0,0,0.0
120427,0,0,0.0
120441,0,0,0.0
120443,0,0,0.0
120454,0,0,0.0
120473,0,0,0.0
120476,0,0,0.0
120481,0,0,0.0
120483,0,0,0.0
120488,0,0,0.0
120491,0,0,0.0
120516,0,0,0.0
120523,0,0,0.0
120524,0,0,0.0
120528,0,0,0.0
120531,0,0,0.0
120536,0,0,0.0
120538,0,0,0.0
120542,0,0,0.0
120544,0,0,0.0
120545,0,0,0.0
120548,0,0,0.0
120573,0,0,0.0
120574,0,0,0.0
120577,0,0,0.0
120580,0,0,0.0
120583,0,0,0.0
120589,0,0,0.0
120595,0,0,0.0
120605,0,0,0.0
120620,0,0,0.0
120629,0,0,0.0
120630,0,0,0.0
120637,0,0,0.0
120642,0,0,0.0
120647,0,0,0.0
120648,0,0,0.0
120656,0,0,0.0
120657,0,0,0.0
120659,0,0,0.0
120660,0,0,0.0
120669,0,0,0.0
120676,0,0,0.0
120700,0,0,0.0
120711,0,0,0.0
120718,0,0,0.0
120720,0,0,0.0
120723,0,0,0.0
120725,0,0,0.0
120726,0,0,0.0
120741,0,0,0.0
120745,0,0,0.0
120747,0,0,0.0
120749,0,0,0.0
120753,0,0,0.0
120754,0,0,0.0
120755,0,0,0.0
120757,0,0,0.0
120764,0,0,0.0
120766,0,0,0.0
120768,0,0,0.0
120770,0,0,0.0
120771,0,0,0.0
120772,0,0,0.0
120782,0,0,0.0
120789,0,0,0.0
120798,0,0,0.0
120799,0,0,0.0
120800,0,0,0.0
120801,0,0,0.0
120812,0,0,0.0
120814,0,0,0.0
120818,0,0,0.0
120823,0,0,0.0
120824,0,0,0.0
120830,0,0,0.0
120831,0,0,0.0
120837,0,0,0.0
120841,0,0,0.0
120842,0,0,0.0
120843,0,0,0.0
120844,0,0,0.0
120854,0,0,0.0
120862,0,0,0.0
120866,0,0,0.0
120867,0,0,0.0
120869,0,0,0.0
120871,0,0,0.0
120873,0,0,0.0
120875,0,0,0.0
120877,0,0,0.0
120878,0,0,0.0
120881,0,0,0.0
120882,0,0,0.0
120884,0,0,0.0
120887,0,0,0.0
120900,0,0,0.0
120906,0,0,0.0
120909,0,0,0.0
120913,0,0,0.0
120917,0,0,0.0
120918,0,0,0.0
120922,0,0,0.0
120932,0,0,0.0
120939,0,0,0.0
120941,0,0,0.0
120942,0,0,0.0
120943,0,0,0.0
120944,0,0,0.0
120947,0,0,0.0
120952,0,0,0.0
120954,0,0,0.0
120956,0,0,0.0
120957,0,0,0.0
120959,0,0,0.0
120961,0,0,0.0
120964,0,0,0.0
120971,0,0,0.0
120980,0,0,0.0
120993,0,0,0.0
120994,0,0,0.0
120997,0,0,0.0
121005,0,0,0.0
121011,0,0,0.0
121016,0,0,0.0
121017,0,0,0.0
121019,0,0,0.0
121024,0,0,0.0
121026,0,0,0.0
121033,0,0,0.0
121038,0,0,0.0
121043,0,0,0.0
121046,0,0,0.0
121047,0,0,0.0
121048,0,0,0.0
121052,0,0,0.0
121057,0,0,0.0
121060,0,0,0.0
121066,0,0,0.0
121069,0,0,0.0
121075,0,0,0.0
121080,0,0,0.0
121090,0,0,0.0
121101,0,0,0.0
121105,0,0,0.0
121106,0,0,0.0
121124,0,0,0.0
121156,0,0,0.0
121175,0,0,0.0
121183,0,0,0.0
121188,1,1,1.0
121189,1,1,1.0
121193,0,0,0.0
121195,0,0,0.0
121200,0,0,0.0
121201,0,0,0.0
121210,0,0,0.0
121211,0,0,0.0
121214,0,0,0.0
121220,0,0,0.0
121226,0,0,0.0
121227,0,0,0.0
121232,0,0,0.0
121233,0,0,0.0
121235,0,0,0.0
121238,0,0,0.0
121245,0,0,0.0
121249,0,0,0.0
121252,0,0,0.0
121258,0,0,0.0
121260,0,0,0.0
121262,0,0,0.0
121263,0,0,0.0
121267,0,0,0.0
121285,0,0,0.0
121287,0,0,0.0
121288,0,0,0.0
121289,0,0,0.0
121291,0,0,0.0
121295,0,0,0.0
121301,0,0,0.0
121315,0,0,0.0
121319,0,0,0.0
121322,0,0,0.0
121327,0,0,0.0
121329,0,0,0.0
121330,0,0,0.0
121338,0,0,0.0
121339,0,0,0.0
121343,0,0,0.0
121370,0,0,0.0
121376,0,0,0.0
121377,0,0,0.0
121380,0,0,0.0
121388,0,0,0.0
121393,0,0,0.0
121400,0,0,0.0
121402,0,0,0.0
121406,0,0,0.0
121409,0,0,0.0
121431,0,0,0.0
121433,0,0,0.0
121439,0,0,0.0
121441,0,0,0.0
121452,0,0,0.0
121458,0,0,0.0
121466,0,0,0.0
121469,0,0,0.0
121471,0,0,0.0
121474,0,0,0.0
121477,0,0,0.0
121482,0,0,0.0
121483,0,0,0.0
121491,0,0,0.0
121501,0,0,0.0
121502,0,0,0.0
121504,0,0,0.0
121505,0,0,0.0
121508,0,0,0.0
121514,0,0,0.0
121523,0,0,0.0
121528,0,0,0.0
121534,0,0,0.0
121536,0,0,0.0
121538,0,0,0.0
121541,0,0,0.0
121542,0,0,0.0
121549,0,0,0.0
121552,0,0,0.0
121560,0,0,0.0
121567,0,0,0.0
121569,0,0,0.0
121571,0,0,0.0
121575,0,0,0.0
121585,0,0,0.0
121587,0,0,0.0
121589,0,0,0.0
121595,0,0,0.0
121597,0,0,0.0
121604,0,0,0.0
121612,0,0,0.0
121613,0,0,0.0
121623,0,0,0.0
121633,0,0,0.0
121639,0,0,0.0
121645,0,0,0.0
121646,0,0,0.0
121647,0,0,0.0
121650,0,0,0.0
121656,0,0,0.0
121672,0,0,0.0
121676,0,0,0.0
121683,0,0,0.0
121690,0,0,0.0
121696,0,0,0.0
121698,0,0,0.0
121704,0,0,0.0
121707,0,0,0.0
121713,0,0,0.0
121719,0,0,0.0
121723,0,0,0.0
121730,0,0,0.0
121732,0,0,0.0
121741,0,0,0.0
121742,0,0,0.0
121753,0,0,0.0
121754,0,0,0.0
121759,0,0,0.0
121779,0,0,0.0
121785,0,0,0.0
121786,0,0,0.0
121789,0,0,0.0
121792,0,0,0.0
121794,0,0,0.0
121799,0,0,0.0
121803,0,0,0.0
121804,0,0,0.0
121809,0,0,0.0
121816,0,0,0.0
121818,0,0,0.0
121820,0,0,0.0
121827,0,0,0.0
121834,0,0,0.0
121835,0,0,0.0
121841,0,0,0.0
121845,0,0,0.0
121850,0,0,0.0
121851,0,0,0.0
121862,0,0,0.0
121870,0,0,0.0
121874,0,0,0.0
121875,0,0,0.0
121878,0,0,0.0
121884,0,0,0.0
121889,0,0,0.0
121890,0,0,0.0
121899,0,0,0.0
121900,0,0,0.0
121903,0,0,0.0
121904,0,0,0.0
121910,0,0,0.0
121912,0,0,0.0
121913,0,0,0.0
121915,0,0,0.0
121917,0,0,0.0
121922,0,0,0.0
121926,0,0,0.0
121927,0,0,0.0
121934,0,0,0.0
121935,0,0,0.0
121936,0,0,0.0
121939,0,0,0.0
121953,0,0,0.0
121957,0,0,0.0
121969,0,0,0.0
121971,0,0,0.0
121972,0,0,0.0
121973,0,0,0.0
121976,0,0,0.0
121977,0,0,0.0
121984,0,0,0.0
121987,0,0,0.0
121990,0,0,0.0
121992,0,0,0.0
122009,0,0,0.0
122010,0,0,0.0
122012,0,0,0.0
122017,0,0,0.0
122023,0,0,0.0
122027,0,0,0.0
122030,0,0,0.0
122037,0,0,0.0
122045,0,0,0.0
122047,0,0,0.0
122052,0,0,0.0
122053,0,0,0.0
122059,0,0,0.0
122077,0,0,0.0
122079,0,0,0.0
122082,0,0,0.0
122084,0,0,0.0
122087,0,0,0.0
122094,0,0,0.0
122096,0,0,0.0
122100,0,0,0.0
122119,0,0,0.0
122129,0,0,0.0
122133,0,0,0.0
122140,0,0,0.0
122142,0,0,0.0
122149,0,0,0.0
122156,0,0,0.0
122165,0,0,0.0
122172,0,0,0.0
122174,0,0,0.0
122180,0,0,0.0
122191,0,0,0.0
122192,0,0,0.0
122196,0,0,0.0
122197,0,0,0.0
122210,0,0,0.0
122211,0,0,0.0
122212,0,0,0.0
122225,0,0,0.0
122229,0,0,0.0
122242,0,0,0.0
122256,0,0,0.0
122257,0,0,0.0
122269,0,0,0.0
122270,0,0,0.0
122274,0,0,0.0
122277,0,0,0.0
122278,0,0,0.0
122280,0,0,0.0
122281,0,0,0.0
122291,0,0,0.0
122294,0,0,0.0
122297,0,0,0.0
122304,0,0,0.0
122307,0,0,0.0
122326,0,0,0.0
122327,0,0,0.0
122330,0,0,0.0
122331,0,0,0.0
122332,0,0,0.0
122334,0,0,0.0
122340,0,0,0.0
122341,0,0,0.0
122361,0,0,0.0
122362,0,0,0.0
122366,0,0,0.0
122368,0,0,0.0
122374,0,0,0.0
122375,0,0,0.0
122379,0,0,0.0
122381,0,0,0.0
122391,0,0,0.0
122394,0,0,0.0
122398,0,0,0.0
122400,0,0,0.0
122413,0,0,0.0
122419,0,0,0.0
122425,0,0,0.0
122430,0,0,0.0
122432,0,0,0.0
122434,0,0,0.0
122440,0,0,0.0
122443,0,0,0.0
122452,0,0,0.0
122455,0,0,0.0
122456,0,0,0.0
122463,0,0,0.0
122483,0,0,0.0
122484,0,0,0.0
122487,0,0,0.0
122496,0,0,0.0
122497,0,0,0.0
122498,0,0,0.0
122510,0,0,0.0
122512,0,0,0.0
122514,0,0,0.0
122524,0,0,0.0
122536,0,0,0.0
122544,0,0,0.0
122556,0,0,0.0
122561,0,0,0.0
122567,0,0,0.0
122572,0,0,0.0
122586,0,0,0.0
122588,0,0,0.0
122589,0,0,0.0
122590,0,0,0.0
122597,0,0,0.0
122599,0,0,0.0
122613,0,0,0.0
122617,0,0,0.0
122633,0,0,0.0
122635,0,0,0.0
122639,0,0,0.0
122649,0,0,0.0
122660,0,0,0.0
122671,0,0,0.0
122676,0,0,0.0
122694,0,0,0.0
122699,0,0,0.0
122701,0,0,0.0
122703,0,0,0.0
122704,0,0,0.0
122709,0,0,0.0
122724,0,0,0.0
122735,0,0,0.0
122756,0,0,0.0
122761,0,0,0.0
122762,0,0,0.0
122766,0,0,0.0
122769,0,0,0.0
122774,0,0,0.0
122781,0,0,0.0
122784,0,0,0.0
122793,0,0,0.0
122798,0,0,0.0
122804,0,0,0.0
122808,0,0,0.0
122816,0,0,0.0
122823,0,0,0.0
122827,0,0,0.0
122832,0,0,0.0
122843,0,0,0.0
122847,0,0,0.0
122848,0,0,0.0
122850,0,0,0.0
122851,0,0,0.0
122852,0,0,0.0
122854,0,0,0.0
122855,0,0,0.0
122861,0,0,0.0
122865,0,0,0.0
122867,0,0,0.0
122890,0,0,0.0
122893,0,0,0.0
122896,0,0,0.0
122905,0,0,0.0
122907,0,0,0.0
122908,0,0,0.0
122910,0,0,0.0
122920,0,0,0.0
122921,0,0,0.0
122925,0,0,0.0
122935,0,0,0.0
122936,0,0,0.0
122959,0,0,0.0
122973,0,0,0.0
122978,0,0,0.0
122980,0,0,0.0
122984,0,0,0.0
122985,0,0,0.0
122991,0,0,0.0
122999,0,0,0.0
123007,0,0,0.0
123010,0,0,0.0
123012,0,0,0.0
123020,0,0,0.0
123033,0,0,0.0
123035,0,0,0.0
123037,0,0,0.0
123049,0,0,0.0
123051,0,0,0.0
123067,0,0,0.0
123069,0,0,0.0
123071,0,0,0.0
123086,0,0,0.0
123087,0,0,0.0
123101,0,0,0.0
123102,0,0,0.0
123106,0,0,0.0
123110,0,0,0.0
123111,0,0,0.0
123114,0,0,0.0
123119,0,0,0.0
123120,0,0,0.0
123136,0,0,0.0
123143,0,0,0.0
123150,0,0,0.0
123165,0,0,0.0
123170,0,0,0.0
123186,0,0,0.0
123191,0,0,0.0
123193,0,0,0.0
123194,0,0,0.0
123196,0,0,0.0
123200,0,0,0.0
123202,0,0,0.0
123208,0,0,0.0
123209,0,0,0.0
123212,0,0,0.0
123214,0,0,0.0
123216,0,0,0.0
123218,0,0,0.0
123222,0,0,0.0
123223,0,0,0.0
123225,0,0,0.0
123232,0,0,0.0
123233,0,0,0.0
123235,0,0,0.0
123249,0,0,0.0
123254,0,0,0.0
123269,0,0,0.0
123270,0,0,0.0
123272,0,0,0.0
123277,0,0,0.0
123282,0,0,0.0
123285,0,0,0.0
123298,0,0,0.0
123299,0,0,0.0
123302,0,0,0.0
123304,0,0,0.0
123311,0,0,0.0
123319,0,0,0.0
123325,0,0,0.0
123328,0,0,0.0
123333,0,0,0.0
123334,0,0,0.0
123338,0,0,0.0
123340,0,0,0.0
123341,0,0,0.0
123348,0,0,0.0
123351,0,0,0.0
123357,0,0,0.0
123358,0,0,0.0
123369,0,0,0.0
123373,0,0,0.0
123380,0,0,0.0
123384,0,0,0.0
123385,0,0,0.0
123388,0,0,0.0
123396,0,0,0.0
123403,0,0,0.0
123404,0,0,0.0
123406,0,0,0.0
123410,0,0,0.0
123414,0,0,0.0
123422,0,0,0.0
123423,0,0,0.0
123431,0,0,0.0
123433,0,0,0.0
123434,0,0,0.0
123443,0,0,0.0
123447,0,0,0.0
123452,0,0,0.0
123453,0,0,0.0
123455,0,0,0.0
123457,0,0,0.0
123462,0,0,0.0
123475,0,0,0.0
123476,0,0,0.0
123487,0,0,0.0
123488,0,0,0.0
123493,0,0,0.0
123494,0,0,0.0
123496,0,0,0.0
123498,0,0,0.0
123506,0,0,0.0
123513,0,0,0.0
123518,0,0,0.0
123519,0,0,0.0
123524,0,0,0.0
123526,0,0,0.0
123528,0,0,0.0
123534,0,0,0.0
123535,0,0,0.0
123536,0,0,0.0
123540,0,0,0.0
123542,0,0,0.0
123549,0,0,0.0
123553,0,0,0.0
123560,0,0,0.0
123565,0,0,0.0
123568,0,0,0.0
123573,0,0,0.0
123576,0,0,0.0
123588,0,0,0.0
123590,0,0,0.0
123594,0,0,0.0
123595,0,0,0.0
123598,0,0,0.0
123600,0,0,0.0
123603,0,0,0.0
123604,0,0,0.0
123609,0,0,0.0
123612,0,0,0.0
123614,0,0,0.0
123616,0,0,0.0
123617,0,0,0.0
123619,0,0,0.0
123621,0,0,0.0
123624,0,0,0.0
123630,0,0,0.0
123633,0,0,0.0
123644,0,0,0.0
123649,0,0,0.0
123653,0,0,0.0
123661,0,0,0.0
123666,0,0,0.0
123673,0,0,0.0
123687,0,0,0.0
123688,0,0,0.0
123693,0,0,0.0
123695,0,0,0.0
123703,0,0,0.0
123709,0,0,0.0
123710,0,0,0.0
123719,0,0,0.0
123726,0,0,0.0
123728,0,0,0.0
123731,0,0,0.0
123735,0,0,0.0
123739,0,0,0.0
123740,0,0,0.0
123745,0,0,0.0
123752,0,0,0.0
123757,0,0,0.0
123760,0,0,0.0
123770,0,0,0.0
123782,0,0,0.0
123784,0,0,0.0
123785,0,0,0.0
123787,0,0,0.0
123796,0,0,0.0
123798,0,0,0.0
123814,0,0,0.0
123819,0,0,0.0
123828,0,0,0.0
123830,0,0,0.0
123835,0,0,0.0
123837,0,0,0.0
123845,0,0,0.0
123866,0,0,0.0
123869,0,0,0.0
123871,0,0,0.0
123881,0,0,0.0
123883,0,0,0.0
123889,0,0,0.0
123892,0,0,0.0
123894,0,0,0.0
123895,0,0,0.0
123898,0,0,0.0
123903,0,0,0.0
123907,0,0,0.0
123911,0,0,0.0
123913,0,0,0.0
123919,0,0,0.0
123921,0,0,0.0
123924,0,0,0.0
123929,0,0,0.0
123936,0,0,0.0
123937,0,0,0.0
123945,0,0,0.0
123947,0,0,0.0
123951,0,0,0.0
123961,0,0,0.0
123964,0,0,0.0
123968,0,0,0.0
123970,0,0,0.0
123971,0,0,0.0
123973,0,0,0.0
123975,0,0,0.0
123980,0,0,0.0
123988,0,0,0.0
123997,0,0,0.0
123999,0,0,0.0
124004,0,0,0.0
124010,0,0,0.0
124017,0,0,0.0
124019,0,0,0.0
124037,0,0,0.0
124051,0,0,0.0
124055,0,0,0.0
124062,0,0,0.0
124066,0,0,0.0
124067,0,0,0.0
124069,0,0,0.0
124076,0,0,0.0
124077,0,0,0.0
124084,0,0,0.0
124088,0,0,0.0
124094,0,0,0.0
124095,0,0,0.0
124109,0,0,0.0
124112,0,0,0.0
124119,0,0,0.0
124122,0,0,0.0
124127,0,0,0.0
124129,0,0,0.0
124130,0,0,0.0
124133,0,0,0.0
124149,0,0,0.0
124154,0,0,0.0
124157,0,0,0.0
124172,0,0,0.0
124174,0,0,0.0
124183,0,0,0.0
124197,0,0,0.0
124203,0,0,0.0
124207,0,0,0.0
124211,0,0,0.0
124212,0,0,0.0
124213,0,0,0.0
124217,0,0,0.0
124224,0,0,0.0
124225,0,0,0.0
124227,0,0,0.0
124235,0,0,0.0
124239,0,0,0.0
124240,0,0,0.0
124241,0,0,0.0
124243,0,0,0.0
124247,0,0,0.0
124251,0,0,0.0
124254,0,0,0.0
124283,0,0,0.0
124308,0,0,0.0
124320,0,0,0.0
124321,0,0,0.0
124322,0,0,0.0
124331,0,0,0.0
124336,0,0,0.0
124339,0,0,0.0
124346,0,0,0.0
124350,0,0,0.0
124353,0,0,0.0
124355,0,0,0.0
124368,0,0,0.0
124377,0,0,0.0
124379,0,0,0.0
124380,0,0,0.0
124386,0,0,0.0
124391,0,0,0.0
124392,0,0,0.0
124400,0,0,0.0
124401,0,0,0.0
124407,0,0,0.0
124416,0,0,0.0
124421,0,0,0.0
124424,0,0,0.0
124425,0,0,0.0
124436,0,0,0.0
124446,0,0,0.0
124457,0,0,0.0
124458,0,0,0.0
124465,0,0,0.0
124467,0,0,0.0
124471,0,0,0.0
124476,0,0,0.0
124483,0,0,0.0
124496,0,0,0.0
124499,0,0,0.0
124503,0,0,0.0
124507,0,0,0.0
124510,0,0,0.0
124511,0,0,0.0
124512,0,0,0.0
124514,0,0,0.0
124521,0,0,0.0
124529,0,0,0.0
124536,0,0,0.0
124551,0,0,0.0
124558,0,0,0.0
124562,0,0,0.0
124574,0,0,0.0
124578,0,0,0.0
124586,0,0,0.0
124590,0,0,0.0
124610,0,0,0.0
124612,0,0,0.0
124618,0,0,0.0
124619,0,0,0.0
124625,0,0,0.0
124628,0,0,0.0
124630,0,0,0.0
124640,0,0,0.0
124642,0,0,0.0
124650,0,0,0.0
124652,0,0,0.0
124658,0,0,0.0
124660,0,0,0.0
124681,0,0,0.0
124683,0,0,0.0
124684,0,0,0.0
124685,0,0,0.0
124688,0,0,0.0
124690,0,0,0.0
124693,0,0,0.0
124694,0,0,0.0
124701,0,0,0.0
124705,0,0,0.0
124711,0,0,0.0
124714,0,0,0.0
124716,0,0,0.0
124718,0,0,0.0
124729,0,0,0.0
124731,0,0,0.0
124734,0,0,0.0
124736,0,0,0.0
124742,0,0,0.0
124743,0,0,0.0
124751,0,0,0.0
124752,0,0,0.0
124755,0,0,0.0
124769,0,0,0.0
124770,0,0,0.0
124771,0,0,0.0
124778,0,0,0.0
124780,0,0,0.0
124785,0,0,0.0
124796,0,0,0.0
124797,0,0,0.0
124804,0,0,0.0
124807,0,0,0.0
124809,0,0,0.0
124824,0,0,0.0
124828,0,0,0.0
124834,0,0,0.0
124836,0,0,0.0
124846,0,0,0.0
124861,0,0,0.0
124864,0,0,0.0
124866,0,0,0.0
124867,0,0,0.0
124870,0,0,0.0
124874,0,0,0.0
124884,0,0,0.0
124886,0,0,0.0
124888,0,0,0.0
124896,0,0,0.0
124897,0,0,0.0
124898,0,0,0.0
124900,0,0,0.0
124907,0,0,0.0
124910,0,0,0.0
124918,0,0,0.0
124922,0,0,0.0
124923,0,0,0.0
124931,0,0,0.0
124932,0,0,0.0
124939,0,0,0.0
124943,0,0,0.0
124962,0,0,0.0
124965,0,0,0.0
124973,0,0,0.0
124976,0,0,0.0
124978,0,0,0.0
124986,0,0,0.0
124995,0,0,0.0
124997,0,0,0.0
125003,0,0,0.0
125008,0,0,0.0
125011,0,0,0.0
125012,0,0,0.0
125016,0,0,0.0
125020,0,0,0.0
125028,0,0,0.0
125038,0,0,0.0
125044,0,0,0.0
125058,0,0,0.0
125059,0,0,0.0
125063,0,0,0.0
125068,0,0,0.0
125069,0,0,0.0
125070,0,0,0.0
125072,0,0,0.0
125080,0,0,0.0
125089,0,0,0.0
125092,0,0,0.0
125103,0,0,0.0
125107,0,0,0.0
125113,0,0,0.0
125115,0,0,0.0
125122,0,0,0.0
125125,0,0,0.0
125128,0,0,0.0
125129,0,0,0.0
125130,0,0,0.0
125134,0,0,0.0
125136,0,0,0.0
125138,0,0,0.0
125140,0,0,0.0
125143,0,0,0.0
125146,0,0,0.0
125150,0,0,0.0
125153,0,0,0.0
125156,0,0,0.0
125164,0,0,0.0
125167,0,0,0.0
125168,0,0,0.0
125173,0,0,0.0
125185,0,0,0.0
125187,0,0,0.0
125189,0,0,0.0
125190,0,0,0.0
125191,0,0,0.0
125194,0,0,0.0
125199,0,0,0.0
125203,0,0,0.0
125204,0,0,0.0
125211,0,0,0.0
125217,0,0,0.0
125218,0,0,0.0
125220,0,0,0.0
125221,0,0,0.0
125241,0,0,0.0
125242,0,0,0.0
125248,0,0,0.0
125250,0,0,0.0
125257,0,0,0.0
125258,0,0,0.0
125260,0,0,0.0
125271,0,0,0.0
125276,0,0,0.0
125284,0,0,0.0
125285,0,0,0.0
125289,0,0,0.0
125297,0,0,0.0
125301,0,0,0.0
125303,0,0,0.0
125306,0,0,0.0
125323,0,0,0.0
125330,0,0,0.0
125335,0,0,0.0
125339,0,0,0.0
125342,0,0,0.0
125350,0,0,0.0
125360,0,0,0.0
125361,0,0,0.0
125362,0,0,0.0
125374,0,0,0.0
125375,0,0,0.0
125378,0,0,0.0
125383,0,0,0.0
125384,0,0,0.0
125387,0,0,0.0
125389,0,0,0.0
125392,0,0,0.0
125393,0,0,0.0
125398,0,0,0.0
125399,0,0,0.0
125406,0,0,0.0
125414,0,0,0.0
125419,0,0,0.0
125422,0,0,0.0
125444,0,0,0.0
125447,0,0,0.0
125450,0,0,0.0
125455,0,0,0.0
125457,0,0,0.0
125460,0,0,0.0
125471,0,0,0.0
125472,0,0,0.0
125476,0,0,0.0
125482,0,0,0.0
125485,0,0,0.0
125491,0,0,0.0
125496,0,0,0.0
125502,0,0,0.0
125511,0,0,0.0
125513,0,0,0.0
125517,0,0,0.0
125521,0,0,0.0
125529,0,0,0.0
125533,0,0,0.0
125542,0,0,0.0
125547,0,0,0.0
125548,0,0,0.0
125569,0,0,0.0
125571,0,0,0.0
125573,0,0,0.0
125578,0,0,0.0
125580,0,0,0.0
125585,0,0,0.0
125588,0,0,0.0
125590,0,0,0.0
125592,0,0,0.0
125599,0,0,0.0
125602,0,0,0.0
125604,0,0,0.0
125616,0,0,0.0
125617,0,0,0.0
125630,0,0,0.0
125631,0,0,0.0
125636,0,0,0.0
125640,0,0,0.0
125646,0,0,0.0
125649,0,0,0.0
125652,0,0,0.0
125656,0,0,0.0
125657,0,0,0.0
125658,0,0,0.0
125659,0,0,0.0
125662,0,0,0.0
125665,0,0,0.0
125669,0,0,0.0
125670,0,0,0.0
125676,0,0,0.0
125685,0,0,0.0
125686,0,0,0.0
125688,0,0,0.0
125690,0,0,0.0
125695,0,0,0.0
125703,0,0,0.0
125704,0,0,0.0
125707,0,0,0.0
125708,0,0,0.0
125709,0,0,0.0
125722,0,0,0.0
125725,0,0,0.0
125731,0,0,0.0
125732,0,0,0.0
125733,0,0,0.0
125736,0,0,0.0
125737,0,0,0.0
125744,0,0,0.0
125748,0,0,0.0
125749,0,0,0.0
125763,0,0,0.0
125768,0,0,0.0
125770,0,0,0.0
125775,0,0,0.0
125776,0,0,0.0
125777,0,0,0.0
125790,0,0,0.0
125791,0,0,0.0
125795,0,0,0.0
125796,0,0,0.0
125799,0,0,0.0
125801,0,0,0.0
125811,0,0,0.0
125814,0,0,0.0
125821,0,0,0.0
125822,0,0,0.0
125825,0,0,0.0
125828,0,0,0.0
125829,0,0,0.0
125848,0,0,0.0
125852,0,0,0.0
125853,0,0,0.0
125863,0,0,0.0
125864,0,0,0.0
125871,0,0,0.0
125878,0,0,0.0
125881,0,0,0.0
125893,0,0,0.0
125897,0,0,0.0
125901,0,0,0.0
125905,0,0,0.0
125907,0,0,0.0
125911,0,0,0.0
125913,0,0,0.0
125917,0,0,0.0
125921,0,0,0.0
125927,0,0,0.0
125930,0,0,0.0
125942,0,0,0.0
125946,0,0,0.0
125947,0,0,0.0
125951,0,0,0.0
125959,0,0,0.0
125965,0,0,0.0
125970,0,0,0.0
125982,0,0,0.0
125984,0,0,0.0
125985,0,0,0.0
125986,0,0,0.0
125996,0,0,0.0
125999,0,0,0.0
126001,0,0,0.0
126008,0,0,0.0
126016,0,0,0.0
126025,0,0,0.0
126026,0,0,0.0
126028,0,0,0.0
126029,0,0,0.0
126034,0,0,0.0
126035,0,0,0.0
126039,0,0,0.0
126045,0,0,0.0
126047,0,0,0.0
126048,0,0,0.0
126049,0,0,0.0
126051,0,0,0.0
126056,0,0,0.0
126057,0,0,0.0
126064,0,0,0.0
126067,0,0,0.0
126069,0,0,0.0
126072,0,0,0.0
126082,0,0,0.0
126086,0,0,0.0
126087,0,0,0.0
126089,0,0,0.0
126095,0,0,0.0
126104,0,0,0.0
126106,0,0,0.0
126124,0,0,0.0
126130,0,0,0.0
126131,0,0,0.0
126133,0,0,0.0
126136,0,0,0.0
126147,0,0,0.0
126153,0,0,0.0
126161,0,0,0.0
126162,0,0,0.0
126163,0,0,0.0
126166,0,0,0.0
126169,0,0,0.0
126173,0,0,0.0
126175,0,0,0.0
126178,0,0,0.0
126187,0,0,0.0
126189,0,0,0.0
126190,0,0,0.0
126192,0,0,0.0
126195,0,0,0.0
126205,0,0,0.0
126212,0,0,0.0
126217,0,0,0.0
126225,0,0,0.0
126229,0,0,0.0
126239,0,0,0.0
126240,0,0,0.0
126250,0,0,0.0
126251,0,0,0.0
126259,0,0,0.0
126262,0,0,0.0
126266,0,0,0.0
126270,0,0,0.0
126275,0,0,0.0
126278,0,0,0.0
126286,0,0,0.0
126290,0,0,0.0
126291,0,0,0.0
126292,0,0,0.0
126293,0,0,0.0
126294,0,0,0.0
126298,0,0,0.0
126304,0,0,0.0
126311,0,0,0.0
126327,0,0,0.0
126328,0,0,0.0
126333,0,0,0.0
126334,0,0,0.0
126336,0,0,0.0
126345,0,0,0.0
126346,0,0,0.0
126348,0,0,0.0
126370,0,0,0.0
126377,0,0,0.0
126382,0,0,0.0
126385,0,0,0.0
126419,0,0,0.0
126425,0,0,0.0
126427,0,0,0.0
126435,0,0,0.0
126437,0,0,0.0
126447,0,0,0.0
126469,0,0,0.0
126485,0,0,0.0
126488,0,0,0.0
126494,0,0,0.0
126508,0,0,0.0
126522,0,0,0.0
126524,0,0,0.0
126527,0,0,0.0
126531,0,0,0.0
126533,0,0,0.0
126535,0,0,0.0
126545,0,0,0.0
126559,0,0,0.0
126562,0,0,0.0
126567,0,0,0.0
126569,0,0,0.0
126570,0,0,0.0
126576,0,0,0.0
126578,0,0,0.0
126585,0,0,0.0
126588,0,0,0.0
126602,0,0,0.0
126607,0,0,0.0
126609,0,0,0.0
126610,0,0,0.0
126616,0,0,0.0
126618,0,0,0.0
126628,0,0,0.0
126629,0,0,0.0
126632,0,0,0.0
126633,0,0,0.0
126634,0,0,0.0
126635,0,0,0.0
126639,0,0,0.0
126653,0,0,0.0
126655,0,0,0.0
126656,0,0,0.0
126661,0,0,0.0
126662,0,0,0.0
126672,0,0,0.0
126679,0,0,0.0
126687,0,0,0.0
126688,0,0,0.0
126705,0,0,0.0
126723,0,0,0.0
126732,0,0,0.0
126735,0,0,0.0
126737,0,0,0.0
126746,0,0,0.0
126747,0,0,0.0
126750,0,0,0.0
126751,0,0,0.0
126754,0,0,0.0
126759,0,0,0.0
126772,0,0,0.0
126773,0,0,0.0
126790,0,0,0.0
126800,0,0,0.0
126803,0,0,0.0
126808,0,0,0.0
126809,0,0,0.0
126816,0,0,0.0
126822,0,0,0.0
126828,0,0,0.0
126831,0,0,0.0
126832,0,0,0.0
126835,0,0,0.0
126853,0,0,0.0
126863,0,0,0.0
126864,0,0,0.0
126865,0,0,0.0
126868,0,0,0.0
126879,0,0,0.0
126885,0,0,0.0
126886,0,0,0.0
126888,0,0,0.0
126892,0,0,0.0
126893,0,0,0.0
126895,0,0,0.0
126897,0,0,0.0
126899,0,0,0.0
126900,0,0,0.0
126905,0,0,0.0
126908,0,0,0.0
126916,0,0,0.0
126918,0,0,0.0
126923,0,0,0.0
126932,0,0,0.0
126934,0,0,0.0
126936,0,0,0.0
126937,0,0,0.0
126939,0,0,0.0
126946,0,0,0.0
126965,0,0,0.0
126968,0,0,0.0
126973,0,0,0.0
126974,0,0,0.0
126979,0,0,0.0
126985,0,0,0.0
126992,0,0,0.0
127004,0,0,0.0
127008,0,0,0.0
127039,0,0,0.0
127041,0,0,0.0
127046,0,0,0.0
127048,0,0,0.0
127055,0,0,0.0
127062,0,0,0.0
127067,0,0,0.0
127084,0,0,0.0
127085,0,0,0.0
127090,0,0,0.0
127099,0,0,0.0
127107,0,0,0.0
127108,0,0,0.0
127117,0,0,0.0
127122,0,0,0.0
127123,0,0,0.0
127124,0,0,0.0
127145,0,0,0.0
127146,0,0,0.0
127161,0,0,0.0
127171,0,0,0.0
127172,0,0,0.0
127180,0,0,0.0
127183,0,0,0.0
127188,0,0,0.0
127190,0,0,0.0
127193,0,0,0.0
127194,0,0,0.0
127196,0,0,0.0
127201,0,0,0.0
127202,0,0,0.0
127203,0,0,0.0
127211,0,0,0.0
127214,0,0,0.0
127215,0,0,0.0
127218,0,0,0.0
127228,0,0,0.0
127241,0,0,0.0
127246,0,0,0.0
127250,0,0,0.0
127251,0,0,0.0
127256,0,0,0.0
127258,0,0,0.0
127259,0,0,0.0
127261,0,0,0.0
127262,0,0,0.0
127273,0,0,0.0
127291,0,0,0.0
127292,0,0,0.0
127299,0,0,0.0
127301,0,0,0.0
127305,0,0,0.0
127311,0,0,0.0
127315,0,0,0.0
127324,0,0,0.0
127325,0,0,0.0
127326,0,0,0.0
127327,0,0,0.0
127335,0,0,0.0
127338,0,0,0.0
127339,0,0,0.0
127344,0,0,0.0
127351,0,0,0.0
127366,0,0,0.0
127371,0,0,0.0
127374,0,0,0.0
127375,0,0,0.0
127377,0,0,0.0
127378,0,0,0.0
127380,0,0,0.0
127392,0,0,0.0
127408,0,0,0.0
127409,0,0,0.0
127413,0,0,0.0
127414,0,0,0.0
127418,0,0,0.0
127420,0,0,0.0
127425,0,0,0.0
127427,0,0,0.0
127437,0,0,0.0
127438,0,0,0.0
127445,0,0,0.0
127447,0,0,0.0
127449,0,0,0.0
127450,0,0,0.0
127454,0,0,0.0
127477,0,0,0.0
127479,0,0,0.0
127482,0,0,0.0
127484,0,0,0.0
127486,0,0,0.0
127487,0,0,0.0
127488,0,0,0.0
127490,0,0,0.0
127492,0,0,0.0
127500,0,0,0.0
127507,0,0,0.0
127509,0,0,0.0
127513,0,0,0.0
127514,0,0,0.0
127523,0,0,0.0
127526,0,0,0.0
127534,0,0,0.0
127535,0,0,0.0
127541,0,0,0.0
127545,0,0,0.0
127561,0,0,0.0
127565,0,0,0.0
127572,0,0,0.0
127575,0,0,0.0
127584,0,0,0.0
127586,0,0,0.0
127588,0,0,0.0
127594,0,0,0.0
127596,0,0,0.0
127600,0,0,0.0
127603,0,0,0.0
127610,0,0,0.0
127611,0,0,0.0
127622,0,0,0.0
127635,0,0,0.0
127636,0,0,0.0
127640,0,0,0.0
127645,0,0,0.0
127647,0,0,0.0
127659,0,0,0.0
127660,0,0,0.0
127663,0,0,0.0
127666,0,0,0.0
127673,0,0,0.0
127680,0,0,0.0
127684,0,0,0.0
127685,0,0,0.0
127704,0,0,0.0
127718,0,0,0.0
127727,0,0,0.0
127729,0,0,0.0
127731,0,0,0.0
127737,0,0,0.0
127741,0,0,0.0
127744,0,0,0.0
127748,0,0,0.0
127751,0,0,0.0
127752,0,0,0.0
127754,0,0,0.0
127755,0,0,0.0
127756,0,0,0.0
127758,0,0,0.0
127767,0,0,0.0
127772,0,0,0.0
127774,0,0,0.0
127787,0,0,0.0
127792,0,0,0.0
127796,0,0,0.0
127802,0,0,0.0
127816,0,0,0.0
127818,0,0,0.0
127820,0,0,0.0
127825,0,0,0.0
127832,0,0,0.0
127838,0,0,0.0
127839,0,0,0.0
127845,0,0,0.0
127848,0,0,0.0
127851,0,0,0.0
127856,0,0,0.0
127864,0,0,0.0
127866,0,0,0.0
127870,0,0,0.0
127872,0,0,0.0
127875,0,0,0.0
127879,0,0,0.0
127891,0,0,0.0
127895,0,0,0.0
127896,0,0,0.0
127899,0,0,0.0
127904,0,0,0.0
127909,0,0,0.0
127910,0,0,0.0
127911,0,0,0.0
127918,0,0,0.0
127951,0,0,0.0
127955,0,0,0.0
127959,0,0,0.0
127962,0,0,0.0
127965,0,0,0.0
127969,0,0,0.0
127973,0,0,0.0
127981,0,0,0.0
127983,0,0,0.0
127995,0,0,0.0
127999,0,0,0.0
128007,0,0,0.0
128008,0,0,0.0
128019,0,0,0.0
128020,0,0,0.0
128021,0,0,0.0
128023,0,0,0.0
128024,0,0,0.0
128027,0,0,0.0
128033,0,0,0.0
128038,0,0,0.0
128039,0,0,0.0
128050,0,0,0.0
128051,0,0,0.0
128053,0,0,0.0
128074,0,0,0.0
128075,0,0,0.0
128082,0,0,0.0
128083,0,0,0.0
128085,0,0,0.0
128086,0,0,0.0
128102,0,0,0.0
128109,0,0,0.0
128116,0,0,0.0
128117,0,0,0.0
128119,0,0,0.0
128124,0,0,0.0
128125,0,0,0.0
128127,0,0,0.0
128130,0,0,0.0
128141,0,0,0.0
128149,0,0,0.0
128161,0,0,0.0
128172,0,0,0.0
128173,0,0,0.0
128187,0,0,0.0
128194,0,0,0.0
128201,0,0,0.0
128210,0,0,0.0
128212,0,0,0.0
128213,0,0,0.0
128223,0,0,0.0
128228,0,0,0.0
128231,0,0,0.0
128239,0,0,0.0
128246,0,0,0.0
128248,0,0,0.0
128251,0,0,0.0
128252,0,0,0.0
128256,0,0,0.0
128260,0,0,0.0
128261,0,0,0.0
128263,0,0,0.0
128265,0,0,0.0
128268,0,0,0.0
128269,0,0,0.0
128281,0,0,0.0
128287,0,0,0.0
128288,0,0,0.0
128305,0,0,0.0
128314,0,0,0.0
128316,0,0,0.0
128317,0,0,0.0
128324,0,0,0.0
128326,0,0,0.0
128328,0,0,0.0
128329,0,0,0.0
128332,0,0,0.0
128338,0,0,0.0
128347,0,0,0.0
128348,0,0,0.0
128349,0,0,0.0
128354,0,0,0.0
128356,0,0,0.0
128361,0,0,0.0
128364,0,0,0.0
128369,0,0,0.0
128372,0,0,0.0
128373,0,0,0.0
128378,0,0,0.0
128387,0,0,0.0
128391,0,0,0.0
128393,0,0,0.0
128394,0,0,0.0
128400,0,0,0.0
128401,0,0,0.0
128405,0,0,0.0
128408,0,0,0.0
128423,0,0,0.0
128424,0,0,0.0
128429,0,0,0.0
128430,0,0,0.0
128435,0,0,0.0
128440,0,0,0.0
128447,0,0,0.0
128452,0,0,0.0
128461,0,0,0.0
128463,0,0,0.0
128466,0,0,0.0
128468,0,0,0.0
128471,0,0,0.0
128479,0,0,0.0
128481,0,0,0.0
128488,0,0,0.0
128493,0,0,0.0
128501,0,0,0.0
128509,0,0,0.0
128515,0,0,0.0
128520,0,0,0.0
128527,0,0,0.0
128537,0,0,0.0
128541,0,0,0.0
128546,0,0,0.0
128560,0,0,0.0
128564,0,0,0.0
128568,0,0,0.0
128575,0,0,0.0
128577,0,0,0.0
128585,0,0,0.0
128593,0,0,0.0
128594,0,0,0.0
128601,0,0,0.0
128605,0,0,0.0
128617,0,0,0.0
128618,0,0,0.0
128620,0,0,0.0
128629,0,0,0.0
128635,0,0,0.0
128637,0,0,0.0
128649,0,0,0.0
128652,0,0,0.0
128654,0,0,0.0
128659,0,0,0.0
128660,0,0,0.0
128663,0,0,0.0
128664,0,0,0.0
128668,0,0,0.0
128670,0,0,0.0
128674,0,0,0.0
128679,0,0,0.0
128682,0,0,0.0
128694,0,0,0.0
128695,0,0,0.0
128697,0,0,0.0
128702,0,0,0.0
128704,0,0,0.0
128706,0,0,0.0
128708,0,0,0.0
128716,0,0,0.0
128719,0,0,0.0
128722,0,0,0.0
128727,0,0,0.0
128729,0,0,0.0
128730,0,0,0.0
128738,0,0,0.0
128739,0,0,0.0
128741,0,0,0.0
128750,0,0,0.0
128753,0,0,0.0
128757,0,0,0.0
128764,0,0,0.0
128767,0,0,0.0
128771,0,0,0.0
128780,0,0,0.0
128781,0,0,0.0
128782,0,0,0.0
128783,0,0,0.0
128786,0,0,0.0
128792,0,0,0.0
128794,0,0,0.0
128802,0,0,0.0
128804,0,0,0.0
128809,0,0,0.0
128810,0,0,0.0
128811,0,0,0.0
128812,0,0,0.0
128815,0,0,0.0
128818,0,0,0.0
128821,0,0,0.0
128824,0,0,0.0
128830,0,0,0.0
128834,0,0,0.0
128848,0,0,0.0
128850,0,0,0.0
128871,0,0,0.0
128875,0,0,0.0
128880,0,0,0.0
128889,0,0,0.0
128893,0,0,0.0
128898,0,0,0.0
128899,0,0,0.0
128901,0,0,0.0
128931,0,0,0.0
128947,0,0,0.0
128955,0,0,0.0
128961,0,0,0.0
128967,0,0,0.0
128970,0,0,0.0
128984,0,0,0.0
128986,0,0,0.0
128988,0,0,0.0
128990,0,0,0.0
128997,0,0,0.0
129013,0,0,0.0
129019,0,0,0.0
129020,0,0,0.0
129028,0,0,0.0
129033,0,0,0.0
129035,0,0,0.0
129040,0,0,0.0
129042,0,0,0.0
129043,0,0,0.0
129049,0,0,0.0
129052,0,0,0.0
129056,0,0,0.0
129066,0,0,0.0
129069,0,0,0.0
129071,0,0,0.0
129077,0,0,0.0
129079,0,0,0.0
129084,0,0,0.0
129086,0,0,0.0
129087,0,0,0.0
129089,0,0,0.0
129092,0,0,0.0
129095,0,0,0.0
129097,0,0,0.0
129103,0,0,0.0
129107,0,0,0.0
129109,0,0,0.0
129110,0,0,0.0
129135,0,0,0.0
129146,0,0,0.0
129153,0,0,0.0
129155,0,0,0.0
129156,0,0,0.0
129160,0,0,0.0
129161,0,0,0.0
129163,0,0,0.0
129168,0,0,0.0
129171,0,0,0.0
129181,0,0,0.0
129186,0,0,0.0
129193,0,0,0.0
129195,0,0,0.0
129196,0,0,0.0
129198,0,0,0.0
129200,0,0,0.0
129213,0,0,0.0
129218,0,0,0.0
129219,0,0,0.0
129220,0,0,0.0
129222,0,0,0.0
129223,0,0,0.0
129227,0,0,0.0
129229,0,0,0.0
129236,0,0,0.0
129238,0,0,0.0
129247,0,0,0.0
129250,0,0,0.0
129252,0,0,0.0
129254,0,0,0.0
129259,0,0,0.0
129261,0,0,0.0
129263,0,0,0.0
129271,0,0,0.0
129276,0,0,0.0
129298,0,0,0.0
129302,0,0,0.0
129307,0,0,0.0
129312,0,0,0.0
129314,0,0,0.0
129319,0,0,0.0
129321,0,0,0.0
129328,0,0,0.0
129346,0,0,0.0
129354,0,0,0.0
129358,0,0,0.0
129361,0,0,0.0
129379,0,0,0.0
129380,0,0,0.0
129383,0,0,0.0
129385,0,0,0.0
129388,0,0,0.0
129399,0,0,0.0
129406,0,0,0.0
129416,0,0,0.0
129419,0,0,0.0
129422,0,0,0.0
129431,0,0,0.0
129439,0,0,0.0
129456,0,0,0.0
129460,0,0,0.0
129461,0,0,0.0
129463,0,0,0.0
129465,0,0,0.0
129471,0,0,0.0
129476,0,0,0.0
129479,0,0,0.0
129480,0,0,0.0
129484,0,0,0.0
129487,0,0,0.0
129488,0,0,0.0
129490,0,0,0.0
129509,0,0,0.0
129523,0,0,0.0
129526,0,0,0.0
129539,0,0,0.0
129545,0,0,0.0
129548,0,0,0.0
129551,0,0,0.0
129554,0,0,0.0
129559,0,0,0.0
129562,0,0,0.0
129565,0,0,0.0
129570,0,0,0.0
129571,0,0,0.0
129572,0,0,0.0
129583,0,0,0.0
129584,0,0,0.0
129588,0,0,0.0
129597,0,0,0.0
129599,0,0,0.0
129605,0,0,0.0
129607,0,0,0.0
129610,0,0,0.0
129613,0,0,0.0
129618,0,0,0.0
129620,0,0,0.0
129625,0,0,0.0
129627,0,0,0.0
129634,0,0,0.0
129640,0,0,0.0
129648,0,0,0.0
129649,0,0,0.0
129651,0,0,0.0
129654,0,0,0.0
129655,0,0,0.0
129671,0,0,0.0
129676,0,0,0.0
129678,0,0,0.0
129682,0,0,0.0
129688,0,0,0.0
129690,0,0,0.0
129697,0,0,0.0
129699,0,0,0.0
129700,0,0,0.0
129704,0,0,0.0
129711,0,0,0.0
129713,0,0,0.0
129726,0,0,0.0
129729,0,0,0.0
129743,0,0,0.0
129755,0,0,0.0
129770,0,0,0.0
129771,0,0,0.0
129784,0,0,0.0
129787,0,0,0.0
129789,0,0,0.0
129810,0,0,0.0
129814,0,0,0.0
129816,0,0,0.0
129830,0,0,0.0
129832,0,0,0.0
129835,0,0,0.0
129838,0,0,0.0
129847,0,0,0.0
129856,0,0,0.0
129858,0,0,0.0
129872,0,0,0.0
129875,0,0,0.0
129877,0,0,0.0
129885,0,0,0.0
129887,0,0,0.0
129899,0,0,0.0
129902,0,0,0.0
129905,0,0,0.0
129910,0,0,0.0
129911,0,0,0.0
129912,0,0,0.0
129915,0,0,0.0
129919,0,0,0.0
129923,0,0,0.0
129925,0,0,0.0
129927,0,0,0.0
129932,0,0,0.0
129935,0,0,0.0
129941,0,0,0.0
129942,0,0,0.0
129946,0,0,0.0
129950,0,0,0.0
129952,0,0,0.0
129960,0,0,0.0
129961,0,0,0.0
129963,0,0,0.0
129964,0,0,0.0
129968,0,0,0.0
129972,0,0,0.0
129976,0,0,0.0
129980,0,0,0.0
129982,0,0,0.0
129983,0,0,0.0
129988,0,0,0.0
129995,0,0,0.0
129998,0,0,0.0
129999,0,0,0.0
130004,0,0,0.0
130007,0,0,0.0
130009,0,0,0.0
130017,0,0,0.0
130018,0,0,0.0
130025,0,0,0.0
130029,0,0,0.0
130030,0,0,0.0
130035,0,0,0.0
130040,0,0,0.0
130058,0,0,0.0
130069,0,0,0.0
130083,0,0,0.0
130091,0,0,0.0
130094,0,0,0.0
130099,0,0,0.0
130105,0,0,0.0
130108,0,0,0.0
130115,0,0,0.0
130117,0,0,0.0
130119,0,0,0.0
130122,0,0,0.0
130136,0,0,0.0
130139,0,0,0.0
130147,0,0,0.0
130149,0,0,0.0
130152,0,0,0.0
130155,0,0,0.0
130158,0,0,0.0
130166,0,0,0.0
130167,0,0,0.0
130169,0,0,0.0
130171,0,0,0.0
130174,0,0,0.0
130183,0,0,0.0
130185,0,0,0.0
130193,0,0,0.0
130197,0,0,0.0
130221,0,0,0.0
130222,0,0,0.0
130226,0,0,0.0
130228,0,0,0.0
130235,0,0,0.0
130243,0,0,0.0
130258,0,0,0.0
130264,0,0,0.0
130271,0,0,0.0
130276,0,0,0.0
130278,0,0,0.0
130284,0,0,0.0
130293,0,0,0.0
130294,0,0,0.0
130303,0,0,0.0
130304,0,0,0.0
130318,0,0,0.0
130326,0,0,0.0
130327,0,0,0.0
130330,0,0,0.0
130337,0,0,0.0
130342,0,0,0.0
130343,0,0,0.0
130345,0,0,0.0
130346,0,0,0.0
130358,0,0,0.0
130360,0,0,0.0
130366,0,0,0.0
130367,0,0,0.0
130370,0,0,0.0
130378,0,0,0.0
130379,0,0,0.0
130382,0,0,0.0
130384,0,0,0.0
130386,0,0,0.0
130388,0,0,0.0
130399,0,0,0.0
130402,0,0,0.0
130407,0,0,0.0
130416,0,0,0.0
130419,0,0,0.0
130428,0,0,0.0
130430,0,0,0.0
130435,0,0,0.0
130445,0,0,0.0
130453,0,0,0.0
130462,0,0,0.0
130464,0,0,0.0
130465,0,0,0.0
130469,0,0,0.0
130472,0,0,0.0
130473,0,0,0.0
130478,0,0,0.0
130488,0,0,0.0
130492,0,0,0.0
130495,0,0,0.0
130504,0,0,0.0
130506,0,0,0.0
130510,0,0,0.0
130517,0,0,0.0
130533,0,0,0.0
130538,0,0,0.0
130542,0,0,0.0
130544,0,0,0.0
130548,0,0,0.0
130549,0,0,0.0
130555,0,0,0.0
130556,0,0,0.0
130561,0,0,0.0
130577,0,0,0.0
130583,0,0,0.0
130589,0,0,0.0
130599,0,0,0.0
130602,0,0,0.0
130609,0,0,0.0
130616,0,0,0.0
130619,0,0,0.0
130620,0,0,0.0
130627,0,0,0.0
130629,0,0,0.0
130631,0,0,0.0
130634,0,0,0.0
130646,0,0,0.0
130652,0,0,0.0
130664,0,0,0.0
130665,0,0,0.0
130670,0,0,0.0
130673,0,0,0.0
130678,0,0,0.0
130683,0,0,0.0
130688,0,0,0.0
130689,0,0,0.0
130690,0,0,0.0
130691,0,0,0.0
130692,0,0,0.0
130696,0,0,0.0
130698,0,0,0.0
130700,0,0,0.0
130704,0,0,0.0
130707,0,0,0.0
130710,0,0,0.0
130712,0,0,0.0
130716,0,0,0.0
130727,0,0,0.0
130730,0,0,0.0
130731,0,0,0.0
130740,0,0,0.0
130746,0,0,0.0
130757,0,0,0.0
130764,0,0,0.0
130767,0,0,0.0
130768,0,0,0.0
130770,0,0,0.0
130784,0,0,0.0
130789,0,0,0.0
130790,0,0,0.0
130793,0,0,0.0
130795,0,0,0.0
130800,0,0,0.0
130802,0,0,0.0
130804,0,0,0.0
130814,0,0,0.0
130831,0,0,0.0
130837,0,0,0.0
130842,0,0,0.0
130844,0,0,0.0
130846,0,0,0.0
130848,0,0,0.0
130851,0,0,0.0
130856,0,0,0.0
130857,0,0,0.0
130859,0,0,0.0
130863,0,0,0.0
130866,0,0,0.0
130875,0,0,0.0
130884,0,0,0.0
130890,0,0,0.0
130891,0,0,0.0
130895,0,0,0.0
130896,0,0,0.0
130905,0,0,0.0
130908,0,0,0.0
130909,0,0,0.0
130913,0,0,0.0
130915,0,0,0.0
130926,0,0,0.0
130942,0,0,0.0
130944,0,0,0.0
130947,0,0,0.0
130955,0,0,0.0
130961,0,0,0.0
130962,0,0,0.0
130965,0,0,0.0
130973,0,0,0.0
130974,0,0,0.0
130986,0,0,0.0
130996,0,0,0.0
131013,0,0,0.0
131014,0,0,0.0
131019,0,0,0.0
131028,0,0,0.0
131038,0,0,0.0
131040,0,0,0.0
131046,0,0,0.0
131054,0,0,0.0
131061,0,0,0.0
131062,0,0,0.0
131069,0,0,0.0
131072,0,0,0.0
131073,0,0,0.0
131084,0,0,0.0
131087,0,0,0.0
131098,0,0,0.0
131099,0,0,0.0
131101,0,0,0.0
131113,0,0,0.0
131122,0,0,0.0
131128,0,0,0.0
131131,0,0,0.0
131132,0,0,0.0
131143,0,0,0.0
131153,0,0,0.0
131159,0,0,0.0
131166,0,0,0.0
131169,0,0,0.0
131170,0,0,0.0
131176,0,0,0.0
131179,0,0,0.0
131189,0,0,0.0
131193,0,0,0.0
131195,0,0,0.0
131198,0,0,0.0
131204,0,0,0.0
131208,0,0,0.0
131210,0,0,0.0
131219,0,0,0.0
131220,0,0,0.0
131222,0,0,0.0
131227,0,0,0.0
131231,0,0,0.0
131232,0,0,0.0
131236,0,0,0.0
131239,0,0,0.0
131240,0,0,0.0
131256,0,0,0.0
131261,0,0,0.0
131267,0,0,0.0
131275,0,0,0.0
131278,0,0,0.0
131280,0,0,0.0
131285,0,0,0.0
131287,0,0,0.0
131293,0,0,0.0
131296,0,0,0.0
131297,0,0,0.0
131298,0,0,0.0
131300,0,0,0.0
131302,0,0,0.0
131305,0,0,0.0
131306,0,0,0.0
131318,0,0,0.0
131319,0,0,0.0
131320,0,0,0.0
131321,0,0,0.0
131324,0,0,0.0
131331,0,0,0.0
131339,0,0,0.0
131346,0,0,0.0
131349,0,0,0.0
131359,0,0,0.0
131360,0,0,0.0
131364,0,0,0.0
131365,0,0,0.0
131366,0,0,0.0
131369,0,0,0.0
131373,0,0,0.0
131380,0,0,0.0
131381,0,0,0.0
131384,0,0,0.0
131394,0,0,0.0
131396,0,0,0.0
131399,0,0,0.0
131400,0,0,0.0
131417,0,0,0.0
131425,0,0,0.0
131438,0,0,0.0
131447,0,0,0.0
131450,0,0,0.0
131458,0,0,0.0
131462,0,0,0.0
131463,0,0,0.0
131466,0,0,0.0
131468,0,0,0.0
131469,0,0,0.0
131480,0,0,0.0
131497,0,0,0.0
131499,0,0,0.0
131512,0,0,0.0
131521,0,0,0.0
131529,0,0,0.0
131550,0,0,0.0
131563,0,0,0.0
131567,0,0,0.0
131574,0,0,0.0
131584,0,0,0.0
131589,0,0,0.0
131606,0,0,0.0
131609,0,0,0.0
131613,0,0,0.0
131619,0,0,0.0
131627,0,0,0.0
131628,0,0,0.0
131630,0,0,0.0
131633,0,0,0.0
131635,0,0,0.0
131640,0,0,0.0
131646,0,0,0.0
131650,0,0,0.0
131653,0,0,0.0
131657,0,0,0.0
131662,0,0,0.0
131671,0,0,0.0
131679,0,0,0.0
131683,0,0,0.0
131684,0,0,0.0
131690,0,0,0.0
131701,0,0,0.0
131703,0,0,0.0
131704,0,0,0.0
131707,0,0,0.0
131725,0,0,0.0
131727,0,0,0.0
131729,0,0,0.0
131730,0,0,0.0
131739,0,0,0.0
131742,0,0,0.0
131745,0,0,0.0
131750,0,0,0.0
131751,0,0,0.0
131752,0,0,0.0
131759,0,0,0.0
131760,0,0,0.0
131767,0,0,0.0
131768,0,0,0.0
131770,0,0,0.0
131778,0,0,0.0
131781,0,0,0.0
131784,0,0,0.0
131786,0,0,0.0
131793,0,0,0.0
131795,0,0,0.0
131797,0,0,0.0
131798,0,0,0.0
131822,0,0,0.0
131824,0,0,0.0
131837,0,0,0.0
131841,0,0,0.0
131845,0,0,0.0
131848,0,0,0.0
131853,0,0,0.0
131858,0,0,0.0
131859,0,0,0.0
131863,0,0,0.0
131864,0,0,0.0
131879,0,0,0.0
131886,0,0,0.0
131887,0,0,0.0
131892,0,0,0.0
131901,0,0,0.0
131903,0,0,0.0
131909,0,0,0.0
131910,0,0,0.0
131924,0,0,0.0
131925,0,0,0.0
131929,0,0,0.0
131931,0,0,0.0
131937,0,0,0.0
131938,0,0,0.0
131943,0,0,0.0
131946,0,0,0.0
131951,0,0,0.0
131959,0,0,0.0
131962,0,0,0.0
131963,0,0,0.0
131966,0,0,0.0
131968,0,0,0.0
131970,0,0,0.0
131973,0,0,0.0
131977,0,0,0.0
131979,0,0,0.0
131986,0,0,0.0
131990,0,0,0.0
131997,0,0,0.0
131998,0,0,0.0
131999,0,0,0.0
132005,0,0,0.0
132015,0,0,0.0
132016,0,0,0.0
132022,0,0,0.0
132024,0,0,0.0
132027,0,0,0.0
132030,0,0,0.0
132034,0,0,0.0
132043,0,0,0.0
132049,0,0,0.0
132053,0,0,0.0
132069,0,0,0.0
132074,0,0,0.0
132076,0,0,0.0
132078,0,0,0.0
132080,0,0,0.0
132088,0,0,0.0
132095,0,0,0.0
132096,0,0,0.0
132100,0,0,0.0
132107,0,0,0.0
132110,0,0,0.0
132116,0,0,0.0
132119,0,0,0.0
132126,0,0,0.0
132131,0,0,0.0
132132,0,0,0.0
132133,0,0,0.0
132142,0,0,0.0
132144,0,0,0.0
132156,0,0,0.0
132165,0,0,0.0
132175,0,0,0.0
132182,0,0,0.0
132184,0,0,0.0
132189,0,0,0.0
132191,0,0,0.0
132193,0,0,0.0
132208,0,0,0.0
132210,0,0,0.0
132212,0,0,0.0
132237,0,0,0.0
132239,0,0,0.0
132240,0,0,0.0
132243,0,0,0.0
132247,0,0,0.0
132249,0,0,0.0
132254,0,0,0.0
132256,0,0,0.0
132257,0,0,0.0
132266,0,0,0.0
132269,0,0,0.0
132272,0,0,0.0
132273,0,0,0.0
132277,0,0,0.0
132278,0,0,0.0
132282,0,0,0.0
132283,0,0,0.0
132285,0,0,0.0
132300,0,0,0.0
132301,0,0,0.0
132302,0,0,0.0
132309,0,0,0.0
132320,0,0,0.0
132321,0,0,0.0
132322,0,0,0.0
132323,0,0,0.0
132329,0,0,0.0
132334,0,0,0.0
132341,0,0,0.0
132342,0,0,0.0
132354,0,0,0.0
132355,0,0,0.0
132358,0,0,0.0
132362,0,0,0.0
132365,0,0,0.0
132372,0,0,0.0
132378,0,0,0.0
132379,0,0,0.0
132381,0,0,0.0
132382,0,0,0.0
132383,0,0,0.0
132384,0,0,0.0
132388,0,0,0.0
132391,0,0,0.0
132392,0,0,0.0
132396,0,0,0.0
132403,0,0,0.0
132406,0,0,0.0
132409,0,0,0.0
132410,0,0,0.0
132412,0,0,0.0
132413,0,0,0.0
132430,0,0,0.0
132433,0,0,0.0
132441,0,0,0.0
132451,0,0,0.0
132463,0,0,0.0
132466,0,0,0.0
132475,0,0,0.0
132479,0,0,0.0
132482,0,0,0.0
132483,0,0,0.0
132487,0,0,0.0
132492,0,0,0.0
132493,0,0,0.0
132499,0,0,0.0
132502,0,0,0.0
132506,0,0,0.0
132507,0,0,0.0
132511,0,0,0.0
132518,0,0,0.0
132522,0,0,0.0
132525,0,0,0.0
132536,0,0,0.0
132545,0,0,0.0
132554,0,0,0.0
132556,0,0,0.0
132558,0,0,0.0
132563,0,0,0.0
132565,0,0,0.0
132574,0,0,0.0
132579,0,0,0.0
132591,0,0,0.0
132595,0,0,0.0
132596,0,0,0.0
132611,0,0,0.0
132614,0,0,0.0
132615,0,0,0.0
132616,0,0,0.0
132623,0,0,0.0
132624,0,0,0.0
132625,0,0,0.0
132635,0,0,0.0
132653,0,0,0.0
132661,0,0,0.0
132670,0,0,0.0
132678,0,0,0.0
132681,0,0,0.0
132682,0,0,0.0
132699,0,0,0.0
132701,0,0,0.0
132708,0,0,0.0
132709,0,0,0.0
132712,0,0,0.0
132714,0,0,0.0
132715,0,0,0.0
132718,0,0,0.0
132728,0,0,0.0
132743,0,0,0.0
132746,0,0,0.0
132759,0,0,0.0
132769,0,0,0.0
132781,0,0,0.0
132793,0,0,0.0
132799,0,0,0.0
132804,0,0,0.0
132805,0,0,0.0
132806,0,0,0.0
132812,0,0,0.0
132813,0,0,0.0
132820,0,0,0.0
132842,0,0,0.0
132847,0,0,0.0
132852,0,0,0.0
132857,0,0,0.0
132858,0,0,0.0
132860,0,0,0.0
132876,0,0,0.0
132880,0,0,0.0
132885,0,0,0.0
132903,0,0,0.0
132904,0,0,0.0
132905,0,0,0.0
132906,0,0,0.0
132918,0,0,0.0
132921,0,0,0.0
132931,0,0,0.0
132938,0,0,0.0
132955,0,0,0.0
132975,0,0,0.0
132982,0,0,0.0
132983,0,0,0.0
132984,0,0,0.0
132992,0,0,0.0
132999,0,0,0.0
133003,0,0,0.0
133007,0,0,0.0
133011,0,0,0.0
133016,0,0,0.0
133022,0,0,0.0
133032,0,0,0.0
133039,0,0,0.0
133045,0,0,0.0
133049,0,0,0.0
133054,0,0,0.0
133064,0,0,0.0
133069,0,0,0.0
133073,0,0,0.0
133074,0,0,0.0
133079,0,0,0.0
133081,0,0,0.0
133087,0,0,0.0
133089,0,0,0.0
133091,0,0,0.0
133093,0,0,0.0
133096,0,0,0.0
133099,0,0,0.0
133101,0,0,0.0
133102,0,0,0.0
133120,0,0,0.0
133122,0,0,0.0
133140,0,0,0.0
133151,0,0,0.0
133154,0,0,0.0
133160,0,0,0.0
133164,0,0,0.0
133165,0,0,0.0
133170,0,0,0.0
133171,0,0,0.0
133172,0,0,0.0
133182,0,0,0.0
133190,0,0,0.0
133191,0,0,0.0
133195,0,0,0.0
133196,0,0,0.0
133206,0,0,0.0
133208,0,0,0.0
133209,0,0,0.0
133210,0,0,0.0
133211,0,0,0.0
133216,0,0,0.0
133224,0,0,0.0
133225,0,0,0.0
133229,0,0,0.0
133231,0,0,0.0
133232,0,0,0.0
133233,0,0,0.0
133238,0,0,0.0
133239,0,0,0.0
133255,0,0,0.0
133264,0,0,0.0
133273,0,0,0.0
133277,0,0,0.0
133280,0,0,0.0
133283,0,0,0.0
133287,0,0,0.0
133289,0,0,0.0
133290,0,0,0.0
133298,0,0,0.0
133299,0,0,0.0
133301,0,0,0.0
133307,0,0,0.0
133310,0,0,0.0
133311,0,0,0.0
133312,0,0,0.0
133314,0,0,0.0
133324,0,0,0.0
133326,0,0,0.0
133331,0,0,0.0
133334,0,0,0.0
133338,0,0,0.0
133355,0,0,0.0
133360,0,0,0.0
133364,0,0,0.0
133366,0,0,0.0
133371,0,0,0.0
133372,0,0,0.0
133389,0,0,0.0
133398,0,0,0.0
133403,0,0,0.0
133412,0,0,0.0
133414,0,0,0.0
133420,0,0,0.0
133436,0,0,0.0
133439,0,0,0.0
133441,0,0,0.0
133448,0,0,0.0
133450,0,0,0.0
133453,0,0,0.0
133464,0,0,0.0
133465,0,0,0.0
133475,0,0,0.0
133483,0,0,0.0
133485,0,0,0.0
133493,0,0,0.0
133497,0,0,0.0
133502,0,0,0.0
133506,0,0,0.0
133510,0,0,0.0
133511,0,0,0.0
133512,0,0,0.0
133517,0,0,0.0
133518,0,0,0.0
133524,0,0,0.0
133532,0,0,0.0
133534,0,0,0.0
133536,0,0,0.0
133538,0,0,0.0
133541,0,0,0.0
133546,0,0,0.0
133568,0,0,0.0
133578,0,0,0.0
133586,0,0,0.0
133591,0,0,0.0
133592,0,0,0.0
133595,0,0,0.0
133600,0,0,0.0
133601,0,0,0.0
133609,0,0,0.0
133621,0,0,0.0
133649,0,0,0.0
133661,0,0,0.0
133662,0,0,0.0
133664,0,0,0.0
133669,0,0,0.0
133674,0,0,0.0
133682,0,0,0.0
133688,0,0,0.0
133698,0,0,0.0
133702,0,0,0.0
133706,0,0,0.0
133714,0,0,0.0
133717,0,0,0.0
133719,0,0,0.0
133721,0,0,0.0
133723,0,0,0.0
133726,0,0,0.0
133727,0,0,0.0
133742,0,0,0.0
133747,0,0,0.0
133753,0,0,0.0
133756,0,0,0.0
133759,0,0,0.0
133770,0,0,0.0
133773,0,0,0.0
133791,0,0,0.0
133794,0,0,0.0
133798,0,0,0.0
133801,0,0,0.0
133806,0,0,0.0
133808,0,0,0.0
133813,0,0,0.0
133814,0,0,0.0
133816,0,0,0.0
133818,0,0,0.0
133821,0,0,0.0
133822,0,0,0.0
133824,0,0,0.0
133825,0,0,0.0
133831,0,0,0.0
133834,0,0,0.0
133840,0,0,0.0
133845,0,0,0.0
133849,0,0,0.0
133855,0,0,0.0
133857,0,0,0.0
133865,0,0,0.0
133868,0,0,0.0
133869,0,0,0.0
133877,0,0,0.0
133883,0,0,0.0
133888,0,0,0.0
133899,0,0,0.0
133900,0,0,0.0
133906,0,0,0.0
133913,0,0,0.0
133931,0,0,0.0
133961,0,0,0.0
133963,0,0,0.0
133969,0,0,0.0
133976,0,0,0.0
133977,0,0,0.0
133979,0,0,0.0
133983,0,0,0.0
133987,0,0,0.0
134000,0,0,0.0
134010,0,0,0.0
134014,0,0,0.0
134016,0,0,0.0
134020,0,0,0.0
134027,0,0,0.0
134029,0,0,0.0
134034,0,0,0.0
134038,0,0,0.0
134040,0,0,0.0
134042,0,0,0.0
134045,0,0,0.0
134048,0,0,0.0
134055,0,0,0.0
134065,0,0,0.0
134067,0,0,0.0
134070,0,0,0.0
134073,0,0,0.0
134074,0,0,0.0
134077,0,0,0.0
134085,0,0,0.0
134088,0,0,0.0
134093,0,0,0.0
134094,0,0,0.0
134100,0,0,0.0
134103,0,0,0.0
134109,0,0,0.0
134116,0,0,0.0
134118,0,0,0.0
134122,0,0,0.0
134126,0,0,0.0
134130,0,0,0.0
134139,0,0,0.0
134140,0,0,0.0
134147,0,0,0.0
134151,0,0,0.0
134157,0,0,0.0
134159,0,0,0.0
134166,0,0,0.0
134175,0,0,0.0
134180,0,0,0.0
134189,0,0,0.0
134191,0,0,0.0
134193,0,0,0.0
134201,0,0,0.0
134202,0,0,0.0
134203,0,0,0.0
134205,0,0,0.0
134213,0,0,0.0
134214,0,0,0.0
134217,0,0,0.0
134220,0,0,0.0
134222,0,0,0.0
134236,0,0,0.0
134238,0,0,0.0
134239,0,0,0.0
134245,0,0,0.0
134247,0,0,0.0
134250,0,0,0.0
134255,0,0,0.0
134259,0,0,0.0
134265,0,0,0.0
134267,0,0,0.0
134279,0,0,0.0
134283,0,0,0.0
134287,0,0,0.0
134289,0,0,0.0
134295,0,0,0.0
134301,0,0,0.0
134305,0,0,0.0
134308,0,0,0.0
134319,0,0,0.0
134320,0,0,0.0
134321,0,0,0.0
134322,0,0,0.0
134324,0,0,0.0
134325,0,0,0.0
134327,0,0,0.0
134332,0,0,0.0
134335,0,0,0.0
134341,0,0,0.0
134358,0,0,0.0
134359,0,0,0.0
134364,0,0,0.0
134366,0,0,0.0
134368,0,0,0.0
134369,0,0,0.0
134380,0,0,0.0
134389,0,0,0.0
134390,0,0,0.0
134391,0,0,0.0
134397,0,0,0.0
134410,0,0,0.0
134413,0,0,0.0
134420,0,0,0.0
134421,0,0,0.0
134422,0,0,0.0
134426,0,0,0.0
134428,0,0,0.0
134432,0,0,0.0
134440,0,0,0.0
134443,0,0,0.0
134450,0,0,0.0
134466,0,0,0.0
134473,0,0,0.0
134476,0,0,0.0
134477,0,0,0.0
134483,0,0,0.0
134493,0,0,0.0
134502,0,0,0.0
134504,0,0,0.0
134507,0,0,0.0
134512,0,0,0.0
134524,0,0,0.0
134525,0,0,0.0
134527,0,0,0.0
134531,0,0,0.0
134533,0,0,0.0
134536,0,0,0.0
134539,0,0,0.0
134543,0,0,0.0
134562,0,0,0.0
134568,0,0,0.0
134576,0,0,0.0
134579,0,0,0.0
134580,0,0,0.0
134590,0,0,0.0
134591,0,0,0.0
134592,0,0,0.0
134596,0,0,0.0
134607,0,0,0.0
134611,0,0,0.0
134613,0,0,0.0
134616,0,0,0.0
134620,0,0,0.0
134625,0,0,0.0
134629,0,0,0.0
134632,0,0,0.0
134637,0,0,0.0
134639,0,0,0.0
134641,0,0,0.0
134643,0,0,0.0
134648,0,0,0.0
134651,0,0,0.0
134652,0,0,0.0
134661,0,0,0.0
134672,0,0,0.0
134673,0,0,0.0
134678,0,0,0.0
134686,0,0,0.0
134687,0,0,0.0
134689,0,0,0.0
134697,0,0,0.0
134702,0,0,0.0
134703,0,0,0.0
134706,0,0,0.0
134707,0,0,0.0
134710,0,0,0.0
134715,0,0,0.0
134716,0,0,0.0
134722,0,0,0.0
134723,0,0,0.0
134725,0,0,0.0
134727,0,0,0.0
134730,0,0,0.0
134732,0,0,0.0
134735,0,0,0.0
134736,0,0,0.0
134737,0,0,0.0
134740,0,0,0.0
134742,0,0,0.0
134744,0,0,0.0
134745,0,0,0.0
134749,0,0,0.0
134751,0,0,0.0
134767,0,0,0.0
134782,0,0,0.0
134786,0,0,0.0
134789,0,0,0.0
134791,0,0,0.0
134797,0,0,0.0
134803,0,0,0.0
134806,0,0,0.0
134815,0,0,0.0
134827,0,0,0.0
134831,0,0,0.0
134835,0,0,0.0
134839,0,0,0.0
134846,0,0,0.0
134854,0,0,0.0
134866,0,0,0.0
134869,0,0,0.0
134878,0,0,0.0
134886,0,0,0.0
134893,0,0,0.0
134897,0,0,0.0
134899,0,0,0.0
134900,0,0,0.0
134919,0,0,0.0
134932,0,0,0.0
134935,0,0,0.0
134939,0,0,0.0
134940,0,0,0.0
134942,0,0,0.0
134945,0,0,0.0
134946,0,0,0.0
134953,0,0,0.0
134959,0,0,0.0
134966,0,0,0.0
134969,0,0,0.0
134971,0,0,0.0
134973,0,0,0.0
134974,0,0,0.0
134975,0,0,0.0
134981,0,0,0.0
134990,0,0,0.0
135001,0,0,0.0
135015,0,0,0.0
135020,0,0,0.0
135027,0,0,0.0
135035,0,0,0.0
135042,0,0,0.0
135054,0,0,0.0
135055,0,0,0.0
135059,0,0,0.0
135061,0,0,0.0
135072,0,0,0.0
135078,0,0,0.0
135079,0,0,0.0
135086,0,0,0.0
135088,0,0,0.0
135090,0,0,0.0
135092,0,0,0.0
135094,0,0,0.0
135099,0,0,0.0
135103,0,0,0.0
135104,0,0,0.0
135107,0,0,0.0
135108,0,0,0.0
135109,0,0,0.0
135121,0,0,0.0
135124,0,0,0.0
135125,0,0,0.0
135127,0,0,0.0
135132,0,0,0.0
135149,0,0,0.0
135150,0,0,0.0
135152,0,0,0.0
135154,0,0,0.0
135164,0,0,0.0
135169,0,0,0.0
135175,0,0,0.0
135179,0,0,0.0
135185,0,0,0.0
135197,0,0,0.0
135200,0,0,0.0
135221,0,0,0.0
135222,0,0,0.0
135223,0,0,0.0
135224,0,0,0.0
135225,0,0,0.0
135226,0,0,0.0
135227,0,0,0.0
135230,0,0,0.0
135232,0,0,0.0
135235,0,0,0.0
135240,0,0,0.0
135244,0,0,0.0
135247,0,0,0.0
135259,0,0,0.0
135261,0,0,0.0
135264,0,0,0.0
135275,0,0,0.0
135278,0,0,0.0
135282,0,0,0.0
135284,0,0,0.0
135288,0,0,0.0
135289,0,0,0.0
135291,0,0,0.0
135298,0,0,0.0
135299,0,0,0.0
135306,0,0,0.0
135324,0,0,0.0
135332,0,0,0.0
135339,0,0,0.0
135344,0,0,0.0
135357,0,0,0.0
135362,0,0,0.0
135365,0,0,0.0
135368,0,0,0.0
135386,0,0,0.0
135389,0,0,0.0
135393,0,0,0.0
135400,0,0,0.0
135401,0,0,0.0
135405,0,0,0.0
135413,0,0,0.0
135415,0,0,0.0
135417,0,0,0.0
135418,0,0,0.0
135426,0,0,0.0
135434,0,0,0.0
135435,0,0,0.0
135449,0,0,0.0
135452,0,0,0.0
135462,0,0,0.0
135463,0,0,0.0
135470,0,0,0.0
135471,0,0,0.0
135474,0,0,0.0
135476,0,0,0.0
135477,0,0,0.0
135478,0,0,0.0
135481,0,0,0.0
135482,0,0,0.0
135483,0,0,0.0
135487,0,0,0.0
135490,0,0,0.0
135496,0,0,0.0
135497,0,0,0.0
135503,0,0,0.0
135508,0,0,0.0
135510,0,0,0.0
135511,0,0,0.0
135512,0,0,0.0
135520,0,0,0.0
135527,0,0,0.0
135531,0,0,0.0
135534,0,0,0.0
135537,0,0,0.0
135541,0,0,0.0
135543,0,0,0.0
135544,0,0,0.0
135547,0,0,0.0
135550,0,0,0.0
135557,0,0,0.0
135560,0,0,0.0
135562,0,0,0.0
135567,0,0,0.0
135570,0,0,0.0
135574,0,0,0.0
135577,0,0,0.0
135583,0,0,0.0
135585,0,0,0.0
135598,0,0,0.0
135601,0,0,0.0
135605,0,0,0.0
135607,0,0,0.0
135608,0,0,0.0
135609,0,0,0.0
135610,0,0,0.0
135612,0,0,0.0
135617,0,0,0.0
135621,0,0,0.0
135622,0,0,0.0
135631,0,0,0.0
135632,0,0,0.0
135635,0,0,0.0
135646,0,0,0.0
135654,0,0,0.0
135666,0,0,0.0
135667,0,0,0.0
135671,0,0,0.0
135677,0,0,0.0
135684,0,0,0.0
135688,0,0,0.0
135691,0,0,0.0
135696,0,0,0.0
135697,0,0,0.0
135699,0,0,0.0
135703,0,0,0.0
135710,0,0,0.0
135724,0,0,0.0
135730,0,0,0.0
135744,0,0,0.0
135749,0,0,0.0
135759,0,0,0.0
135763,0,0,0.0
135764,0,0,0.0
135771,0,0,0.0
135772,0,0,0.0
135777,0,0,0.0
135788,0,0,0.0
135789,0,0,0.0
135790,0,0,0.0
135803,0,0,0.0
135806,0,0,0.0
135816,0,0,0.0
135817,0,0,0.0
135820,0,0,0.0
135824,0,0,0.0
135832,0,0,0.0
135836,0,0,0.0
135837,0,0,0.0
135839,0,0,0.0
135842,0,0,0.0
135844,0,0,0.0
135848,0,0,0.0
135852,0,0,0.0
135853,0,0,0.0
135857,0,0,0.0
135869,0,0,0.0
135886,0,0,0.0
135902,0,0,0.0
135913,0,0,0.0
135929,0,0,0.0
135940,0,0,0.0
135945,0,0,0.0
135949,0,0,0.0
135950,0,0,0.0
135954,0,0,0.0
135956,0,0,0.0
135962,0,0,0.0
135970,0,0,0.0
135972,0,0,0.0
135980,0,0,0.0
135981,0,0,0.0
135984,0,0,0.0
135985,0,0,0.0
135990,0,0,0.0
135991,0,0,0.0
135993,0,0,0.0
136007,0,0,0.0
136014,0,0,0.0
136027,0,0,0.0
136029,0,0,0.0
136032,0,0,0.0
136042,0,0,0.0
136043,0,0,0.0
136047,0,0,0.0
136051,0,0,0.0
136053,0,0,0.0
136058,0,0,0.0
136059,0,0,0.0
136062,0,0,0.0
136067,0,0,0.0
136071,0,0,0.0
136076,0,0,0.0
136079,0,0,0.0
136097,0,0,0.0
136103,0,0,0.0
136105,0,0,0.0
136116,0,0,0.0
136121,0,0,0.0
136130,0,0,0.0
136136,0,0,0.0
136144,0,0,0.0
136155,0,0,0.0
136156,0,0,0.0
136157,0,0,0.0
136160,0,0,0.0
136165,0,0,0.0
136167,0,0,0.0
136178,0,0,0.0
136179,0,0,0.0
136181,0,0,0.0
136182,0,0,0.0
136215,0,0,0.0
136217,0,0,0.0
136218,0,0,0.0
136220,0,0,0.0
136224,0,0,0.0
136229,0,0,0.0
136237,0,0,0.0
136238,0,0,0.0
136240,0,0,0.0
136246,0,0,0.0
136256,0,0,0.0
136259,0,0,0.0
136269,0,0,0.0
136270,0,0,0.0
136273,0,0,0.0
136281,0,0,0.0
136294,0,0,0.0
136303,0,0,0.0
136309,0,0,0.0
136316,0,0,0.0
136318,0,0,0.0
136336,0,0,0.0
136342,0,0,0.0
136343,0,0,0.0
136346,0,0,0.0
136354,0,0,0.0
136355,0,0,0.0
136357,0,0,0.0
136361,0,0,0.0
136364,0,0,0.0
136365,0,0,0.0
136366,0,0,0.0
136369,0,0,0.0
136382,0,0,0.0
136392,0,0,0.0
136400,0,0,0.0
136404,0,0,0.0
136427,0,0,0.0
136429,0,0,0.0
136432,0,0,0.0
136433,0,0,0.0
136441,0,0,0.0
136442,0,0,0.0
136443,0,0,0.0
136463,0,0,0.0
136464,0,0,0.0
136465,0,0,0.0
136467,0,0,0.0
136476,0,0,0.0
136479,0,0,0.0
136486,0,0,0.0
136489,0,0,0.0
136490,0,0,0.0
136498,0,0,0.0
136500,0,0,0.0
136501,0,0,0.0
136504,0,0,0.0
136507,0,0,0.0
136512,0,0,0.0
136516,0,0,0.0
136522,0,0,0.0
136538,0,0,0.0
136545,0,0,0.0
136546,0,0,0.0
136547,0,0,0.0
136549,0,0,0.0
136552,0,0,0.0
136553,0,0,0.0
136554,0,0,0.0
136568,0,0,0.0
136574,0,0,0.0
136576,0,0,0.0
136577,0,0,0.0
136582,0,0,0.0
136584,0,0,0.0
136588,0,0,0.0
136599,0,0,0.0
136617,0,0,0.0
136626,0,0,0.0
136630,0,0,0.0
136631,0,0,0.0
136637,0,0,0.0
136650,0,0,0.0
136654,0,0,0.0
136658,0,0,0.0
136665,0,0,0.0
136672,0,0,0.0
136679,0,0,0.0
136687,0,0,0.0
136705,0,0,0.0
136706,0,0,0.0
136709,0,0,0.0
136730,0,0,0.0
136731,0,0,0.0
136732,0,0,0.0
136737,0,0,0.0
136740,0,0,0.0
136746,0,0,0.0
136748,0,0,0.0
136749,0,0,0.0
136753,0,0,0.0
136754,0,0,0.0
136755,0,0,0.0
136757,0,0,0.0
136770,0,0,0.0
136774,0,0,0.0
136789,0,0,0.0
136790,0,0,0.0
136793,0,0,0.0
136794,0,0,0.0
136802,0,0,0.0
136807,0,0,0.0
136809,0,0,0.0
136812,0,0,0.0
136817,0,0,0.0
136818,0,0,0.0
136821,0,0,0.0
136825,0,0,0.0
136828,0,0,0.0
136830,0,0,0.0
136831,0,0,0.0
136838,0,0,0.0
136846,0,0,0.0
136889,0,0,0.0
136902,0,0,0.0
136903,0,0,0.0
136907,0,0,0.0
136910,0,0,0.0
136912,0,0,0.0
136917,0,0,0.0
136918,0,0,0.0
136921,0,0,0.0
136922,0,0,0.0
136924,0,0,0.0
136931,0,0,0.0
136935,0,0,0.0
136938,0,0,0.0
136951,0,0,0.0
136957,0,0,0.0
136958,0,0,0.0
136959,0,0,0.0
136962,0,0,0.0
136967,0,0,0.0
136975,0,0,0.0
136978,0,0,0.0
136988,0,0,0.0
136990,0,0,0.0
137001,0,0,0.0
137004,0,0,0.0
137012,0,0,0.0
137017,0,0,0.0
137024,0,0,0.0
137027,0,0,0.0
137036,0,0,0.0
137037,0,0,0.0
137038,0,0,0.0
137049,0,0,0.0
137053,0,0,0.0
137056,0,0,0.0
137064,0,0,0.0
137068,0,0,0.0
137072,0,0,0.0
137077,0,0,0.0
137086,0,0,0.0
137087,0,0,0.0
137089,0,0,0.0
137097,0,0,0.0
137109,0,0,0.0
137112,0,0,0.0
137113,0,0,0.0
137115,0,0,0.0
137119,0,0,0.0
137120,0,0,0.0
137123,0,0,0.0
137125,0,0,0.0
137134,0,0,0.0
137137,0,0,0.0
137139,0,0,0.0
137143,0,0,0.0
137154,0,0,0.0
137157,0,0,0.0
137174,0,0,0.0
137175,0,0,0.0
137186,0,0,0.0
137192,0,0,0.0
137203,0,0,0.0
137205,0,0,0.0
137211,0,0,0.0
137214,0,0,0.0
137216,0,0,0.0
137217,0,0,0.0
137220,0,0,0.0
137221,0,0,0.0
137222,0,0,0.0
137228,0,0,0.0
137232,0,0,0.0
137244,0,0,0.0
137249,0,0,0.0
137252,0,0,0.0
137263,0,0,0.0
137273,0,0,0.0
137278,0,0,0.0
137290,0,0,0.0
137293,0,0,0.0
137299,0,0,0.0
137300,0,0,0.0
137302,0,0,0.0
137306,0,0,0.0
137316,0,0,0.0
137318,0,0,0.0
137323,0,0,0.0
137330,0,0,0.0
137337,0,0,0.0
137340,0,0,0.0
137348,0,0,0.0
137349,0,0,0.0
137354,0,0,0.0
137360,0,0,0.0
137364,0,0,0.0
137365,0,0,0.0
137366,0,0,0.0
137367,0,0,0.0
137376,0,0,0.0
137377,0,0,0.0
137378,0,0,0.0
137390,0,0,0.0
137396,0,0,0.0
137415,0,0,0.0
137430,0,0,0.0
137434,0,0,0.0
137437,0,0,0.0
137443,0,0,0.0
137449,0,0,0.0
137454,0,0,0.0
137462,0,0,0.0
137465,0,0,0.0
137475,0,0,0.0
137481,0,0,0.0
137482,0,0,0.0
137484,0,0,0.0
137493,0,0,0.0
137495,0,0,0.0
137500,0,0,0.0
137506,0,0,0.0
137507,0,0,0.0
137508,0,0,0.0
137509,0,0,0.0
137519,0,0,0.0
137520,0,0,0.0
137528,0,0,0.0
137532,0,0,0.0
137537,0,0,0.0
137541,0,0,0.0
137552,0,0,0.0
137554,0,0,0.0
137556,0,0,0.0
137558,0,0,0.0
137559,0,0,0.0
137565,0,0,0.0
137567,0,0,0.0
137577,0,0,0.0
137584,0,0,0.0
137587,0,0,0.0
137588,0,0,0.0
137590,0,0,0.0
137596,0,0,0.0
137598,0,0,0.0
137600,0,0,0.0
137604,0,0,0.0
137606,0,0,0.0
137615,0,0,0.0
137625,0,0,0.0
137627,0,0,0.0
137628,0,0,0.0
137629,0,0,0.0
137634,0,0,0.0
137638,0,0,0.0
137641,0,0,0.0
137647,0,0,0.0
137658,0,0,0.0
137668,0,0,0.0
137669,0,0,0.0
137670,0,0,0.0
137675,0,0,0.0
137678,0,0,0.0
137683,0,0,0.0
137684,0,0,0.0
137693,0,0,0.0
137695,0,0,0.0
137697,0,0,0.0
137705,0,0,0.0
137706,0,0,0.0
137724,0,0,0.0
137726,0,0,0.0
137731,0,0,0.0
137738,0,0,0.0
137745,0,0,0.0
137747,0,0,0.0
137755,0,0,0.0
137756,0,0,0.0
137767,0,0,0.0
137769,0,0,0.0
137776,0,0,0.0
137778,0,0,0.0
137780,0,0,0.0
137792,0,0,0.0
137793,0,0,0.0
137794,0,0,0.0
137810,0,0,0.0
137815,0,0,0.0
137820,0,0,0.0
137831,0,0,0.0
137842,0,0,0.0
137859,0,0,0.0
137862,0,0,0.0
137873,0,0,0.0
137874,0,0,0.0
137875,0,0,0.0
137877,0,0,0.0
137878,0,0,0.0
137881,0,0,0.0
137885,0,0,0.0
137889,0,0,0.0
137896,0,0,0.0
137907,0,0,0.0
137918,0,0,0.0
137919,0,0,0.0
137921,0,0,0.0
137924,0,0,0.0
137926,0,0,0.0
137927,0,0,0.0
137930,0,0,0.0
137936,0,0,0.0
137943,0,0,0.0
137952,0,0,0.0
137956,0,0,0.0
137957,0,0,0.0
137964,0,0,0.0
137969,0,0,0.0
137970,0,0,0.0
137976,0,0,0.0
137977,0,0,0.0
137986,0,0,0.0
137996,0,0,0.0
138002,0,0,0.0
138005,0,0,0.0
138011,0,0,0.0
138021,0,0,0.0
138023,0,0,0.0
138031,0,0,0.0
138032,0,0,0.0
138033,0,0,0.0
138064,0,0,0.0
138067,0,0,0.0
138072,0,0,0.0
138077,0,0,0.0
138082,0,0,0.0
138084,0,0,0.0
138088,0,0,0.0
138098,0,0,0.0
138102,0,0,0.0
138109,0,0,0.0
138121,0,0,0.0
138123,0,0,0.0
138133,0,0,0.0
138134,0,0,0.0
138138,0,0,0.0
138139,0,0,0.0
138142,0,0,0.0
138148,0,0,0.0
138149,0,0,0.0
138151,0,0,0.0
138153,0,0,0.0
138156,0,0,0.0
138157,0,0,0.0
138164,0,0,0.0
138172,0,0,0.0
138173,0,0,0.0
138175,0,0,0.0
138178,0,0,0.0
138182,0,0,0.0
138190,0,0,0.0
138198,0,0,0.0
138213,0,0,0.0
138216,0,0,0.0
138217,0,0,0.0
138218,0,0,0.0
138220,0,0,0.0
138221,0,0,0.0
138222,0,0,0.0
138225,0,0,0.0
138226,0,0,0.0
138228,0,0,0.0
138229,0,0,0.0
138232,0,0,0.0
138233,0,0,0.0
138239,0,0,0.0
138241,0,0,0.0
138242,0,0,0.0
138246,0,0,0.0
138248,0,0,0.0
138251,0,0,0.0
138255,0,0,0.0
138257,0,0,0.0
138269,0,0,0.0
138274,0,0,0.0
138275,0,0,0.0
138290,0,0,0.0
138295,0,0,0.0
138296,0,0,0.0
138297,0,0,0.0
138298,0,0,0.0
138300,0,0,0.0
138302,0,0,0.0
138325,0,0,0.0
138338,0,0,0.0
138343,0,0,0.0
138350,0,0,0.0
138351,0,0,0.0
138354,0,0,0.0
138355,0,0,0.0
138358,0,0,0.0
138361,0,0,0.0
138367,0,0,0.0
138369,0,0,0.0
138370,0,0,0.0
138381,0,0,0.0
138386,0,0,0.0
138389,0,0,0.0
138391,0,0,0.0
138393,0,0,0.0
138411,0,0,0.0
138416,0,0,0.0
138426,0,0,0.0
138430,0,0,0.0
138434,0,0,0.0
138444,0,0,0.0
138451,0,0,0.0
138452,0,0,0.0
138457,0,0,0.0
138465,0,0,0.0
138471,0,0,0.0
138472,0,0,0.0
138479,0,0,0.0
138482,0,0,0.0
138483,0,0,0.0
138489,0,0,0.0
138491,0,0,0.0
138499,0,0,0.0
138500,0,0,0.0
138501,0,0,0.0
138505,0,0,0.0
138511,0,0,0.0
138520,0,0,0.0
138527,0,0,0.0
138531,0,0,0.0
138537,0,0,0.0
138538,0,0,0.0
138552,0,0,0.0
138554,0,0,0.0
138558,0,0,0.0
138563,0,0,0.0
138565,0,0,0.0
138569,0,0,0.0
138570,0,0,0.0
138574,0,0,0.0
138578,0,0,0.0
138599,0,0,0.0
138605,0,0,0.0
138606,0,0,0.0
138609,0,0,0.0
138613,0,0,0.0
138619,0,0,0.0
138621,0,0,0.0
138622,0,0,0.0
138625,0,0,0.0
138630,0,0,0.0
138640,0,0,0.0
138644,0,0,0.0
138650,0,0,0.0
138654,0,0,0.0
138656,0,0,0.0
138660,0,0,0.0
138661,0,0,0.0
138664,0,0,0.0
138665,0,0,0.0
138666,0,0,0.0
138668,0,0,0.0
138676,0,0,0.0
138692,0,0,0.0
138693,0,0,0.0
138706,0,0,0.0
138711,0,0,0.0
138717,0,0,0.0
138718,0,0,0.0
138724,0,0,0.0
138733,0,0,0.0
138755,0,0,0.0
138756,0,0,0.0
138759,0,0,0.0
138770,0,0,0.0
138775,0,0,0.0
138780,0,0,0.0
138781,0,0,0.0
138782,0,0,0.0
138788,0,0,0.0
138798,0,0,0.0
138799,0,0,0.0
138800,0,0,0.0
138819,0,0,0.0
138823,0,0,0.0
138828,0,0,0.0
138831,0,0,0.0
138835,0,0,0.0
138836,0,0,0.0
138840,0,0,0.0
138847,0,0,0.0
138848,0,0,0.0
138850,0,0,0.0
138851,0,0,0.0
138855,0,0,0.0
138860,0,0,0.0
138861,0,0,0.0
138867,0,0,0.0
138871,0,0,0.0
138891,0,0,0.0
138892,0,0,0.0
138894,0,0,0.0
138895,0,0,0.0
138905,0,0,0.0
138911,0,0,0.0
138918,0,0,0.0
138927,0,0,0.0
138932,0,0,0.0
138933,0,0,0.0
138942,0,0,0.0
138949,0,0,0.0
138955,0,0,0.0
138964,0,0,0.0
138969,0,0,0.0
138970,0,0,0.0
138982,0,0,0.0
138986,0,0,0.0
138991,0,0,0.0
138992,0,0,0.0
138994,0,0,0.0
138995,0,0,0.0
139002,0,0,0.0
139008,0,0,0.0
139010,0,0,0.0
139012,0,0,0.0
139013,0,0,0.0
139021,0,0,0.0
139024,0,0,0.0
139032,0,0,0.0
139036,0,0,0.0
139038,0,0,0.0
139044,0,0,0.0
139046,0,0,0.0
139047,0,0,0.0
139050,0,0,0.0
139051,0,0,0.0
139061,0,0,0.0
139063,0,0,0.0
139070,0,0,0.0
139071,0,0,0.0
139073,0,0,0.0
139079,0,0,0.0
139080,0,0,0.0
139082,0,0,0.0
139083,0,0,0.0
139092,0,0,0.0
139094,0,0,0.0
139131,0,0,0.0
139132,0,0,0.0
139139,0,0,0.0
139148,0,0,0.0
139150,0,0,0.0
139158,0,0,0.0
139160,0,0,0.0
139161,0,0,0.0
139164,0,0,0.0
139170,0,0,0.0
139171,0,0,0.0
139179,0,0,0.0
139193,0,0,0.0
139203,0,0,0.0
139204,0,0,0.0
139205,0,0,0.0
139210,0,0,0.0
139217,0,0,0.0
139221,0,0,0.0
139224,0,0,0.0
139228,0,0,0.0
139234,0,0,0.0
139237,0,0,0.0
139239,0,0,0.0
139242,0,0,0.0
139243,0,0,0.0
139247,0,0,0.0
139257,0,0,0.0
139258,0,0,0.0
139266,0,0,0.0
139270,0,0,0.0
139271,0,0,0.0
139273,0,0,0.0
139281,0,0,0.0
139287,0,0,0.0
139308,0,0,0.0
139314,0,0,0.0
139335,0,0,0.0
139337,0,0,0.0
139339,0,0,0.0
139346,0,0,0.0
139347,0,0,0.0
139348,0,0,0.0
139349,0,0,0.0
139358,0,0,0.0
139361,0,0,0.0
139364,0,0,0.0
139374,0,0,0.0
139376,0,0,0.0
139379,0,0,0.0
139380,0,0,0.0
139387,0,0,0.0
139389,0,0,0.0
139390,0,0,0.0
139400,0,0,0.0
139402,0,0,0.0
139404,0,0,0.0
139410,0,0,0.0
139411,0,0,0.0
139423,0,0,0.0
139434,0,0,0.0
139437,0,0,0.0
139441,0,0,0.0
139445,0,0,0.0
139449,0,0,0.0
139452,0,0,0.0
139453,0,0,0.0
139459,0,0,0.0
139460,0,0,0.0
139461,0,0,0.0
139464,0,0,0.0
139468,0,0,0.0
139477,0,0,0.0
139481,0,0,0.0
139484,0,0,0.0
139488,0,0,0.0
139494,0,0,0.0
139504,0,0,0.0
139507,0,0,0.0
139509,0,0,0.0
139516,0,0,0.0
139529,0,0,0.0
139531,0,0,0.0
139534,0,0,0.0
139540,0,0,0.0
139542,0,0,0.0
139553,0,0,0.0
139563,0,0,0.0
139568,0,0,0.0
139574,0,0,0.0
139577,0,0,0.0
139579,0,0,0.0
139598,0,0,0.0
139602,0,0,0.0
139630,0,0,0.0
139632,0,0,0.0
139640,0,0,0.0
139641,0,0,0.0
139648,0,0,0.0
139650,0,0,0.0
139653,0,0,0.0
139654,0,0,0.0
139663,0,0,0.0
139667,0,0,0.0
139671,0,0,0.0
139680,0,0,0.0
139686,0,0,0.0
139688,0,0,0.0
139693,0,0,0.0
139696,0,0,0.0
139703,0,0,0.0
139704,0,0,0.0
139707,0,0,0.0
139718,0,0,0.0
139727,0,0,0.0
139732,0,0,0.0
139738,0,0,0.0
139739,0,0,0.0
139740,0,0,0.0
139745,0,0,0.0
139746,0,0,0.0
139761,0,0,0.0
