flow_row_id,true_label,predicted_label,anomaly_score
113206,0,0,-0.06554993830837702
113207,0,0,-0.138145041545078
113208,0,0,-0.13955825594825388
113209,0,0,-0.0584434507084719
113210,0,0,-0.15722714204944743
113211,0,0,-0.15015280656323177
113212,0,0,-0.13861307445384413
113213,0,0,-0.14272266466053213
113214,0,0,-0.13076863962687907
113215,0,0,-0.11164728012043978
113216,0,0,-0.13099885782452703
113217,0,0,-0.04266614736004026
113218,0,0,-0.1336138791592394
113219,0,0,-0.13181232809002452
113220,0,0,-0.12871309916688822
113221,0,0,-0.10894166726761911
113222,0,0,-0.04960795834944254
113223,0,0,-0.08237298564318324
113224,0,0,-0.11819297994276229
113225,0,0,-0.09639628697104813
113226,0,0,-0.13917323878049825
113227,0,0,-0.1504644342905604
113228,0,0,-0.15655628872948252
113229,0,0,-0.143658874342536
113230,0,0,-0.13878041034663785
113231,0,0,-0.10075111796338992
113232,0,0,-0.06945586425295636
113233,0,0,-0.13155345914358557
113234,0,0,-0.137448893254091
113235,0,0,-0.13097962265232233
113236,0,0,-0.1279065028429512
113237,0,0,-0.11014877455008587
113238,0,0,-0.050673019767140226
113239,0,0,-0.04849209199226845
113240,0,0,-0.12426676246137885
113241,0,0,-0.09029978685971718
113242,0,0,-0.02612771062630026
113243,0,0,-0.1522617733214689
113244,0,0,-0.13878041034663785
113245,0,0,-0.13576599879152818
113246,0,0,-0.14408448529409462
113247,0,0,-0.15413804234547995
113248,0,0,-0.11614881006373123
113249,0,0,-0.13634021069044666
113250,0,0,-0.0994145921916581
113251,0,0,-0.13129134683740734
113252,0,0,-0.13569614937193875
113253,0,0,-0.13097962265232233
113254,0,0,-0.04998164909740255
113255,0,0,-0.07431859985097355
113256,0,0,-0.048546304637694826
113257,0,0,-0.10976525718032565
113258,0,0,-0.04960795834944254
113259,0,0,-0.06170117193787161
113260,0,0,-0.06307625275756062
113261,0,0,-0.06257542999157117
113262,0,0,-0.06307625275756062
113263,0,0,-0.06307625275756062
113264,0,0,-0.062122518281721884
113265,0,0,-0.06689366646111522
113266,0,0,-0.13868584318979282
113267,0,0,-0.13937296475069422
113268,0,0,-0.0584434507084719
113269,0,0,-0.06664699747023678
113270,0,0,-0.08236625938863462
113271,0,0,-0.06974136505040124
113272,0,0,-0.043613209210673465
113273,0,0,-0.14795032372335526
113274,0,0,-0.15628259057314092
113275,0,0,-0.14874346503189517
113276,0,0,-0.14488249722006324
113277,0,0,-0.15149738182610822
113278,0,0,-0.08474740218420235
113279,0,0,-0.1080844263562733
113280,0,0,-0.1354444529240733
113281,0,0,-0.13600418052577945
113282,0,0,-0.125920385598022
113283,0,0,-0.13565712665892576
113284,0,0,-0.11032697179160739
113285,0,0,-0.04960795834944254
113286,0,0,-0.06554993830837702
113287,0,0,-0.02792385524588703
113288,0,0,-0.024627320218871096
113289,0,0,-0.08306932109706394
113290,0,0,-0.0841961539765978
113291,0,0,-0.07292801320925357
113292,0,0,-0.11819297994276229
113293,0,0,-0.13784075268431362
113294,0,0,-0.1489750117507439
113295,0,0,-0.15564949025377578
113296,0,0,-0.1452239600024396
113297,0,0,-0.1572472263450888
113298,0,0,-0.11165742902079345
113299,0,0,-0.05381150116815597
113300,0,0,-0.12426676246137885
113301,0,0,-0.08939412696628962
113302,0,0,-0.02612771062630026
113303,0,0,-0.13412940094520454
113304,0,0,-0.12640414352870477
113305,0,0,-0.12850734822135945
113306,0,0,-0.13423489224108287
113307,0,0,-0.10709145721807306
113308,0,0,-0.04960795834944254
113309,0,0,-0.03220842064384288
113310,0,0,-0.11819297994276229
113311,0,0,-0.06689366646111522
113312,0,0,-0.14099225675852994
113313,0,0,-0.06490060608557952
113314,0,0,-0.14201277798000123
113315,0,0,-0.14006251943069392
113316,0,0,-0.15623948056828108
113317,0,0,-0.15654729212444057
113318,0,0,-0.1448685061803861
113319,0,0,-0.1490028463397028
113320,0,0,-0.12226268987903754
113321,0,0,-0.02644821769480754
113322,0,0,-0.1078792442570331
113323,0,0,-0.06606019911782729
113324,0,0,-0.050710267528048636
113325,0,0,-0.030794666111521707
113326,0,0,-0.037603561281375875
113327,0,0,-0.1299935996312589
113328,0,0,-0.13388116589299232
113329,0,0,-0.12707169233405435
113330,0,0,-0.13239127157431207
113331,0,0,-0.10511164960028063
113332,0,0,-0.041774255953247574
113333,0,0,-0.08474740218420235
113334,0,0,-0.15672834627496768
113335,0,0,-0.15265081665019503
113336,0,0,-0.15722166479703298
113337,0,0,-0.1452099824158289
113338,0,0,-0.15518613274192222
113339,0,0,-0.1061703759077699
113340,0,0,-0.06862437423957252
113341,0,0,-0.12945342915670832
113342,0,0,-0.13106952093183177
113343,0,0,-0.13197394393411616
113344,0,0,-0.13697983942193087
113345,0,0,-0.10956597352358305
113346,0,0,-0.04349659641495629
113347,0,0,-0.007856786372152647
113348,0,0,-0.006572599589195038
113349,0,0,-0.11819297994276229
113350,0,0,-0.05330321287129153
113351,0,0,-0.04161986115176647
113352,0,0,-0.024627320218871096
113353,0,0,-0.12426676246137885
113354,0,0,-0.09029978685971718
113355,0,0,-0.11819297994276229
113356,0,0,-0.024494473206347955
113357,0,0,-0.02612771062630026
113358,0,0,-0.14906013357607034
113359,0,0,-0.14972548872179864
113360,0,0,-0.15400517156148336
113361,0,0,-0.14273027104351838
113362,0,0,-0.13815372064448317
113363,0,0,-0.11193215740631629
113364,0,0,-0.11819297994276229
113365,0,0,-0.11819297994276229
113366,0,0,-0.12758119248464705
113367,0,0,-0.12704671508723764
113368,0,0,-0.1355025549327818
113369,0,0,-0.13232136580662424
113370,0,0,-0.10956597352358305
113371,0,0,-0.06369133888934864
113372,0,0,-0.06525589588072994
113373,0,0,-0.14057010700113753
113374,0,0,-0.06635369754896198
113375,0,0,-0.14049275007617767
113376,0,0,-0.038633648161348455
113377,0,0,-0.1283933961691262
113378,0,0,-0.15021657929387988
113379,0,0,-0.13249029054835954
113380,0,0,-0.1408967289522095
113381,0,0,-0.14114319796515268
113382,0,0,-0.10369646041562675
113383,0,0,-0.08474740218420235
113384,0,0,-0.11819297994276229
113385,0,0,-0.13184064412616142
113386,0,0,-0.13474969621481142
113387,0,0,-0.13086396013433987
113388,0,0,-0.12928970644385618
113389,0,0,-0.11819297994276229
113390,0,0,-0.10531564968924761
113391,0,0,-0.050673019767140226
113392,0,0,-0.06691990107925827
113393,0,0,-0.061194695433621216
113394,0,0,-0.1310092867468164
113395,0,0,-0.14530192206633602
113396,0,0,-0.13620222407999855
113397,0,0,-0.1418064191201341
113398,0,0,-0.13613234080899944
113399,0,0,-0.10729120109676027
113400,0,0,-0.049042102006837174
113401,0,0,-0.12426676246137885
113402,0,0,-0.08939412696628962
113403,0,0,-0.13315295139741368
113404,0,0,-0.12883956927278323
113405,0,0,-0.12519671187163695
113406,0,0,-0.128336985171695
113407,0,0,-0.02612771062630026
113408,0,0,-0.10531564968924761
113409,0,0,-0.050673019767140226
113410,0,0,-0.06606019911782729
113411,0,0,-0.024627320218871096
113412,0,0,-0.02792385524588703
113413,0,0,-0.08306932109706394
113414,0,0,-0.0841961539765978
113415,0,0,-0.11819297994276229
113416,0,0,-0.11819297994276229
113417,0,0,-0.14915560072167738
113418,0,0,-0.06554993830837702
113419,0,0,-0.14099225675852994
113420,0,0,-0.06584378185822798
113421,0,0,-0.14099225675852994
113422,0,0,-0.15518077669086472
113423,0,0,-0.15753301512931278
113424,0,0,-0.14374192579671924
113425,0,0,-0.15152231120280152
113426,0,0,-0.10872372493598187
113427,0,0,-0.13462970173446065
113428,0,0,-0.13348815354364418
113429,0,0,-0.13413495798562308
113430,0,0,-0.13300982384105164
113431,0,0,-0.03894569674543247
113432,0,0,-0.10940015758387078
113433,0,0,-0.050673019767140226
113434,0,0,-0.032524814978632965
113435,0,0,-0.08474740218420235
113436,0,0,-0.061983118376130686
113437,0,0,-0.06257542999157117
113438,0,0,-0.1378801669155179
113439,0,0,-0.13604181059139536
113440,0,0,-0.12300867361285855
113441,0,0,-0.1583065299126759
113442,0,0,-0.14374192579671924
113443,0,0,-0.13634747174875428
113444,0,0,-0.10701853684664542
113445,0,0,-0.07388969503159432
113446,0,0,-0.030794666111521707
113447,0,0,-0.13559006413614627
113448,0,0,-0.12579632090334525
113449,0,0,-0.13665005239408567
113450,0,0,-0.13599790776053566
113451,0,0,-0.10825320300200603
113452,0,0,-0.04960795834944254
113453,0,0,-0.05317115824155505
113454,0,0,-0.12426676246137885
113455,0,0,-0.0896718433207358
113456,0,0,-0.14273131557340574
113457,0,0,-0.1450851947049474
113458,0,0,-0.02612771062630026
113459,0,0,-0.14031028057421668
113460,0,0,-0.1418064191201341
113461,0,0,-0.14819827665844038
113462,0,0,-0.10729120109676027
113463,0,0,-0.11819297994276229
113464,0,0,-0.13565497224803236
113465,0,0,-0.13057223891311703
113466,0,0,-0.12993663105189096
113467,0,0,-0.13559006413614627
113468,0,0,-0.10943177085458938
113469,0,0,-0.04960795834944254
113470,0,0,-0.06554993830837702
113471,0,0,-0.1420630068043991
113472,0,0,-0.06606019911782729
113473,0,0,-0.1398788133482548
113474,0,0,-0.060580530353226136
113475,0,0,-0.06689366646111522
113476,0,0,-0.060063826114955365
113477,0,0,-0.060063826114955365
113478,0,0,-0.057870058560676396
113479,0,0,-0.06081611355321703
113480,0,0,-0.11819297994276229
113481,0,0,-0.050710267528048636
113482,0,0,-0.11819297994276229
113483,0,0,-0.03109374769798423
113484,0,0,-0.15736138857478932
113485,0,0,-0.06018804332194466
113486,0,0,-0.15762084752647315
113487,0,0,-0.15607431310622555
113488,0,0,-0.1434176972340535
113489,0,0,-0.15381821657226574
113490,0,0,-0.08474740218420235
113491,0,0,-0.10962924741328872
113492,0,0,-0.1277257636530632
113493,0,0,-0.13557424231738652
113494,0,0,-0.13158740931213653
113495,0,0,-0.1314621250817829
113496,0,0,-0.11121006553184293
113497,0,0,-0.04489531299532362
113498,0,0,-0.07026980795097348
113499,0,0,-0.15497832672444456
113500,0,0,-0.1531620175324125
113501,0,0,-0.14338389937495727
113502,0,0,-0.13308304483045436
113503,0,0,-0.14892540307388413
113504,0,0,-0.10444454526740671
113505,0,0,-0.05007957658646511
113506,0,0,-0.12426676246137885
113507,0,0,-0.12972440770137006
113508,0,0,-0.1350508666457227
113509,0,0,-0.08939412696628962
113510,0,0,-0.1347197911602323
113511,0,0,-0.13537422566216423
113512,0,0,-0.11214812144762082
113513,0,0,-0.04960795834944254
113514,0,0,-0.02612771062630026
113515,0,0,-0.09639628697104813
113516,0,0,-0.14375672665532785
113517,0,0,-0.1539496212655807
113518,0,0,-0.06606019911782729
113519,0,0,-0.1395877075084907
113520,0,0,-0.06606019911782729
113521,0,0,-0.14099225675852994
113522,0,0,-0.1473597264167148
113523,0,0,-0.14215971348598333
113524,0,0,-0.1539856726010263
113525,0,0,-0.10778288060842928
113526,0,0,-0.13316648734653952
113527,0,0,-0.13447256394392015
113528,0,0,-0.1288331434083046
113529,0,0,-0.13557424231738652
113530,0,0,-0.041517777690344315
113531,0,0,-0.11241044796765043
113532,0,0,-0.043805355907603594
113533,0,0,-0.06554993830837702
113534,0,0,-0.024627320218871096
113535,0,0,-0.02792385524588703
113536,0,0,-0.08306932109706394
113537,0,0,-0.0841961539765978
113538,0,0,-0.08474740218420235
113539,0,0,-0.11819297994276229
113540,0,0,-0.11819297994276229
113541,0,0,-0.15514174504677825
113542,0,0,-0.15874658050362705
113543,0,0,-0.15253556683409247
113544,0,0,-0.14454073044698823
113545,0,0,-0.14823692760485507
113546,0,0,-0.1073263648412962
113547,0,0,-0.07239465566624798
113548,0,0,-0.06420377671602628
113549,0,0,-0.12941805232012854
113550,0,0,-0.13316785831980943
113551,0,0,-0.13423489224108287
113552,0,0,-0.13233612701662217
113553,0,0,-0.10682553072398299
113554,0,0,-0.041774255953247574
113555,0,0,-0.016208608857167406
113556,0,0,-0.008239010455991291
113557,0,0,-0.006572599589195038
113558,0,0,-0.03220842064384288
113559,0,0,-0.04805293729868554
113560,0,0,-0.12426676246137885
113561,0,0,-0.08939412696628962
113562,0,0,-0.12317296828406338
113563,0,0,-0.15480724716027533
113564,0,0,-0.15583303924308245
113565,0,0,-0.15560418114020352
113566,0,0,-0.14488249722006324
113567,0,0,-0.14883367227984723
113568,0,0,-0.02612771062630026
113569,0,0,-0.11284312359206083
113570,0,0,-0.128659891480578
113571,0,0,-0.030794666111521707
113572,0,0,-0.128157064079843
113573,0,0,-0.12640414352870477
113574,0,0,-0.13316785831980943
113575,0,0,-0.10709145721807306
113576,0,0,-0.06103154090259583
113577,0,0,-0.11819297994276229
113578,0,0,-0.0660745644023421
113579,0,0,-0.14099225675852994
113580,0,0,-0.06361760802127003
113581,0,0,-0.13713964890536984
113582,0,0,-0.038633648161348455
113583,0,0,-0.1557319050250145
113584,0,0,-0.1458034542905592
113585,0,0,-0.15473080325199456
113586,0,0,-0.1420486860286247
113587,0,0,-0.13603348558225165
113588,0,0,-0.08474740218420235
113589,0,0,-0.10782224451730998
113590,0,0,-0.12219978396045106
113591,0,0,-0.1252143860912568
113592,0,0,-0.13235722478525613
113593,0,0,-0.13245164023288497
113594,0,0,-0.0551035244062924
113595,0,0,-0.09984757679943085
113596,0,0,-0.11819297994276229
113597,0,0,-0.0639550723964522
113598,0,0,-0.11819297994276229
113599,0,0,-0.13608993787323254
113600,0,0,-0.06089770531117378
113601,0,0,-0.14980474003999789
113602,0,0,-0.13618339471157853
113603,0,0,-0.1408967289522095
113604,0,0,-0.13608993787323254
113605,0,0,-0.10729120109676027
113606,0,0,-0.04916541913663042
113607,0,0,-0.12426676246137885
113608,0,0,-0.12432764899515208
113609,0,0,-0.0896718433207358
113610,0,0,-0.12872065501145957
113611,0,0,-0.1298996904098328
113612,0,0,-0.1252143860912568
113613,0,0,-0.097872372890068
113614,0,0,-0.0551035244062924
113615,0,0,-0.02612771062630026
113616,0,0,-0.15021657929387988
113617,0,0,-0.06571994365495692
113618,0,0,-0.1415146912034287
113619,0,0,-0.06606019911782729
113620,0,0,-0.1382218894555891
113621,0,0,-0.1483898959388104
113622,0,0,-0.14031028057421668
113623,0,0,-0.141461667042859
113624,0,0,-0.14390103026967915
113625,0,0,-0.11819297994276229
113626,0,0,-0.06635369754896198
113627,0,0,-0.10059104679705005
113628,0,0,-0.051466620227016646
113629,0,0,-0.12496072547182496
113630,0,0,-0.1276562800835747
113631,0,0,-0.12872065501145957
113632,0,0,-0.12800836116849423
113633,0,0,-0.03894569674543247
113634,0,0,-0.09896561882104993
113635,0,0,-0.0492578885205045
113636,0,0,-0.11819297994276229
113637,0,0,-0.08474740218420235
113638,0,0,-0.02644821769480754
113639,0,0,-0.14277985846959973
113640,0,0,-0.14876015289425099
113641,0,0,-0.15480912038719624
113642,0,0,-0.1450753647042542
113643,0,0,-0.15712570216031613
113644,0,0,-0.02644821769480754
113645,0,0,-0.10464373635315638
113646,0,0,-0.06665556905659809
113647,0,0,-0.12818361962123404
113648,0,0,-0.13272128410215617
113649,0,0,-0.1312452753422924
113650,0,0,-0.1355050166838549
113651,0,0,-0.06606019911782729
113652,0,0,-0.024627320218871096
113653,0,0,-0.02792385524588703
113654,0,0,-0.10825320300200603
113655,0,0,-0.04841879353231937
113656,0,0,-0.08306932109706394
113657,0,0,-0.0841961539765978
113658,0,0,-0.02644821769480754
113659,0,0,-0.042374755000811004
113660,0,0,-0.12426676246137885
113661,0,0,-0.08939412696628962
113662,0,0,-0.11819297994276229
113663,0,0,-0.13857490364829805
113664,0,0,-0.15000985135200684
113665,0,0,-0.1556746565499944
113666,0,0,-0.1440410881973475
113667,0,0,-0.14804836420030837
113668,0,0,-0.10658475851518473
113669,0,0,-0.06601367222041976
113670,0,0,-0.05976607060290595
113671,0,0,-0.04156948847230585
113672,0,0,-0.024627320218871096
113673,0,0,-0.024494473206347955
113674,0,0,-0.02612771062630026
113675,0,0,-0.13654525766102577
113676,0,0,-0.13684936919040197
113677,0,0,-0.13451662737096481
113678,0,0,-0.13171171843564966
113679,0,0,-0.10825320300200603
113680,0,0,-0.050673019767140226
113681,0,0,-0.07040707005607644
113682,0,0,-0.13868584318979282
113683,0,0,-0.06606019911782729
113684,0,0,-0.13868584318979282
113685,0,0,-0.11819297994276229
113686,0,0,-0.03220842064384288
113687,0,0,-0.11819297994276229
113688,0,0,-0.0402935066119085
113689,0,0,-0.12138470746865265
113690,0,0,-0.1575939924017482
113691,0,0,-0.1360332965268118
113692,0,0,-0.14907786783563848
113693,0,0,-0.1450753647042542
113694,0,0,-0.14172596528852616
113695,0,0,-0.08474740218420235
113696,0,0,-0.10962924741328872
113697,0,0,-0.11819297994276229
113698,0,0,-0.13256586708225354
113699,0,0,-0.12789222012573376
113700,0,0,-0.1282758691605208
113701,0,0,-0.12728622463062605
113702,0,0,-0.030794666111521707
113703,0,0,-0.10255518731556273
113704,0,0,-0.050673019767140226
113705,0,0,-0.07075789378147301
113706,0,0,-0.15745550971600475
113707,0,0,-0.15537461328832447
113708,0,0,-0.15537461328832447
113709,0,0,-0.14533779133303842
113710,0,0,-0.1404198244678524
113711,0,0,-0.0682981143490412
113712,0,0,-0.06606019911782729
113713,0,0,-0.11266438881824575
113714,0,0,-0.09612119816235942
113715,0,0,-0.09168600131106336
113716,0,0,-0.07090421921560758
113717,0,0,-0.0829310077486678
113718,0,0,-0.04781726498827232
113719,0,0,-0.06974136505040124
113720,0,0,-0.12426676246137885
113721,0,0,-0.1302980667625946
113722,0,0,-0.08939412696628962
113723,0,0,-0.13101067880430123
113724,0,0,-0.13540475412436248
113725,0,0,-0.1282758691605208
113726,0,0,-0.1046599865415967
113727,0,0,-0.050673019767140226
113728,0,0,-0.14718427753343477
113729,0,0,-0.14577373720339826
113730,0,0,-0.14990330346560904
113731,0,0,-0.11819297994276229
113732,0,0,-0.02612771062630026
113733,0,0,-0.11819297994276229
113734,0,0,-0.06554993830837702
113735,0,0,-0.1413995740385665
113736,0,0,-0.06660053348917544
113737,0,0,-0.13855706476674462
113738,0,0,-0.13705061715408334
113739,0,0,-0.15933138382660883
113740,0,0,-0.14125070868337697
113741,0,0,-0.145183702318967
113742,0,0,-0.15523312156203095
113743,0,0,-0.11819297994276229
113744,0,0,-0.10711028848471171
113745,1,0,-0.10784065472460541
113746,1,0,-0.10784065472460541
113747,1,0,-0.10784065472460541
113748,1,0,-0.10784065472460541
113749,0,0,-0.0012060839931396505
113750,1,0,-0.10784065472460541
113751,1,0,-0.10784065472460541
113752,1,0,-0.10784065472460541
113753,1,0,-0.10784065472460541
113754,1,0,-0.10784065472460541
113755,0,0,-0.12466553409238657
113756,1,0,-0.10784065472460541
113757,0,0,-0.1241268722835624
113758,1,0,-0.10784065472460541
113759,1,0,-0.10784065472460541
113760,0,0,-0.13248279078912978
113761,1,0,-0.10784065472460541
113762,0,0,-0.13356220099968474
113763,0,0,-0.043721550272414145
113764,1,0,-0.10784065472460541
113765,1,0,-0.10784065472460541
113766,1,0,-0.10784065472460541
113767,1,0,-0.10784065472460541
113768,1,0,-0.10784065472460541
113769,1,0,-0.10784065472460541
113770,0,0,-0.10815643217373888
113771,0,0,-0.050673019767140226
113772,1,0,-0.10784065472460541
113773,1,0,-0.10784065472460541
113774,1,0,-0.10784065472460541
113775,1,0,-0.10784065472460541
113776,1,0,-0.10784065472460541
113777,1,0,-0.10784065472460541
113778,1,0,-0.10784065472460541
113779,1,0,-0.10784065472460541
113780,1,0,-0.10784065472460541
113781,1,0,-0.10784065472460541
113782,0,0,-0.08474740218420235
113783,0,0,-0.061826156123928444
113784,0,0,-0.06571994365495692
113785,0,0,-0.13665469449359302
113786,0,0,-0.15503621393399408
113787,0,0,-0.13898739722824216
113788,0,0,-0.1448685061803861
113789,0,0,-0.15888858689072916
113790,0,0,-0.10611352425942089
113791,0,0,-0.07503207713300164
113792,0,0,-0.13446727583450985
113793,0,0,-0.12846133157415723
113794,0,0,-0.13446727583450985
113795,0,0,-0.13160465467670146
113796,0,0,-0.050673019767140226
113797,0,0,-0.10975966814229199
113798,0,0,-0.06307625275756062
113799,0,0,-0.062122518281721884
113800,0,0,-0.06606019911782729
113801,1,0,-0.046614093444542815
113802,1,0,-0.11555670234357368
113803,0,0,-0.11819297994276229
113804,1,0,-0.09006596184021576
113805,0,0,-0.02644821769480754
113806,0,0,-0.02644821769480754
113807,0,0,-0.049042102006837174
113808,0,0,-0.12426676246137885
113809,0,0,-0.08921844263017492
113810,0,0,-0.1511374644135801
113811,0,0,-0.15210910628525115
113812,0,0,-0.1608339791586172
113813,0,0,-0.1452099824158289
113814,0,0,-0.15964074657272476
113815,0,0,-0.10729159640800595
113816,0,0,-0.02612771062630026
113817,0,0,-0.13341066280890024
113818,0,0,-0.13480094411485255
113819,0,0,-0.13341066280890024
113820,0,0,-0.1286906652388563
113821,0,0,-0.06828094905958948
113822,0,0,-0.024627320218871096
113823,0,0,-0.02792385524588703
113824,0,0,-0.10490060206197022
113825,0,0,-0.05660603586169893
113826,0,0,-0.06307625275756062
113827,0,0,-0.061983118376130686
113828,0,0,-0.0657665020424783
113829,0,0,-0.1395877075084907
113830,0,0,-0.06554993830837702
113831,0,0,-0.14066264665947587
113832,0,0,-0.08306932109706394
113833,0,0,-0.0841961539765978
113834,0,0,-0.06635369754896198
113835,0,0,-0.11819297994276229
113836,0,0,-0.051466620227016646
113837,0,0,-0.11819297994276229
113838,0,0,-0.03109374769798423
113839,0,0,-0.1361062096332678
113840,0,0,-0.15661772155745007
113841,0,0,-0.1552692668120672
113842,0,0,-0.14441234421079263
113843,0,0,-0.13400845365924208
113844,0,0,-0.08474740218420235
113845,0,0,-0.10607346477945967
113846,0,0,-0.02644821769480754
113847,0,0,-0.1285669682185101
113848,0,0,-0.13559006413614627
113849,0,0,-0.13284268451384623
113850,0,0,-0.13649425453819536
113851,0,0,-0.10581377539419123
113852,0,0,-0.04489531299532362
113853,0,0,-0.032590405948182855
113854,0,0,-0.07420276807846488
113855,0,0,-0.12317296828406338
113856,0,0,-0.13348194190735924
113857,0,0,-0.14034199698620703
113858,0,0,-0.1494328977107886
113859,0,0,-0.14494746121688057
113860,0,0,-0.15995102217151635
113861,0,0,-0.11040115401261646
113862,0,0,-0.05330321287129153
113863,0,0,-0.12426676246137885
113864,0,0,-0.13451662737096481
113865,0,0,-0.13522022980680587
113866,0,0,-0.0896718433207358
113867,0,0,-0.13284268451384623
113868,0,0,-0.1314545027214601
113869,0,0,-0.10871826777502286
113870,0,0,-0.04841879353231937
113871,0,0,-0.02788500282944384
113872,0,0,-0.06747406290293151
113873,0,0,-0.02612771062630026
113874,0,0,-0.06606019911782729
113875,0,0,-0.14057010700113753
113876,0,0,-0.06554993830837702
113877,0,0,-0.14057010700113753
113878,0,0,-0.15157624969647449
113879,0,0,-0.15545503746933226
113880,0,0,-0.15545503746933226
113881,0,0,-0.1441119768395301
113882,0,0,-0.1547708021062843
113883,0,0,-0.10604921086923014
113884,0,0,-0.11819297994276229
113885,0,0,-0.12649000501529012
113886,0,0,-0.12889726854939576
113887,0,0,-0.1285669682185101
113888,0,0,-0.03894569674543247
113889,0,0,-0.13451662737096481
113890,0,0,-0.10943177085458938
113891,0,0,-0.0551035244062924
113892,0,0,-0.08474740218420235
113893,0,0,-0.11819297994276229
113894,0,0,-0.15486550450962377
113895,0,0,-0.15476231851843808
113896,0,0,-0.1375192712119988
113897,0,0,-0.14338036467289117
113898,0,0,-0.15468228568162218
113899,0,0,-0.0994145921916581
113900,0,0,-0.10418578315152666
113901,0,0,-0.0789871798094478
113902,0,0,-0.06149148468457721
113903,0,0,-0.13197174060700861
113904,0,0,-0.13187037358281584
113905,0,0,-0.13281534346902912
113906,0,0,-0.12951007144385662
113907,0,0,-0.10694519305591982
113908,0,0,-0.05660603586169893
113909,0,0,-0.02644821769480754
113910,0,0,-0.048664086106032345
113911,0,0,-0.12281607402419564
113912,0,0,-0.0896718433207358
113913,0,0,-0.13242158354444572
113914,0,0,-0.12834470161017542
113915,0,0,-0.14683343445755825
113916,0,0,-0.14170416712699652
113917,0,0,-0.15241012559115324
113918,0,0,-0.10476754460605953
113919,0,0,-0.02612771062630026
113920,0,0,-0.12330576995688647
113921,0,0,-0.13246940958278103
113922,0,0,-0.12911126149220453
113923,0,0,-0.13197174060700861
113924,0,0,-0.10694519305591982
113925,0,0,-0.05660603586169893
113926,0,0,-0.06660053348917544
113927,0,0,-0.14050612847279859
113928,0,0,-0.1382365120416168
113929,0,0,-0.05815922582677058
113930,0,0,-0.11495622705582809
113931,0,0,-0.037603561281375875
113932,0,0,-0.15607117140298699
113933,0,0,-0.14495401945548547
113934,0,0,-0.1503353369608167
113935,0,0,-0.1452863239262316
113936,0,0,-0.15317784734519363
113937,0,0,-0.08474740218420235
113938,0,0,-0.10201782164519319
113939,0,0,-0.12870257306192795
113940,0,0,-0.12908943236023235
113941,0,0,-0.12609485759928107
113942,0,0,-0.1238145066682671
113943,0,0,-0.06928610049394562
113944,0,0,-0.024627320218871096
113945,0,0,-0.02792385524588703
113946,0,0,-0.08306932109706394
113947,0,0,-0.0841961539765978
113948,0,0,-0.1061933638743709
113949,0,0,-0.04841879353231937
113950,0,0,-0.06843857170448003
113951,0,0,-0.11819297994276229
113952,0,0,-0.1502192797943671
113953,0,0,-0.14342801499027208
113954,0,0,-0.14089767566576517
113955,0,0,-0.1408967289522095
113956,0,0,-0.14108998892081087
113957,0,0,-0.10240268525211482
113958,0,0,-0.04742140055879185
113959,0,0,-0.12426676246137885
113960,0,0,-0.1313214275327566
113961,0,0,-0.13121667649956026
113962,0,0,-0.0896718433207358
113963,0,0,-0.13330969211096216
113964,0,0,-0.1307792371567562
113965,0,0,-0.10463319276369726
113966,0,0,-0.05660603586169893
113967,0,0,-0.032590405948182855
113968,0,0,-0.02612771062630026
113969,0,0,-0.12138470746865265
113970,0,0,-0.15461203634957982
113971,0,0,-0.06554993830837702
113972,0,0,-0.14000594541415146
113973,0,0,-0.06660053348917544
113974,0,0,-0.14033572009425083
113975,0,0,-0.15628928874722187
113976,0,0,-0.15564534609494823
113977,0,0,-0.14333032071157897
113978,0,0,-0.15573264188627828
113979,0,0,-0.0669400990159153
113980,0,0,-0.10701853684664542
113981,0,0,-0.050710267528048636
113982,0,0,-0.11819297994276229
113983,0,0,-0.13480094411485255
113984,0,0,-0.13121667649956026
113985,0,0,-0.12407588100402017
113986,0,0,-0.1313214275327566
113987,0,0,-0.038633648161348455
113988,0,0,-0.10463319276369726
113989,0,0,-0.050673019767140226
113990,0,0,-0.030794666111521707
113991,0,0,-0.08474740218420235
113992,0,0,-0.1582000802396809
113993,0,0,-0.14823844085935894
113994,0,0,-0.1322558816660389
113995,0,0,-0.1453984961677145
113996,0,0,-0.15318693345064677
113997,0,0,-0.10601323693911219
113998,0,0,-0.13202860594955812
113999,0,0,-0.07091799743728688
114000,0,0,-0.1282012001972268
114001,0,0,-0.13761807133507914
114002,0,0,-0.1364858598854462
114003,0,0,-0.11140074259337285
114004,0,0,-0.04489531299532362
114005,0,0,-0.11819297994276229
114006,0,0,-0.04855494917861586
114007,0,0,-0.12426676246137885
114008,0,0,-0.0896718433207358
114009,0,0,-0.15369586398603508
114010,0,0,-0.15679814625017607
114011,0,0,-0.15236680469834601
114012,0,0,-0.14497344500589915
114013,0,0,-0.1572155950372086
114014,0,0,-0.11819297994276229
114015,0,0,-0.10658176596939112
114016,0,0,-0.04233324874582389
114017,0,0,-0.024627320218871096
114018,0,0,-0.1366018223522505
114019,0,0,-0.1366018223522505
114020,0,0,-0.13761807133507914
114021,0,0,-0.13181232809002452
114022,0,0,-0.02612771062630026
114023,0,0,-0.02612771062630026
114024,0,0,-0.11125697195328393
114025,0,0,-0.050673019767140226
114026,0,0,-0.06635369754896198
114027,0,0,-0.13917443296995913
114028,0,0,-0.06554993830837702
114029,0,0,-0.13868584318979282
114030,0,0,-0.11819297994276229
114031,0,0,-0.11819297994276229
114032,0,0,-0.03894569674543247
114033,0,0,-0.130874736390868
114034,0,0,-0.15638483683358106
114035,0,0,-0.15297567998243472
114036,0,0,-0.14562300164464992
114037,0,0,-0.15758948399850542
114038,0,0,-0.08474740218420235
114039,0,0,-0.11013296041638249
114040,0,0,-0.1353139099974981
114041,0,0,-0.11819297994276229
114042,0,0,-0.12843510041209372
114043,0,0,-0.13503158959235922
114044,0,0,-0.13084383130280242
114045,0,0,-0.10913579365339887
114046,0,0,-0.050673019767140226
114047,0,0,-0.11819297994276229
114048,0,0,-0.06456941705042035
114049,0,0,-0.15414668120179215
114050,0,0,-0.15604690187558468
114051,0,0,-0.1548913660120415
114052,0,0,-0.14596375239594023
114053,0,0,-0.14715704935911939
114054,0,0,-0.11316418544138074
114055,0,0,-0.04742140055879185
114056,0,0,-0.13084383130280242
114057,0,0,-0.06635369754896198
114058,0,0,-0.024627320218871096
114059,0,0,-0.02792385524588703
114060,0,0,-0.13146245530984074
114061,0,0,-0.12886723084986396
114062,0,0,-0.1285669682185101
114063,0,0,-0.12426676246137885
114064,0,0,-0.10913579365339887
114065,0,0,-0.050673019767140226
114066,0,0,-0.0896718433207358
114067,0,0,-0.08306932109706394
114068,0,0,-0.0841961539765978
114069,0,0,-0.048456689846573864
114070,0,0,-0.04839332537163865
114071,0,0,-0.04930904839629213
114072,0,0,-0.09644259314288922
114073,0,0,-0.09317567952015698
114074,0,0,-0.06456356498071769
114075,0,0,-0.08151770267634834
114076,0,0,-0.06974136505040124
114077,0,0,-0.11819297994276229
114078,0,0,-0.14990330346560904
114079,0,0,-0.14638324641638328
114080,0,0,-0.14638324641638328
114081,0,0,-0.02612771062630026
114082,0,0,-0.1526311918833264
114083,0,0,-0.06606019911782729
114084,0,0,-0.14049275007617767
114085,0,0,-0.06664699747023678
114086,0,0,-0.13713964890536984
114087,0,0,-0.16009156893435494
114088,0,0,-0.16141096152003126
114089,0,0,-0.1448685061803861
114090,0,0,-0.1603646360019056
114091,0,0,-0.11034491310224748
114092,0,0,-0.11819297994276229
114093,0,0,-0.129919088875182
114094,0,0,-0.1302940940516698
114095,0,0,-0.1322903994660709
114096,0,0,-0.12276817754570785
114097,0,0,-0.03109374769798423
114098,0,0,-0.10266713627604024
114099,0,0,-0.050673019767140226
114100,0,0,-0.032590405948182855
114101,0,0,-0.08474740218420235
114102,0,0,-0.062122518281721884
114103,0,0,-0.059877263341538256
114104,0,0,-0.12138470746865265
114105,0,0,-0.15693920490046276
114106,0,0,-0.1544892115310429
114107,0,0,-0.15255156486814442
114108,0,0,-0.14488252185476985
114109,0,0,-0.15017797416975526
114110,0,0,-0.10159931264986649
114111,0,0,-0.13106668073245042
114112,0,0,-0.13615428296875676
114113,0,0,-0.07566628938388592
114114,0,0,-0.07017118577933856
114115,0,0,-0.13114056572435095
114116,0,0,-0.1358495893565863
114117,0,0,-0.10795633266822463
114118,0,0,-0.050673019767140226
114119,0,0,-0.030794666111521707
114120,0,0,-0.05027565411626256
114121,0,0,-0.12426676246137885
114122,0,0,-0.0896718433207358
114123,0,0,-0.15466881683864087
114124,0,0,-0.15633738730604269
114125,0,0,-0.1514090907923784
114126,0,0,-0.14454073044698823
114127,0,0,-0.15952749760616247
114128,0,0,-0.10700545667008782
114129,0,0,-0.1357984886115437
114130,0,0,-0.13251288663405553
114131,0,0,-0.1276571498333749
114132,0,0,-0.13615428296875676
114133,0,0,-0.10795633266822463
114134,0,0,-0.050673019767140226
114135,0,0,-0.06170117193787161
114136,0,0,-0.059877263341538256
114137,0,0,-0.06525589588072994
114138,0,0,-0.14099225675852994
114139,0,0,-0.06606019911782729
114140,0,0,-0.13917443296995913
114141,0,0,-0.02612771062630026
114142,0,0,-0.06601367222041976
114143,0,0,-0.050710267528048636
114144,0,0,-0.11819297994276229
114145,0,0,-0.11819297994276229
114146,0,0,-0.038633648161348455
114147,0,0,-0.1580077117816791
114148,0,0,-0.1514090907923784
114149,0,0,-0.1551761371915738
114150,0,0,-0.14454073044698823
114151,0,0,-0.15690346129442384
114152,0,0,-0.08474740218420235
114153,0,0,-0.11006099810724468
114154,0,0,-0.11819297994276229
114155,0,0,-0.13187094482354594
114156,0,0,-0.133422507317357
114157,0,0,-0.13024344417157518
114158,0,0,-0.12997068445071241
114159,0,0,-0.11004174867505173
114160,0,0,-0.04960795834944254
114161,0,0,-0.1551761371915738
114162,0,0,-0.06657648865244081
114163,0,0,-0.14994120928746008
114164,0,0,-0.15842368933055123
114165,0,0,-0.14454073044698823
114166,0,0,-0.14519058266129764
114167,0,0,-0.10582652614095178
114168,0,0,-0.13156152100734486
114169,0,0,-0.12793920782798035
114170,0,0,-0.1269894581047593
114171,0,0,-0.133422507317357
114172,0,0,-0.05155725163950281
114173,0,0,-0.10909859830041102
114174,0,0,-0.05533307524286063
114175,0,0,-0.12426676246137885
114176,0,0,-0.0896718433207358
114177,0,0,-0.11819297994276229
114178,0,0,-0.13625719551483756
114179,0,0,-0.15393535815869225
114180,0,0,-0.06902465406994152
114181,0,0,-0.14008340708724004
114182,0,0,-0.06689366646111522
114183,0,0,-0.13855706476674462
114184,0,0,-0.15807306878398164
114185,0,0,-0.14562300164464992
114186,0,0,-0.15351709106701822
114187,0,0,-0.02612771062630026
114188,0,0,-0.10645683753979013
114189,0,0,-0.06801781229127951
114190,0,0,-0.024627320218871096
114191,0,0,-0.02792385524588703
114192,0,0,-0.1255842451398988
114193,0,0,-0.12695201805932727
114194,0,0,-0.13456425997177152
114195,0,0,-0.1280567302527752
114196,0,0,-0.11819297994276229
114197,0,0,-0.038633648161348455
114198,0,0,-0.10836979576774053
114199,0,0,-0.04841879353231937
114200,0,0,-0.0841961539765978
114201,0,0,-0.08474740218420235
114202,0,0,-0.11819297994276229
114203,0,0,-0.11819297994276229
114204,0,0,-0.154882069175031
114205,0,0,-0.14107118881418157
114206,0,0,-0.15730965280370635
114207,0,0,-0.14497344500589915
114208,0,0,-0.1536828756265196
114209,0,0,-0.10640161214879684
114210,0,0,-0.12843510041209372
114211,0,0,-0.13119232001783437
114212,0,0,-0.1285669682185101
114213,0,0,-0.13119232001783437
114214,0,0,-0.10825320300200603
114215,0,0,-0.04960795834944254
114216,0,0,-0.06657648865244081
114217,0,0,-0.029596012238909952
114218,0,0,-0.05027565411626256
114219,0,0,-0.061826156123928444
114220,0,0,-0.062122518281721884
114221,0,0,-0.12317296828406338
114222,0,0,-0.14631266699482603
114223,0,0,-0.15659959273515262
114224,0,0,-0.1412847893834731
114225,0,0,-0.14488249722006324
114226,0,0,-0.1461157517709265
114227,0,0,-0.12426676246137885
114228,0,0,-0.10632121552242568
114229,0,0,-0.07937720137510856
114230,0,0,-0.13183456927253306
114231,0,0,-0.13662922611185246
114232,0,0,-0.13549392515417552
114233,0,0,-0.13365198069051482
114234,0,0,-0.10907335183358974
114235,0,0,-0.04960795834944254
114236,0,0,-0.06539084111660898
114237,0,0,-0.14050612847279859
114238,0,0,-0.07008294760550648
114239,0,0,-0.14099225675852994
114240,0,0,-0.02612771062630026
114241,0,0,-0.030794666111521707
114242,0,0,-0.08306932109706394
114243,0,0,-0.043721550272414145
114244,0,0,-0.11819297994276229
114245,0,0,-0.1517834996810004
114246,0,0,-0.13454791657303855
114247,0,0,-0.15639746752668177
114248,0,0,-0.14408448529409462
114249,0,0,-0.1571392663956278
114250,0,0,-0.08474740218420235
114251,0,0,-0.1117659067986212
114252,0,0,-0.13007850288459388
114253,0,0,-0.1345371028724628
114254,0,0,-0.13443169873796335
114255,0,0,-0.13347095057983088
114256,0,0,-0.10782085515098239
114257,0,0,-0.04960795834944254
114258,0,0,-0.11819297994276229
114259,0,0,-0.1386247571800689
114260,0,0,-0.15114084905411013
114261,0,0,-0.06748839213964924
114262,0,0,-0.1386247571800689
114263,0,0,-0.14488252185476985
114264,0,0,-0.1565916493826417
114265,0,0,-0.10673947196951528
114266,0,0,-0.11819297994276229
114267,0,0,-0.12952976325784937
114268,0,0,-0.13239127157431207
114269,0,0,-0.13443169873796335
114270,0,0,-0.13239127157431207
114271,0,0,-0.04757470905900868
114272,0,0,-0.10755542232453758
114273,0,0,-0.050673019767140226
114274,0,0,-0.12426676246137885
114275,0,0,-0.08766064765965736
114276,0,0,-0.1417698101255946
114277,0,0,-0.15909654885307478
114278,0,0,-0.06606019911782729
114279,0,0,-0.06606019911782729
114280,0,0,-0.13884356276161713
114281,0,0,-0.0657665020424783
114282,0,0,-0.13917443296995913
114283,0,0,-0.1567680682165315
114284,0,0,-0.14425875189839998
114285,0,0,-0.15630836802778297
114286,0,0,-0.051466620227016646
114287,0,0,-0.1097309452763019
114288,0,0,-0.02612771062630026
114289,0,0,-0.13438039902220733
114290,0,0,-0.13018783570974318
114291,0,0,-0.132938938959342
114292,0,0,-0.12790058359580508
114293,0,0,-0.037290604319540566
114294,0,0,-0.10755542232453758
114295,0,0,-0.0551035244062924
114296,0,0,-0.08474740218420235
114297,0,0,-0.09639628697104813
114298,0,0,-0.1335285849309294
114299,0,0,-0.13433220652146582
114300,0,0,-0.13452416503397396
114301,0,0,-0.14191752172256916
114302,0,0,-0.1563568894712381
114303,0,0,-0.10444207508253867
114304,0,0,-0.06689366646111522
114305,0,0,-0.024627320218871096
114306,0,0,-0.02792385524588703
114307,0,0,-0.13169486508317463
114308,0,0,-0.13011749802935163
114309,0,0,-0.131488254344499
114310,0,0,-0.13299740246935204
114311,0,0,-0.08306932109706394
114312,0,0,-0.0841961539765978
114313,0,0,-0.10266713627604024
114314,0,0,-0.050673019767140226
114315,0,0,-0.07870223191178305
114316,0,0,-0.11819297994276229
114317,0,0,-0.0449277062784898
114318,0,0,-0.15004229343463754
114319,0,0,-0.14993691663910907
114320,0,0,-0.1461657458412421
114321,0,0,-0.14170416712699652
114322,0,0,-0.14402179599135817
114323,0,0,-0.12426676246137885
114324,0,0,-0.0967225388806156
114325,0,0,-0.07811645006358009
114326,0,0,-0.13557424231738652
114327,0,0,-0.1288331434083046
114328,0,0,-0.13107007921318636
114329,0,0,-0.13557424231738652
114330,0,0,-0.11214812144762082
114331,0,0,-0.04960795834944254
114332,0,0,-0.031509255946186865
114333,0,0,-0.0657665020424783
114334,0,0,-0.13855706476674462
114335,0,0,-0.06606019911782729
114336,0,0,-0.14008653125507198
114337,0,0,-0.03715771247556121
114338,0,0,-0.024627320218871096
114339,0,0,-0.024494473206347955
114340,0,0,-0.02612771062630026
114341,0,0,-0.037603561281375875
114342,0,0,-0.12317296828406338
114343,0,0,-0.11819297994276229
114344,0,0,-0.1608339791586172
114345,0,0,-0.1588530463913782
114346,0,0,-0.11819297994276229
114347,0,0,-0.1571679462183369
114348,0,0,-0.1448685061803861
114349,0,0,-0.15814191834157248
114350,0,0,-0.08474740218420235
114351,0,0,-0.10611352425942089
114352,0,0,-0.13778391059728057
114353,0,0,-0.1381377653635883
114354,0,0,-0.13778391059728057
114355,0,0,-0.13129134683740734
114356,0,0,-0.11113773268934668
114357,0,0,-0.04960795834944254
114358,0,0,-0.11819297994276229
114359,0,0,-0.030794666111521707
114360,0,0,-0.15926196813289845
114361,0,0,-0.07614687367628464
114362,0,0,-0.15217460450607168
114363,0,0,-0.15640081890079172
114364,0,0,-0.14583287427090597
114365,0,0,-0.1600595943262314
114366,0,0,-0.10881507845399652
114367,0,0,-0.1336138791592394
114368,0,0,-0.13177955729805152
114369,0,0,-0.1315407256937119
114370,0,0,-0.13312481230135426
114371,0,0,-0.05027565411626256
114372,0,0,-0.11113773268934668
114373,0,0,-0.04960795834944254
114374,0,0,-0.12426676246137885
114375,0,0,-0.0896718433207358
114376,0,0,-0.11819297994276229
114377,0,0,-0.15433164755530537
114378,0,0,-0.15236225298971978
114379,0,0,-0.15735002638200546
114380,0,0,-0.06635369754896198
114381,0,0,-0.13735893549438466
114382,0,0,-0.06636805311740912
114383,0,0,-0.14057010700113753
114384,0,0,-0.14333032071157897
114385,0,0,-0.14704219268602364
114386,0,0,-0.10872372493598187
114387,0,0,-0.02612771062630026
114388,0,0,-0.11819297994276229
114389,0,0,-0.13761807133507914
114390,0,0,-0.13761807133507914
114391,0,0,-0.13761807133507914
114392,0,0,-0.13205963344561478
114393,0,0,-0.037603561281375875
114394,0,0,-0.11140074259337285
114395,0,0,-0.050673019767140226
114396,0,0,-0.11819297994276229
114397,0,0,-0.08474740218420235
114398,0,0,-0.061983118376130686
114399,0,0,-0.059877263341538256
114400,0,0,-0.13878041034663785
114401,0,0,-0.14988375575903584
114402,0,0,-0.14333032071157897
114403,0,0,-0.10235028774136196
114404,0,0,-0.13381707617924998
114405,0,0,-0.13406977908300755
114406,0,0,-0.12577509051663754
114407,0,0,-0.129543045476199
114408,0,0,-0.10795633266822463
114409,0,0,-0.041774255953247574
114410,0,0,-0.08068681763956098
114411,0,0,-0.06089770531117378
114412,0,0,-0.008854705352240477
114413,0,0,-0.006572599589195038
114414,0,0,-0.11819297994276229
114415,0,0,-0.04829523683844705
114416,0,0,-0.12814188715219882
114417,0,0,-0.14980474003999789
114418,0,0,-0.1490865455696319
114419,0,0,-0.141461667042859
114420,0,0,-0.14060420327581935
114421,0,0,-0.12426676246137885
114422,0,0,-0.09730182814790078
114423,0,0,-0.07986260984376586
114424,0,0,-0.06571994365495692
114425,0,0,-0.024627320218871096
114426,0,0,-0.02792385524588703
114427,0,0,-0.024627320218871096
114428,0,0,-0.08306932109706394
114429,0,0,-0.0841961539765978
114430,0,0,-0.1277892937332447
114431,0,0,-0.1353011918044003
114432,0,0,-0.12577509051663754
114433,0,0,-0.12577509051663754
114434,0,0,-0.10928034877871301
114435,0,0,-0.06369133888934864
114436,0,0,-0.024627320218871096
114437,0,0,-0.0669400990159153
114438,0,0,-0.06801781229127951
114439,0,0,-0.13868584318979282
114440,0,0,-0.06361760802127003
114441,0,0,-0.14099225675852994
114442,0,0,-0.051466620227016646
114443,0,0,-0.05964049880050537
114444,0,0,-0.05992377081714684
114445,0,0,-0.05993833924398295
114446,0,0,-0.05964049880050537
114447,0,0,-0.060063826114955365
114448,0,0,-0.024627320218871096
114449,0,0,-0.02612771062630026
114450,0,0,-0.11819297994276229
114451,0,0,-0.037290604319540566
114452,0,0,-0.06018804332194466
114453,0,0,-0.15650501736161698
114454,0,0,-0.1459828903770926
114455,0,0,-0.13916167551335185
114456,0,0,-0.14423158327096997
114457,0,0,-0.14871974679136157
114458,0,0,-0.11819297994276229
114459,0,0,-0.08474740218420235
114460,0,0,-0.1080844263562733
114461,0,0,-0.02644821769480754
114462,0,0,-0.1280567302527752
114463,0,0,-0.12575521259905348
114464,0,0,-0.1283134378486701
114465,0,0,-0.13453101757029678
114466,0,0,-0.10909859830041102
114467,0,0,-0.05660603586169893
114468,0,0,-0.03220842064384288
114469,0,0,-0.12226268987903754
114470,0,0,-0.13601100883723988
114471,0,0,-0.15698046429531315
114472,0,0,-0.07611614754861895
114473,0,0,-0.14207493914016428
114474,0,0,-0.14499643811037993
114475,0,0,-0.15263346060829408
114476,0,0,-0.10316024475526869
114477,0,0,-0.1285648308360004
114478,0,0,-0.13024344417157518
114479,0,0,-0.1269894581047593
114480,0,0,-0.13306404163458901
114481,0,0,-0.04849209199226845
114482,0,0,-0.10918482293074222
114483,0,0,-0.0551035244062924
114484,0,0,-0.12426676246137885
114485,0,0,-0.0896718433207358
114486,0,0,-0.030794666111521707
114487,0,0,-0.15344423929725481
114488,0,0,-0.14152328932920766
114489,0,0,-0.06664699747023678
114490,0,0,-0.14050612847279859
114491,0,0,-0.06664699747023678
114492,0,0,-0.14000594541415146
114493,0,0,-0.1355657956697804
114494,0,0,-0.14425875189839998
114495,0,0,-0.14787094506005466
114496,0,0,-0.10368244470238236
114497,0,0,-0.02612771062630026
114498,0,0,-0.1331224440029652
114499,0,0,-0.1315109619120342
114500,0,0,-0.1269894581047593
114501,0,0,-0.13387506966885654
114502,0,0,-0.03894569674543247
114503,0,0,-0.10989747524597965
114504,0,0,-0.050673019767140226
114505,0,0,-0.11819297994276229
114506,0,0,-0.08474740218420235
114507,0,0,-0.11819297994276229
114508,0,0,-0.1485061924485569
114509,0,0,-0.15159821011891156
114510,0,0,-0.13679447280888196
114511,0,0,-0.14425875189839998
114512,0,0,-0.15847711587589508
114513,0,0,-0.0962842496209878
114514,0,0,-0.0994145921916581
114515,0,0,-0.1354806290005951
114516,0,0,-0.1288331434083046
114517,0,0,-0.1348207461629411
114518,0,0,-0.13557424231738652
114519,0,0,-0.11200462731638833
114520,0,0,-0.04349659641495629
114521,0,0,-0.07138566188369111
114522,0,0,-0.008239010455991291
114523,0,0,-0.006572599589195038
114524,0,0,-0.04849209199226845
114525,0,0,-0.1585197504056461
114526,0,0,-0.14721471120215585
114527,0,0,-0.15463992713898944
114528,0,0,-0.14191752172256916
114529,0,0,-0.13691104288248135
114530,0,0,-0.12426676246137885
114531,0,0,-0.09880530388668296
114532,0,0,-0.07783091284274363
114533,0,0,-0.13557424231738652
114534,0,0,-0.13207104594499064
114535,0,0,-0.12968181752551483
114536,0,0,-0.13397918997841346
114537,0,0,-0.11214812144762082
114538,0,0,-0.06103154090259583
114539,0,0,-0.06554993830837702
114540,0,0,-0.13713964890536984
114541,0,0,-0.06539084111660898
114542,0,0,-0.13855706476674462
114543,0,0,-0.02612771062630026
114544,0,0,-0.03894569674543247
114545,0,0,-0.14012749036757288
114546,0,0,-0.13014559829544797
114547,0,0,-0.1573666053232518
114548,0,0,-0.14454073044698823
114549,0,0,-0.14437693850535072
114550,0,0,-0.08474740218420235
114551,0,0,-0.10700545667008782
114552,0,0,-0.09639628697104813
114553,0,0,-0.06606019911782729
114554,0,0,-0.024627320218871096
114555,0,0,-0.02792385524588703
114556,0,0,-0.13207104594499064
114557,0,0,-0.08306932109706394
114558,0,0,-0.0841961539765978
114559,0,0,-0.12972440770137006
114560,0,0,-0.13338260790083561
114561,0,0,-0.12873804599672456
114562,0,0,-0.11214812144762082
114563,0,0,-0.04960795834944254
114564,0,0,-0.06747406290293151
114565,0,0,-0.11819297994276229
114566,0,0,-0.15510684541507153
114567,0,0,-0.15312411983854496
114568,0,0,-0.14747819368124965
114569,0,0,-0.06178807319990265
114570,0,0,-0.14437511578468915
114571,0,0,-0.1503678867830986
114572,0,0,-0.10666452080132022
114573,0,0,-0.1299726628440397
114574,0,0,-0.13183456927253306
114575,0,0,-0.12703788510962644
114576,0,0,-0.12703788510962644
114577,0,0,-0.04711508846031354
114578,0,0,-0.10880876671600181
114579,0,0,-0.0551035244062924
114580,0,0,-0.032590405948182855
114581,0,0,-0.12426676246137885
114582,0,0,-0.0896718433207358
114583,0,0,-0.12138470746865265
114584,0,0,-0.06361760802127003
114585,0,0,-0.13396073594219376
114586,0,0,-0.15278873256485015
114587,0,0,-0.06733016928782037
114588,0,0,-0.14099225675852994
114589,0,0,-0.06554993830837702
114590,0,0,-0.14033572009425083
114591,0,0,-0.13826719933861736
114592,0,0,-0.14403283601166034
114593,0,0,-0.1544442289747187
114594,0,0,-0.051466620227016646
114595,0,0,-0.10604921086923014
114596,0,0,-0.02612771062630026
114597,0,0,-0.1246344123565794
114598,0,0,-0.12438035920207863
114599,0,0,-0.13194977349134906
114600,0,0,-0.12695729768515074
114601,0,0,-0.028983600641947327
114602,0,0,-0.1010989776415766
114603,0,0,-0.04960795834944254
114604,0,0,-0.08474740218420235
114605,0,0,-0.11819297994276229
114606,0,0,-0.030794666111521707
114607,0,0,-0.15292160060102966
114608,0,0,-0.14707917571271562
114609,0,0,-0.14771662444257871
114610,0,0,-0.13540568197721625
114611,0,0,-0.13507783840680804
114612,0,0,-0.10604921086923014
114613,0,0,-0.12596194849409798
114614,0,0,-0.13461397024380523
114615,0,0,-0.12922911227735046
114616,0,0,-0.12476298776120415
114617,0,0,-0.11032697179160739
114618,0,0,-0.04960795834944254
114619,0,0,-0.0787022319117831
114620,0,0,-0.11819297994276229
114621,0,0,-0.05350951398722692
114622,0,0,-0.15357087647227063
114623,0,0,-0.13519331088901976
114624,0,0,-0.15215992337244383
114625,0,0,-0.14170416712699652
114626,0,0,-0.14987431697425557
114627,0,0,-0.12426676246137885
114628,0,0,-0.09984253815670308
114629,0,0,-0.08204759194463102
114630,0,0,-0.11819297994276229
114631,0,0,-0.1348779818294305
114632,0,0,-0.13241875902870476
114633,0,0,-0.12926211005319915
114634,0,0,-0.13403655754458937
114635,0,0,-0.11032697179160739
114636,0,0,-0.04960795834944254
114637,0,0,-0.06539084111660898
114638,0,0,-0.14172021689504843
114639,0,0,-0.13777185380934764
114640,0,0,-0.0584434507084719
114641,0,0,-0.040832830833970823
114642,0,0,-0.024627320218871096
114643,0,0,-0.02612771062630026
114644,0,0,-0.02612771062630026
114645,0,0,-0.039569160887166
114646,0,0,-0.15309048626459637
114647,0,0,-0.13614099772532456
114648,0,0,-0.14557998236860825
114649,0,0,-0.14170416712699652
114650,0,0,-0.15023958872220894
114651,0,0,-0.08474740218420235
114652,0,0,-0.09984253815670308
114653,0,0,-0.11819297994276229
114654,0,0,-0.11819297994276229
114655,0,0,-0.13292301995476036
114656,0,0,-0.12811632599301315
114657,0,0,-0.1286271518653238
114658,0,0,-0.13292301995476036
114659,0,0,-0.11154415566838782
114660,0,0,-0.04841879353231937
114661,0,0,-0.11819297994276229
114662,0,0,-0.11819297994276229
114663,0,0,-0.1461908427525057
114664,0,0,-0.14416693911209294
114665,0,0,-0.15215992337244383
114666,0,0,-0.06480645409744362
114667,0,0,-0.1420486860286247
114668,0,0,-0.1497295391550585
114669,0,0,-0.10167052394666526
114670,0,0,-0.06660053348917544
114671,0,0,-0.024627320218871096
114672,0,0,-0.02792385524588703
114673,0,0,-0.13546539012442
114674,0,0,-0.13095427176407776
114675,0,0,-0.08335131528128292
114676,0,0,-0.0841961539765978
114677,0,0,-0.13546539012442
114678,0,0,-0.13391810407786225
114679,0,0,-0.04606753503127364
114680,0,0,-0.11200462731638833
114681,0,0,-0.050673019767140226
114682,0,0,-0.12426676246137885
114683,0,0,-0.0896718433207358
114684,0,0,-0.11819297994276229
114685,0,0,-0.15338022793263656
114686,0,0,-0.15409623365345054
114687,0,0,-0.06571994365495692
114688,0,0,-0.14099225675852994
114689,0,0,-0.06266959603266753
114690,0,0,-0.13917443296995913
114691,0,0,-0.15092299395640463
114692,0,0,-0.14488249722006324
114693,0,0,-0.15498849306981566
114694,0,0,-0.10666452080132022
114695,0,0,-0.02612771062630026
114696,0,0,-0.13160981383778603
114697,0,0,-0.13436338268500714
114698,0,0,-0.13546539012442
114699,0,0,-0.13160981383778603
114700,0,0,-0.04350334989024174
114701,0,0,-0.11154415566838782
114702,0,0,-0.04841879353231937
114703,0,0,-0.032590405948182855
114704,0,0,-0.08474740218420235
114705,0,0,-0.11819297994276229
114706,0,0,-0.12226268987903754
114707,0,0,-0.06257542999157117
114708,0,0,-0.06635369754896198
114709,0,0,-0.15030715587870697
114710,0,0,-0.15156848643382592
114711,0,0,-0.15508230114848576
114712,0,0,-0.14215971348598333
114713,0,0,-0.14576140801139015
114714,0,0,-0.10770873893548111
114715,0,0,-0.13024344417157518
114716,0,0,-0.13473149677006224
114717,0,0,-0.13473149677006224
114718,0,0,-0.13423274304519767
114719,0,0,-0.10956009821761487
114720,0,0,-0.04489531299532362
114721,0,0,-0.06944715835945364
114722,0,0,-0.06089770531117378
114723,0,0,-0.030794666111521707
114724,0,0,-0.04371254062824048
114725,0,0,-0.14625536750724594
114726,0,0,-0.14867400317905904
114727,0,0,-0.15028968025350564
114728,0,0,-0.141461667042859
114729,0,0,-0.14914297101762192
114730,0,0,-0.12426676246137885
114731,0,0,-0.10369646041562675
114732,0,0,-0.08238887999861955
114733,0,0,-0.06227937437133041
114734,0,0,-0.06307625275756062
114735,0,0,-0.13398518618729316
114736,0,0,-0.12997068445071241
114737,0,0,-0.1302337356061986
114738,0,0,-0.1269894581047593
114739,0,0,-0.06606019911782729
114740,0,0,-0.11004174867505173
114741,0,0,-0.04960795834944254
114742,0,0,-0.06361760802127003
114743,0,0,-0.1395877075084907
114744,0,0,-0.06606019911782729
114745,0,0,-0.13855706476674462
114746,0,0,-0.050710267528048636
114747,0,0,-0.11819297994276229
114748,0,0,-0.041517777690344315
114749,0,0,-0.02612771062630026
114750,0,0,-0.14499554257098668
114751,0,0,-0.14692910192542413
114752,0,0,-0.14896603673375086
114753,0,0,-0.141461667042859
114754,0,0,-0.14886536334081912
114755,0,0,-0.08474740218420235
114756,0,0,-0.10369646041562675
114757,0,0,-0.11819297994276229
114758,0,0,-0.11819297994276229
114759,0,0,-0.13135080250566966
114760,0,0,-0.1277257636530632
114761,0,0,-0.12968181752551483
114762,0,0,-0.1348207461629411
114763,0,0,-0.11214812144762082
114764,0,0,-0.04960795834944254
114765,0,0,-0.15369218195532125
114766,0,0,-0.15315634967336006
114767,0,0,-0.15464741118613506
114768,0,0,-0.14338036467289117
114769,0,0,-0.077304199760799
114770,0,0,-0.1548583195993068
114771,0,0,-0.10775860496639739
114772,0,0,-0.12674445299782172
114773,0,0,-0.13338260790083561
114774,0,0,-0.1277257636530632
114775,0,0,-0.13107007921318636
114776,0,0,-0.04720496951011954
114777,0,0,-0.11214812144762082
114778,0,0,-0.0551035244062924
114779,0,0,-0.12426676246137885
114780,0,0,-0.08939412696628962
114781,0,0,-0.11819297994276229
114782,0,0,-0.15292160060102966
114783,0,0,-0.15497342874697984
114784,0,0,-0.06554993830837702
114785,0,0,-0.14057010700113753
114786,0,0,-0.06571994365495692
114787,0,0,-0.13835521634038794
114788,0,0,-0.15497342874697984
114789,0,0,-0.14488249722006324
114790,0,0,-0.15572414799657147
114791,0,0,-0.1061319097203064
114792,0,0,-0.06554993830837702
114793,0,0,-0.024627320218871096
114794,0,0,-0.02792385524588703
114795,0,0,-0.08335131528128292
114796,0,0,-0.0841961539765978
114797,0,0,-0.02612771062630026
114798,0,0,-0.1272793635654469
114799,0,0,-0.1277257636530632
114800,0,0,-0.13537422566216423
114801,0,0,-0.13557424231738652
114802,0,0,-0.037290604319540566
114803,0,0,-0.11214812144762082
114804,0,0,-0.0551035244062924
114805,0,0,-0.08474740218420235
114806,0,0,-0.11819297994276229
114807,0,0,-0.11819297994276229
114808,0,0,-0.14870485730589056
114809,0,0,-0.13884361899727593
114810,0,0,-0.14488249722006324
114811,0,0,-0.1522692522121974
114812,0,0,-0.10495035866835345
114813,0,0,-0.11819297994276229
114814,0,0,-0.12407588100402017
114815,0,0,-0.13226530590214103
114816,0,0,-0.128336985171695
114817,0,0,-0.12783971965529167
114818,0,0,-0.1003795313620362
114819,0,0,-0.04960795834944254
114820,0,0,-0.03112004046572381
114821,0,0,-0.0695758870417208
114822,0,0,-0.12275352013358148
114823,0,0,-0.04849209199226845
114824,0,0,-0.15545156529282028
114825,0,0,-0.14825932358301008
114826,0,0,-0.1557293477360593
114827,0,0,-0.14307380329623287
114828,0,0,-0.15541566668916929
114829,0,0,-0.12426676246137885
114830,0,0,-0.10215498766495862
114831,0,0,-0.07986260984376586
114832,0,0,-0.12883956927278323
114833,0,0,-0.12883956927278323
114834,0,0,-0.1307792371567562
114835,0,0,-0.12461461588817974
114836,0,0,-0.10222681561755242
114837,0,0,-0.04960795834944254
114838,0,0,-0.06606019911782729
114839,0,0,-0.14008653125507198
114840,0,0,-0.06490060608557952
114841,0,0,-0.13917443296995913
114842,0,0,-0.02751048368457437
114843,0,0,-0.02612771062630026
114844,0,0,-0.03109374769798423
114845,0,0,-0.13657110201786382
114846,0,0,-0.15510432082131814
114847,0,0,-0.14719835062354542
114848,0,0,-0.14170416712699652
114849,0,0,-0.1569149433943715
114850,0,0,-0.08474740218420235
114851,0,0,-0.1032088934773468
114852,0,0,-0.11819297994276229
114853,0,0,-0.13357841285052152
114854,0,0,-0.12976788699095837
114855,0,0,-0.12712603917111598
114856,0,0,-0.12282143715557442
114857,0,0,-0.07431859985097355
114858,0,0,-0.09612119816235942
114859,0,0,-0.09168600131106336
114860,0,0,-0.10545277444770484
114861,0,0,-0.050673019767140226
114862,0,0,-0.06584378185822798
114863,0,0,-0.0669400990159153
114864,0,0,-0.07090421921560758
114865,0,0,-0.08151770267634834
114866,0,0,-0.08236625938863462
114867,0,0,-0.11819297994276229
114868,0,0,-0.06974136505040124
114869,0,0,-0.14813060046618592
114870,0,0,-0.14673825913471317
114871,0,0,-0.14902005926629297
114872,0,0,-0.15308927814426554
114873,0,0,-0.15843378101099082
114874,0,0,-0.16003325925302453
114875,0,0,-0.07349472854211975
114876,0,0,-0.14461975835661683
114877,0,0,-0.15843378101099082
114878,0,0,-0.10401761278577276
114879,0,0,-0.13289192845402048
114880,0,0,-0.13641234661389928
114881,0,0,-0.13576956831520187
114882,0,0,-0.11819297994276229
114883,0,0,-0.13105399212742042
114884,0,0,-0.04720496951011954
114885,0,0,-0.11061117873347232
114886,0,0,-0.05177954209688629
114887,0,0,-0.12426676246137885
114888,0,0,-0.08939412696628962
114889,0,0,-0.051466620227016646
114890,0,0,-0.13576599879152818
114891,0,0,-0.15901569278370464
114892,0,0,-0.06554993830837702
114893,0,0,-0.14091711425461
114894,0,0,-0.06606019911782729
114895,0,0,-0.1423051001678896
114896,0,0,-0.14262020932084346
114897,0,0,-0.14344804164335878
114898,0,0,-0.15901569278370464
114899,0,0,-0.10372664924838731
114900,0,0,-0.13395926057018714
114901,0,0,-0.13576956831520187
114902,0,0,-0.13576956831520187
114903,0,0,-0.13632864455907323
114904,0,0,-0.037290604319540566
114905,0,0,-0.11013023159811458
114906,0,0,-0.050673019767140226
114907,0,0,-0.02612771062630026
114908,0,0,-0.08660558494951476
114909,0,0,-0.11495622705582809
114910,0,0,-0.1582543813882371
114911,0,0,-0.15511826620007463
114912,0,0,-0.1573702413981477
114913,0,0,-0.1433687531724731
114914,0,0,-0.15644714669674192
114915,0,0,-0.10372664924838731
114916,0,0,-0.10556937175971676
114917,0,0,-0.10556937175971676
114918,0,0,-0.06606019911782729
114919,0,0,-0.024627320218871096
114920,0,0,-0.02792385524588703
114921,0,0,-0.08306932109706394
114922,0,0,-0.0841961539765978
114923,0,0,-0.12835622038903582
114924,0,0,-0.13168775816111083
114925,0,0,-0.1354713457732934
114926,0,0,-0.13348815354364418
114927,0,0,-0.10822149433595879
114928,0,0,-0.050673019767140226
114929,0,0,-0.07757226572473075
114930,0,0,-0.04849605993264422
114931,0,0,-0.006572599589195038
114932,0,0,-0.11819297994276229
114933,0,0,-0.04742140055879185
114934,0,0,-0.15458751304928803
114935,0,0,-0.13397947625068507
114936,0,0,-0.13948872505113652
114937,0,0,-0.14488249722006324
114938,0,0,-0.14882570756239094
114939,0,0,-0.12426676246137885
114940,0,0,-0.10632121552242568
114941,0,0,-0.08332787217076215
114942,0,0,-0.13097962265232233
114943,0,0,-0.13729343792664728
114944,0,0,-0.13729343792664728
114945,0,0,-0.13764777184365357
114946,0,0,-0.029596012238909952
114947,0,0,-0.10950114035482877
114948,0,0,-0.06253869849553195
114949,0,0,-0.06571994365495692
114950,0,0,-0.13884356276161713
114951,0,0,-0.06635369754896198
114952,0,0,-0.138145041545078
114953,0,0,-0.12275352013358148
114954,0,0,-0.039569160887166
114955,0,0,-0.03903282042997275
114956,0,0,-0.024627320218871096
114957,0,0,-0.15652470561854626
114958,0,0,-0.15652470561854626
114959,0,0,-0.15115033135839723
114960,0,0,-0.14307380329623287
114961,0,0,-0.14442501939626645
114962,0,0,-0.02612771062630026
114963,0,0,-0.02612771062630026
114964,0,0,-0.08474740218420235
114965,0,0,-0.1035937161630267
114966,0,0,-0.11819297994276229
114967,0,0,-0.1346487245348289
114968,0,0,-0.11819297994276229
114969,0,0,-0.1344481999051637
114970,0,0,-0.13354424827207012
114971,0,0,-0.13107007921318636
114972,0,0,-0.11214812144762082
114973,0,0,-0.0551035244062924
114974,0,1,0.07315625490817512
114975,0,0,-0.11819297994276229
114976,0,0,-0.030794666111521707
114977,0,0,-0.1482948668190932
114978,0,0,-0.15640409213288553
114979,0,0,-0.15687421614775232
114980,0,0,-0.07548868906735928
114981,0,0,-0.14306620422715444
114982,0,0,-0.13850884588124207
114983,0,0,-0.10023913587900213
114984,0,0,-0.1346487245348289
114985,0,0,-0.13455669319148233
114986,0,0,-0.1272793635654469
114987,0,0,-0.13354424827207012
114988,0,0,-0.04797183033703217
114989,0,0,-0.11214812144762082
114990,0,0,-0.0551035244062924
114991,0,0,-0.12426676246137885
114992,0,0,-0.08989730554716269
114993,0,0,-0.11819297994276229
114994,0,0,-0.14038755606968906
114995,0,0,-0.155255189726348
114996,0,0,-0.13374808783241104
114997,0,0,-0.06606019911782729
114998,0,0,-0.1391897947467664
114999,0,0,-0.06332225776301431
115000,0,0,-0.1420630068043991
115001,0,0,-0.14441234421079263
115002,0,0,-0.15749847526212996
115003,0,0,-0.10962924741328872
115004,0,0,-0.13065176632639375
115005,0,0,-0.1345548734719738
115006,0,0,-0.13316648734653952
115007,0,0,-0.1276386561406429
115008,0,0,-0.03894569674543247
115009,0,0,-0.11214812144762082
115010,0,0,-0.04960795834944254
115011,0,0,-0.11819297994276229
115012,0,0,-0.02612771062630026
115013,0,0,-0.08474740218420235
115014,0,0,-0.11819297994276229
115015,0,0,-0.06307625275756062
115016,0,0,-0.06307625275756062
115017,0,0,-0.1388003133315205
115018,0,0,-0.14168083352636157
115019,0,0,-0.1566984279946445
115020,0,0,-0.143658874342536
115021,0,0,-0.1465055260709876
115022,0,0,-0.10464373635315638
115023,0,0,-0.13132223381715558
115024,0,0,-0.13183456927253306
115025,0,0,-0.12880853476924492
115026,0,0,-0.13117942714607989
115027,0,0,-0.1093377579970537
115028,0,0,-0.0551035244062924
115029,0,0,-0.07961548955702324
115030,0,0,-0.11819297994276229
115031,0,0,-0.052698345852524864
115032,0,0,-0.1418680226095419
115033,0,0,-0.15506337863770114
115034,0,0,-0.13850884588124207
115035,0,0,-0.14309377442642507
115036,0,0,-0.15611587604528987
115037,0,0,-0.06253553380748361
115038,0,0,-0.06361760802127003
115039,0,0,-0.12426676246137885
115040,0,0,-0.09908830347463798
115041,0,0,-0.08332787217076215
115042,0,0,-0.06584378185822798
115043,0,0,-0.024627320218871096
115044,0,0,-0.024627320218871096
115045,0,0,-0.02792385524588703
115046,0,0,-0.08306932109706394
115047,0,0,-0.0841961539765978
115048,0,0,-0.13635061292359646
115049,0,0,-0.06361760802127003
115050,0,0,-0.13549392515417552
115051,0,0,-0.136066486727005
115052,0,0,-0.13549392515417552
115053,0,0,-0.024627320218871096
115054,0,0,-0.051466620227016646
115055,0,0,-0.06307625275756062
115056,0,0,-0.06168666187035515
115057,0,0,-0.10819960086918079
115058,0,0,-0.050673019767140226
115059,0,0,-0.06660053348917544
115060,0,0,-0.05990508153052965
115061,0,0,-0.13868584318979282
115062,0,0,-0.1382365120416168
115063,0,0,-0.11819297994276229
115064,0,0,-0.04266614736004026
115065,0,0,-0.15687421614775232
115066,0,0,-0.024627320218871096
115067,0,0,-0.13747422487456845
115068,0,0,-0.1512443616086112
115069,0,0,-0.14309377442642507
115070,0,0,-0.15024526306513597
115071,0,0,-0.02612771062630026
115072,0,0,-0.08474740218420235
115073,0,0,-0.09885066132135722
115074,0,0,-0.02644821769480754
115075,0,0,-0.1282758691605208
115076,0,0,-0.13345278707682723
115077,0,0,-0.13127467818507305
115078,0,0,-0.12703396626311575
115079,0,0,-0.10459462714212547
115080,0,0,-0.050673019767140226
115081,0,0,-0.029444624421881505
115082,0,0,-0.11819297994276229
115083,0,0,-0.1202132376511475
115084,0,0,-0.14842631935141087
115085,0,0,-0.14933468688645996
115086,0,0,-0.1569610972875063
115087,0,0,-0.07135546486716293
115088,0,0,-0.14433784249924847
115089,0,0,-0.15887114036984346
115090,0,0,-0.10549288916106969
115091,0,0,-0.10347976637563966
115092,0,0,-0.10347976637563966
115093,0,1,0.004018119266595677
115094,0,0,-0.04659184492965146
115095,0,0,-0.10531564968924761
115096,0,0,-0.0551035244062924
115097,0,0,-0.12426676246137885
115098,0,0,-0.08939412696628962
115099,0,0,-0.04674254488236468
115100,0,0,-0.045252253630981065
115101,0,0,-0.030794666111521707
115102,0,0,-0.1503853333138659
115103,0,0,-0.13538339969244662
115104,0,0,-0.06361760802127003
115105,0,0,-0.13855706476674462
115106,0,0,-0.06635369754896198
115107,0,0,-0.14099225675852994
115108,0,0,-0.14577588346133585
115109,0,0,-0.14191752172256916
115110,0,0,-0.1520606082005595
115111,0,0,-0.10776378092483935
115112,0,0,-0.13256586708225354
115113,0,0,-0.12703396626311575
115114,0,0,-0.13454990557657498
115115,0,0,-0.13504822682425371
115116,0,0,-0.03894569674543247
115117,0,0,-0.05802699038180387
115118,0,0,-0.10450738978772867
115119,0,0,-0.08474740218420235
115120,0,0,-0.02612771062630026
115121,0,0,-0.11819297994276229
115122,0,0,-0.09644259314288922
115123,0,0,-0.047781809930273145
115124,0,0,-0.04808767108669676
115125,0,0,-0.09317567952015698
115126,0,0,-0.06689366646111522
115127,0,0,-0.08151770267634834
115128,0,0,-0.11819297994276229
115129,0,0,-0.15705680815618672
115130,0,0,-0.14769619770711434
115131,0,0,-0.1329724272317735
115132,0,0,-0.1452239600024396
115133,0,0,-0.15480724716027533
115134,0,0,-0.06974136505040124
115135,0,0,-0.10575275099770265
115136,0,0,-0.14782071653897444
115137,0,0,-0.14782071653897444
115138,0,0,-0.12764615409576918
115139,0,0,-0.12635351715965426
115140,0,0,-0.12635351715965426
115141,0,0,-0.12194071021028763
115142,0,0,-0.10969627492989142
115143,0,0,-0.0551035244062924
115144,0,0,-0.06885231167929062
115145,0,1,0.05792938006425152
115146,0,0,-0.09639628697104813
115147,0,0,-0.04834094368917208
115148,0,0,-0.15832787149981853
115149,0,0,-0.13834387617477217
115150,0,0,-0.15380242135840216
115151,0,0,-0.14273027104351838
115152,0,0,-0.1457894839949861
115153,0,0,-0.12426676246137885
115154,0,0,-0.10540456594842812
115155,0,0,-0.07986260984376586
115156,0,0,-0.1299111523737861
115157,0,0,-0.12492298108597327
115158,0,0,-0.12306529838459224
115159,0,0,-0.1303185091298646
115160,0,0,-0.10969627492989142
115161,0,0,-0.04960795834944254
115162,0,0,-0.06606019911782729
115163,0,0,-0.14049275007617767
115164,0,0,-0.0657665020424783
115165,0,0,-0.13917443296995913
115166,0,0,-0.11819297994276229
115167,0,0,-0.037603561281375875
115168,0,0,-0.1333640416238812
115169,0,0,-0.1419369797704888
115170,0,0,-0.1548061614319255
115171,0,0,-0.1448685061803861
115172,0,0,-0.14945222152906662
115173,0,0,-0.10667281756258257
115174,0,0,-0.08474740218420235
115175,0,0,-0.02612771062630026
115176,0,0,-0.06636805311740912
115177,0,0,-0.024627320218871096
115178,0,0,-0.02792385524588703
115179,0,0,-0.08306932109706394
115180,0,0,-0.0841961539765978
115181,0,0,-0.13443553388136137
115182,0,0,-0.12985207056658837
115183,0,0,-0.130788430451171
115184,0,0,-0.13316785831980943
115185,0,0,-0.10632046582219729
115186,0,0,-0.050673019767140226
115187,0,0,-0.11819297994276229
115188,0,0,-0.11819297994276229
115189,0,0,-0.15288510054882865
115190,0,0,-0.15771326692698084
115191,0,0,-0.1512830969445899
115192,0,0,-0.07356536551623455
115193,0,0,-0.06733313702553245
115194,0,0,-0.14497344500589915
115195,0,0,-0.14215542572864798
115196,0,0,-0.11416172164524563
115197,0,0,-0.13473149677006224
115198,0,0,-0.1255842451398988
115199,0,0,-0.1335394470059012
115200,0,0,-0.1286765444732451
115201,0,0,-0.032590405948182855
115202,0,0,-0.04497313080194393
115203,0,0,-0.11004174867505173
115204,0,0,-0.05660603586169893
115205,0,0,-0.12426676246137885
115206,0,0,-0.0896718433207358
115207,0,0,-0.06584378185822798
115208,0,0,-0.12275352013358148
115209,0,0,-0.051466620227016646
115210,0,0,-0.14873376446251835
115211,0,0,-0.15116270950956384
115212,0,0,-0.14892540307388413
115213,0,0,-0.1418064191201341
115214,0,0,-0.15609326873397789
115215,0,0,-0.06332225776301431
115216,0,0,-0.138145041545078
115217,0,0,-0.06554993830837702
115218,0,0,-0.14057898172103162
115219,0,0,-0.10140092848226134
115220,0,0,-0.13256586708225354
115221,0,0,-0.13108101294779068
115222,0,0,-0.12728622463062605
115223,0,0,-0.13162276017447205
115224,0,0,-0.043721550272414145
115225,0,0,-0.10519458804177556
115226,0,0,-0.05660603586169893
115227,0,0,-0.08474740218420235
115228,0,0,-0.02612771062630026
115229,0,0,-0.1531620175324125
115230,0,0,-0.14855650765273015
115231,0,0,-0.14376708864530807
115232,0,0,-0.11819297994276229
115233,0,0,-0.141461667042859
115234,0,0,-0.14259260781172972
115235,0,0,-0.030794666111521707
115236,0,0,-0.10140092848226134
115237,0,0,-0.13623355525840108
115238,0,0,-0.13640002812594137
115239,0,0,-0.12963876607771385
115240,0,0,-0.13509701808270352
115241,0,0,-0.10938451125565657
115242,0,0,-0.0551035244062924
115243,0,0,-0.069165692932388
115244,0,0,-0.11819297994276229
115245,0,0,-0.05350951398722692
115246,0,0,-0.14066322835640188
115247,0,0,-0.15389155900533996
115248,0,0,-0.15564513424765303
115249,0,0,-0.14562300164464992
115250,0,0,-0.14178242885572984
115251,0,0,-0.12426676246137885
115252,0,0,-0.10658176596939112
115253,0,0,-0.07986260984376586
115254,0,0,-0.1338003925412588
115255,0,0,-0.13172312928317964
115256,0,0,-0.1354444529240733
115257,0,0,-0.13355254306193942
115258,0,0,-0.11032697179160739
115259,0,0,-0.05660603586169893
115260,0,0,-0.06606019911782729
115261,0,0,-0.14057010700113753
115262,0,0,-0.06606019911782729
115263,0,0,-0.13917443296995913
115264,0,0,-0.11819297994276229
115265,0,0,-0.041517777690344315
115266,0,0,-0.1422961507549333
115267,0,0,-0.13209109678924114
115268,0,0,-0.13205416880865095
115269,0,0,-0.14562300164464992
115270,0,0,-0.14802784171542122
115271,0,0,-0.08474740218420235
115272,0,0,-0.11013296041638249
115273,0,0,-0.040032070444653456
115274,0,0,-0.024627320218871096
115275,0,0,-0.02612771062630026
115276,0,0,-0.02612771062630026
115277,0,0,-0.1349062417850081
115278,0,0,-0.13330969211096216
115279,0,0,-0.12598767586638987
115280,0,0,-0.13480094411485255
115281,0,0,-0.10531564968924761
115282,0,0,-0.05660603586169893
115283,0,0,-0.11819297994276229
115284,0,0,-0.11819297994276229
115285,0,0,-0.09639628697104813
115286,0,0,-0.1481786342797064
115287,0,0,-0.1488108423266607
115288,0,0,-0.1503711543113962
115289,0,0,-0.06847799403315108
115290,0,0,-0.14497344500589915
115291,0,0,-0.06449853075234246
115292,0,0,-0.15339928718734852
115293,0,0,-0.10837896584667744
115294,0,0,-0.0584434507084719
115295,0,0,-0.024627320218871096
115296,0,0,-0.02792385524588703
115297,0,0,-0.08306932109706394
115298,0,0,-0.0841961539765978
115299,0,0,-0.13474969621481142
115300,0,0,-0.1313214275327566
115301,0,0,-0.127971798761415
115302,0,0,-0.1307792371567562
115303,0,0,-0.10450738978772867
115304,0,0,-0.060981615227406916
115305,0,0,-0.0483405710787414
115306,0,0,-0.12426676246137885
115307,0,0,-0.08939412696628962
115308,0,0,-0.11819297994276229
115309,0,0,-0.15863597139476326
115310,0,0,-0.1317776358377658
115311,0,0,-0.06660053348917544
115312,0,0,-0.14050612847279859
115313,0,0,-0.06635369754896198
115314,0,0,-0.14049275007617767
115315,0,0,-0.15338812843065475
115316,0,0,-0.14425875189839998
115317,0,0,-0.1516318972644452
115318,0,0,-0.10055883023138207
115319,0,0,-0.13130408890547413
115320,0,0,-0.13129134683740734
115321,0,0,-0.13633905723724926
115322,0,0,-0.12843974808303532
115323,0,0,-0.03220842064384288
115324,0,0,-0.03894569674543247
115325,0,0,-0.11041245334334909
115326,0,0,-0.05660603586169893
115327,0,0,-0.08474740218420235
115328,0,0,-0.02612771062630026
115329,0,0,-0.12226268987903754
115330,0,0,-0.06263680458977688
115331,0,0,-0.06307625275756062
115332,0,0,-0.14317723584009734
115333,0,0,-0.15590066274805825
115334,0,0,-0.15962119841895522
115335,0,0,-0.1448685061803861
115336,0,0,-0.1559370238454003
115337,0,0,-0.1061703759077699
115338,0,0,-0.11819297994276229
115339,0,0,-0.12889726854939576
115340,0,0,-0.13684936919040197
115341,0,0,-0.13064993977223677
115342,0,0,-0.13654525766102577
115343,0,0,-0.10825320300200603
115344,0,0,-0.06144436759200861
115345,0,0,-0.06510080050840356
115346,0,0,-0.0529497979185653
115347,0,0,-0.15468228568162218
115348,0,0,-0.1555507947672214
115349,0,0,-0.13826719933861736
115350,0,0,-0.14342164689927311
115351,0,0,-0.14463369804890025
115352,0,0,-0.12426676246137885
115353,0,0,-0.030794666111521707
115354,0,0,-0.10049435027002862
115355,0,0,-0.07937720137510856
115356,0,0,-0.06168666187035515
115357,0,0,-0.06257542999157117
115358,0,0,-0.06635369754896198
115359,0,0,-0.12818361962123404
115360,0,0,-0.050710267528048636
115361,0,0,-0.13146245530984074
115362,0,0,-0.12649000501529012
115363,0,0,-0.13084383130280242
115364,0,0,-0.10963099648275104
115365,0,0,-0.050673019767140226
115366,0,0,-0.06584378185822798
115367,0,0,-0.14049275007617767
115368,0,0,-0.06568479227303603
115369,0,0,-0.13777185380934764
115370,0,0,-0.11819297994276229
115371,0,0,-0.043721550272414145
115372,0,0,-0.14991296665841236
115373,0,0,-0.1557578220274411
115374,0,0,-0.14540987054659216
115375,0,0,-0.14342164689927311
115376,0,0,-0.13668393378283655
115377,0,0,-0.10972271302254549
115378,0,0,-0.08474740218420235
115379,0,0,-0.02612771062630026
115380,0,0,-0.13557424231738652
115381,0,0,-0.13207104594499064
115382,0,0,-0.13557424231738652
115383,0,0,-0.12674445299782172
115384,0,0,-0.11214812144762082
115385,0,0,-0.05574872905520317
115386,0,0,-0.11819297994276229
115387,0,0,-0.11819297994276229
115388,0,0,-0.1366158847281369
115389,0,0,-0.15468228568162218
115390,0,0,-0.14046173860728517
115391,0,0,-0.14342164689927311
115392,0,0,-0.1532095302242999
115393,0,0,-0.07077504219669117
115394,0,0,-0.10972271302254549
115395,0,0,-0.13107007921318636
115396,0,0,-0.13557424231738652
115397,0,0,-0.13158740931213653
115398,0,0,-0.1294737995333473
115399,0,0,-0.11214812144762082
115400,0,0,-0.05574872905520317
115401,0,0,-0.04461970640969071
115402,0,0,-0.12426676246137885
115403,0,0,-0.08939412696628962
115404,0,0,-0.11819297994276229
115405,0,0,-0.13604181059139536
115406,0,0,-0.1349851008962995
115407,0,0,-0.06606019911782729
115408,0,0,-0.13917443296995913
115409,0,0,-0.06361760802127003
115410,0,0,-0.14015470494010046
115411,0,0,-0.13917323878049825
115412,0,0,-0.14338036467289117
115413,0,0,-0.1553664146824364
115414,0,0,-0.10872372493598187
115415,0,0,-0.06361760802127003
115416,0,0,-0.024627320218871096
115417,0,0,-0.02792385524588703
115418,0,0,-0.08306932109706394
115419,0,0,-0.0841961539765978
115420,0,0,-0.13116686157062607
115421,0,0,-0.1350508666457227
115422,0,0,-0.13557424231738652
115423,0,0,-0.12674445299782172
115424,0,0,-0.03894569674543247
115425,0,0,-0.11200462731638833
115426,0,0,-0.06144436759200861
115427,0,0,-0.08474740218420235
115428,0,0,-0.11819297994276229
115429,0,0,-0.02612771062630026
115430,0,0,-0.1342355636365789
115431,0,0,-0.15639746752668177
115432,0,0,-0.15558717313422932
115433,0,0,-0.1441119768395301
115434,0,0,-0.13030610811751825
115435,0,0,-0.1104984752032857
115436,0,0,-0.11819297994276229
115437,0,0,-0.12165758342671135
115438,0,0,-0.1298996904098328
115439,0,0,-0.12933702993253454
115440,0,0,-0.032524814978632965
115441,0,0,-0.13235722478525613
115442,0,0,-0.05634947117039113
115443,0,0,-0.10054287183017352
115444,0,0,-0.11819297994276229
115445,0,0,-0.077304199760799
115446,0,0,-0.12226268987903754
115447,0,0,-0.05155725163950281
115448,0,0,-0.13621081935781304
115449,0,0,-0.13694427205449544
115450,0,0,-0.15430119688716276
115451,0,0,-0.14488249722006324
115452,0,0,-0.1329724272317735
115453,0,0,-0.12426676246137885
115454,0,0,-0.10397905005953234
115455,0,0,-0.08332787217076215
115456,0,0,-0.14519466295118483
115457,0,0,-0.13240006265814025
115458,0,0,-0.12219978396045106
115459,0,0,-0.12219978396045106
115460,0,0,-0.13189812549030888
115461,0,0,-0.10000197149418893
115462,0,0,-0.04960795834944254
115463,0,0,-0.06635369754896198
115464,0,0,-0.14008653125507198
115465,0,0,-0.06554993830837702
115466,0,0,-0.14099225675852994
115467,0,0,-0.03894569674543247
115468,0,0,-0.15694562880544466
115469,0,0,-0.15091922592555168
115470,0,0,-0.15622318544378383
115471,0,0,-0.14407010026916311
115472,0,0,-0.13325869396707607
115473,0,0,-0.08474740218420235
115474,0,0,-0.10910065083472686
115475,0,0,-0.030794666111521707
115476,0,0,-0.02612771062630026
115477,0,0,-0.12878639313990475
115478,0,0,-0.12886851777162783
115479,0,0,-0.13555282782517963
115480,0,0,-0.13010139386379066
115481,0,0,-0.11002919536843142
115482,0,0,-0.05634947117039113
115483,0,0,-0.11819297994276229
115484,0,0,-0.11819297994276229
115485,0,0,-0.15765283481671466
115486,0,0,-0.14152899359784366
115487,0,0,-0.13942421549023493
115488,0,0,-0.14454073044698823
115489,0,0,-0.15480982787654718
115490,0,0,-0.1073263648412962
115491,0,0,-0.07252080109944192
115492,0,0,-0.13607423481906034
115493,0,0,-0.02644821769480754
115494,0,0,-0.130834445566832
115495,0,0,-0.12843974808303532
115496,0,0,-0.130834445566832
115497,0,0,-0.11002919536843142
115498,0,0,-0.05634947117039113
115499,0,0,-0.05155725163950281
115500,0,0,-0.02644821769480754
115501,0,0,-0.12426676246137885
115502,0,0,-0.08945173866029643
115503,0,0,-0.11819297994276229
115504,0,0,-0.06568479227303603
115505,0,0,-0.051466620227016646
115506,0,0,-0.14897134600915507
115507,0,0,-0.15593242885282455
115508,0,0,-0.06689366646111522
115509,0,0,-0.13884356276161713
115510,0,0,-0.06361760802127003
115511,0,0,-0.14049275007617767
115512,0,0,-0.1516729268443366
115513,0,0,-0.14170416712699652
115514,0,0,-0.15339207323769055
115515,0,0,-0.10444454526740671
115516,0,0,-0.02644821769480754
115517,0,0,-0.13461397024380523
115518,0,0,-0.13107613940015517
115519,0,0,-0.13477704264970947
115520,0,0,-0.1266771893848337
115521,0,0,-0.038633648161348455
115522,0,0,-0.11059053005983294
115523,0,0,-0.05634947117039113
115524,0,0,-0.08474740218420235
115525,0,0,-0.02612771062630026
115526,0,0,-0.15451214124592816
115527,0,0,-0.1465925966418714
115528,0,0,-0.13672361577063014
115529,0,0,-0.14170416712699652
115530,0,0,-0.15343271294542865
115531,0,0,-0.10140092848226134
115532,0,0,-0.06635369754896198
115533,0,0,-0.024627320218871096
115534,0,0,-0.02792385524588703
115535,0,0,-0.08306932109706394
115536,0,0,-0.0841961539765978
115537,0,0,-0.09639628697104813
115538,0,0,-0.133422507317357
115539,0,0,-0.1343607910932234
115540,0,0,-0.12906766536238973
115541,0,0,-0.13003084267474474
115542,0,0,-0.11004174867505173
115543,0,0,-0.05634947117039113
115544,0,0,-0.056451807382693675
115545,0,0,-0.11819297994276229
115546,0,0,-0.1524972221828857
115547,0,0,-0.15462945675411266
115548,0,0,-0.049042102006837174
115549,0,0,-0.15663834796653087
115550,0,0,-0.1434176972340535
115551,0,0,-0.1480630407186978
115552,0,0,-0.1032705601307009
115553,0,0,-0.12281607402419564
115554,0,0,-0.0869463079896598
115555,0,0,-0.13395993939215095
115556,0,0,-0.029762888070925475
115557,0,0,-0.12482529208744964
115558,0,0,-0.12802923583978887
115559,0,0,-0.13520181299447975
115560,0,0,-0.04960795834944254
115561,0,0,-0.10789845446114843
115562,0,0,-0.06525589588072994
115563,0,0,-0.14015470494010046
115564,0,0,-0.06571994365495692
115565,0,0,-0.14099225675852994
115566,0,0,-0.1202132376511475
115567,0,0,-0.03894569674543247
115568,0,0,-0.13372983913829772
115569,0,0,-0.1608339791586172
115570,0,0,-0.14844430005691012
115571,0,0,-0.1448685061803861
115572,0,0,-0.14570019580992477
115573,0,0,-0.11034491310224748
115574,0,0,-0.08474740218420235
115575,0,0,-0.04233324874582389
115576,0,0,-0.024627320218871096
115577,0,0,-0.12439919570389518
115578,0,0,-0.13438039902220733
115579,0,0,-0.13018783570974318
115580,0,0,-0.12411390628969748
115581,0,0,-0.024494473206347955
115582,0,0,-0.02612771062630026
115583,0,0,-0.10755542232453758
115584,0,0,-0.05634947117039113
115585,0,0,-0.11819297994276229
115586,0,0,-0.11819297994276229
115587,0,0,-0.15995102217151635
115588,0,0,-0.15656976500248254
115589,0,0,-0.1511374644135801
115590,0,0,-0.1448685061803861
115591,0,0,-0.15911870338923856
115592,0,0,-0.11819297994276229
115593,0,0,-0.07596860555188484
115594,0,0,-0.10611352425942089
115595,0,0,-0.030794666111521707
115596,0,0,-0.12732392518525437
115597,0,0,-0.12439919570389518
115598,0,0,-0.13058548804061293
115599,0,0,-0.1345371028724628
115600,0,0,-0.10488404196616963
115601,0,0,-0.050673019767140226
115602,0,0,-0.05330321287129153
115603,0,0,-0.12426676246137885
115604,0,0,-0.08778250935570359
115605,0,0,-0.11819297994276229
115606,0,0,-0.15647425367570295
115607,0,0,-0.15622569501405487
115608,0,0,-0.06635369754896198
115609,0,0,-0.14099225675852994
115610,0,0,-0.06332225776301431
115611,0,0,-0.1415649899138775
115612,0,0,-0.1426373262040891
115613,0,0,-0.14497344500589915
115614,0,0,-0.15499302806799192
115615,0,0,-0.11013296041638249
115616,0,0,-0.02644821769480754
115617,0,0,-0.12732392518525437
115618,0,0,-0.12439919570389518
115619,0,0,-0.132938938959342
115620,0,0,-0.12732392518525437
115621,0,0,-0.03894569674543247
115622,0,0,-0.10808610844994909
115623,0,0,-0.0551035244062924
115624,0,0,-0.08474740218420235
115625,0,0,-0.11819297994276229
115626,0,0,-0.02612771062630026
115627,0,0,-0.061983118376130686
115628,0,0,-0.06257542999157117
115629,0,0,-0.1384012490698588
115630,0,0,-0.1542121783056306
115631,0,0,-0.1568837148605029
115632,0,0,-0.14596375239594023
115633,0,0,-0.14239745658390762
115634,0,0,-0.10401719856428249
115635,0,0,-0.11819297994276229
115636,0,0,-0.13294918645605142
115637,0,0,-0.129919088875182
115638,0,0,-0.12472799057697315
115639,0,0,-0.1322903994660709
115640,0,0,-0.10293587533132886
115641,0,0,-0.05660603586169893
115642,0,0,-0.07408193089539872
115643,0,0,-0.15444605448607418
115644,0,0,-0.150523924149644
115645,0,0,-0.1426373262040891
115646,0,0,-0.0529497979185653
115647,0,0,-0.14596375239594023
115648,0,0,-0.1580866130572059
115649,0,0,-0.11819297994276229
115650,0,0,-0.10378247803502155
115651,0,0,-0.06584378185822798
115652,0,0,-0.024627320218871096
115653,0,0,-0.02792385524588703
115654,0,0,-0.024627320218871096
115655,0,0,-0.12426676246137885
115656,0,0,-0.059877263341538256
115657,0,0,-0.08306932109706394
115658,0,0,-0.0841961539765978
115659,0,0,-0.05946811356538484
115660,0,0,-0.024627320218871096
115661,0,0,-0.059985517466964566
115662,0,0,-0.06584378185822798
115663,0,0,-0.06081611355321703
115664,0,0,-0.051466620227016646
115665,0,0,-0.07783091284274363
115666,0,0,-0.1315934217984035
115667,0,0,-0.12880005935591776
115668,0,0,-0.13284332434631874
115669,0,0,-0.129919088875182
115670,0,0,-0.10308272340123964
115671,0,0,-0.05660603586169893
115672,0,0,-0.0657665020424783
115673,0,0,-0.14050612847279859
115674,0,0,-0.06635369754896198
115675,0,0,-0.13868584318979282
115676,0,0,-0.06018804332194466
115677,0,0,-0.11819297994276229
115678,0,0,-0.039569160887166
115679,0,0,-0.13146630269812193
115680,0,0,-0.15521526889444448
115681,0,0,-0.1339854886467619
115682,0,0,-0.14407010026916311
115683,0,0,-0.15589384059381256
115684,0,0,-0.08474740218420235
115685,0,0,-0.10787298666105882
115686,0,0,-0.024627320218871096
115687,0,0,-0.02612771062630026
115688,0,0,-0.02644821769480754
115689,0,0,-0.03119217426555515
115690,0,0,-0.12924585404773453
115691,0,0,-0.12858610536060078
115692,0,0,-0.12905112321315054
115693,0,0,-0.12826386905119025
115694,0,0,-0.10146815564982653
115695,0,0,-0.050673019767140226
115696,0,0,-0.11819297994276229
115697,0,0,-0.12317296828406338
115698,0,0,-0.15798479649707736
115699,0,0,-0.14932262916798833
115700,0,0,-0.1586573998433473
115701,0,0,-0.14371167149350994
115702,0,0,-0.15250620068269855
115703,0,0,-0.10701853684664542
115704,0,0,-0.07811895913895961
115705,0,0,-0.12498180860839253
115706,0,0,-0.12710237683887154
115707,0,0,-0.12597757191591685
115708,0,0,-0.12826386905119025
115709,0,0,-0.09988814993093964
115710,0,0,-0.050673019767140226
115711,0,0,-0.052680475236304536
115712,0,0,-0.12426676246137885
115713,0,0,-0.08628743368997355
115714,0,0,-0.13659415269521563
115715,0,0,-0.1580866130572059
115716,0,0,-0.06664699747023678
115717,0,0,-0.14057010700113753
115718,0,0,-0.06635369754896198
115719,0,0,-0.13855706476674462
115720,0,0,-0.13557022816910602
115721,0,0,-0.14497344500589915
115722,0,0,-0.15610895432999317
115723,0,0,-0.11316418544138074
115724,0,0,-0.02644821769480754
115725,0,0,-0.030794666111521707
115726,0,0,-0.1305441474073576
115727,0,0,-0.13309165351102292
115728,0,0,-0.12285764883271427
115729,0,0,-0.12498180860839253
115730,0,0,-0.03894569674543247
115731,0,0,-0.10266713627604024
115732,0,0,-0.05660603586169893
115733,0,0,-0.08474740218420235
115734,0,0,-0.11819297994276229
115735,0,0,-0.14193302712170563
115736,0,0,-0.15688058561590296
115737,0,0,-0.02612771062630026
115738,0,0,-0.1314557213196595
115739,0,0,-0.14562300164464992
115740,0,0,-0.1418054997179094
115741,0,0,-0.11614691675728578
115742,0,0,-0.11819297994276229
115743,0,0,-0.13095907041737265
115744,0,0,-0.1252648313968262
115745,0,0,-0.13351504287480842
115746,0,0,-0.13351504287480842
115747,0,0,-0.10749540791181444
115748,0,0,-0.06144436759200861
115749,0,0,-0.07159213071107379
115750,0,0,-0.09639628697104813
115751,0,0,-0.1426373262040891
115752,0,0,-0.15614508621253265
115753,0,0,-0.13320625068760994
115754,0,0,-0.14596375239594023
115755,0,0,-0.15688058561590296
115756,0,0,-0.05381150116815597
115757,0,0,-0.11614691675728578
115758,0,0,-0.12426676246137885
115759,0,0,-0.08921844263017492
115760,0,0,-0.13053384299765813
115761,0,0,-0.12893336486879642
115762,0,0,-0.13351504287480842
115763,0,0,-0.12757989969357647
115764,0,0,-0.10934575606704283
115765,0,0,-0.06144436759200861
115766,0,0,-0.06606019911782729
115767,0,0,-0.14033572009425083
115768,0,0,-0.06606019911782729
115769,0,0,-0.14090568716702817
115770,0,0,-0.037603561281375875
115771,0,0,-0.13148688356418714
115772,0,0,-0.1445953528761994
115773,0,0,-0.1371982876269089
115774,0,0,-0.14273027104351838
115775,0,0,-0.136478929774853
115776,0,0,-0.08474740218420235
115777,0,0,-0.10958879268906241
115778,0,0,-0.11819297994276229
115779,0,0,-0.06525589588072994
115780,0,0,-0.024627320218871096
115781,0,0,-0.02792385524588703
115782,0,0,-0.08306932109706394
115783,0,0,-0.0841961539765978
115784,0,0,-0.13052632426017524
115785,0,0,-0.1339177336015826
115786,0,0,-0.13488805014050542
115787,0,0,-0.13024344417157518
115788,0,0,-0.10836979576774053
115789,0,0,-0.05660603586169893
115790,0,0,-0.02612771062630026
115791,0,0,-0.11819297994276229
115792,0,0,-0.11819297994276229
115793,0,0,-0.1519703586688208
115794,0,0,-0.15396702069661822
115795,0,0,-0.15309048626459637
115796,0,0,-0.14170416712699652
115797,0,0,-0.12801086343168333
115798,0,0,-0.10625291760217426
115799,0,0,-0.07091799743728688
115800,0,0,-0.032524814978632965
115801,0,0,-0.12959585127620193
115802,0,0,-0.1223163924347101
115803,0,0,-0.1258447848105121
115804,0,0,-0.13169486508317463
115805,0,0,-0.09988814993093964
115806,0,0,-0.06078889915335073
115807,0,0,-0.05381150116815597
115808,0,0,-0.12426676246137885
115809,0,0,-0.0896718433207358
115810,0,0,-0.06584378185822798
115811,0,0,-0.1202132376511475
115812,0,0,-0.051466620227016646
115813,0,0,-0.1376817670323382
115814,0,0,-0.15729642421339773
115815,0,0,-0.06332225776301431
115816,0,0,-0.13917443296995913
115817,0,0,-0.06606019911782729
115818,0,0,-0.14057010700113753
115819,0,0,-0.1580866130572059
115820,0,0,-0.14596375239594023
115821,0,0,-0.1545726420496089
115822,0,0,-0.11877172449053092
115823,0,0,-0.12627150786665065
115824,0,0,-0.13443553388136137
115825,0,0,-0.12640414352870477
115826,0,0,-0.12601856272335876
115827,0,0,-0.037603561281375875
115828,0,0,-0.10709145721807306
115829,0,0,-0.05634947117039113
115830,0,0,-0.08474740218420235
115831,0,0,-0.15453501285922272
115832,0,0,-0.1550883032634619
115833,0,0,-0.1561151408148897
115834,0,0,-0.14423158327096997
115835,0,0,-0.15602007271743962
115836,0,0,-0.11552164318399749
115837,0,0,-0.02612771062630026
115838,0,0,-0.030794666111521707
115839,0,0,-0.12406894254136297
115840,0,0,-0.13261683016529374
115841,0,0,-0.12958281878903832
115842,0,0,-0.1264918097687714
115843,0,0,-0.1066791675680141
115844,0,0,-0.05634947117039113
115845,0,0,-0.11819297994276229
115846,0,0,-0.0701638025519351
115847,0,0,-0.11819297994276229
115848,0,0,-0.14761748827772952
115849,0,0,-0.13691104288248135
115850,0,0,-0.050646096559838205
115851,0,0,-0.1551832445517754
115852,0,0,-0.1422618354733577
115853,0,0,-0.1561947140860142
115854,0,0,-0.10869141973708768
115855,0,0,-0.12426676246137885
115856,0,0,-0.08726575757593469
115857,0,0,-0.1339688286011197
115858,0,0,-0.1338632605691133
115859,0,0,-0.13281534346902912
115860,0,0,-0.1264918097687714
115861,0,0,-0.1077421904363629
115862,0,0,-0.05634947117039113
115863,0,0,-0.06635369754896198
115864,0,0,-0.13713964890536984
115865,0,0,-0.06660053348917544
115866,0,0,-0.13835521634038794
115867,0,0,-0.11819297994276229
115868,0,0,-0.037290604319540566
115869,0,0,-0.1543229368270408
115870,0,0,-0.1495611839444489
115871,0,0,-0.15069853556420026
115872,0,0,-0.1408967289522095
115873,0,0,-0.15155662201431402
115874,0,0,-0.08474740218420235
115875,0,0,-0.10835256983040881
115876,0,0,-0.12880005935591776
115877,0,0,-0.12260239313756272
115878,0,0,-0.12939716230481868
115879,0,0,-0.12206077040897356
115880,0,0,-0.10146815564982653
115881,0,0,-0.05634947117039113
115882,0,0,-0.04358021891446323
115883,0,0,-0.024627320218871096
115884,0,0,-0.024494473206347955
115885,0,0,-0.02612771062630026
115886,0,0,-0.13449766630094712
115887,0,0,-0.1326030245302962
115888,0,0,-0.11819297994276229
115889,0,0,-0.15607431310622555
115890,0,0,-0.14407010026916311
115891,0,0,-0.15866166747991356
115892,0,0,-0.1137682474677148
115893,0,0,-0.11620196669817778
115894,0,0,-0.06748839213964924
115895,0,0,-0.06606019911782729
115896,0,0,-0.024627320218871096
115897,0,0,-0.02792385524588703
115898,0,0,-0.08335131528128292
115899,0,0,-0.0841961539765978
115900,0,0,-0.11819297994276229
115901,0,0,-0.13284332434631874
115902,0,0,-0.12498180860839248
115903,0,0,-0.129919088875182
115904,0,0,-0.12801227236833407
115905,0,0,-0.10254526224926575
115906,0,0,-0.060981615227406916
115907,0,0,-0.05186459933311249
115908,0,0,-0.11819297994276229
115909,0,0,-0.12426676246137885
115910,0,0,-0.08939412696628962
115911,0,0,-0.14233966015530758
115912,0,0,-0.14701881563269076
115913,0,0,-0.06554993830837702
115914,0,0,-0.14000594541415146
115915,0,0,-0.06584378185822798
115916,0,0,-0.14099225675852994
115917,0,0,-0.15640180346753457
115918,0,0,-0.14562300164464992
115919,0,0,-0.14087194826827565
115920,0,0,-0.11673072421147784
115921,0,0,-0.03008093645996912
115922,0,0,-0.13364009151087075
115923,0,0,-0.1262069504353308
115924,0,0,-0.1328357817792843
115925,0,0,-0.1367095432984689
115926,0,0,-0.03894569674543247
115927,0,0,-0.10868684815426705
115928,0,0,-0.06144436759200861
115929,0,0,-0.08474740218420235
115930,0,0,-0.12138470746865265
115931,0,0,-0.061342977084022254
115932,0,0,-0.06263680458977688
115933,0,0,-0.15648140012839062
115934,0,0,-0.15506337863770114
115935,0,0,-0.14675403247323338
115936,0,0,-0.1408967289522095
115937,0,0,-0.15648140012839062
115938,0,0,-0.1106042998183393
115939,0,0,-0.02612771062630026
115940,0,0,-0.13381707617924998
115941,0,0,-0.1343626193854473
115942,0,0,-0.12692170756608373
115943,0,0,-0.12740514251369878
115944,0,0,-0.10913579365339887
115945,0,0,-0.06253869849553195
115946,0,0,-0.11819297994276229
115947,0,0,-0.07566628938388592
115948,0,0,-0.15506337863770114
115949,0,0,-0.13599895225153624
115950,0,0,-0.045452870263765655
115951,0,0,-0.1349609696859378
115952,0,0,-0.1411006115209606
115953,0,0,-0.13850884588124207
115954,0,0,-0.06747406290293151
115955,0,0,-0.10140092848226134
115956,0,0,-0.06257542999157117
115957,0,0,-0.06513188998956193
115958,0,0,-0.12426676246137885
115959,0,0,-0.09041076257462394
115960,0,0,-0.06664699747023678
115961,0,0,-0.051466620227016646
115962,0,0,-0.030794666111521707
115963,0,0,-0.1349575998982977
115964,0,0,-0.1320182965447479
115965,0,0,-0.1353011918044003
115966,0,0,-0.13043291444371657
115967,0,0,-0.10822149433595879
115968,0,0,-0.05660603586169893
115969,0,0,-0.068496343132882
115970,0,0,-0.14099225675852994
115971,0,0,-0.06601367222041976
115972,0,0,-0.13917443296995913
115973,0,0,-0.11819297994276229
115974,0,0,-0.07431859985097355
115975,0,0,-0.09612119816235942
115976,0,0,-0.09168600131106336
115977,0,0,-0.06332225776301431
115978,0,0,-0.07090421921560758
115979,0,0,-0.0829310077486678
115980,0,0,-0.03894569674543247
115981,0,0,-0.133440009372347
115982,0,0,-0.15250620068269855
115983,0,0,-0.15623720918051187
115984,0,0,-0.14270485360724067
115985,0,0,-0.15178123444187702
115986,0,0,-0.06974136505040124
115987,0,0,-0.11531169061166752
115988,0,0,-0.08474740218420235
115989,0,0,-0.14718427753343477
115990,0,0,-0.14718427753343477
115991,0,0,-0.14638324641638328
115992,0,0,-0.12225279272596473
115993,0,0,-0.1299516188092742
115994,0,0,-0.1299516188092742
115995,0,0,-0.13240880837053953
115996,0,0,-0.1010989776415766
115997,0,0,-0.05634947117039113
115998,0,0,-0.02612771062630026
115999,0,0,-0.11819297994276229
116000,0,0,-0.15475761135751104
116001,0,0,-0.13319191598020258
116002,0,0,-0.15700263827284516
116003,0,0,-0.14204994813817828
116004,0,0,-0.14667343656284004
116005,0,0,-0.11197404830426605
116006,0,0,-0.0699789600030844
116007,0,0,-0.11819297994276229
116008,0,0,-0.1326091707454083
116009,0,0,-0.12971855454519798
116010,0,0,-0.13084484912958072
116011,0,0,-0.12766768337167722
116012,0,0,-0.1010989776415766
116013,0,0,-0.05634947117039113
116014,0,0,-0.05027565411626256
116015,0,0,-0.12426676246137885
116016,0,0,-0.08939412696628962
116017,0,0,-0.13634819407537668
116018,0,0,-0.15472527074489895
116019,0,0,-0.06571994365495692
116020,0,0,-0.13713964890536984
116021,0,0,-0.06606019911782729
116022,0,0,-0.14015470494010046
116023,0,0,-0.15871850169946317
116024,0,0,-0.14570178893703278
116025,0,0,-0.13605971655570165
116026,0,0,-0.06635369754896198
116027,0,0,-0.024627320218871096
116028,0,0,-0.02792385524588703
116029,0,0,-0.10843391379717693
116030,0,0,-0.11819297994276229
116031,0,0,-0.08306932109706394
116032,0,0,-0.0841961539765978
116033,0,0,-0.13250321057083247
116034,0,0,-0.12809065792642155
116035,0,0,-0.13110418199146634
116036,0,0,-0.13240880837053953
116037,0,0,-0.037603561281375875
116038,0,0,-0.10229906893757951
116039,0,0,-0.0551035244062924
116040,0,0,-0.08474740218420235
116041,0,0,-0.11819297994276229
116042,0,0,-0.13685249527518673
116043,0,0,-0.1580866130572059
116044,0,0,-0.14813642824981726
116045,0,0,-0.14497344500589915
116046,0,0,-0.15871850169946317
116047,0,0,-0.11337157729668018
116048,0,0,-0.02612771062630026
116049,0,0,-0.032590405948182855
116050,0,0,-0.13381707617924998
116051,0,0,-0.13251288663405553
116052,0,0,-0.12549149415780797
116053,0,0,-0.12602820033417816
116054,0,0,-0.10940015758387078
116055,0,0,-0.05634947117039113
116056,0,0,-0.07504742529147623
116057,0,0,-0.11819297994276229
116058,0,0,-0.11819297994276229
116059,0,0,-0.12200703150659231
116060,0,0,-0.143307532829414
116061,0,0,-0.14599089280012778
116062,0,0,-0.04181975608028271
116063,0,0,-0.15559780647946847
116064,0,0,-0.14441234421079263
116065,0,0,-0.1587690380848606
116066,0,0,-0.10735720943200572
116067,0,0,-0.12426676246137885
116068,0,0,-0.08750351427121522
116069,0,0,-0.13381707617924998
116070,0,0,-0.1357984886115437
116071,0,0,-0.1276571498333749
116072,0,0,-0.1358495893565863
116073,0,0,-0.10928034877871301
116074,0,0,-0.05634947117039113
116075,0,0,-0.06571994365495692
116076,0,0,-0.138145041545078
116077,0,0,-0.06606019911782729
116078,0,0,-0.13855706476674462
116079,0,0,-0.041517777690344315
116080,0,0,-0.1547686706881004
116081,0,0,-0.15659959273515262
116082,0,0,-0.15512914540724104
116083,0,0,-0.1431885086371662
116084,0,0,-0.13514311871917223
116085,0,0,-0.11433207176296861
116086,0,0,-0.08474740218420235
116087,0,0,-0.1347197911602323
116088,0,0,-0.13185725521873232
116089,0,0,-0.13241272089649253
116090,0,0,-0.13107007921318636
116091,0,0,-0.11200462731638833
116092,0,0,-0.06144436759200861
116093,0,0,-0.030794666111521707
116094,0,0,-0.11819297994276229
116095,0,0,-0.02612771062630026
116096,0,0,-0.15544846662706302
116097,0,0,-0.15798907254286837
116098,0,0,-0.1573543103640111
116099,0,0,-0.1434176972340535
116100,0,0,-0.15866166747991356
116101,0,0,-0.0726074324293422
116102,0,0,-0.10962924741328872
116103,0,0,-0.11819297994276229
116104,0,0,-0.13557424231738652
116105,0,0,-0.1340274182996039
116106,0,0,-0.13207104594499064
116107,0,0,-0.1294737995333473
116108,0,0,-0.11241044796765043
116109,0,0,-0.05574872905520317
116110,0,0,-0.05207476497561725
116111,0,0,-0.12426676246137885
116112,0,0,-0.08945173866029643
116113,0,0,-0.06584378185822798
116114,0,0,-0.051466620227016646
116115,0,0,-0.14186562845974993
116116,0,0,-0.11819297994276229
116117,0,0,-0.13499608320046552
116118,0,0,-0.06584378185822798
116119,0,0,-0.14099225675852994
116120,0,0,-0.06554993830837702
116121,0,0,-0.14050612847279859
116122,0,0,-0.1547378427248881
116123,0,0,-0.14170416712699652
116124,0,0,-0.1473224892486411
116125,0,0,-0.10167052394666526
116126,0,0,-0.13425096734027153
116127,0,0,-0.13226530590214103
116128,0,0,-0.13097306081223398
116129,0,0,-0.1267288799872392
116130,0,0,-0.038633648161348455
116131,0,0,-0.10439241439106994
116132,0,0,-0.05634947117039113
116133,0,0,-0.08474740218420235
116134,0,0,-0.14896507464871156
116135,0,0,-0.15339010465165925
116136,0,0,-0.1547960677339294
116137,0,0,-0.14113961113645168
116138,0,0,-0.15018708799762454
116139,0,0,-0.06361760802127003
116140,0,0,-0.024627320218871096
116141,0,0,-0.02792385524588703
116142,0,0,-0.10835256983040881
116143,0,0,-0.08335131528128292
116144,0,0,-0.0841961539765978
116145,0,0,-0.02612771062630026
116146,0,0,-0.1367095432984689
116147,0,0,-0.13701351736600842
116148,0,0,-0.13364009151087075
116149,0,0,-0.1367095432984689
116150,0,0,-0.10777149867527025
116151,0,0,-0.05634947117039113
116152,0,0,-0.06636227493670366
116153,0,0,-0.11819297994276229
116154,0,0,-0.09639628697104813
116155,0,0,-0.15625272611497082
116156,0,0,-0.15353273787798832
116157,0,0,-0.04905987915434895
116158,0,0,-0.14714839625166942
116159,0,0,-0.1449614491459829
116160,0,0,-0.1360673840889427
116161,0,0,-0.11284312359206083
116162,0,0,-0.12426676246137885
116163,0,0,-0.08778250935570359
116164,0,0,-0.032524814978632965
116165,0,0,-0.12496072547182491
116166,0,0,-0.13240880837053953
116167,0,0,-0.1299516188092742
116168,0,0,-0.1232871043601676
116169,0,0,-0.10060628166902524
116170,0,0,-0.05574872905520317
116171,0,0,-0.06554993830837702
116172,0,0,-0.14099225675852994
116173,0,0,-0.14129892313087844
116174,0,0,-0.0584434507084719
116175,0,0,-0.12226268987903754
116176,0,0,-0.037603561281375875
116177,0,0,-0.14772063130404606
116178,0,0,-0.1460732860136843
116179,0,0,-0.15149738182610822
116180,0,0,-0.14423158327096997
116181,0,0,-0.1501606588192374
116182,0,0,-0.08474740218420235
116183,0,0,-0.10637645219378822
116184,0,0,-0.13101949208991187
116185,0,0,-0.1264918097687714
116186,0,0,-0.1264918097687714
116187,0,0,-0.1338632605691133
116188,0,0,-0.10786247089661294
116189,0,0,-0.05634947117039113
116190,0,0,-0.04161986115176647
116191,0,0,-0.024627320218871096
116192,0,0,-0.024494473206347955
116193,0,0,-0.02612771062630026
116194,0,0,-0.13991326140516497
116195,0,0,-0.13128331914447167
116196,0,0,-0.15659323134195446
116197,0,0,-0.1452239600024396
116198,0,0,-0.15656121889740543
116199,0,0,-0.060600514181281984
116200,0,0,-0.10755373795315792
116201,0,0,-0.11819297994276229
116202,0,0,-0.11819297994276229
116203,0,0,-0.11819297994276229
116204,0,0,-0.13331187167650022
116205,0,0,-0.13290101850157493
116206,0,0,-0.13101949208991187
116207,0,0,-0.13101949208991187
116208,0,0,-0.1066791675680141
116209,0,0,-0.050673019767140226
116210,0,0,-0.030794666111521707
116211,0,0,-0.05381150116815597
116212,0,0,-0.12426676246137885
116213,0,0,-0.0896718433207358
116214,0,0,-0.11819297994276229
116215,0,0,-0.15508631529596717
116216,0,0,-0.15639746752668177
116217,0,0,-0.06101055762888813
116218,0,0,-0.14015470494010046
116219,0,0,-0.06689366646111522
116220,0,0,-0.13713964890536984
116221,0,0,-0.1502932144120892
116222,0,0,-0.14374192579671924
116223,0,0,-0.1553664146824364
116224,0,0,-0.11614881006373123
116225,0,0,-0.13183695129018946
116226,0,0,-0.13416961619147388
116227,0,0,-0.1320686821831653
116228,0,0,-0.12634775113996272
116229,0,0,-0.03894569674543247
116230,0,0,-0.1072110386154963
116231,0,0,-0.05634947117039113
116232,0,0,-0.08474740218420235
116233,0,0,-0.062122518281721884
116234,0,0,-0.06101055762888813
116235,0,0,-0.15534749701942352
116236,0,0,-0.15550680804765427
116237,0,0,-0.15056029541386573
116238,0,0,-0.14333032071157897
116239,0,0,-0.1347397618478447
116240,0,0,-0.11819297994276229
116241,0,0,-0.11611774048183099
116242,0,0,-0.13381430407159217
116243,0,0,-0.12763215358050278
116244,0,0,-0.12928275350973711
116245,0,0,-0.02612771062630026
116246,0,0,-0.12994126472916057
116247,0,0,-0.10949023354098197
116248,0,0,-0.05634947117039113
116249,0,0,-0.07234387849351082
116250,0,0,-0.15056029541386573
116251,0,0,-0.15653493987033484
116252,0,0,-0.1530500464619537
116253,0,0,-0.0473139380082071
116254,0,0,-0.14374192579671924
116255,0,0,-0.15208442876697986
116256,0,0,-0.06554993830837702
116257,0,0,-0.024627320218871096
116258,0,0,-0.02792385524588703
116259,0,0,-0.024627320218871096
116260,0,0,-0.10872372493598187
116261,0,0,-0.08306932109706394
116262,0,0,-0.0841961539765978
116263,0,0,-0.12426676246137885
116264,0,0,-0.024627320218871096
116265,0,0,-0.06606019911782729
116266,0,0,-0.09639628697104813
116267,0,0,-0.06168666187035515
116268,0,0,-0.08750351427121522
116269,0,0,-0.051466620227016646
116270,0,0,-0.057271375455510476
116271,0,0,-0.059327868620296764
116272,0,0,-0.05864812590839685
116273,0,0,-0.1321426619403563
116274,0,0,-0.1278840073595453
116275,0,0,-0.13381430407159217
116276,0,0,-0.13381430407159217
116277,0,0,-0.10949023354098197
116278,0,0,-0.05634947117039113
116279,0,0,-0.06606019911782729
116280,0,0,-0.13917443296995913
116281,0,0,-0.06525589588072994
116282,0,0,-0.14099225675852994
116283,0,0,-0.11819297994276229
116284,0,0,-0.06018804332194466
116285,0,0,-0.039569160887166
116286,0,0,-0.14169884021706342
116287,0,0,-0.1313591587326473
116288,0,0,-0.15746452069314965
116289,0,0,-0.145183702318967
116290,0,0,-0.14308602390998987
116291,0,0,-0.08474740218420235
116292,0,0,-0.11673072421147784
116293,0,0,-0.024627320218871096
116294,0,0,-0.03220842064384288
116295,0,0,-0.02644821769480754
116296,0,0,-0.13120506550813293
116297,0,0,-0.1285669682185101
116298,0,0,-0.13654525766102577
116299,0,0,-0.12889726854939576
116300,0,0,-0.10878294554825962
116301,0,0,-0.05634947117039113
116302,0,0,-0.12138470746865265
116303,0,0,-0.02612771062630026
116304,0,0,-0.15021657929387988
116305,0,0,-0.13365735508490872
116306,0,0,-0.14270618149146708
116307,0,0,-0.1411006115209606
116308,0,0,-0.14173863894879907
116309,0,0,-0.07534494851802237
116310,0,0,-0.0956296526384362
116311,0,0,-0.11819297994276229
116312,0,0,-0.12889726854939576
116313,0,0,-0.13451662737096481
116314,0,0,-0.13272128410215617
116315,0,0,-0.13064993977223677
116316,0,0,-0.10957621651728011
116317,0,0,-0.050673019767140226
116318,0,0,-0.045452870263765655
116319,0,0,-0.09644259314288922
116320,0,0,-0.047781809930273145
116321,0,0,-0.04808767108669676
116322,0,0,-0.09317567952015698
116323,0,0,-0.06635369754896198
116324,0,0,-0.12426676246137885
116325,0,0,-0.0896718433207358
116326,0,0,-0.08151770267634834
116327,0,0,-0.06974136505040124
116328,0,0,-0.1512809966471757
116329,0,0,-0.15506337863770114
116330,0,0,-0.06606019911782729
116331,0,0,-0.14057898172103162
116332,0,0,-0.06332225776301431
116333,0,0,-0.138145041545078
116334,0,0,-0.14785591688779287
116335,0,0,-0.14306620422715444
116336,0,0,-0.1338221524513078
116337,0,0,-0.14990330346560904
116338,0,0,-0.14990330346560904
116339,0,0,-0.14990330346560904
116340,0,0,-0.11320916618135013
116341,0,0,-0.13108891013398133
116342,0,0,-0.12998322190127704
116343,0,0,-0.12596211213316105
116344,0,0,-0.12609485759928107
116345,0,0,-0.03894569674543247
116346,0,0,-0.10530590026938669
116347,0,0,-0.05660603586169893
116348,0,0,-0.030794666111521707
116349,0,0,-0.08660558494951476
116350,0,0,-0.11819297994276229
116351,0,0,-0.15506337863770114
116352,0,0,-0.14413053181126007
116353,0,0,-0.15506337863770114
116354,0,0,-0.14272266466053213
116355,0,0,-0.15687421614775232
116356,0,0,-0.11190994538824833
116357,0,0,-0.1346487245348289
116358,0,0,-0.1306645304974905
116359,0,0,-0.1294737995333473
116360,0,0,-0.1314621250817829
116361,0,0,-0.11214812144762082
116362,0,0,-0.05660603586169893
116363,0,0,-0.02612771062630026
116364,0,0,-0.0710295222037885
116365,0,0,-0.11819297994276229
116366,0,0,-0.13952573628959414
116367,0,0,-0.1459282172877749
116368,0,0,-0.05155725163950281
116369,0,0,-0.15711059253419002
116370,0,0,-0.14374192579671924
116371,0,0,-0.13419331624795905
116372,0,0,-0.10701853684664542
116373,0,0,-0.12426676246137885
116374,0,0,-0.09639628697104813
116375,0,0,-0.08778250935570359
116376,0,0,-0.1345548734719738
116377,0,0,-0.13117192601559058
116378,0,0,-0.1276386561406429
116379,0,0,-0.13091433330571645
116380,0,0,-0.1101668730023575
116381,0,0,-0.05660603586169893
116382,0,0,-0.06689366646111522
116383,0,0,-0.14008653125507198
116384,0,0,-0.06525589588072994
116385,0,0,-0.13917443296995913
116386,0,0,-0.038633648161348455
116387,0,0,-0.13991326140516497
116388,0,0,-0.154594449736996
116389,0,0,-0.06601367222041976
116390,0,0,-0.02792385524588703
116391,0,0,-0.024627320218871096
116392,0,0,-0.14992584426318378
116393,0,0,-0.14423158327096997
116394,0,0,-0.13210078737407205
116395,0,0,-0.08306932109706394
116396,0,0,-0.0841961539765978
116397,0,0,-0.08474740218420235
116398,0,0,-0.10986207635299472
116399,0,0,-0.11819297994276229
116400,0,0,-0.13318675206619685
116401,0,0,-0.13164343947231033
116402,0,0,-0.13041626159269953
116403,0,0,-0.13546948369606965
116404,0,0,-0.10532802648649542
116405,0,0,-0.06144436759200861
116406,0,0,-0.11819297994276229
116407,0,0,-0.15663719694507744
116408,0,0,-0.1561892993544869
116409,0,0,-0.15964074657272476
116410,0,0,-0.1448685061803861
116411,0,0,-0.16009156893435494
116412,0,0,-0.02612771062630026
116413,0,0,-0.07225476333891806
116414,0,0,-0.10286978440015121
116415,0,0,-0.031509255946186865
116416,0,0,-0.13058568241979246
116417,0,0,-0.12873915585521184
116418,0,0,-0.11819297994276229
116419,0,0,-0.12928275350973711
116420,0,0,-0.13361332146664245
116421,0,0,-0.10934575606704283
116422,0,0,-0.05634947117039113
116423,0,0,-0.049042102006837174
116424,0,0,-0.12426676246137885
116425,0,0,-0.06606019911782729
116426,0,0,-0.08939412696628962
116427,0,0,-0.12317296828406338
116428,0,0,-0.051466620227016646
116429,0,0,-0.1260356265395074
116430,0,0,-0.13906432879418096
116431,0,0,-0.13846600214386473
116432,0,0,-0.06601367222041976
116433,0,0,-0.14099225675852994
116434,0,0,-0.0657665020424783
116435,0,0,-0.14099225675852994
116436,0,0,-0.141461667042859
116437,0,0,-0.1449156594566391
116438,0,0,-0.10518585878848202
116439,0,0,-0.02313568898948387
116440,0,0,-0.02644821769480754
116441,0,0,-0.12914826665846318
116442,0,0,-0.1320124521759018
116443,0,0,-0.13175544649675175
116444,0,0,-0.12584882504240458
116445,0,0,-0.03894569674543247
116446,0,0,-0.1068875914786121
116447,0,0,-0.06144436759200861
116448,0,0,-0.08474740218420235
116449,0,0,-0.02644821769480754
116450,0,0,-0.14823492716575926
116451,0,0,-0.14819827665844038
116452,0,0,-0.14218333669667504
116453,0,0,-0.141461667042859
116454,0,0,-0.15021657929387988
116455,0,0,-0.10437733309284025
116456,0,0,-0.13621878560567657
116457,0,0,-0.1301869261803532
116458,0,0,-0.13621878560567657
116459,0,0,-0.12886723084986396
116460,0,0,-0.10928034877871301
116461,0,0,-0.05634947117039113
116462,0,0,-0.02612771062630026
116463,0,0,-0.07091799743728688
116464,0,0,-0.030794666111521707
116465,0,0,-0.11819297994276229
116466,0,0,-0.11819297994276229
116467,0,0,-0.13850884588124207
116468,0,0,-0.1512809966471757
116469,0,0,-0.04905987915434895
116470,0,0,-0.1539856726010263
116471,0,0,-0.14215971348598333
116472,0,0,-0.15506337863770114
116473,0,0,-0.10469023861509247
116474,0,0,-0.12426676246137885
116475,0,0,-0.08628743368997355
116476,0,0,-0.13572206269058656
116477,0,0,-0.13537886729751536
116478,0,0,-0.12579632090334525
116479,0,0,-0.13621878560567657
116480,0,0,-0.1055150564334556
116481,0,0,-0.05660603586169893
116482,0,0,-0.06660053348917544
116483,0,0,-0.14057010700113753
116484,0,0,-0.06606019911782729
116485,0,0,-0.13713964890536984
116486,0,0,-0.03109374769798423
116487,0,0,-0.15794749181177925
116488,0,0,-0.15665765639594154
116489,0,0,-0.15639746752668177
116490,0,0,-0.14382113130155239
116491,0,0,-0.13408978944641914
116492,0,0,-0.08474740218420235
116493,0,0,-0.11611774048183099
116494,0,0,-0.11819297994276229
116495,0,0,-0.12740427217523875
116496,0,0,-0.12872065501145957
116497,0,0,-0.13240006265814025
116498,0,0,-0.12899260068861917
116499,0,0,-0.09946033873123572
116500,0,0,-0.05634947117039113
116501,0,0,-0.03715771247556121
116502,0,0,-0.032649700572263185
116503,0,0,-0.024627320218871096
116504,0,0,-0.06554993830837702
116505,0,0,-0.024627320218871096
116506,0,0,-0.02792385524588703
116507,0,0,-0.1553239296634048
116508,0,0,-0.13868055000608248
116509,0,0,-0.15754363517814102
116510,0,0,-0.14374192579671924
116511,0,0,-0.1553664146824364
116512,0,0,-0.08335131528128292
116513,0,0,-0.0841961539765978
116514,0,0,-0.02644821769480754
116515,0,0,-0.02612771062630026
116516,0,0,-0.07643322772970079
116517,0,0,-0.10872372493598187
116518,0,0,-0.11819297994276229
116519,0,0,-0.13189812549030888
116520,0,0,-0.1310524153296903
116521,0,0,-0.1310524153296903
116522,0,0,-0.1298996904098328
116523,0,0,-0.0994145921916581
116524,0,0,-0.10000197149418893
116525,0,0,-0.05660603586169893
116526,0,0,-0.11819297994276229
116527,0,0,-0.11819297994276229
116528,0,0,-0.0473139380082071
116529,0,0,-0.12426676246137885
116530,0,0,-0.08939412696628962
116531,0,0,-0.15715029044262813
116532,0,0,-0.15573264188627828
116533,0,0,-0.15443924675237553
116534,0,0,-0.0657665020424783
116535,0,0,-0.1398531271118411
116536,0,0,-0.06332225776301431
116537,0,0,-0.13835521634038794
116538,0,0,-0.14338036467289117
116539,0,0,-0.153630373165988
116540,0,0,-0.11520200476945253
116541,0,0,-0.029762888070925475
116542,0,0,-0.13510651515430933
116543,0,0,-0.13480094411485255
116544,0,0,-0.13470713215400787
116545,0,0,-0.127971798761415
116546,0,0,-0.03894569674543247
116547,0,0,-0.10531564968924761
116548,0,0,-0.06144436759200861
116549,0,0,-0.08474740218420235
116550,0,0,-0.12275352013358148
116551,0,0,-0.02644821769480754
116552,0,0,-0.059877263341538256
116553,0,0,-0.06263680458977688
116554,0,0,-0.12909693708673026
116555,0,0,-0.13826719933861736
116556,0,0,-0.13826719933861736
116557,0,0,-0.14423158327096997
116558,0,0,-0.15013125043655656
116559,0,0,-0.11412868257891956
116560,0,0,-0.13530795751472557
116561,0,0,-0.12649000501529012
116562,0,0,-0.13074594878032292
116563,0,0,-0.13064993977223677
116564,0,0,-0.10943177085458938
116565,0,0,-0.06144436759200861
116566,0,0,-0.0739713118991343
116567,0,0,-0.02612771062630026
116568,0,0,-0.12962847632174052
116569,0,0,-0.05381150116815597
116570,0,0,-0.1366158847281369
116571,0,0,-0.13142980599707382
116572,0,0,-0.11819297994276229
116573,0,0,-0.1452239600024396
116574,0,0,-0.1535258539523316
116575,0,0,-0.06170117193787161
116576,0,0,-0.061342977084022254
116577,0,0,-0.11412868257891956
116578,0,0,-0.06554993830837702
116579,0,0,-0.12426676246137885
116580,0,0,-0.051466620227016646
116581,0,0,-0.0866667469513338
116582,0,0,-0.1285669682185101
116583,0,0,-0.13654525766102577
116584,0,0,-0.13654525766102577
116585,0,0,-0.13119232001783437
116586,0,0,-0.10558657245469993
116587,0,0,-0.05660603586169893
116588,0,0,-0.06660053348917544
116589,0,0,-0.14099225675852994
116590,0,0,-0.06664699747023678
116591,0,0,-0.13855706476674462
116592,0,0,-0.11819297994276229
116593,0,0,-0.030794666111521707
116594,0,0,-0.03894569674543247
116595,0,0,-0.15414816216675342
116596,0,0,-0.1569149433943715
116597,0,0,-0.13349140009831945
116598,0,0,-0.14170416712699652
116599,0,0,-0.1551232410860991
116600,0,0,-0.10729120109676027
116601,0,0,-0.08474740218420235
116602,0,0,-0.1272793635654469
116603,0,0,-0.1272793635654469
116604,0,0,-0.12858193201901535
116605,0,0,-0.13184931114964965
116606,0,0,-0.11200462731638833
116607,0,0,-0.06144436759200861
116608,0,0,-0.1468365589335685
116609,0,0,-0.15028677713402194
116610,0,0,-0.12835513481939975
116611,0,0,-0.1420486860286247
116612,0,0,-0.13657110201786382
116613,0,0,-0.10913514983003392
116614,0,0,-0.07710205919244678
116615,0,0,-0.0685217648427559
116616,0,0,-0.02612771062630026
116617,0,0,-0.11819297994276229
116618,0,0,-0.13493581569684698
116619,0,0,-0.13557424231738652
116620,0,0,-0.1277257636530632
116621,0,0,-0.1347197911602323
116622,0,0,-0.11214812144762082
116623,0,0,-0.06144436759200861
116624,0,0,-0.04905987915434895
116625,0,0,-0.11819297994276229
116626,0,0,-0.12426676246137885
116627,0,0,-0.08866320564944674
116628,0,0,-0.06606019911782729
116629,0,0,-0.024627320218871096
116630,0,0,-0.02792385524588703
116631,0,0,-0.152487120635514
116632,0,0,-0.14926164877647202
116633,0,0,-0.1551768810744109
116634,0,0,-0.06525589588072994
116635,0,0,-0.13917443296995913
116636,0,0,-0.06606019911782729
116637,0,0,-0.13855706476674462
116638,0,0,-0.14423158327096997
116639,0,0,-0.15458751304928803
116640,0,0,-0.08306932109706394
116641,0,0,-0.0841961539765978
116642,0,0,-0.11596805490401707
116643,0,0,-0.11819297994276229
116644,0,0,-0.13657416936794647
116645,0,0,-0.1353139099974981
116646,0,0,-0.13096582867155637
116647,0,0,-0.13400929620373214
116648,0,0,-0.039880576730218276
116649,0,0,-0.06253869849553195
116650,0,0,-0.10795633266822463
116651,0,0,-0.11819297994276229
116652,0,0,-0.08474740218420235
116653,0,0,-0.02644821769480754
116654,0,0,-0.13856954547136452
116655,0,0,-0.1501606588192374
116656,0,0,-0.15411703050310832
116657,0,0,-0.14488249722006324
116658,0,0,-0.1363261011448938
116659,0,0,-0.1162816444723152
116660,0,0,-0.029596012238909952
116661,0,0,-0.13663782901190558
116662,0,0,-0.13752571279190473
116663,0,0,-0.13232136580662424
116664,0,0,-0.12668939425995612
116665,0,0,-0.10838781063725039
116666,0,0,-0.06369133888934864
116667,0,0,-0.07855957947577058
116668,0,0,-0.12275352013358148
116669,0,0,-0.02612771062630026
116670,0,0,-0.15835249412660635
116671,0,0,-0.13707708388949374
116672,0,0,-0.16087883293516264
116673,0,0,-0.05377538589622022
116674,0,0,-0.14425875189839998
116675,0,0,-0.15835249412660635
116676,0,0,-0.11819297994276229
116677,0,0,-0.11791332768317248
116678,0,0,-0.11819297994276229
116679,0,0,-0.12426676246137885
116680,0,0,-0.08989730554716269
116681,0,0,-0.1318247027604318
116682,0,0,-0.13657309599607387
116683,0,0,-0.13197394393411616
116684,0,0,-0.1317806459714938
116685,0,0,-0.1086526804716319
116686,0,0,-0.060981615227406916
116687,0,0,-0.06332225776301431
116688,0,0,-0.13777185380934764
116689,0,0,-0.06332225776301431
116690,0,0,-0.1398531271118411
116691,0,0,-0.03894569674543247
116692,0,0,-0.149667179935836
116693,0,0,-0.14855325276276804
116694,0,0,-0.14046376135259753
116695,0,0,-0.14497344500589915
116696,0,0,-0.1486419068487384
116697,0,0,-0.11673072421147784
116698,0,0,-0.08237298564318324
116699,0,0,-0.13316785831980943
116700,0,0,-0.13348126334192983
116701,0,0,-0.13412940094520454
116702,0,0,-0.12880654277468156
116703,0,0,-0.10709145721807306
116704,0,0,-0.060981615227406916
116705,0,0,-0.11819297994276229
116706,0,0,-0.030794666111521707
116707,0,0,-0.151539273156227
116708,0,0,-0.15343577032422412
116709,0,0,-0.1550815909454617
116710,0,0,-0.14113961113645168
116711,0,0,-0.1534718751923742
116712,0,0,-0.10854767558447581
116713,0,0,-0.06489282405982888
116714,0,0,-0.02612771062630026
116715,0,0,-0.12333147969786101
116716,0,0,-0.12387128137962988
116717,0,0,-0.1328838765565994
116718,0,0,-0.13160712854465273
116719,0,0,-0.10709145721807306
116720,0,0,-0.0551035244062924
116721,0,0,-0.04905987915434895
116722,0,0,-0.06554993830837702
116723,0,0,-0.051466620227016646
116724,0,0,-0.12426676246137885
116725,0,0,-0.08945173866029643
116726,0,0,-0.11819297994276229
116727,0,0,-0.13943851060201518
116728,0,0,-0.13471950069124794
116729,0,0,-0.15759211963959208
116730,0,0,-0.06635369754896198
116731,0,0,-0.14008653125507198
116732,0,0,-0.06660053348917544
116733,0,0,-0.14005906103574717
116734,0,0,-0.14497344500589915
116735,0,0,-0.15606426273162782
116736,0,0,-0.11589487382322139
116737,0,0,-0.11819297994276229
116738,0,0,-0.1262650687085347
116739,0,0,-0.13015166292842706
116740,0,0,-0.13294565673398012
116741,0,0,-0.13309666523518754
116742,0,0,-0.04204687681232605
116743,0,0,-0.10694519305591982
116744,0,0,-0.06103154090259583
116745,0,0,-0.08474740218420235
116746,0,0,-0.06361760802127003
116747,0,0,-0.024627320218871096
116748,0,0,-0.02792385524588703
116749,0,0,-0.15759211963959208
116750,0,0,-0.1555048243204411
116751,0,0,-0.08306932109706394
116752,0,0,-0.0841961539765978
116753,0,0,-0.1507916136724975
116754,0,0,-0.14497344500589915
116755,0,0,-0.1561305684309866
116756,0,0,-0.11406062784327509
116757,0,0,-0.11819297994276229
116758,0,0,-0.1231021515042412
116759,0,0,-0.13110418199146634
116760,0,0,-0.1217106682678325
116761,0,0,-0.11819297994276229
116762,0,0,-0.1326091707454083
116763,0,0,-0.10060628166902524
116764,0,0,-0.05634947117039113
116765,0,0,-0.06456941705042035
116766,0,0,-0.02612771062630026
116767,0,0,-0.13555634483306672
116768,0,0,-0.15546483990755772
116769,0,0,-0.15544976890948747
116770,0,0,-0.14488249722006324
116771,0,0,-0.1363261011448938
116772,0,0,-0.05263557660356172
116773,0,0,-0.11596805490401707
116774,0,0,-0.12426676246137885
116775,0,0,-0.11819297994276229
116776,0,0,-0.08989730554716269
116777,0,0,-0.03220842064384288
116778,0,0,-0.13245164023288497
116779,0,0,-0.12938903727829743
116780,0,0,-0.1217106682678325
116781,0,0,-0.13110418199146634
116782,0,0,-0.1010989776415766
116783,0,0,-0.06103154090259583
116784,0,0,-0.06723586492720857
116785,0,0,-0.06584378185822798
116786,0,0,-0.13917443296995913
116787,0,0,-0.06584378185822798
116788,0,0,-0.13963507783684087
116789,0,0,-0.05962592051353588
116790,0,0,-0.12275352013358148
116791,0,0,-0.0428852129889139
116792,0,0,-0.13148688356418714
116793,0,0,-0.15652470561854626
116794,0,0,-0.15712582208341092
116795,0,0,-0.14273027104351838
116796,0,0,-0.1567765312866803
116797,0,0,-0.11576985639504511
116798,0,0,-0.08474740218420235
116799,0,0,-0.1272793635654469
116800,0,0,-0.12972440770137006
116801,0,0,-0.13158740931213653
116802,0,0,-0.1350508666457227
116803,0,0,-0.1101668730023575
116804,0,0,-0.060981615227406916
116805,0,0,-0.1557293477360593
116806,0,0,-0.14973584395089634
116807,0,0,-0.15432199652465667
116808,0,0,-0.14310137290853792
116809,0,0,-0.15227329891856245
116810,0,0,-0.11376986488255597
116811,0,0,-0.07434573856984372
116812,0,0,-0.04233324874582389
116813,0,0,-0.024627320218871096
116814,0,0,-0.02612771062630026
116815,0,0,-0.02612771062630026
116816,0,0,-0.13557424231738652
116817,0,0,-0.13557424231738652
116818,0,0,-0.11214812144762082
116819,0,0,-0.05660603586169893
116820,0,0,-0.05381150116815597
116821,0,0,-0.11819297994276229
116822,0,0,-0.11819297994276229
116823,0,0,-0.11819297994276229
116824,0,0,-0.11819297994276229
116825,0,0,-0.12426676246137885
116826,0,0,-0.0896718433207358
116827,0,0,-0.030794666111521707
116828,0,0,-0.13989820783693713
116829,0,0,-0.1375190212349664
116830,0,0,-0.1515659010749668
116831,0,0,-0.1452239600024396
116832,0,0,-0.15814712353685817
116833,0,0,-0.06332225776301431
116834,0,0,-0.14099225675852994
116835,0,0,-0.06361760802127003
116836,0,0,-0.14057010700113753
116837,0,0,-0.11700879751542403
116838,0,0,-0.13447256394392015
116839,0,0,-0.13397918997841346
116840,0,0,-0.1354806290005951
116841,0,0,-0.13160014114868807
116842,0,0,-0.11200462731638833
116843,0,0,-0.06369133888934864
116844,0,0,-0.03894569674543247
116845,0,0,-0.08474740218420235
116846,0,0,-0.059877263341538256
116847,0,0,-0.0669400990159153
116848,0,0,-0.15791575229639393
116849,0,0,-0.1483418046972076
116850,0,0,-0.15659959273515262
116851,0,0,-0.14488249722006324
116852,0,0,-0.14541972042017626
116853,0,0,-0.11552164318399749
116854,0,0,-0.11819297994276229
116855,0,0,-0.12703835843753375
116856,0,0,-0.13520181299447975
116857,0,0,-0.13550704861707746
116858,0,0,-0.13136370480952264
116859,0,0,-0.06307625275756062
116860,0,0,-0.06170117193787161
116861,0,0,-0.10891172290877266
116862,0,0,-0.060981615227406916
116863,0,0,-0.07961548955702324
116864,0,0,-0.06583289785897789
116865,0,0,-0.02612771062630026
116866,0,0,-0.02612771062630026
116867,0,0,-0.06606019911782729
116868,0,0,-0.024627320218871096
116869,0,0,-0.02792385524588703
116870,0,0,-0.08306932109706394
116871,0,0,-0.0841961539765978
116872,0,0,-0.13544748729420913
116873,0,0,-0.1382543387999799
116874,0,0,-0.13915365202581886
116875,0,0,-0.1449614491459829
116876,0,0,-0.14631266699482603
116877,0,0,-0.04829523683844705
116878,0,0,-0.06689366646111522
116879,0,0,-0.11700879751542403
116880,0,0,-0.061983118376130686
116881,0,0,-0.06168666187035515
116882,0,0,-0.050710267528048636
116883,0,0,-0.12426676246137885
116884,0,0,-0.09049947196649843
116885,0,0,-0.11495622705582809
116886,0,0,-0.05032242006036558
116887,0,0,-0.04705314379741693
116888,0,0,-0.04998164909740255
116889,0,0,-0.09603261761618553
116890,0,0,-0.0938605442089353
116891,0,0,-0.04808767108669676
116892,0,0,-0.04930904839629213
116893,0,0,-0.13582792431087343
116894,0,0,-0.13562107595302064
116895,0,0,-0.11819297994276229
116896,0,0,-0.1361959886182303
116897,0,0,-0.12878639313990475
116898,0,0,-0.1096146310029249
116899,0,0,-0.06103154090259583
116900,0,0,-0.06539084111660898
116901,0,0,-0.14008653125507198
116902,0,0,-0.06525589588072994
116903,0,0,-0.14140842827800593
116904,0,0,-0.14718427753343477
116905,0,0,-0.14718427753343477
116906,0,0,-0.14718427753343477
116907,0,0,-0.038633648161348455
116908,0,0,-0.13594362334124438
116909,0,0,-0.1551155489802365
116910,0,0,-0.15016261953772808
116911,0,0,-0.1452239600024396
116912,0,0,-0.1551768810744109
116913,0,0,-0.1162816444723152
116914,0,0,-0.08474740218420235
116915,0,0,-0.032524814978632965
116916,0,0,-0.02644821769480754
116917,0,0,-0.13640002812594137
116918,0,0,-0.13509701808270352
116919,0,0,-0.13040563059583093
116920,0,0,-0.1303727345997991
116921,0,0,-0.11032697179160739
116922,0,0,-0.06369133888934864
116923,0,0,-0.12226268987903754
116924,0,0,-0.1494739129919615
116925,0,0,-0.14100536344556547
116926,0,0,-0.15564513424765303
116927,0,0,-0.14596375239594023
116928,0,0,-0.13704217559574783
116929,0,0,-0.11820193793654593
116930,0,0,-0.06640514921709917
116931,0,0,-0.12782868297248057
116932,0,0,-0.13574098326930645
116933,0,0,-0.1303727345997991
116934,0,0,-0.13355254306193942
116935,0,0,-0.11032697179160739
116936,0,0,-0.06144436759200861
116937,0,0,-0.02612771062630026
116938,0,0,-0.05300088167309114
116939,0,0,-0.12426676246137885
116940,0,0,-0.08939412696628962
116941,0,0,-0.11819297994276229
116942,0,0,-0.15511826620007463
116943,0,0,-0.13917323878049825
116944,0,0,-0.1312090977128758
116945,0,0,-0.14414923281221204
116946,0,0,-0.15250620068269855
116947,0,0,-0.07054041635960062
116948,0,0,-0.13868584318979282
116949,0,0,-0.06902465406994152
116950,0,0,-0.13777185380934764
116951,0,0,-0.11659449359023727
116952,0,0,-0.05916702335548202
116953,0,0,-0.13172312928317964
116954,0,0,-0.13509701808270352
116955,0,0,-0.13013299051564275
116956,0,0,-0.13040563059583093
116957,0,0,-0.11032697179160739
116958,0,0,-0.06369133888934864
116959,0,0,-0.03581478146428907
116960,0,0,-0.08474740218420235
116961,0,0,-0.11819297994276229
116962,0,0,-0.12543943935950708
116963,0,0,-0.02751048368457437
116964,0,0,-0.15399069564640733
116965,0,0,-0.1553959012734742
116966,0,0,-0.15473080325199456
116967,0,0,-0.1410502476449067
116968,0,0,-0.15406288433628285
116969,0,0,-0.11007777945527325
116970,0,0,-0.13391063432553058
116971,0,0,-0.12972440770137006
116972,0,0,-0.1288331434083046
116973,0,0,-0.13104561009735827
116974,0,0,-0.11200462731638833
116975,0,0,-0.06369133888934864
116976,0,0,-0.057578092676400516
116977,0,0,-0.057578092676400516
116978,0,0,-0.06002296702779891
116979,0,0,-0.05916702335548202
116980,0,0,-0.05847519174492233
116981,0,0,-0.057578092676400516
116982,0,0,-0.05667917086377988
116983,0,0,-0.05667917086377988
116984,0,0,-0.15289384099295072
116985,0,0,-0.02612771062630026
116986,0,0,-0.14442536670618777
116987,0,0,-0.13553093500962482
116988,0,0,-0.14113961113645168
116989,0,0,-0.13518755955036543
116990,0,0,-0.04402115406540341
116991,0,0,-0.11007777945527325
116992,0,0,-0.12419618861931825
116993,0,0,-0.12426676246137885
116994,0,0,-0.09019742799947816
116995,0,0,-0.11819297994276229
116996,0,0,-0.13557424231738652
116997,0,0,-0.13455669319148233
116998,0,0,-0.1292230217498943
116999,0,0,-0.1272793635654469
117000,0,0,-0.09639628697104813
117001,0,0,-0.11121006553184293
117002,0,0,-0.06478593084273165
117003,0,0,-0.06584378185822798
117004,0,0,-0.13937296475069422
117005,0,0,-0.06737038776541515
117006,0,0,-0.13664830384733617
117007,0,0,-0.0686856231840024
117008,0,0,-0.024627320218871096
117009,0,0,-0.02792385524588703
117010,0,0,-0.08306932109706394
117011,0,0,-0.0841961539765978
117012,0,0,-0.037603561281375875
117013,0,0,-0.1578207874019465
117014,0,0,-0.1561151408148897
117015,0,0,-0.1547686706881004
117016,0,0,-0.14488249722006324
117017,0,0,-0.15199576504552054
117018,0,0,-0.11596805490401707
117019,0,0,-0.08474740218420235
117020,0,0,-0.11819297994276229
117021,0,0,-0.11819297994276229
117022,0,0,-0.1272793635654469
117023,0,0,-0.1346487245348289
117024,0,0,-0.1346487245348289
117025,0,0,-0.13309797210884577
117026,0,0,-0.11200462731638833
117027,0,0,-0.06369133888934864
117028,0,0,-0.15269444738645843
117029,0,0,-0.1543410537251627
117030,0,0,-0.13375234090412258
117031,0,0,-0.1408967289522095
117032,0,0,-0.15468981672852106
117033,0,0,-0.11247150125073008
117034,0,0,-0.06030312190790105
117035,0,0,-0.032590405948182855
117036,0,0,-0.13354424827207012
117037,0,0,-0.13065176632639375
117038,0,0,-0.1346487245348289
117039,0,0,-0.1276386561406429
117040,0,0,-0.11200462731638833
117041,0,0,-0.06369133888934864
117042,0,0,-0.06574736603961856
117043,0,0,-0.045452870263765655
117044,0,0,-0.02612771062630026
117045,0,0,-0.07431859985097355
117046,0,0,-0.09612119816235942
117047,0,0,-0.09325641923146027
117048,0,0,-0.051466620227016646
117049,0,0,-0.12047010926948831
117050,0,0,-0.07090421921560758
117051,0,0,-0.0829310077486678
117052,0,0,-0.12426676246137885
117053,0,0,-0.08989730554716269
117054,0,0,-0.06974136505040124
117055,0,0,-0.11819297994276229
117056,0,0,-0.1481847944914197
117057,0,0,-0.13226373269334601
117058,0,0,-0.15564505949718055
117059,0,0,-0.14519466295118483
117060,0,0,-0.1416751660400758
117061,0,0,-0.1545161250810791
117062,0,0,-0.0675098533985477
117063,0,0,-0.13990607910846004
117064,0,0,-0.062122518281721884
117065,0,0,-0.13735893549438466
117066,0,0,-0.11505452509171105
117067,0,0,-0.13079304607596764
117068,0,0,-0.1252143860912568
117069,0,0,-0.13235722478525613
117070,0,0,-0.1310524153296903
117071,0,0,-0.037603561281375875
117072,0,0,-0.097872372890068
117073,0,0,-0.06253869849553195
117074,0,0,-0.08474740218420235
117075,0,0,-0.14218100412387003
117076,0,0,-0.15671759716037037
117077,0,0,-0.15109743320042496
117078,0,0,-0.14191752172256916
117079,0,0,-0.15731837604554993
117080,0,0,-0.10562514635611109
117081,0,0,-0.1292230217498943
117082,0,0,-0.1272793635654469
117083,0,0,-0.13557424231738652
117084,0,0,-0.1347197911602323
117085,0,0,-0.11214812144762082
117086,0,0,-0.05634947117039113
117087,0,0,-0.06772175866963936
117088,0,0,-0.11819297994276229
117089,0,0,-0.02751048368457437
117090,0,0,-0.14046376135259753
117091,0,0,-0.15828001110738127
117092,0,0,-0.14073515090719663
117093,0,0,-0.14497344500589915
117094,0,0,-0.14789828161810747
117095,0,0,-0.0449277062784898
117096,0,0,-0.11686789937019815
117097,0,0,-0.02612771062630026
117098,0,0,-0.12426676246137885
117099,0,0,-0.09019742799947816
117100,0,0,-0.13391063432553058
117101,0,0,-0.12858193201901535
117102,0,0,-0.1288331434083046
117103,0,0,-0.1314163246234722
117104,0,0,-0.11214812144762082
117105,0,0,-0.060981615227406916
117106,0,0,-0.11819297994276229
117107,0,0,-0.06635369754896198
117108,0,0,-0.13664830384733617
117109,0,0,-0.07087689501497674
117110,0,0,-0.14050612847279859
117111,0,0,-0.037603561281375875
117112,0,0,-0.15005330155412144
117113,0,0,-0.13370702461407902
117114,0,0,-0.14898560525823468
117115,0,0,-0.14273027104351838
117116,0,0,-0.14514624032993034
117117,0,0,-0.11613409117641177
117118,0,0,-0.08474740218420235
117119,0,0,-0.12579632090334525
117120,0,0,-0.13171171843564966
117121,0,0,-0.12861604253147507
117122,0,0,-0.11819297994276229
117123,0,0,-0.13084383130280242
117124,0,0,-0.10795633266822463
117125,0,0,-0.060981615227406916
117126,0,0,-0.06138050151599089
117127,0,0,-0.060063826114955365
117128,0,0,-0.057870058560676396
117129,0,0,-0.05946811356538484
117130,0,0,-0.06721713747132485
117131,0,0,-0.024627320218871096
117132,0,0,-0.02792385524588703
117133,0,0,-0.08306932109706394
117134,0,0,-0.0841961539765978
117135,0,0,-0.14867761554428482
117136,0,0,-0.14714783272955845
117137,0,0,-0.1542945027181153
117138,0,0,-0.14273027104351838
117139,0,0,-0.1570701460931453
117140,0,0,-0.11613409117641177
117141,0,0,-0.07155712874532588
117142,0,0,-0.04871467572465604
117143,0,0,-0.04161986115176647
117144,0,0,-0.03147617950906595
117145,0,0,-0.024627320218871096
117146,0,0,-0.11819297994276229
117147,0,0,-0.13211936081004877
117148,0,0,-0.11819297994276229
117149,0,0,-0.13367424944605616
117150,0,0,-0.125986046593347
117151,0,0,-0.12524336742890846
117152,0,0,-0.10705942653874712
117153,0,0,-0.06253869849553195
117154,0,0,-0.0529497979185653
117155,0,0,-0.11819297994276229
117156,0,0,-0.11819297994276229
117157,0,0,-0.02644821769480754
117158,0,0,-0.02612771062630026
117159,0,0,-0.12426676246137885
117160,0,0,-0.08989730554716269
117161,0,0,-0.15116496748941483
117162,0,0,-0.15213942424564242
117163,0,0,-0.15134794822359754
117164,0,0,-0.14170416712699652
117165,0,0,-0.1441569449616677
117166,0,0,-0.11819297994276229
117167,0,0,-0.066645213679774
117168,0,0,-0.13664830384733617
117169,0,0,-0.06971396680089381
117170,0,0,-0.1378655172683379
117171,0,0,-0.1106042998183393
117172,0,0,-0.032524814978632965
117173,0,0,-0.12810093628551605
117174,0,0,-0.13026979000350591
117175,0,0,-0.12998322190127704
117176,0,0,-0.12623901372916674
117177,0,0,-0.10705942653874712
117178,0,0,-0.06253869849553195
117179,0,0,-0.038633648161348455
117180,0,0,-0.12317296828406338
117181,0,0,-0.08474740218420235
117182,0,0,-0.15874658050362705
117183,0,0,-0.1555206596528343
117184,0,0,-0.1499219937394487
117185,0,0,-0.14425875189839998
117186,0,0,-0.15279933578700727
117187,0,0,-0.06138050151599089
117188,0,0,-0.05904421302825219
117189,0,0,-0.05976607060290595
117190,0,0,-0.05864812590839685
117191,0,0,-0.1150464739086039
117192,0,0,-0.12476298776120415
117193,0,0,-0.12596194849409798
117194,0,0,-0.1289481377345127
117195,0,0,-0.13499866132041316
117196,0,0,-0.04874990964087378
117197,0,0,-0.11018280388695212
117198,0,0,-0.06253869849553195
117199,0,0,-0.07824501970963166
117200,0,0,-0.061983118376130686
117201,0,0,-0.059877263341538256
117202,0,0,-0.15160679447029596
117203,0,0,-0.14046450264794885
117204,0,0,-0.07091162617309893
117205,0,0,-0.15893038527521275
117206,0,0,-0.14425875189839998
117207,0,0,-0.1499219937394487
117208,0,0,-0.0449277062784898
117209,0,0,-0.11375342458647264
117210,0,0,-0.051466620227016646
117211,0,0,-0.12426676246137885
117212,0,0,-0.02612771062630026
117213,0,0,-0.09019742799947816
117214,0,0,-0.131842596344048
117215,0,0,-0.12959585127620193
117216,0,0,-0.1269527758692271
117217,0,0,-0.12710237683887154
117218,0,0,-0.10266713627604024
117219,0,0,-0.06144436759200861
117220,0,0,-0.06361760802127003
117221,0,0,-0.14008340708724004
117222,0,0,-0.06902465406994152
117223,0,0,-0.14050612847279859
117224,0,0,-0.11819297994276229
117225,0,0,-0.11819297994276229
117226,0,0,-0.02788500282944384
117227,0,0,-0.03894569674543247
117228,0,0,-0.12856941409670486
117229,0,0,-0.13118702352451767
117230,0,0,-0.1592650953966006
117231,0,0,-0.143658874342536
117232,0,0,-0.13583044663575256
117233,0,0,-0.11620196669817778
117234,0,0,-0.08474740218420235
117235,0,0,-0.12579632090334525
117236,0,0,-0.13084383130280242
117237,0,0,-0.12889726854939576
117238,0,0,-0.13284268451384623
117239,0,0,-0.10943177085458938
117240,0,0,-0.06253869849553195
117241,0,0,-0.1588530463913782
117242,0,0,-0.1515199026962205
117243,0,0,-0.1411506824672768
117244,0,0,-0.1452099824158289
117245,0,0,-0.1576196711278336
117246,0,0,-0.11446379350062397
117247,0,0,-0.07757226572473075
117248,0,0,-0.13272128410215617
117249,0,0,-0.13177148624458085
117250,0,0,-0.13064993977223677
117251,0,0,-0.13565497224803236
117252,0,0,-0.11819297994276229
117253,0,0,-0.10825320300200603
117254,0,0,-0.060981615227406916
117255,0,0,-0.04797183033703217
117256,0,0,-0.12426676246137885
117257,0,0,-0.0896718433207358
117258,0,0,-0.02612771062630026
117259,0,0,-0.06635369754896198
117260,0,0,-0.024627320218871096
117261,0,0,-0.02792385524588703
117262,0,0,-0.08306932109706394
117263,0,0,-0.0841961539765978
117264,0,0,-0.15385825100513106
117265,0,0,-0.15443924675237553
117266,0,0,-0.15409015478310578
117267,0,0,-0.14333032071157897
117268,0,0,-0.1324635455040002
117269,0,0,-0.0669400990159153
117270,0,0,-0.13855706476674462
117271,0,0,-0.06635369754896198
117272,0,0,-0.14049275007617767
117273,0,0,-0.11531169061166752
117274,0,0,-0.11819297994276229
117275,0,0,-0.09639628697104813
117276,0,0,-0.12872227567662653
117277,0,0,-0.1318247027604318
117278,0,0,-0.1302316881728678
117279,0,0,-0.12945342915670832
117280,0,0,-0.038633648161348455
117281,0,0,-0.10854400252317103
117282,0,0,-0.060981615227406916
117283,0,0,-0.08474740218420235
117284,0,0,-0.13066726807022266
117285,0,0,-0.1480078887507017
117286,0,0,-0.13880704096284735
117287,0,0,-0.14374192579671924
117288,0,0,-0.15639746752668177
117289,0,0,-0.11531169061166752
117290,0,0,-0.03119217426555515
117291,0,0,-0.13582792431087343
117292,0,0,-0.1361959886182303
117293,0,0,-0.13582792431087343
117294,0,0,-0.1313302948788087
117295,0,0,-0.10976525718032565
117296,0,0,-0.060981615227406916
117297,0,0,-0.12226268987903754
117298,0,0,-0.06636227493670366
117299,0,0,-0.15830370728016474
117300,0,0,-0.15608167957396119
117301,0,0,-0.1586573998433473
117302,0,0,-0.14407010026916311
117303,0,0,-0.13365534936238804
117304,0,0,-0.11611774048183099
117305,0,0,-0.05186459933311249
117306,0,0,-0.11819297994276229
117307,0,0,-0.12426676246137885
117308,0,0,-0.09049947196649843
117309,0,0,-0.02612771062630026
117310,0,0,-0.12886851777162783
117311,0,0,-0.13750521808881006
117312,0,0,-0.13715074477254974
117313,0,0,-0.13665529439561125
117314,0,0,-0.1096146310029249
117315,0,0,-0.05634947117039113
117316,0,0,-0.06635369754896198
117317,0,0,-0.14000594541415146
117318,0,0,-0.06636805311740912
117319,0,0,-0.13880473555453
117320,0,0,-0.11819297994276229
117321,0,0,-0.037290604319540566
117322,0,0,-0.149284211615325
117323,0,0,-0.15867930222787752
117324,0,0,-0.12917847434921592
117325,0,0,-0.14307380329623287
117326,0,0,-0.15508252879091872
117327,0,0,-0.11031422608330921
117328,0,0,-0.08474740218420235
117329,0,0,-0.13488805014050542
117330,0,0,-0.1335394470059012
117331,0,0,-0.13456425997177152
117332,0,0,-0.1299535223787443
117333,0,0,-0.11004174867505173
117334,0,0,-0.0551035244062924
117335,0,0,-0.11819297994276229
117336,0,0,-0.02751048368457437
117337,0,0,-0.16080551687752315
117338,0,0,-0.1570869622695812
117339,0,0,-0.16155711585537214
117340,0,0,-0.14552487547796428
117341,0,0,-0.13472814880456008
117342,0,0,-0.11583731325075414
117343,0,0,-0.07735849244849285
117344,0,0,-0.1302117856589296
117345,0,0,-0.1261208183953228
117346,0,0,-0.13128231399129608
117347,0,0,-0.12666931790768882
117348,0,0,-0.11004174867505173
117349,0,0,-0.060981615227406916
117350,0,0,-0.06754288486312332
117351,0,0,-0.051466620227016646
117352,0,0,-0.052680475236304536
117353,0,0,-0.12426676246137885
117354,0,0,-0.08945173866029643
117355,0,0,-0.02612771062630026
117356,0,0,-0.1568837148605029
117357,0,0,-0.15557441810003714
117358,0,0,-0.14818665530335606
117359,0,0,-0.14497344500589915
117360,0,0,-0.14951646127270352
117361,0,0,-0.06772544015838222
117362,0,0,-0.13777185380934764
117363,0,0,-0.06584378185822798
117364,0,0,-0.13818430195821113
117365,0,0,-0.11894313656017141
117366,0,0,-0.11819297994276229
117367,0,0,-0.06747406290293151
117368,0,0,-0.13381430407159217
117369,0,0,-0.13381430407159217
117370,0,0,-0.13126041874859878
117371,0,0,-0.11819297994276229
117372,0,0,-0.12928275350973711
117373,0,0,-0.10949023354098197
117374,0,0,-0.06103154090259583
117375,0,0,-0.039569160887166
117376,0,0,-0.08474740218420235
117377,0,0,-0.06925166269718741
117378,0,0,-0.024627320218871096
117379,0,0,-0.02792385524588703
117380,0,0,-0.08306932109706394
117381,0,0,-0.0841961539765978
117382,0,0,-0.14112316216818915
117383,0,0,-0.13966273863358541
117384,0,0,-0.13966273863358541
117385,0,0,-0.1453984961677145
117386,0,0,-0.15962775860132894
117387,0,0,-0.11647408187932101
117388,0,0,-0.11819297994276229
117389,0,0,-0.12915200460370369
117390,0,0,-0.13351504287480842
117391,0,0,-0.12897978895353884
117392,0,0,-0.13351504287480842
117393,0,0,-0.09644259314288922
117394,0,0,-0.047781809930273145
117395,0,0,-0.04930904839629213
117396,0,0,-0.048546304637694826
117397,0,0,-0.04930904839629213
117398,0,0,-0.09317567952015698
117399,0,0,-0.10949023354098197
117400,0,0,-0.060981615227406916
117401,0,0,-0.06703733174765092
117402,0,0,-0.11819297994276229
117403,0,0,-0.048972190981228236
117404,0,0,-0.08151770267634834
117405,0,0,-0.07026980795097348
117406,0,0,-0.06974136505040124
117407,0,0,-0.1472683997293504
117408,0,0,-0.14813060046618592
117409,0,0,-0.14813060046618592
117410,0,0,-0.15656383595656787
117411,0,0,-0.149667179935836
117412,0,0,-0.1313591587326473
117413,0,0,-0.14583287427090597
117414,0,0,-0.14198991430216423
117415,0,0,-0.11406062784327509
117416,0,0,-0.05027565411626256
117417,0,0,-0.032590405948182855
117418,0,0,-0.12426676246137885
117419,0,0,-0.08766064765965736
117420,0,0,-0.02612771062630026
117421,0,0,-0.13348126334192983
117422,0,0,-0.12922341192907338
117423,0,0,-0.13412940094520454
117424,0,0,-0.12976788699095837
117425,0,0,-0.10709145721807306
117426,0,0,-0.0551035244062924
117427,0,0,-0.0669400990159153
117428,0,0,-0.14050612847279859
117429,0,0,-0.07021496683220707
117430,0,0,-0.1378655172683379
117431,0,0,-0.12226268987903754
117432,0,0,-0.11819297994276229
117433,0,0,-0.037603561281375875
117434,0,0,-0.15633322818168832
117435,0,0,-0.1533093092954081
117436,0,0,-0.14012109676766138
117437,0,0,-0.14407010026916311
117438,0,0,-0.14119330701456245
117439,0,0,-0.11748180091271787
117440,0,0,-0.08474740218420235
117441,0,0,-0.1299516188092742
117442,0,0,-0.1246344123565794
117443,0,0,-0.12938903727829743
117444,0,0,-0.1284562001218511
117445,0,0,-0.10136877733269095
117446,0,0,-0.06103154090259583
117447,0,0,-0.1547619277511909
117448,0,0,-0.1480630407186978
117449,0,0,-0.15622318544378383
117450,0,0,-0.14407010026916311
117451,0,0,-0.155255189726348
117452,0,0,-0.11834668909828999
117453,0,0,-0.06804025343046732
117454,0,0,-0.04341721823562239
117455,0,0,-0.024627320218871096
117456,0,0,-0.02612771062630026
117457,0,0,-0.1326091707454083
117458,0,0,-0.13194977349134906
117459,0,0,-0.12521438609125674
117460,0,0,-0.13240880837053953
117461,0,0,-0.10229906893757951
117462,0,0,-0.06103154090259583
117463,0,0,-0.049042102006837174
117464,0,0,-0.11819297994276229
117465,0,0,-0.11819297994276229
117466,0,0,-0.11819297994276229
117467,0,0,-0.12426676246137885
117468,0,0,-0.024627320218871096
117469,0,0,-0.087184248704753
117470,0,0,-0.02788500282944384
117471,0,0,-0.02612771062630026
117472,0,0,-0.14363135004192412
117473,0,0,-0.1417502357706722
117474,0,0,-0.15046637881637948
117475,0,0,-0.14497344500589915
117476,0,0,-0.15585779973420089
117477,0,0,-0.05858397712164615
117478,0,0,-0.14050612847279859
117479,0,0,-0.06893410433879604
117480,0,0,-0.14050612847279859
117481,0,0,-0.11732269301386095
117482,0,0,-0.11819297994276229
117483,0,0,-0.1246344123565794
117484,0,0,-0.1284562001218511
117485,0,0,-0.12438035920207863
117486,0,0,-0.1285935751253759
117487,0,0,-0.10229906893757951
117488,0,0,-0.06103154090259583
117489,0,0,-0.037603561281375875
117490,0,0,-0.08474740218420235
117491,0,0,-0.04187955137882915
117492,0,0,-0.06752856818797648
117493,0,0,-0.14854550503704578
117494,0,0,-0.13628786645451996
117495,0,0,-0.14866239753903931
117496,0,0,-0.14570178893703278
117497,0,0,-0.15302706279521283
117498,0,0,-0.05992377081714684
117499,0,0,-0.060580530353226136
117500,0,0,-0.059169954865996466
117501,0,0,-0.1179250081894076
117502,0,0,-0.13375571075151543
117503,0,0,-0.11819297994276229
117504,0,0,-0.06018804332194466
117505,0,0,-0.13510651515430933
117506,0,0,-0.1267288799872392
117507,0,0,-0.13341066280890024
117508,0,0,-0.1046599865415967
117509,0,0,-0.06103154090259583
117510,0,0,-0.07258078027270448
117511,0,0,-0.06689366646111522
117512,0,0,-0.024627320218871096
117513,0,0,-0.02792385524588703
117514,0,0,-0.08306932109706394
117515,0,0,-0.0841961539765978
117516,0,0,-0.024627320218871096
117517,0,0,-0.06664699747023678
117518,0,0,-0.14866239753903931
117519,0,0,-0.14866239753903931
117520,0,0,-0.15679814625017607
117521,0,0,-0.14570178893703278
117522,0,0,-0.15679814625017607
117523,0,0,-0.05946811356538484
117524,0,0,-0.05962592051353588
117525,0,0,-0.06078657186154618
117526,0,0,-0.05992377081714684
117527,0,0,-0.05992377081714684
117528,0,0,-0.050710267528048636
117529,0,0,-0.061983118376130686
117530,0,0,-0.061983118376130686
117531,0,0,-0.11687785597099093
117532,0,0,-0.052698345852524864
117533,0,0,-0.024627320218871096
117534,0,0,-0.12426676246137885
117535,0,0,-0.08992006736875835
117536,0,0,-0.11819297994276229
117537,0,0,-0.024627320218871096
117538,0,0,-0.12818361962123404
117539,0,0,-0.1301869261803532
117540,0,0,-0.12649000501529012
117541,0,0,-0.02612771062630026
117542,0,0,-0.13565497224803236
117543,0,0,-0.048308645037976494
117544,0,0,-0.10878294554825962
117545,0,0,-0.05634947117039113
117546,0,0,-0.06568479227303603
117547,0,0,-0.13868584318979282
117548,0,0,-0.0667442960105682
117549,0,0,-0.14050612847279859
117550,0,0,-0.0994145921916581
117551,0,0,-0.03581478146428907
117552,0,0,-0.13845811830614713
117553,0,0,-0.15156848643382592
117554,0,0,-0.1539856726010263
117555,0,0,-0.14215971348598333
117556,0,0,-0.15535499370304934
117557,0,0,-0.11359329819252062
117558,0,0,-0.08474740218420235
117559,0,0,-0.029762888070925475
117560,0,0,-0.02644821769480754
117561,0,0,-0.12501284547540564
117562,0,0,-0.13381707617924998
117563,0,0,-0.13489256754944096
117564,0,0,-0.13068287390719352
117565,0,0,-0.10875127976049409
117566,0,0,-0.06103154090259583
117567,0,0,-0.12317296828406338
117568,0,0,-0.01417259509439106
117569,0,0,-0.13479837627580638
117570,0,0,-0.13586107040405493
117571,0,0,-0.14866225425755342
117572,0,0,-0.141461667042859
117573,0,0,-0.14980474003999789
117574,0,0,-0.11001430300967535
117575,0,0,-0.07026980795097348
117576,0,0,-0.129543045476199
117577,0,0,-0.13381707617924998
117578,0,0,-0.13480735731259902
117579,0,0,-0.12770063074036453
117580,0,0,-0.10875127976049409
117581,0,0,-0.05634947117039113
117582,0,0,-0.02644821769480754
117583,0,0,-0.04711508846031354
117584,0,0,-0.12426676246137885
117585,0,0,-0.0869463079896598
117586,0,0,-0.02612771062630026
117587,0,0,-0.14390103026967915
117588,0,0,-0.1483898959388104
117589,0,0,-0.14819827665844038
117590,0,0,-0.141461667042859
117591,0,0,-0.1426102799694653
117592,0,0,-0.10833121489745567
117593,0,0,-0.06635369754896198
117594,0,0,-0.1378655172683379
117595,0,0,-0.0694227426512371
117596,0,0,-0.14050612847279859
117597,0,0,-0.11819297994276229
117598,0,0,-0.1320182965447479
117599,0,0,-0.13358644646163587
117600,0,0,-0.12602820033417816
117601,0,0,-0.1276571498333749
117602,0,0,-0.10822149433595879
117603,0,0,-0.06316641676412754
117604,0,0,-0.037603561281375875
117605,0,0,-0.08826141389400394
117606,0,0,-0.11819297994276229
117607,0,0,-0.02751048368457437
117608,0,0,-0.1405557155162197
117609,0,0,-0.14011754953129807
117610,0,0,-0.13613234080899944
117611,0,0,-0.1418064191201341
117612,0,0,-0.13209140741206132
117613,0,0,-0.10709855991483103
117614,0,0,-0.1323181429183819
117615,0,0,-0.12951007144385662
117616,0,0,-0.1287505130158506
117617,0,0,-0.125986046593347
117618,0,0,-0.10714610096749444
117619,0,0,-0.06085048258124326
117620,0,0,-0.06692683511830971
117621,0,0,-0.14643848240659169
117622,0,0,-0.14692224183546615
117623,0,0,-0.15021657929387988
117624,0,0,-0.141461667042859
117625,0,0,-0.1494594042305677
117626,0,0,-0.10675613876606138
117627,0,0,-0.04797183033703217
117628,0,0,-0.12426676246137885
117629,0,0,-0.09049947196649843
117630,0,0,-0.09639628697104813
117631,0,0,-0.1287505130158506
117632,0,0,-0.13132111186248974
117633,0,0,-0.12355989858909189
117634,0,0,-0.12355989858909189
117635,0,0,-0.10800749694079786
117636,0,0,-0.0551035244062924
117637,0,0,-0.06635369754896198
117638,0,0,-0.13664830384733617
117639,0,0,-0.07173577538974651
117640,0,0,-0.13868584318979282
117641,0,0,-0.02612771062630026
117642,0,0,-0.06798036134086727
117643,0,0,-0.024627320218871096
117644,0,0,-0.02792385524588703
117645,0,0,-0.08306932109706394
117646,0,0,-0.0841961539765978
117647,0,0,-0.11819297994276229
117648,0,0,-0.037603561281375875
117649,0,0,-0.15867930222787752
117650,0,0,-0.15832787149981853
117651,0,0,-0.1541658103650459
117652,0,0,-0.14273027104351838
117653,0,0,-0.1390719426837383
117654,0,0,-0.11721950944504511
117655,0,0,-0.08660558494951476
117656,0,0,-0.11819297994276229
117657,0,0,-0.13184931114964965
117658,0,0,-0.13391063432553058
117659,0,0,-0.1347197911602323
117660,0,0,-0.13207104594499064
117661,0,0,-0.11121006553184293
117662,0,0,-0.060981615227406916
117663,0,0,-0.11819297994276229
117664,0,0,-0.1578207874019465
117665,0,0,-0.15523165325662508
117666,0,0,-0.13903679167328442
117667,0,0,-0.14423158327096997
117668,0,0,-0.13790901281612844
117669,0,0,-0.11596805490401707
117670,0,0,-0.07176479422264415
117671,0,0,-0.032590405948182855
117672,0,0,-0.13557424231738652
117673,0,0,-0.13557424231738652
117674,0,0,-0.1347197911602323
117675,0,0,-0.1347197911602323
117676,0,0,-0.06692422342949811
117677,0,0,-0.11121006553184293
117678,0,0,-0.060981615227406916
117679,0,0,-0.02644821769480754
117680,0,0,-0.12226268987903754
117681,0,0,-0.051466620227016646
117682,0,0,-0.04720496951011954
117683,0,0,-0.12426676246137885
117684,0,0,-0.087184248704753
117685,0,0,-0.1382603561618196
117686,0,0,-0.15632234613572205
117687,0,0,-0.14774376242043175
117688,0,0,-0.14191752172256916
117689,0,0,-0.15051972008401127
117690,0,0,-0.06170117193787161
117691,0,0,-0.14000594541415146
117692,0,0,-0.07037229805830586
117693,0,0,-0.14099225675852994
117694,0,0,-0.1149454710229097
117695,0,0,-0.02612771062630026
117696,0,0,-0.13309165351102292
117697,0,0,-0.12430848850415316
117698,0,0,-0.13299740246935204
117699,0,0,-0.1294906099625574
117700,0,0,-0.10173770564463264
117701,0,0,-0.06253869849553195
117702,0,0,-0.11819297994276229
117703,0,0,-0.038633648161348455
117704,0,0,-0.08826141389400394
117705,0,0,-0.15479276580923224
117706,0,0,-0.15770300625485995
117707,0,0,-0.1548287293063495
117708,0,0,-0.14191752172256916
117709,0,0,-0.1282973738971639
117710,0,0,-0.11484661578995764
117711,0,0,-0.1358495893565863
117712,0,0,-0.1358495893565863
117713,0,0,-0.1353011918044003
117714,0,0,-0.130539462639435
117715,0,0,-0.10822149433595879
117716,0,0,-0.06253869849553195
117717,0,0,-0.11819297994276229
117718,0,0,-0.0737992194398181
117719,0,0,-0.02788500282944384
117720,0,0,-0.13540705136150005
117721,0,0,-0.15456945833387237
117722,0,0,-0.15183235758533647
117723,0,0,-0.14333032071157897
117724,0,0,-0.14729131927830202
117725,0,0,-0.11695956278835412
117726,0,0,-0.04751122081687731
117727,0,0,-0.12426676246137885
117728,0,0,-0.09029978685971718
117729,0,0,-0.1305122379595327
117730,0,0,-0.129543045476199
117731,0,0,-0.13079202810635904
117732,0,0,-0.1252380210893418
117733,0,0,-0.10822149433595879
117734,0,0,-0.06253869849553195
117735,0,0,-0.06782107347670402
117736,0,0,-0.13664830384733617
117737,0,0,-0.06936232031473594
117738,0,0,-0.13777185380934764
117739,0,0,-0.02612771062630026
117740,0,0,-0.03894569674543247
117741,0,0,-0.11819297994276229
117742,0,0,-0.15801218220663976
117743,0,0,-0.15804781030675247
117744,0,0,-0.13288850950896752
117745,0,0,-0.14488252185476985
117746,0,0,-0.13028135721980277
117747,0,0,-0.1184041694957102
117748,0,0,-0.08474740218420235
117749,0,0,-0.13557424231738652
117750,0,0,-0.11819297994276229
117751,0,0,-0.13455669319148233
117752,0,0,-0.13557424231738652
117753,0,0,-0.13107007921318636
117754,0,0,-0.11214812144762082
117755,0,0,-0.06253869849553195
117756,0,0,-0.06568479227303603
117757,0,0,-0.024627320218871096
117758,0,0,-0.02792385524588703
117759,0,0,-0.08306932109706394
117760,0,0,-0.0841961539765978
117761,0,0,-0.13696649204233236
117762,0,0,-0.15253556683409247
117763,0,0,-0.13619679007916596
117764,0,0,-0.14488252185476985
117765,0,0,-0.13865857172523938
117766,0,0,-0.11343540919202971
117767,0,0,-0.08050399922254342
117768,0,0,-0.04341721823562239
117769,0,0,-0.032649700572263185
117770,0,0,-0.024627320218871096
117771,0,0,-0.11819297994276229
117772,0,0,-0.13450027239380924
117773,0,0,-0.13483154684239806
117774,0,0,-0.1287503505966942
117775,0,0,-0.13499866132041316
117776,0,0,-0.11032697179160739
117777,0,0,-0.06318496856305239
117778,0,0,-0.02644821769480754
117779,0,0,-0.02644821769480754
117780,0,0,-0.0529497979185653
117781,0,0,-0.11819297994276229
117782,0,0,-0.11819297994276229
117783,0,0,-0.11819297994276229
117784,0,0,-0.12426676246137885
117785,0,0,-0.08778250935570359
117786,0,0,-0.1594682754662302
117787,0,0,-0.15763621003150197
117788,0,0,-0.1487991533526089
117789,0,0,-0.14454073044698823
117790,0,0,-0.1556746565499944
117791,0,0,-0.06606019911782729
117792,0,0,-0.14050612847279859
117793,0,0,-0.07090868846348952
117794,0,0,-0.13735893549438466
117795,0,0,-0.11548072725653047
117796,0,0,-0.02612771062630026
117797,0,0,-0.029596012238909952
117798,0,0,-0.12844300536074565
117799,0,0,-0.1289481377345127
117800,0,0,-0.1289481377345127
117801,0,0,-0.12926037582784033
117802,0,0,-0.11032697179160739
117803,0,0,-0.06369133888934864
117804,0,0,-0.037603561281375875
117805,0,0,-0.12317296828406338
117806,0,0,-0.11819297994276229
117807,0,0,-0.08474740218420235
117808,0,0,-0.040832830833970823
117809,0,0,-0.04358021891446323
117810,0,0,-0.13955240676434832
117811,0,0,-0.15068957654961262
117812,0,0,-0.14321443483318053
117813,0,0,-0.141461667042859
117814,0,0,-0.15085734038999482
117815,0,0,-0.060063826114955365
117816,0,0,-0.06028312455448559
117817,0,0,-0.09566092129507175
117818,0,0,-0.06018804332194466
117819,0,0,-0.12732198990986254
117820,0,0,-0.126600473634206
117821,0,0,-0.13321465149973566
117822,0,0,-0.12732198990986254
117823,0,0,-0.10705942653874712
117824,0,0,-0.05660603586169893
117825,0,0,-0.07027812183234367
117826,0,0,-0.05876656560986443
117827,0,0,-0.06138050151599089
117828,0,0,-0.059985517466964566
117829,0,0,-0.06022141966747646
117830,0,0,-0.06636805311740912
117831,0,0,-0.051466620227016646
117832,0,0,-0.14771918813677581
117833,0,0,-0.1535124448121294
117834,0,0,-0.14499092581139772
117835,0,0,-0.1408967289522095
117836,0,0,-0.15309048626459637
117837,0,0,-0.04088881615946627
117838,0,0,-0.10985303422281534
117839,0,0,-0.04874990964087378
117840,0,0,-0.12281607402419564
117841,0,0,-0.12559306256433123
117842,0,0,-0.13052632426017524
117843,0,0,-0.13473149677006224
117844,0,0,-0.13473149677006224
117845,0,0,-0.10909859830041102
117846,0,0,-0.04489531299532362
117847,0,0,-0.08778250935570359
117848,0,0,-0.008854705352240477
117849,0,1,0.026762363321986893
117850,0,0,-0.07021496683220707
117851,0,0,-0.14050612847279859
117852,0,0,-0.0584434507084719
117853,0,0,-0.1378655172683379
117854,0,0,-0.008854705352240477
117855,0,0,-0.11819297994276229
117856,0,0,-0.02612771062630026
117857,0,0,-0.02751048368457437
117858,0,0,-0.037290604319540566
117859,0,0,-0.15284432776817164
117860,0,0,-0.15656253430311223
117861,0,0,-0.15619442251805005
117862,0,0,-0.14333032071157897
117863,0,0,-0.15707527606584842
117864,0,0,-0.0892927466029913
117865,0,0,-0.11659449359023727
117866,0,0,-0.11819297994276229
117867,0,0,-0.08474740218420235
117868,0,0,-0.13250321057083247
117869,0,0,-0.13084484912958072
117870,0,0,-0.12438035920207863
117871,0,0,-0.12905385619412357
117872,0,0,-0.10217708201340142
117873,0,0,-0.06555640191383755
117874,0,0,-0.1418054997179094
117875,0,0,-0.15472527074489895
117876,0,0,-0.13362951997128314
117877,0,0,-0.14562300164464992
117878,0,0,-0.15135522103903953
117879,0,0,-0.12010608266386313
117880,0,0,-0.07735849244849285
117881,0,0,-0.12521438609125674
117882,0,0,-0.11819297994276229
117883,0,0,-0.13110418199146634
117884,0,0,-0.10229906893757951
117885,0,0,-0.06408820241613361
117886,0,0,-0.052680475236304536
117887,0,0,-0.12426676246137885
117888,0,0,-0.05858397712164615
117889,0,0,-0.024627320218871096
117890,0,0,-0.02792385524588703
117891,0,0,-0.0841961539765978
117892,0,0,-0.0846045465814998
117893,0,0,-0.15163995142055092
117894,0,0,-0.1531539232968896
117895,0,0,-0.14318742029388787
117896,0,0,-0.14170416712699652
117897,0,0,-0.15311884441849122
117898,0,0,-0.06782107347670402
117899,0,0,-0.13984870279971917
117900,0,0,-0.06885594240109605
117901,0,0,-0.14008340708724004
117902,0,0,-0.10845903778896676
117903,0,0,-0.11819297994276229
117904,0,0,-0.02612771062630026
117905,0,0,-0.1264679076741388
117906,0,0,-0.13427035615879818
117907,0,0,-0.13442710717321094
117908,0,0,-0.13252933977774217
117909,0,0,-0.1077421904363629
117910,0,0,-0.06369133888934864
117911,0,0,-0.039880576730218276
117912,0,0,-0.008854705352240477
117913,0,0,-0.006572599589195038
117914,0,0,-0.0883191845178341
117915,0,0,-0.1152166542926189
117916,0,0,-0.1505986754670065
117917,0,0,-0.15480422233638957
117918,0,0,-0.14226464126268085
117919,0,0,-0.14170416712699652
117920,0,0,-0.1461895160556238
117921,0,0,-0.11146494425155312
117922,0,0,-0.029762888070925475
117923,0,0,-0.1066791675680141
117924,0,0,-0.05633762063235376
117925,0,0,-0.12317296828406338
117926,0,0,-0.07373596038897884
117927,0,1,0.020828443599356317
117928,0,0,-0.046174345807989015
117929,0,0,-0.045252253630981065
117930,0,0,-0.1568837148605029
117931,0,0,-0.15771326692698084
117932,0,0,-0.15876776060253395
117933,0,0,-0.14562300164464992
117934,0,0,-0.1580866130572059
117935,0,0,-0.11972316220249235
117936,0,0,-0.05381150116815597
117937,0,0,-0.11819297994276229
117938,0,0,-0.12426676246137885
117939,0,0,-0.08306932109706394
117940,0,0,-0.04236858058753701
117941,0,0,-0.0866667469513338
117942,0,0,-0.06318496856305239
117943,0,0,-0.1066791675680141
117944,0,0,-0.06635369754896198
117945,0,0,-0.13868584318979282
117946,0,0,-0.0584434507084719
117947,0,0,-0.13868584318979282
117948,0,0,-0.02612771062630026
117949,0,0,-0.04586718968383624
117950,0,0,-0.045252253630981065
117951,0,0,-0.03894569674543247
117952,0,0,-0.1595827535172034
117953,0,0,-0.1603646360019056
117954,0,0,-0.15343157605542218
117955,0,0,-0.1448685061803861
117956,0,0,-0.14220811866951444
117957,0,0,-0.11732436342331193
117958,0,0,-0.08474740218420235
117959,0,0,-0.11819297994276229
117960,0,0,-0.13183827756444882
117961,0,0,-0.1301543228424204
117962,0,0,-0.12956598656852109
117963,0,0,-0.12941805232012854
117964,0,0,-0.06318496856305239
117965,0,0,-0.10593949173966244
117966,0,0,-0.11819297994276229
117967,0,0,-0.02751048368457437
117968,0,0,-0.12643414798622943
117969,0,0,-0.13342862330236416
117970,0,0,-0.13013847455769767
117971,0,0,-0.14134335580770185
117972,0,0,-0.14442536670618777
117973,0,0,-0.10826066876599211
117974,0,0,-0.06149148468457721
117975,0,0,-0.07124085816915587
117976,0,0,-0.06584378185822798
117977,0,0,-0.13557424231738652
117978,0,0,-0.12968181752551483
117979,0,0,-0.1288331434083046
117980,0,0,-0.1277257636530632
117981,0,0,-0.11214812144762082
117982,0,0,-0.060981615227406916
117983,0,0,-0.051466620227016646
117984,0,0,-0.04742140055879185
117985,0,0,-0.12281607402419564
117986,0,0,-0.07937720137510856
117987,0,0,-0.15735670725867063
117988,0,0,-0.15986990446248234
117989,0,0,-0.14643523110258283
117990,0,0,-0.14454073044698823
117991,0,0,-0.1602269246878461
117992,0,0,-0.06635369754896198
117993,0,0,-0.13868584318979282
117994,0,0,-0.06606019911782729
117995,0,0,-0.14050612847279859
117996,0,0,-0.11780284365552834
117997,0,0,-0.02612771062630026
117998,0,0,-0.13226530590214103
117999,0,0,-0.12928970644385618
118000,0,0,-0.13086396013433987
118001,0,0,-0.11819297994276229
118002,0,0,-0.13170624185075092
118003,0,0,-0.10519458804177556
118004,0,0,-0.041774255953247574
118005,0,0,-0.03728440648332415
118006,0,0,-0.008239010455991291
118007,0,0,-0.006572599589195038
118008,0,0,-0.08474740218420235
118009,0,0,-0.11819297994276229
118010,0,0,-0.0705149141334549
118011,0,0,-0.024627320218871096
118012,0,0,-0.02792385524588703
118013,0,0,-0.08306932109706394
118014,0,0,-0.0841961539765978
118015,0,0,-0.15358046876647885
118016,0,0,-0.15693920490046276
118017,0,0,-0.1599429478598544
118018,0,0,-0.14488252185476985
118019,0,0,-0.15044263137588726
118020,0,0,-0.11864981169688671
118021,0,0,-0.11819297994276229
118022,0,0,-0.12638926961649954
118023,0,0,-0.12586236492809688
118024,0,0,-0.12635351715965426
118025,0,0,-0.12635351715965426
118026,0,0,-0.10984062276981116
118027,0,0,-0.06511549144208123
118028,0,0,-0.06539494783596606
118029,0,0,-0.11819297994276229
118030,0,0,-0.15538494291231508
118031,0,0,-0.15519643855250037
118032,0,0,-0.1504798483173887
118033,0,0,-0.1448685061803861
118034,0,0,-0.13153090509703413
118035,0,0,-0.04674497329159005
118036,0,0,-0.11737082615108851
118037,0,0,-0.029762888070925475
118038,0,0,-0.12426676246137885
118039,0,0,-0.1299111523737861
118040,0,0,-0.1303185091298646
118041,0,0,-0.1303185091298646
118042,0,0,-0.1299111523737861
118043,0,0,-0.10984062276981116
118044,0,0,-0.041774255953247574
118045,0,0,-0.12275352013358148
118046,0,0,-0.08238887999861955
118047,0,0,-0.066645213679774
118048,0,0,-0.1378655172683379
118049,0,0,-0.06994465334897487
118050,0,0,-0.13868584318979282
118051,0,0,-0.02612771062630026
118052,0,0,-0.037603561281375875
118053,0,0,-0.13706948414988562
118054,0,0,-0.1530286913749958
118055,0,0,-0.15616379524654495
118056,0,0,-0.14348021442319664
118057,0,0,-0.1541658103650459
118058,0,0,-0.1140736546981963
118059,0,0,-0.08474740218420235
118060,0,0,-0.11819297994276229
118061,0,0,-0.12741219642585622
118062,0,0,-0.13451146293520766
118063,0,0,-0.1311239447604034
118064,0,0,-0.13546948369606965
118065,0,0,-0.10483326959391609
118066,0,0,-0.041774255953247574
118067,0,0,-0.007906179118312096
118068,0,0,-0.006572599589195038
118069,0,0,-0.05689152417125304
118070,0,0,-0.055690695452280836
118071,0,0,-0.055690695452280836
118072,0,0,-0.09831405332530208
118073,0,0,-0.14980474003999789
118074,0,0,-0.14625536750724594
118075,0,0,-0.1224569520117405
118076,0,0,-0.14224052311438373
118077,0,0,-0.13562470883850847
118078,0,0,-0.14914297101762192
118079,0,0,-0.10825346757425036
118080,0,0,-0.02632944101699336
118081,0,0,-0.0760127882281244
118082,0,0,-0.04233324874582389
118083,0,0,-0.024627320218871096
118084,0,0,-0.02644821769480754
118085,0,0,-0.018356070638059996
118086,0,0,-0.13058146395998843
118087,0,0,-0.13164343947231033
118088,0,0,-0.13546948369606965
118089,0,0,-0.13492051371829333
118090,0,0,-0.10483326959391609
118091,0,0,-0.06511549144208123
118092,0,0,-0.05174948276864444
118093,0,0,-0.11819297994276229
118094,0,0,-0.11819297994276229
118095,0,0,-0.11819297994276229
118096,0,0,-0.12426676246137885
118097,0,0,-0.02751048368457437
118098,0,0,-0.07783091284274363
118099,0,0,-0.16034726497518598
118100,0,0,-0.13829640328595583
118101,0,0,-0.1417698101255946
118102,0,0,-0.14425875189839998
118103,0,0,-0.1449930728058409
118104,0,0,-0.06584378185822798
118105,0,0,-0.13735893549438466
118106,0,0,-0.066645213679774
118107,0,0,-0.13880473555453
118108,0,0,-0.07518175418677686
118109,0,0,-0.06606019911782729
118110,0,0,-0.11795090135081254
118111,0,0,-0.08236625938863462
118112,0,0,-0.02644821769480754
118113,0,0,-0.02612771062630026
118114,0,0,-0.1344261637546424
118115,0,0,-0.06974136505040124
118116,0,0,-0.12741219642585622
118117,0,0,-0.12877110598239183
118118,0,0,-0.12667234916583275
118119,0,0,-0.10483326959391609
118120,0,0,-0.041774255953247574
118121,0,0,-0.037603561281375875
118122,0,0,-0.008854705352240477
118123,0,0,-0.006572599589195038
118124,0,0,-0.14827420238356143
118125,0,0,-0.08660558494951476
118126,0,0,-0.11819297994276229
118127,0,0,-0.040032070444653456
118128,0,0,-0.14397477244516615
118129,0,0,-0.15887114036984346
118130,0,0,-0.16040525664625438
118131,0,0,-0.14460081444229572
118132,0,0,-0.15715041169337907
118133,0,0,-0.06138050151599089
118134,0,0,-0.05934245677407329
118135,0,0,-0.05924494729243046
118136,0,0,-0.11812476310075182
118137,0,0,-0.06018804332194466
118138,0,0,-0.1291236605544504
118139,0,0,-0.12969080333328148
118140,0,0,-0.11819297994276229
118141,0,0,-0.12668461937833791
118142,0,0,-0.1332884008374769
118143,0,0,-0.10949023354098197
118144,0,0,-0.06511549144208123
118145,0,0,-0.05964049880050537
118146,0,0,-0.059327868620296764
118147,0,0,-0.05924494729243046
118148,0,0,-0.059327868620296764
118149,0,0,-0.057870058560676396
118150,0,0,-0.0672067550599319
118151,0,0,-0.024627320218871096
118152,0,0,-0.02792385524588703
118153,0,0,-0.08306932109706394
118154,0,0,-0.0841961539765978
118155,0,0,-0.06906540791882843
118156,0,0,-0.051466620227016646
118157,0,0,-0.062122518281721884
118158,0,0,-0.06227937437133041
118159,0,0,-0.1539660847870527
118160,0,0,-0.1595612016107496
118161,0,0,-0.16080551687752315
118162,0,0,-0.1453984961677145
118163,0,0,-0.14806872211708816
118164,0,0,-0.048308645037976494
118165,0,0,-0.11536110234679109
118166,0,0,-0.11819297994276229
118167,0,0,-0.042374755000811004
118168,0,0,-0.1332884008374769
118169,0,0,-0.13381430407159217
118170,0,0,-0.1321426619403563
118171,0,0,-0.024627320218871096
118172,0,0,-0.1295334908931674
118173,0,0,-0.12426676246137885
118174,0,0,-0.10949023354098197
118175,0,0,-0.041774255953247574
118176,0,0,-0.07018944528017418
118177,0,0,-0.13735893549438466
118178,0,0,-0.07086561944426883
118179,0,0,-0.13937296475069422
118180,0,0,-0.08750351427121522
118181,0,0,-0.02612771062630026
118182,0,0,-0.02644821769480754
118183,0,0,-0.037603561281375875
118184,0,0,-0.13815100402597896
118185,0,0,-0.13444587680030656
118186,0,0,-0.1478014908433451
118187,0,0,-0.14485973405061614
118188,0,0,-0.13657772787653522
118189,0,0,-0.111110618676031
118190,0,0,-0.08474740218420235
118191,0,0,-0.032524814978632965
118192,0,0,-0.09639628697104813
118193,0,0,-0.02644821769480754
118194,0,0,-0.13456425997177152
118195,0,0,-0.13024344417157518
118196,0,0,-0.13473149677006224
118197,0,0,-0.1261208183953228
118198,0,0,-0.12317296828406338
118199,0,0,-0.10989747524597965
118200,0,0,-0.04349659641495629
118201,0,0,-0.007856786372152647
118202,0,0,-0.006572599589195038
118203,0,0,-0.15223114031365614
118204,0,0,-0.1368528189555293
118205,0,0,-0.13476087691373728
118206,0,0,-0.1449614491459829
118207,0,0,-0.15588239429752904
118208,0,0,-0.11157123167025224
118209,0,0,-0.07307368556583871
118210,0,0,-0.1286765444732451
118211,0,0,-0.13473149677006224
118212,0,0,-0.133422507317357
118213,0,0,-0.13024344417157518
118214,0,0,-0.10989747524597965
118215,0,0,-0.05633762063235376
118216,0,0,-0.05155725163950281
118217,0,0,-0.12426676246137885
118218,0,0,-0.14778096905480692
118219,0,0,-0.1535541753763217
118220,0,0,-0.1548927241901179
118221,0,0,-0.14596375239594023
118222,0,0,-0.1507659919472638
118223,0,0,-0.08945173866029643
118224,0,0,-0.066645213679774
118225,0,0,-0.13984870279971917
118226,0,0,-0.0671544316479567
118227,0,0,-0.14008340708724004
118228,0,0,-0.11976741575005773
118229,0,0,-0.02612771062630026
118230,0,0,-0.12695201805932727
118231,0,0,-0.1261208183953228
118232,0,0,-0.13156152100734486
118233,0,0,-0.133422507317357
118234,0,0,-0.11004174867505173
118235,0,0,-0.041774255953247574
118236,0,0,-0.03581478146428907
118237,0,0,-0.008854705352240477
118238,0,0,-0.008239010455991291
118239,0,0,-0.006572599589195038
118240,0,0,-0.08826141389400394
118241,0,0,-0.11819297994276229
118242,0,0,-0.11819297994276229
118243,0,0,-0.02751048368457437
118244,0,0,-0.13719588123237764
118245,0,0,-0.1524886515946488
118246,0,0,-0.14818665530335606
118247,0,0,-0.14497344500589915
118248,0,0,-0.15507372175559275
118249,0,0,-0.11560359786147184
118250,0,0,-0.13226530590214103
118251,0,0,-0.13470713215400787
118252,0,0,-0.12928970644385618
118253,0,0,-0.13203369884692456
118254,0,0,-0.101990038930106
118255,0,0,-0.06555640191383755
118256,0,0,-0.07568161463712558
118257,0,0,-0.07431859985097355
118258,0,0,-0.09612119816235942
118259,0,0,-0.09168600131106336
118260,0,0,-0.06689366646111522
118261,0,0,-0.14011754953129807
118262,0,0,-0.15057635298318062
118263,0,0,-0.07090421921560758
118264,0,0,-0.0829310077486678
118265,0,0,-0.13209140741206132
118266,0,0,-0.141461667042859
118267,0,0,-0.14933054463725115
118268,0,0,-0.11001430300967535
118269,0,0,-0.06974136505040124
118270,0,0,-0.050278867068303756
118271,0,0,-0.14622814314388066
118272,0,0,-0.14774538368302503
118273,0,0,-0.09639628697104813
118274,0,0,-0.1286066238056895
118275,0,0,-0.12732784008982762
118276,0,0,-0.126126659494618
118277,0,0,-0.12897978895353884
118278,0,0,-0.12426676246137885
118279,0,0,-0.10949023354098197
118280,0,0,-0.04349659641495629
118281,0,0,-0.06780446142823027
118282,0,0,-0.13880473555453
118283,0,0,-0.06361760802127003
118284,0,0,-0.14000594541415146
118285,0,0,-0.0888119083274907
118286,0,0,-0.06639022259390848
118287,0,0,-0.024627320218871096
118288,0,0,-0.02792385524588703
118289,0,0,-0.08306932109706394
118290,0,0,-0.0841961539765978
118291,0,0,-0.02612771062630026
118292,0,0,-0.038633648161348455
118293,0,0,-0.14019379768801338
118294,0,0,-0.1586532822057079
118295,0,0,-0.14145045180567456
118296,0,0,-0.1452099824158289
118297,0,0,-0.14850089574999342
118298,0,0,-0.11821961138685327
118299,0,0,-0.08474740218420235
118300,0,0,-0.11819297994276229
118301,0,0,-0.11819297994276229
118302,0,0,-0.13097306081223398
118303,0,0,-0.127971798761415
118304,0,0,-0.1267288799872392
118305,0,0,-0.13425096734027153
118306,0,0,-0.10490060206197022
118307,0,0,-0.04349659641495629
118308,0,0,-0.008854705352240477
118309,0,0,-0.006572599589195038
118310,0,0,-0.11819297994276229
118311,0,0,-0.152101955190187
118312,0,0,-0.1377476911987074
118313,0,0,-0.14436719217291338
118314,0,0,-0.1452239600024396
118315,0,0,-0.13826719933861736
118316,0,0,-0.1152581281490116
118317,0,0,-0.032590405948182855
118318,0,0,-0.06635369754896198
118319,0,0,-0.07056977927032138
118320,0,0,-0.1267288799872392
118321,0,0,-0.13510651515430933
118322,0,0,-0.12461461588817974
118323,0,0,-0.051466620227016646
118324,0,0,-0.1267288799872392
118325,0,0,-0.12200703150659231
118326,0,0,-0.10475442655530715
118327,0,0,-0.06408820241613361
118328,0,0,-0.04606753503127364
118329,0,0,-0.12426676246137885
118330,0,0,-0.14028830625142108
118331,0,0,-0.15972003466231538
118332,0,0,-0.15828312758923901
118333,0,0,-0.14497344500589915
118334,0,0,-0.1561305684309866
118335,0,0,-0.08945173866029643
118336,0,0,-0.06601367222041976
118337,0,0,-0.13777185380934764
118338,0,0,-0.06635369754896198
118339,0,0,-0.13664830384733617
118340,0,0,-0.11551451298224824
118341,0,0,-0.13649425453819536
118342,0,0,-0.12579632090334525
118343,0,0,-0.13177148624458085
118344,0,0,-0.13516161680629002
118345,0,0,-0.10943177085458938
118346,0,0,-0.04349659641495629
118347,0,0,-0.03894569674543247
118348,0,0,-0.02612771062630026
118349,0,0,-0.008854705352240477
118350,0,0,-0.008854705352240477
118351,0,0,-0.08826141389400394
118352,0,0,-0.11819297994276229
118353,0,0,-0.14948723803528113
118354,0,0,-0.1285381640267474
118355,0,0,-0.13404775430795912
118356,0,0,-0.14170416712699652
118357,0,0,-0.14653650852363875
118358,0,0,-0.1061769460827785
118359,0,0,-0.0892927466029913
118360,0,0,-0.12905385619412357
118361,0,0,-0.12650432837291886
118362,0,0,-0.1326091707454083
118363,0,0,-0.1217106682678325
118364,0,0,-0.10136877733269095
118365,0,0,-0.06470694739072563
118366,0,0,-0.11819297994276229
118367,0,0,-0.02788500282944384
118368,0,0,-0.056521141827303334
118369,0,0,-0.14381372050038305
118370,0,0,-0.15274644752621563
118371,0,0,-0.15103331668872028
118372,0,0,-0.14488249722006324
118373,0,0,-0.15486653835280456
118374,0,0,-0.11409744948439254
118375,0,0,-0.05144609998221433
118376,0,0,-0.12225279272596473
118377,0,0,-0.12957626624859087
118378,0,0,-0.12555073394223598
118379,0,0,-0.12650432837291886
118380,0,0,-0.12426676246137885
118381,0,0,-0.10136877733269095
118382,0,0,-0.06316641676412754
118383,0,0,-0.06782107347670402
118384,0,0,-0.13880473555453
118385,0,0,-0.06613742666479544
118386,0,0,-0.13868584318979282
118387,0,0,-0.08945173866029643
118388,0,0,-0.038633648161348455
118389,0,0,-0.1389443829536124
118390,0,0,-0.15391510223084082
118391,0,0,-0.15333032051805318
118392,0,0,-0.14497344500589915
118393,0,0,-0.1553924123361068
118394,0,0,-0.02612771062630026
118395,0,0,-0.11685441747112013
118396,0,0,-0.08474740218420235
118397,0,0,-0.11819297994276229
118398,0,0,-0.13375571075151543
118399,0,0,-0.11819297994276229
118400,0,0,-0.13061412323278326
118401,0,0,-0.1267288799872392
118402,0,0,-0.12809143304546644
118403,0,0,-0.10382987845866914
118404,0,0,-0.0634751902948072
118405,0,0,-0.06830998667609717
118406,0,0,-0.024627320218871096
118407,0,0,-0.02792385524588703
118408,0,0,-0.08306932109706394
118409,0,0,-0.0841961539765978
118410,0,0,-0.13806678694628072
118411,0,0,-0.13605971655570165
118412,0,0,-0.1568837148605029
118413,0,0,-0.14497344500589915
118414,0,0,-0.15507372175559275
118415,0,0,-0.11951006853802598
118416,0,0,-0.11819297994276229
118417,0,0,-0.04233324874582389
118418,0,0,-0.024627320218871096
118419,0,0,-0.024627320218871096
118420,0,0,-0.0689766233115155
118421,0,0,-0.13105399212742042
118422,0,0,-0.13108682749306316
118423,0,0,-0.13574706260525143
118424,0,0,-0.13027175431359472
118425,0,0,-0.11061117873347232
118426,0,0,-0.06478593084273165
118427,0,0,-0.024627320218871096
118428,0,0,-0.11819297994276229
118429,0,0,-0.11819297994276229
118430,0,0,-0.04461970640969071
118431,0,0,-0.11819297994276229
118432,0,0,-0.12426676246137885
118433,0,0,-0.1326079974615466
118434,0,0,-0.1528277295734769
118435,0,0,-0.15399584082797857
118436,0,0,-0.14215971348598333
118437,0,0,-0.1512809966471757
118438,0,0,-0.06972821112989319
118439,0,0,-0.14050612847279859
118440,0,0,-0.06584378185822798
118441,0,0,-0.14050612847279859
118442,0,0,-0.08945173866029643
118443,0,0,-0.029762888070925475
118444,0,0,-0.11179257047999552
118445,0,0,-0.13239961925513166
118446,0,0,-0.12317296828406338
118447,0,0,-0.13289192845402048
118448,0,0,-0.13690401074687264
118449,0,0,-0.13083714143153397
118450,0,0,-0.11087454477620623
118451,0,0,-0.06316641676412754
118452,0,0,-0.03894569674543247
118453,0,0,-0.024627320218871096
118454,0,0,-0.007856786372152647
118455,0,0,-0.006572599589195038
118456,0,0,-0.02612771062630026
118457,0,0,-0.08474740218420235
118458,0,0,-0.039720757134857565
118459,0,0,-0.04233324874582389
118460,0,0,-0.11819297994276229
118461,0,0,-0.14018942742252294
118462,0,0,-0.15735670725867063
118463,0,0,-0.15157783622359372
118464,0,0,-0.14454073044698823
118465,0,0,-0.13145366156354477
118466,0,0,-0.05976607060290595
118467,0,0,-0.05992377081714684
118468,0,0,-0.11780284365552834
118469,0,0,-0.06018804332194466
118470,0,0,-0.13381430407159217
118471,0,0,-0.12994126472916057
118472,0,0,-0.13270730531156388
118473,0,0,-0.13381430407159217
118474,0,0,-0.10949023354098197
118475,0,0,-0.06511549144208123
118476,0,0,-0.06902465406994152
118477,0,0,-0.07126028753059532
118478,0,0,-0.051466620227016646
118479,0,0,-0.14032450533652047
118480,0,0,-0.13866301501803702
118481,0,0,-0.15874658050362705
118482,0,0,-0.14454073044698823
118483,0,0,-0.14696391468071757
118484,0,0,-0.11792037092961921
118485,0,0,-0.06138050151599089
118486,0,0,-0.06078657186154618
118487,0,0,-0.05976607060290595
118488,0,0,-0.060063826114955365
118489,0,0,-0.06078657186154618
118490,0,0,-0.04757470905900868
118491,0,0,-0.1255842451398988
118492,0,0,-0.1258765776973344
118493,0,0,-0.13456425997177152
118494,0,0,-0.13187094482354594
118495,0,0,-0.12426676246137885
118496,0,0,-0.11004174867505173
118497,0,0,-0.041774255953247574
118498,0,0,-0.06584378185822798
118499,0,0,-0.14050612847279859
118500,0,0,-0.06935100494730317
118501,0,0,-0.14000594541415146
118502,0,0,-0.048308645037976494
118503,0,0,-0.08989730554716269
118504,0,0,-0.11819297994276229
118505,0,0,-0.02788500282944384
118506,0,0,-0.03581478146428907
118507,0,0,-0.15416127794933687
118508,0,0,-0.13471982745253436
118509,0,0,-0.13850884588124207
118510,0,0,-0.14215971348598333
118511,0,0,-0.15048124621758668
118512,0,0,-0.08474740218420235
118513,0,0,-0.02612771062630026
118514,0,0,-0.11202974205452598
118515,0,0,-0.1326734755835397
118516,0,0,-0.13345433982200916
118517,0,0,-0.1361959886182303
118518,0,0,-0.130834445566832
118519,0,0,-0.1096146310029249
118520,0,0,-0.043759566455879584
118521,0,0,-0.11819297994276229
118522,0,0,-0.008854705352240477
118523,0,0,-0.006572599589195038
118524,0,0,-0.15622569501405487
118525,0,0,-0.14998282465074797
118526,0,0,-0.14215542572864798
118527,0,0,-0.14570178893703278
118528,0,0,-0.15000154361722406
118529,0,0,-0.119245181548926
118530,0,0,-0.11819297994276229
118531,0,0,-0.07879084246565532
118532,0,0,-0.12957820067918313
118533,0,0,-0.1326734755835397
118534,0,0,-0.1318716760419381
118535,0,0,-0.13715074477254974
118536,0,0,-0.1096146310029249
118537,0,0,-0.06382016576772376
118538,0,0,-0.06361760802127003
118539,0,0,-0.024627320218871096
118540,0,0,-0.02792385524588703
118541,0,0,-0.08306932109706394
118542,0,0,-0.0841961539765978
118543,0,0,-0.04762011561330587
118544,0,0,-0.12426676246137885
118545,0,0,-0.12668681204531923
118546,0,0,-0.1461895160556238
118547,0,0,-0.15229786606410983
118548,0,0,-0.14113961113645168
118549,0,0,-0.13681690987224804
118550,0,0,-0.06568479227303603
118551,0,0,-0.13880473555453
118552,0,0,-0.06936232031473594
118553,0,0,-0.13880473555453
118554,0,0,-0.08750351427121522
118555,0,0,-0.11819297994276229
118556,0,0,-0.11088974293930015
118557,0,0,-0.13020190380065466
118558,0,0,-0.12546787514543073
118559,0,0,-0.12930474839396588
118560,0,0,-0.1328576582816524
118561,0,0,-0.10229906893757951
118562,0,0,-0.04349659641495629
118563,0,0,-0.037603561281375875
118564,0,0,-0.008854705352240477
118565,0,0,-0.008239010455991291
118566,0,0,-0.006572599589195038
118567,0,0,-0.08826141389400394
118568,0,0,-0.02612771062630026
118569,0,0,-0.11495622705582809
118570,0,0,-0.1565916493826417
118571,0,0,-0.15730039028736031
118572,0,0,-0.1320666251403947
118573,0,0,-0.14493869103738483
118574,0,0,-0.13548546356429503
118575,0,0,-0.11825404507465237
118576,0,0,-0.032590405948182855
118577,0,0,-0.12317296828406338
118578,0,0,-0.12840794362224295
118579,0,0,-0.12844849126087993
118580,0,0,-0.12872237303605605
118581,0,0,-0.13446727583450985
118582,0,0,-0.10975966814229199
118583,0,0,-0.06478593084273165
118584,0,0,-0.049550374111740125
118585,0,0,-0.13733564641138912
118586,0,0,-0.1581114961235791
118587,0,0,-0.15342214181151576
118588,0,0,-0.14617342321943982
118589,0,0,-0.16002464935495692
118590,0,0,-0.11739625905891699
118591,0,0,-0.11819297994276229
118592,0,0,-0.033412533221270635
118593,0,0,-0.13236007812969852
118594,0,0,-0.12844849126087993
118595,0,0,-0.12567075869173294
118596,0,0,-0.13396816133072614
118597,0,0,-0.12426676246137885
118598,0,0,-0.11002361011058542
118599,0,0,-0.0551035244062924
118600,0,0,-0.06796267506702725
118601,0,0,-0.13805897420223356
118602,0,0,-0.07173577538974651
118603,0,0,-0.13937296475069422
118604,0,0,-0.08766064765965736
118605,0,0,-0.09547608968013471
118606,0,0,-0.047781809930273145
118607,0,0,-0.04839332537163865
118608,0,0,-0.09317567952015698
118609,0,0,-0.07087689501497674
118610,0,0,-0.08151770267634834
118611,0,0,-0.037603561281375875
118612,0,0,-0.13288176858710682
118613,0,0,-0.15135522103903953
118614,0,0,-0.14566628526668274
118615,0,0,-0.14562300164464992
118616,0,0,-0.1390003468893657
118617,0,0,-0.06974136505040124
118618,0,0,-0.02612771062630026
118619,0,0,-0.11880257927174309
118620,0,0,-0.08474740218420235
118621,0,0,-0.14953960683953665
118622,0,0,-0.1496663526819923
118623,0,0,-0.14990330346560904
118624,0,0,-0.12665692666432754
118625,0,0,-0.1314545027214601
118626,0,0,-0.1314545027214601
118627,0,0,-0.13064993977223677
118628,0,0,-0.10943177085458938
118629,0,0,-0.041774255953247574
118630,0,0,-0.11819297994276229
118631,0,0,-0.05191876587439975
118632,0,0,-0.006572599589195038
118633,0,0,-0.11819297994276229
118634,0,0,-0.02788500282944384
118635,0,0,-0.14772063130404606
118636,0,0,-0.15149738182610822
118637,0,0,-0.15484979586596193
118638,0,0,-0.14423158327096997
118639,0,0,-0.14692984057205377
118640,0,0,-0.11546092201280084
118641,0,0,-0.051466620227016646
118642,0,0,-0.13120506550813293
118643,0,0,-0.06745534167004452
118644,0,0,-0.13272128410215617
118645,0,0,-0.13530795751472557
118646,0,0,-0.12595396159858485
118647,0,0,-0.10825320300200603
118648,0,0,-0.06478593084273165
118649,0,0,-0.05344685856841419
118650,0,0,-0.12426676246137885
118651,0,0,-0.1495950955072532
118652,0,0,-0.15410076800656164
118653,0,0,-0.15011803164252652
118654,0,0,-0.14273027104351838
118655,0,0,-0.15318865517032793
118656,0,0,-0.0669400990159153
118657,0,0,-0.14050612847279859
118658,0,0,-0.06635369754896198
118659,0,0,-0.14000594541415146
118660,0,0,-0.08921844263017492
118661,0,0,-0.11825404507465237
118662,0,0,-0.13272128410215617
118663,0,0,-0.11819297994276229
118664,0,0,-0.12914826665846318
118665,0,0,-0.13654525766102577
118666,0,0,-0.13684936919040197
118667,0,0,-0.10863194020972855
118668,0,0,-0.041774255953247574
118669,0,0,-0.03581478146428907
118670,0,0,-0.008854705352240477
118671,0,0,-0.008854705352240477
118672,0,0,-0.09285386608796614
118673,0,0,-0.06635369754896198
118674,0,0,-0.024627320218871096
118675,0,0,-0.02792385524588703
118676,0,0,-0.08306932109706394
118677,0,0,-0.0841961539765978
118678,0,0,-0.02612771062630026
118679,0,0,-0.15011803164252652
118680,0,0,-0.15600152873442424
118681,0,0,-0.15615272630762655
118682,0,0,-0.14273027104351838
118683,0,0,-0.13474708151195713
118684,0,0,-0.11849978391444571
118685,0,0,-0.0892927466029913
118686,0,0,-0.11819297994276229
118687,0,0,-0.11819297994276229
118688,0,0,-0.13522022980680587
118689,0,0,-0.12665692666432754
118690,0,0,-0.12831557667779298
118691,0,0,-0.12579632090334525
118692,0,0,-0.10558657245469993
118693,0,0,-0.06253869849553195
118694,0,0,-0.07548868906735928
118695,0,0,-0.15655058078458373
118696,0,0,-0.11819297994276229
118697,0,0,-0.15631812897963554
118698,0,0,-0.15444856938605456
118699,0,0,-0.14338036467289117
118700,0,0,-0.1377476911987074
118701,0,0,-0.1152581281490116
118702,0,0,-0.031509255946186865
118703,0,0,-0.049624465481491575
118704,0,0,-0.12047010926948831
118705,0,0,-0.13171171843564966
118706,0,0,-0.13665005239408567
118707,0,0,-0.13522022980680587
118708,0,0,-0.13654525766102577
118709,0,0,-0.12426676246137885
118710,0,0,-0.10825320300200603
118711,0,0,-0.0634751902948072
118712,0,0,-0.06636805311740912
118713,0,0,-0.13868584318979282
118714,0,0,-0.06856413752743962
118715,0,0,-0.14050612847279859
118716,0,0,-0.08917387333565924
118717,0,0,-0.13404775430795912
118718,0,0,-0.14604301777440587
118719,0,0,-0.041517777690344315
118720,0,0,-0.14604301777440587
118721,0,0,-0.14170416712699652
118722,0,0,-0.0883191845178341
118723,0,0,-0.1085256245937295
118724,0,0,-0.02612771062630026
118725,0,0,-0.13059810936725158
118726,0,0,-0.13106668073245042
118727,0,0,-0.13141073892408528
118728,0,0,-0.1307621437719561
118729,0,0,-0.10822149433595879
118730,0,0,-0.06103154090259583
118731,0,0,-0.008239010455991291
118732,0,0,-0.006572599589195038
118733,0,0,-0.11819297994276229
118734,0,0,-0.15399069564640733
118735,0,0,-0.15402674270274685
118736,0,0,-0.1508277494113408
118737,0,0,-0.05715681076130047
118738,0,0,-0.13644400106933235
118739,0,0,-0.1364777447733751
118740,0,0,-0.11078984647734208
118741,0,0,-0.029443428471948696
118742,0,0,-0.04358021891446323
118743,0,0,-0.024627320218871096
118744,0,0,-0.024494473206347955
118745,0,0,-0.1358495893565863
118746,0,0,-0.13615428296875676
118747,0,0,-0.06636227493670366
118748,0,0,-0.12577509051663754
118749,0,0,-0.1343626193854473
118750,0,0,-0.10822149433595879
118751,0,0,-0.06478593084273165
118752,0,0,-0.11819297994276229
118753,0,0,-0.11819297994276229
118754,0,0,-0.11819297994276229
118755,0,0,-0.040002155924891536
118756,0,0,-0.02788500282944384
118757,0,0,-0.024627320218871096
118758,0,0,-0.12426676246137885
118759,0,0,-0.15665252017586878
118760,0,0,-0.1338044014389151
118761,0,0,-0.1544237887012076
118762,0,0,-0.13381492016882607
118763,0,0,-0.15665252017586878
118764,0,0,-0.06635369754896198
118765,0,0,-0.14050612847279859
118766,0,0,-0.06643374077535369
118767,0,0,-0.14000594541415146
118768,0,0,-0.08610705711309774
118769,0,0,-0.11521234290546317
118770,0,0,-0.12501284547540564
118771,0,0,-0.13166003702865858
118772,0,0,-0.1276571498333749
118773,0,0,-0.1344633001526197
118774,0,0,-0.10747210644384292
118775,0,0,-0.04208418036375294
118776,0,0,-0.037603561281375875
118777,0,0,-0.08826141389400394
118778,0,0,-0.02612771062630026
118779,0,0,-0.04150515752551953
118780,0,0,-0.04281283445521317
118781,0,0,-0.15114340402796783
118782,0,0,-0.1543626748781441
118783,0,0,-0.14289196820157585
118784,0,0,-0.14310137290853792
118785,0,0,-0.13910219429743875
118786,0,0,-0.05964049880050537
118787,0,0,-0.05992377081714684
118788,0,0,-0.11819297994276229
118789,0,0,-0.11613409117641177
118790,0,0,-0.06018804332194466
118791,0,0,-0.13241272089649253
118792,0,0,-0.13158740931213653
118793,0,0,-0.1288331434083046
118794,0,0,-0.11819297994276229
118795,0,0,-0.13493581569684698
118796,0,0,-0.11214812144762082
118797,0,0,-0.041774255953247574
118798,0,0,-0.007906179118312096
118799,0,0,-0.006572599589195038
118800,0,0,-0.06692422342949811
118801,0,0,-0.024627320218871096
118802,0,0,-0.02792385524588703
118803,0,0,-0.08306932109706394
118804,0,0,-0.0841961539765978
118805,0,0,-0.0584434507084719
118806,0,0,-0.012986938391406966
118807,0,0,-0.051466620227016646
118808,0,0,-0.06881359837549472
118809,0,0,-0.1511379335134143
118810,0,0,-0.13531427832574983
118811,0,0,-0.14548027253492313
118812,0,0,-0.14307380329623287
118813,0,0,-0.14525780686528217
118814,0,0,-0.060580530353226136
118815,0,0,-0.05946811356538484
118816,0,0,-0.05976607060290595
118817,0,0,-0.05946811356538484
118818,0,0,-0.05934245677407329
118819,0,0,-0.11521234290546317
118820,0,0,-0.052680475236304536
118821,0,0,-0.12453115679157345
118822,0,0,-0.1332884008374769
118823,0,0,-0.129454828533498
118824,0,0,-0.1321426619403563
118825,0,0,-0.04874990964087378
118826,0,0,-0.12281607402419564
118827,0,0,-0.10900790188878723
118828,0,0,-0.06318496856305239
118829,0,0,-0.08572723022798157
118830,0,0,-0.008854705352240477
118831,0,0,-0.06664699747023678
118832,0,0,-0.1378655172683379
118833,0,0,-0.06648472382105086
118834,0,0,-0.14008340708724004
118835,0,0,-0.15566265514804
118836,0,0,-0.037603561281375875
118837,0,0,-0.1537576355487838
118838,0,0,-0.15442761935421329
118839,0,0,-0.14338036467289117
118840,0,0,-0.1546857762433042
118841,0,0,-0.11819297994276229
118842,0,0,-0.11564878761656383
118843,0,0,-0.08826141389400394
118844,0,0,-0.08307706917712715
118845,0,0,-0.02612771062630026
118846,0,0,-0.02612771062630026
118847,0,0,-0.02644821769480754
118848,0,0,-0.12609485759928107
118849,0,0,-0.12845127330063694
118850,0,0,-0.1230196500258548
118851,0,0,-0.13240393396251104
118852,0,0,-0.10346560591057574
118853,0,0,-0.05802699038180387
118854,0,0,-0.008239010455991291
118855,0,0,-0.006572599589195038
118856,0,0,-0.06747406290293151
118857,0,0,-0.11819297994276229
118858,0,0,-0.13495528275733654
118859,0,0,-0.1458693671088218
118860,0,0,-0.13189913681565185
118861,0,0,-0.13379783126122125
118862,0,0,-0.15444805452490484
118863,0,0,-0.10739114543417655
118864,0,0,-0.13367424944605616
118865,0,0,-0.125986046593347
118866,0,0,-0.12623901372916674
118867,0,0,-0.1333674789910455
118868,0,0,-0.06480645409744362
118869,0,0,-0.06178807319990265
118870,0,0,-0.1072110386154963
118871,0,0,-0.06369133888934864
118872,0,0,-0.04497313080194393
118873,0,0,-0.12426676246137885
118874,0,0,-0.15399069564640733
118875,0,0,-0.15617226825861924
118876,0,0,-0.13644400106933235
118877,0,0,-0.1555238298692817
118878,0,0,-0.08766064765965736
118879,0,0,-0.06584378185822798
118880,0,0,-0.13805897420223356
118881,0,0,-0.06772544015838222
118882,0,0,-0.14050612847279859
118883,0,0,-0.11175203075809848
118884,0,0,-0.12609485759928107
118885,0,0,-0.13026979000350591
118886,0,0,-0.12681735087188772
118887,0,0,-0.12524336742890846
118888,0,0,-0.10786247089661294
118889,0,0,-0.041774255953247574
118890,0,0,-0.037603561281375875
118891,0,0,-0.008854705352240477
118892,0,0,-0.008239010455991291
118893,0,0,-0.11819297994276229
118894,0,0,-0.09285386608796614
118895,0,0,-0.12094528851645031
118896,0,0,-0.02612771062630026
118897,0,0,-0.02751048368457437
118898,0,0,-0.13404775430795912
118899,0,0,-0.15402674270274685
118900,0,0,-0.15354023345116669
118901,0,0,-0.14113961113645168
118902,0,0,-0.15474191796466386
118903,0,0,-0.11088974293930015
118904,0,0,-0.0892927466029913
118905,0,0,-0.11819297994276229
118906,0,0,-0.042939309321598285
118907,0,0,-0.13284268451384623
118908,0,0,-0.13654525766102577
118909,0,0,-0.13451662737096481
118910,0,0,-0.1312452753422924
118911,0,0,-0.10963099648275104
118912,0,0,-0.06103154090259583
118913,0,0,-0.07248958118070842
118914,0,0,-0.15033372385893118
118915,0,0,-0.15725341295234557
118916,0,0,-0.1350949181589408
118917,0,0,-0.14280970146571131
118918,0,0,-0.15845501506026677
118919,0,0,-0.11864174836439312
118920,0,0,-0.05330321287129153
118921,0,0,-0.13451662737096481
118922,0,0,-0.09639628697104813
118923,0,0,-0.12890030732595192
118924,0,0,-0.12889726854939576
118925,0,0,-0.13109351283958715
118926,0,0,-0.10878294554825962
118927,0,0,-0.06103154090259583
118928,0,0,-0.12426676246137885
118929,0,0,-0.06606019911782729
118930,0,0,-0.140092293824291
118931,0,0,-0.06361760802127003
118932,0,0,-0.13868584318979282
118933,0,0,-0.0869463079896598
118934,0,0,-0.06635369754896198
118935,0,0,-0.024627320218871096
118936,0,0,-0.02792385524588703
118937,0,0,-0.08306932109706394
118938,0,0,-0.0841961539765978
118939,0,0,-0.0439484583562601
118940,0,0,-0.033638033880533935
118941,0,0,-0.14993342538196236
118942,0,0,-0.03894569674543247
118943,0,0,-0.1260356265395074
118944,0,0,-0.14029289261133754
118945,0,0,-0.141461667042859
118946,0,0,-0.14281937611507034
118947,0,0,-0.08660558494951476
118948,0,0,-0.11001430300967535
118949,0,0,-0.02612771062630026
118950,0,0,-0.10342782352993685
118951,0,0,-0.1302748166476464
118952,0,0,-0.137201249317429
118953,0,0,-0.13613718989614243
118954,0,0,-0.13052488304175058
118955,0,0,-0.10886365436157674
118956,0,0,-0.06064344499904151
118957,0,0,-0.008854705352240477
118958,0,0,-0.006572599589195038
118959,0,0,-0.15292160060102966
118960,0,0,-0.15414540802400423
118961,0,0,-0.14876453869533085
118962,0,0,-0.1427680552791445
118963,0,0,-0.15113526488602647
118964,0,0,-0.09639628697104813
118965,0,0,-0.10654981086013121
118966,0,0,-0.06635369754896198
118967,0,0,-0.051466620227016646
118968,0,0,-0.13158538929404417
118969,0,0,-0.1368464787587701
118970,0,0,-0.13613718989614243
118971,0,0,-0.13183284708053827
118972,0,0,-0.07870223191178305
118973,0,0,-0.1093279944332684
118974,0,0,-0.06478593084273165
118975,0,0,-0.04659184492965146
118976,0,0,-0.12426676246137885
118977,0,0,-0.15337216891562022
118978,0,0,-0.08778250935570359
118979,0,0,-0.1507648886109214
118980,0,0,-0.15993362999005944
118981,0,0,-0.14425875189839998
118982,0,0,-0.15338812843065475
118983,0,0,-0.06499800563493485
118984,0,0,-0.14050612847279859
118985,0,0,-0.06813063499198713
118986,0,0,-0.14000594541415146
118987,0,0,-0.11872558245239073
118988,0,0,-0.12495057183168767
118989,0,0,-0.12779117980488042
118990,0,0,-0.1275392631987332
118991,0,0,-0.13073071420421029
118992,0,0,-0.10809165082247685
118993,0,0,-0.04349659641495629
118994,0,0,-0.037603561281375875
118995,0,0,-0.0883191845178341
118996,0,0,-0.08388600835569632
118997,0,0,-0.02612771062630026
118998,0,0,-0.1600181611895729
118999,0,0,-0.15358472358259556
119000,0,0,-0.145183702318967
119001,0,0,-0.16080207438776106
119002,0,0,-0.11817945116858769
119003,0,0,-0.11819297994276229
119004,0,0,-0.13634021069044666
119005,0,0,-0.1282012001972268
119006,0,0,-0.12828345429283272
119007,0,0,-0.13287650557902508
119008,0,0,-0.10975550430074543
119009,0,0,-0.04349659641495629
119010,0,0,-0.007906179118312096
119011,0,0,-0.006238640399226336
119012,0,0,-0.11819297994276229
119013,0,0,-0.02788500282944384
119014,0,0,-0.06745534167004452
119015,0,0,-0.1600181611895729
119016,0,0,-0.15895593567521976
119017,0,0,-0.16043169335635415
119018,0,0,-0.13882445685673378
119019,0,0,-0.15358472358259556
119020,0,0,-0.1142593191115196
119021,0,0,-0.044356984114165665
119022,0,0,-0.13153034008661935
119023,0,0,-0.1282012001972268
119024,0,0,-0.13128095420117752
119025,0,0,-0.13105454988978238
119026,0,0,-0.11046711597727821
119027,0,0,-0.0634751902948072
119028,0,0,-0.12426676246137885
119029,0,0,-0.0888119083274907
119030,0,0,-0.06146806341201838
119031,0,0,-0.13735893549438466
119032,0,0,-0.06689366646111522
119033,0,0,-0.1378655172683379
119034,0,0,-0.04822333812996943
119035,0,0,-0.032524814978632965
119036,0,0,-0.037603561281375875
119037,0,0,-0.15995102217151635
119038,0,0,-0.1452099824158289
119039,0,0,-0.14245416851571313
119040,0,0,-0.09098541950800582
119041,0,0,-0.11819297994276229
119042,0,0,-0.11425530388730115
119043,0,0,-0.12317296828406338
119044,0,0,-0.13245164023288497
119045,0,0,-0.13194977349134906
119046,0,0,-0.13250321057083247
119047,0,0,-0.11819297994276229
119048,0,0,-0.02612771062630026
119049,0,0,-0.12241873070767861
119050,0,0,-0.10229906893757951
119051,0,0,-0.041774255953247574
119052,0,0,-0.06689366646111522
119053,0,0,-0.024627320218871096
119054,0,0,-0.02792385524588703
119055,0,0,-0.08306932109706394
119056,0,0,-0.0841961539765978
119057,0,0,-0.11819297994276229
119058,0,0,-0.032377816086280764
119059,0,0,-0.1565159707922389
119060,0,0,-0.13420559940532173
119061,0,0,-0.14844430005691012
119062,0,0,-0.14462814776917993
119063,0,0,-0.1505247839492479
119064,0,0,-0.11819297994276229
119065,0,0,-0.10430177329368245
119066,0,0,-0.0411948412235264
119067,0,0,-0.03163441284553925
119068,0,0,-0.024627320218871096
119069,0,0,-0.13104561009735827
119070,0,0,-0.13338260790083561
119071,0,0,-0.13316648734653952
119072,0,0,-0.13158740931213653
119073,0,0,-0.07065313886845864
119074,0,0,-0.11214812144762082
119075,0,0,-0.043805355907603594
119076,0,0,-0.11819297994276229
119077,0,0,-0.11819297994276229
119078,0,0,-0.024627320218871096
119079,0,0,-0.04797183033703217
119080,0,0,-0.12426676246137885
119081,0,0,-0.1344550860982645
119082,0,0,-0.0896718433207358
119083,0,0,-0.1315684107588081
119084,0,0,-0.15545156529282028
119085,0,0,-0.14348021442319664
119086,0,0,-0.15541116232285984
119087,0,0,-0.11819297994276229
119088,0,0,-0.06796267506702725
119089,0,0,-0.1378655172683379
119090,0,0,-0.07018944528017418
119091,0,0,-0.14050612847279859
119092,0,0,-0.11825404507465237
119093,0,0,-0.13557424231738652
119094,0,0,-0.13158740931213653
119095,0,0,-0.1292230217498943
119096,0,0,-0.1294737995333473
119097,0,0,-0.11200462731638833
119098,0,0,-0.041774255953247574
119099,0,0,-0.037603561281375875
119100,0,0,-0.08826141389400394
119101,0,0,-0.024627320218871096
119102,0,0,-0.12249819396253825
119103,0,0,-0.02612771062630026
119104,0,0,-0.03778359443244245
119105,0,0,-0.14628006067056587
119106,0,0,-0.15583029814844357
119107,0,0,-0.13453896559980666
119108,0,0,-0.14313707333070314
119109,0,0,-0.1557293477360593
119110,0,0,-0.057870058560676396
119111,0,0,-0.057870058560676396
119112,0,0,-0.05964049880050537
119113,0,0,-0.11721950944504511
119114,0,0,-0.11819297994276229
119115,0,0,-0.06018804332194466
119116,0,0,-0.13052632426017524
119117,0,0,-0.13187094482354594
119118,0,0,-0.12970306927902941
119119,0,0,-0.12969027187999627
119120,0,0,-0.11004174867505173
119121,0,0,-0.04349659641495629
119122,0,0,-0.008239010455991291
119123,0,0,-0.006238640399226336
119124,0,0,-0.04930904839629213
119125,0,0,-0.04930904839629213
119126,0,0,-0.06702003400325335
119127,0,0,-0.051466620227016646
119128,0,0,-0.07026980795097348
119129,0,0,-0.14708555547211144
119130,0,0,-0.1549020759390331
119131,0,0,-0.15619399782538035
119132,0,0,-0.13504915558442843
119133,0,0,-0.15642306867892763
119134,0,0,-0.14774538368302503
119135,0,0,-0.11903491358071383
119136,0,0,-0.05934245677407329
119137,0,0,-0.06138050151599089
119138,0,0,-0.057271375455510476
119139,0,0,-0.05946811356538484
119140,0,0,-0.060580530353226136
119141,0,0,-0.04091514816763514
119142,0,0,-0.13309165351102292
119143,0,0,-0.12498180860839253
119144,0,0,-0.13031145633027164
119145,0,0,-0.13309165351102292
119146,0,0,-0.10173770564463264
119147,0,0,-0.06369133888934864
119148,0,0,-0.12426676246137885
119149,0,0,-0.08989730554716269
119150,0,0,-0.06971396680089381
119151,0,0,-0.14050612847279859
119152,0,0,-0.07002261791469255
119153,0,0,-0.13868584318979282
119154,0,0,-0.04930904839629213
119155,0,0,-0.11819297994276229
119156,0,0,-0.048308645037976494
119157,0,0,-0.02751048368457437
119158,0,0,-0.15578376556440549
119159,0,0,-0.037603561281375875
119160,0,0,-0.1344412569711596
119161,0,0,-0.15545503746933226
119162,0,0,-0.14376451436041432
119163,0,0,-0.1532095302242999
119164,0,0,-0.11231058378547953
119165,0,0,-0.08826141389400394
119166,0,0,-0.12317296828406338
119167,0,0,-0.1302186086754264
119168,0,0,-0.13295572535718103
119169,0,0,-0.13295572535718103
119170,0,0,-0.127388353229983
119171,0,0,-0.10456581472400195
119172,0,0,-0.04841879353231937
119173,0,0,-0.02612771062630026
119174,0,0,-0.11819297994276229
119175,0,0,-0.15163493722515736
119176,0,0,-0.14889216939062033
119177,0,0,-0.13874863776277296
119178,0,0,-0.14273027104351838
119179,0,0,-0.15464492555521636
119180,0,0,-0.11506285916701159
119181,0,0,-0.13318675206619685
119182,0,0,-0.13398096160337175
119183,0,0,-0.13058146395998843
119184,0,0,-0.13318675206619685
119185,0,0,-0.11819297994276229
119186,0,0,-0.07115734581244865
119187,0,0,-0.1056345493223605
119188,0,0,-0.041774255953247574
119189,0,0,-0.06664644812716836
119190,0,0,-0.024627320218871096
119191,0,0,-0.02792385524588703
119192,0,0,-0.08306932109706394
119193,0,0,-0.0841961539765978
119194,0,0,-0.03269047017046023
119195,0,0,-0.042374755000811004
119196,0,0,-0.12426676246137885
119197,0,0,-0.16127425077959334
119198,0,0,-0.08782744320040353
119199,0,0,-0.1581114961235791
119200,0,0,-0.15377352201464334
119201,0,0,-0.1453984961677145
119202,0,0,-0.1518637348312597
119203,0,0,-0.11819297994276229
119204,0,0,-0.0669400990159153
119205,0,0,-0.14000594541415146
119206,0,0,-0.06936232031473594
119207,0,0,-0.13735893549438466
119208,0,0,-0.11536110234679109
119209,0,0,-0.13369062928827785
119210,0,0,-0.12926211005319915
119211,0,0,-0.13499866132041316
119212,0,0,-0.1307965645562113
119213,0,0,-0.11018280388695212
119214,0,0,-0.04349659641495629
119215,0,0,-0.037290604319540566
119216,0,0,-0.08826141389400394
119217,0,0,-0.13929185139090333
119218,0,0,-0.02612771062630026
119219,0,0,-0.14825932358301008
119220,0,0,-0.13550592602464923
119221,0,0,-0.14273027104351838
119222,0,0,-0.15432199652465667
119223,0,0,-0.11849978391444571
119224,0,0,-0.09639628697104813
119225,0,0,-0.13062892455900516
119226,0,0,-0.1311491164166695
119227,0,0,-0.13225132071047552
119228,0,0,-0.13248279078912978
119229,0,0,-0.10975949468937835
119230,0,0,-0.04349659641495629
119231,0,0,-0.05100834532669646
119232,0,0,-0.006572599589195038
119233,0,0,-0.11895925703160332
119234,0,0,-0.08050399922254342
119235,0,0,-0.1567765312866803
119236,0,0,-0.15583029814844357
119237,0,0,-0.14898371797712112
119238,0,0,-0.14307380329623287
119239,0,0,-0.13834387617477217
119240,0,0,-0.11799567359026675
119241,0,0,-0.11819297994276229
119242,0,0,-0.05144609998221433
119243,0,0,-0.1270845563006393
119244,0,0,-0.1344714230273954
119245,0,0,-0.13248279078912978
119246,0,0,-0.1302799034880323
119247,0,0,-0.1095603346405421
119248,0,0,-0.06555640191383755
119249,0,0,-0.12281607402419564
119250,0,0,-0.07083088456228215
119251,0,0,-0.13959917653677856
119252,0,0,-0.06909588622258339
119253,0,0,-0.13868584318979282
119254,0,0,-0.08989730554716269
119255,0,0,-0.15512914540724104
119256,0,0,-0.037603561281375875
119257,0,0,-0.15682469897364432
119258,0,0,-0.15295422410808596
119259,0,0,-0.14488249722006324
119260,0,0,-0.13210078737407205
119261,0,0,-0.11582382733204588
119262,0,0,-0.08474740218420235
119263,0,0,-0.1313214275327566
119264,0,0,-0.13480094411485255
119265,0,0,-0.13226530590214103
119266,0,0,-0.12783971965529167
119267,0,0,-0.1041375648344176
119268,0,0,-0.04349659641495629
119269,0,0,-0.02612771062630026
119270,0,0,-0.11819297994276229
119271,0,0,-0.02751048368457437
119272,0,0,-0.11819297994276229
119273,0,0,-0.16127425077959334
119274,0,0,-0.14217565751864808
119275,0,0,-0.1454773333735475
119276,0,0,-0.14110675263463995
119277,0,0,-0.1181090260132735
119278,0,0,-0.048546304637694826
119279,0,0,-0.06361760802127003
119280,0,0,-0.051466620227016646
119281,0,0,-0.12461461588817974
119282,0,0,-0.13375571075151543
119283,0,0,-0.1335577058443393
119284,0,0,-0.13470713215400787
119285,0,0,-0.0777939214147052
119286,0,0,-0.06648010012882927
119287,0,0,-0.1034485267258991
119288,0,0,-0.043805355907603594
119289,0,0,-0.03957874580395271
119290,0,0,-0.12426676246137885
119291,0,0,-0.1572796016411815
119292,0,0,-0.14729267582124128
119293,0,0,-0.1572796016411815
119294,0,0,-0.08750351427121522
119295,0,0,-0.14441234421079263
119296,0,0,-0.1550808175733876
119297,0,0,-0.06584378185822798
119298,0,0,-0.14000594541415146
119299,0,0,-0.0712018433052456
119300,0,0,-0.13735893549438466
119301,0,0,-0.11748180091271787
119302,0,0,-0.12884431523645506
119303,0,0,-0.12872065501145957
119304,0,0,-0.13079304607596764
119305,0,0,-0.1310524153296903
119306,0,0,-0.11819297994276229
119307,0,0,-0.09946033873123572
119308,0,0,-0.04349659641495629
119309,0,0,-0.037603561281375875
119310,0,0,-0.06324468310456577
119311,0,0,-0.024627320218871096
119312,0,0,-0.02792385524588703
119313,0,0,-0.008854705352240477
119314,0,0,-0.008522290726257209
119315,0,0,-0.08306932109706394
119316,0,0,-0.0841961539765978
119317,0,0,-0.0883191845178341
119318,0,0,-0.03269047017046023
119319,0,0,-0.15396702069661822
119320,0,0,-0.14526591763727903
119321,0,0,-0.15309048626459637
119322,0,0,-0.14113961113645168
119323,0,0,-0.15309048626459637
119324,0,0,-0.10300238834622988
119325,0,0,-0.02612771062630026
119326,0,0,-0.0892927466029913
119327,0,0,-0.10167052394666526
119328,0,0,-0.13226530590214103
119329,0,0,-0.13226530590214103
119330,0,0,-0.11819297994276229
119331,0,0,-0.1313214275327566
119332,0,0,-0.10255518731556273
119333,0,0,-0.06085048258124326
119334,0,0,-0.08050399922254342
119335,0,0,-0.13644751154532908
119336,0,0,-0.1562908623474712
119337,0,0,-0.15648864403083312
119338,0,0,-0.1434176972340535
119339,0,0,-0.1566984279946445
119340,0,0,-0.11819297994276229
119341,0,0,-0.11703714882225008
119342,0,0,-0.04720496951011954
119343,0,0,-0.13480094411485255
119344,0,0,-0.12883956927278323
119345,0,0,-0.13470713215400787
119346,0,0,-0.13470713215400787
119347,0,0,-0.10519458804177556
119348,0,0,-0.06316641676412754
119349,0,0,-0.12426676246137885
119350,0,0,-0.06635369754896198
119351,0,0,-0.13868584318979282
119352,0,0,-0.06748515989722731
119353,0,0,-0.14050612847279859
119354,0,0,-0.08750351427121522
119355,0,0,-0.11222524338036644
119356,0,0,-0.09843216369560703
119357,0,0,-0.05608736905049183
119358,0,0,-0.050294277912514396
119359,0,0,-0.05327603822473015
119360,0,0,-0.02800765874634953
119361,0,0,-0.12138470746865265
119362,0,0,-0.14656826390307637
119363,0,0,-0.037603561281375875
119364,0,0,-0.13917323878049825
119365,0,0,-0.15707527606584842
119366,0,0,-0.14333032071157897
119367,0,0,-0.15440099764744364
119368,0,0,-0.11347465971324855
119369,0,0,-0.0883191845178341
119370,0,0,-0.12003320545050156
119371,0,0,-0.13443169873796335
119372,0,0,-0.1291804431617093
119373,0,0,-0.13053694369401853
119374,0,0,-0.12707169233405435
119375,0,0,-0.10861607695106473
119376,0,0,-0.06316641676412754
119377,0,0,-0.02612771062630026
119378,0,0,-0.11819297994276229
119379,0,0,-0.15962119841895522
119380,0,0,-0.15995102217151635
119381,0,0,-0.15794754334556138
119382,0,0,-0.13850361157061636
119383,0,0,-0.1608339791586172
119384,0,0,-0.11055381643631651
119385,0,0,-0.0411948412235264
119386,0,0,-0.030039756519928296
119387,0,0,-0.024627320218871096
119388,0,0,-0.12707169233405435
119389,0,0,-0.13473757873411596
119390,0,0,-0.12465258668001944
119391,0,0,-0.1319115103457506
119392,0,0,-0.06577509104476276
119393,0,0,-0.10808610844994909
119394,0,0,-0.06064344499904151
119395,0,0,-0.11819297994276229
119396,0,0,-0.11819297994276229
119397,0,0,-0.11819297994276229
119398,0,0,-0.04606753503127364
119399,0,0,-0.02788500282944384
119400,0,0,-0.024627320218871096
119401,0,0,-0.12426676246137885
119402,0,0,-0.1526499652603006
119403,0,0,-0.15348439640014033
119404,0,0,-0.1535204962024529
119405,0,0,-0.08921844263017492
119406,0,0,-0.14113961113645168
119407,0,0,-0.15547237232397493
119408,0,0,-0.06635369754896198
119409,0,0,-0.14000594541415146
119410,0,0,-0.06840549067354651
119411,0,0,-0.13777185380934764
119412,0,0,-0.1088124372930041
119413,0,0,-0.1319115103457506
119414,0,0,-0.13018783570974318
119415,0,0,-0.13058548804061293
119416,0,0,-0.13304001174670993
119417,0,0,-0.10782085515098239
119418,0,0,-0.06103154090259583
119419,0,0,-0.03581478146428907
119420,0,0,-0.04654119235543186
119421,0,0,-0.006572599589195038
119422,0,0,-0.08660558494951476
119423,0,0,-0.024627320218871096
119424,0,0,-0.1535204962024529
119425,0,0,-0.1496824773178584
119426,0,0,-0.14925171978879476
119427,0,0,-0.14113961113645168
119428,0,0,-0.15348439640014033
119429,0,0,-0.05976607060290595
119430,0,0,-0.060063826114955365
119431,0,0,-0.057870058560676396
119432,0,0,-0.060580530353226136
119433,0,0,-0.02612771062630026
119434,0,0,-0.10167052394666526
119435,0,0,-0.06018804332194466
119436,0,0,-0.1261512881552519
119437,0,0,-0.13423489224108287
119438,0,0,-0.11819297994276229
119439,0,0,-0.12601856272335876
119440,0,0,-0.12361736295691694
119441,0,0,-0.11819297994276229
119442,0,0,-0.10414918197467177
119443,0,0,-0.060981615227406916
119444,0,0,-0.0686856231840024
119445,0,0,-0.024627320218871096
119446,0,0,-0.02792385524588703
119447,0,0,-0.08306932109706394
119448,0,0,-0.0841961539765978
119449,0,0,-0.06801781229127951
119450,0,0,-0.051466620227016646
119451,0,0,-0.033638033880533935
119452,0,0,-0.06828908503027697
119453,0,0,-0.1579996011126194
119454,0,0,-0.15674216743847658
119455,0,0,-0.15765283481671466
119456,0,0,-0.14454073044698823
119457,0,0,-0.1534440764432386
119458,0,0,-0.11819297994276229
119459,0,0,-0.060063826114955365
119460,0,0,-0.06078657186154618
119461,0,0,-0.06138050151599089
119462,0,0,-0.05946811356538484
119463,0,0,-0.05964049880050537
119464,0,0,-0.1073263648412962
119465,0,0,-0.05300088167309114
119466,0,0,-0.12850851286337822
119467,0,0,-0.12868974863015004
119468,0,0,-0.1277892937332447
119469,0,0,-0.1301827858038626
119470,0,0,-0.04874990964087378
119471,0,0,-0.10555464794694547
119472,0,0,-0.041774255953247574
119473,0,0,-0.12281607402419564
119474,0,0,-0.006572599589195038
119475,0,0,-0.006572599589195038
119476,0,0,-0.07794316620250608
119477,0,0,-0.06584378185822798
119478,0,0,-0.13936545634366254
119479,0,0,-0.06936232031473594
119480,0,0,-0.14050612847279859
119481,0,0,-0.1530566972674433
119482,0,0,-0.03581478146428907
119483,0,0,-0.15437122354420313
119484,0,0,-0.1497300468636062
119485,0,0,-0.14423158327096997
119486,0,0,-0.14852681717835003
119487,0,0,-0.10666452080132022
119488,0,0,-0.11819297994276229
119489,0,0,-0.08826141389400394
119490,0,0,-0.12138470746865265
119491,0,0,-0.02644821769480754
119492,0,0,-0.02644821769480754
119493,0,0,-0.1267954076297071
119494,0,0,-0.13018783570974318
119495,0,0,-0.1291804431617093
119496,0,0,-0.13304001174670993
119497,0,0,-0.10755542232453758
119498,0,0,-0.06103154090259583
119499,0,0,-0.02612771062630026
119500,0,0,-0.11982228660131705
119501,0,0,-0.11819297994276229
119502,0,0,-0.15746123890186509
119503,0,0,-0.1552165720582735
119504,0,0,-0.14915955690979787
119505,0,0,-0.14423158327096997
119506,0,0,-0.15614297319977288
119507,0,0,-0.09754686905499382
119508,0,0,-0.07431859985097355
119509,0,0,-0.0470164814922992
119510,0,0,-0.06928610049394562
119511,0,0,-0.09612119816235942
119512,0,0,-0.09325641923146027
119513,0,0,-0.07090421921560758
119514,0,0,-0.0829310077486678
119515,0,0,-0.12963016692662316
119516,0,0,-0.13053694369401853
119517,0,0,-0.13058548804061293
119518,0,0,-0.13058548804061293
119519,0,0,-0.10755542232453758
119520,0,0,-0.050673019767140226
119521,0,0,-0.07926590776965803
119522,0,0,-0.06974136505040124
119523,0,0,-0.14990330346560904
119524,0,0,-0.14694548647159872
119525,0,0,-0.14850363367078828
119526,0,0,-0.14694548647159872
119527,0,0,-0.04757470905900868
119528,0,0,-0.1579350157560706
119529,0,0,-0.12426676246137885
119530,0,0,-0.15532565381684643
119531,0,0,-0.1507916136724975
119532,0,0,-0.14497344500589915
119533,0,0,-0.15570622086516422
119534,0,0,-0.0866667469513338
119535,0,0,-0.06601367222041976
119536,0,0,-0.13777185380934764
119537,0,0,-0.06721713747132485
119538,0,0,-0.13868584318979282
119539,0,0,-0.1024431293023444
119540,0,0,-0.13480094411485255
119541,0,0,-0.13097306081223398
119542,0,0,-0.13226530590214103
119543,0,0,-0.13226530590214103
119544,0,0,-0.10195759665983545
119545,0,0,-0.04960795834944254
119546,0,0,-0.037603561281375875
119547,0,0,-0.09285386608796614
119548,0,0,-0.11819297994276229
119549,0,0,-0.02751048368457437
119550,0,0,-0.15223566204140881
119551,0,0,-0.14724373177756733
119552,0,0,-0.15948111972021217
119553,0,0,-0.14562300164464992
119554,0,0,-0.15311783512040866
119555,0,0,-0.11058941436016767
119556,0,0,-0.042939309321598285
119557,0,0,-0.02612771062630026
119558,0,0,-0.131842596344048
119559,0,0,-0.13319744402012562
119560,0,0,-0.12826386905119025
119561,0,0,-0.12863406035221514
119562,0,0,-0.1020070733272831
119563,0,0,-0.04960795834944254
119564,0,0,-0.11819297994276229
119565,0,0,-0.07413123509630964
119566,0,0,-0.15897518609301708
119567,0,0,-0.15461567790904024
119568,0,0,-0.15836311086426808
119569,0,0,-0.1447331576188905
119570,0,0,-0.15488770493568838
119571,0,0,-0.11185655004097306
119572,0,0,-0.04742140055879185
119573,0,0,-0.12498180860839253
119574,0,0,-0.1275546208479128
119575,0,0,-0.12634958232312
119576,0,0,-0.12924585404773453
119577,0,0,-0.09639628697104813
119578,0,0,-0.10266713627604024
119579,0,0,-0.0418919342857374
119580,0,0,-0.12426676246137885
119581,0,0,-0.06606019911782729
119582,0,0,-0.024627320218871096
119583,0,0,-0.02792385524588703
119584,0,0,-0.007906179118312096
119585,0,0,-0.04701153416423076
119586,0,0,-0.08306932109706394
119587,0,0,-0.0841961539765978
119588,0,0,-0.06979197318768571
119589,0,0,-0.14050612847279859
119590,0,0,-0.06554993830837702
119591,0,0,-0.14050612847279859
119592,0,0,-0.07457382385362721
119593,0,0,-0.033638033880533935
119594,0,0,-0.042939309321598285
119595,0,0,-0.042939309321598285
119596,0,0,-0.15155662201431402
119597,0,0,-0.03581478146428907
119598,0,0,-0.11819297994276229
119599,0,0,-0.15357087647227063
119600,0,0,-0.14170416712699652
119601,0,0,-0.15309048626459637
119602,0,0,-0.10167052394666526
119603,0,0,-0.09285386608796614
119604,0,0,-0.13649425453819536
119605,0,0,-0.13565497224803236
119606,0,0,-0.13649425453819536
119607,0,0,-0.13451662737096481
119608,0,0,-0.10957621651728011
119609,0,0,-0.06369133888934864
119610,0,0,-0.02612771062630026
119611,0,0,-0.1594682754662302
119612,0,0,-0.15420265750797318
119613,0,0,-0.1510650626103195
119614,0,0,-0.14454073044698823
119615,0,0,-0.13657772787653522
119616,0,0,-0.10555974352221709
119617,0,0,-0.11495622705582809
119618,0,0,-0.06725315404906362
119619,0,0,-0.051466620227016646
119620,0,0,-0.13506112837837242
119621,0,0,-0.13559006413614627
119622,0,0,-0.13109351283958715
119623,0,0,-0.12649000501529012
119624,0,0,-0.10957621651728011
119625,0,0,-0.05660603586169893
119626,0,0,-0.07556685879636743
119627,0,0,-0.04711508846031354
119628,0,0,-0.1202132376511475
119629,0,0,-0.13557424231738652
119630,0,0,-0.1515628901291312
119631,0,0,-0.12426676246137885
119632,0,0,-0.14000573636428731
119633,0,0,-0.134600219058998
119634,0,0,-0.14000573636428731
119635,0,0,-0.01950683209780879
119636,0,0,-0.06601367222041976
119637,0,0,-0.1378655172683379
119638,0,0,-0.06885594240109605
119639,0,0,-0.13959917653677856
119640,0,0,-0.0846045465814998
119641,0,0,-0.09381640290205034
119642,0,0,-0.02644821769480754
119643,0,0,-0.13306381759216912
119644,0,0,-0.1279065028429512
119645,0,0,-0.12767887390480454
119646,0,0,-0.1364588571082101
119647,0,0,-0.11055653631567891
119648,0,0,-0.043805355907603594
119649,0,0,-0.037290604319540566
119650,0,0,-0.008239010455991291
119651,0,0,-0.006238640399226336
119652,0,0,-0.0883191845178341
119653,0,0,-0.12138470746865265
119654,0,0,-0.02644821769480754
119655,0,0,-0.1487441727219368
119656,0,0,-0.15705680815618672
119657,0,0,-0.13609303313870874
119658,0,0,-0.1399177373694982
119659,0,0,-0.14939685046852708
119660,0,0,-0.09657649169198762
119661,0,0,-0.02612771062630026
119662,0,0,-0.13707017678938999
119663,0,0,-0.13108682749306316
119664,0,0,-0.1313035315203589
119665,0,0,-0.1374247288138184
119666,0,0,-0.11054680321201632
119667,0,0,-0.06511549144208123
119668,0,0,-0.11819297994276229
119669,0,0,-0.11819297994276229
119670,0,0,-0.02788500282944384
119671,0,0,-0.07635642555165967
119672,0,0,-0.15660428339298937
119673,0,0,-0.14658051628558483
119674,0,0,-0.1352861561719868
119675,0,0,-0.14441234421079263
119676,0,0,-0.158409404630736
119677,0,0,-0.10167509127780722
119678,0,0,-0.046898510927806725
119679,0,0,-0.13667505877327835
119680,0,0,-0.12851462942455094
119681,0,0,-0.13108682749306316
119682,0,0,-0.13722572780612308
119683,0,0,-0.11125697195328393
119684,0,0,-0.06144436759200861
119685,0,0,-0.12426676246137885
119686,0,0,-0.06584378185822798
119687,0,0,-0.14008340708724004
119688,0,0,-0.07173577538974651
119689,0,0,-0.13868584318979282
119690,0,0,-0.08332787217076215
119691,0,0,-0.14692910192542413
119692,0,0,-0.037603561281375875
119693,0,0,-0.13310040735451933
119694,0,0,-0.13628829378041074
119695,0,0,-0.1408967289522095
119696,0,0,-0.14944748156788712
119697,0,0,-0.09743621628974514
119698,0,0,-0.11222524338036644
119699,0,0,-0.09843216369560703
119700,0,0,-0.08826141389400394
119701,0,0,-0.05608736905049183
119702,0,0,-0.050911144833651945
119703,0,0,-0.04822333812996943
119704,0,0,-0.029762888070925475
119705,0,0,-0.13504822682425371
119706,0,0,-0.13454990557657498
119707,0,0,-0.13509943283776754
119708,0,0,-0.1311656666786088
119709,0,0,-0.11819297994276229
119710,0,0,-0.1054616176361517
119711,0,0,-0.06144436759200861
119712,0,0,-0.06606019911782729
119713,0,0,-0.024627320218871096
119714,0,0,-0.02792385524588703
119715,0,0,-0.08306932109706394
119716,0,0,-0.0841961539765978
119717,0,0,-0.12003320545050156
119718,0,0,-0.033638033880533935
119719,0,0,-0.02612771062630026
119720,0,0,-0.14853718362714585
119721,0,0,-0.11819297994276229
119722,0,0,-0.14414967883354285
119723,0,0,-0.14224052311438373
119724,0,0,-0.141461667042859
119725,0,0,-0.13859476830316758
119726,0,0,-0.09221673435325561
119727,0,0,-0.11819297994276229
119728,0,0,-0.040032070444653456
119729,0,0,-0.030039756519928296
119730,0,0,-0.024627320218871096
119731,0,0,-0.1361971425252103
119732,0,0,-0.12767887390480454
119733,0,0,-0.1313302948788087
119734,0,0,-0.13715074477254974
119735,0,0,-0.11055653631567891
119736,0,0,-0.06059641574985608
119737,0,0,-0.07686482314100146
119738,0,0,-0.11819297994276229
119739,0,0,-0.11819297994276229
119740,0,0,-0.024627320218871096
119741,0,0,-0.04720496951011954
119742,0,0,-0.15134043118838125
119743,0,0,-0.14644457480918194
119744,0,0,-0.14644457480918194
119745,0,0,-0.14342164689927311
119746,0,0,-0.1554399935173401
119747,0,0,-0.12426676246137885
119748,0,0,-0.06635369754896198
119749,0,0,-0.13732138602179567
119750,0,0,-0.06971396680089381
119751,0,0,-0.13959917653677856
119752,0,0,-0.11819297994276229
119753,0,0,-0.10025754155710626
119754,0,0,-0.07783091284274363
119755,0,0,-0.12843974808303532
119756,0,0,-0.1313302948788087
119757,0,0,-0.1321430344848103
119758,0,0,-0.13715074477254974
119759,0,0,-0.10809211881083519
119760,0,0,-0.041774255953247574
119761,0,0,-0.037290604319540566
119762,0,0,-0.008239010455991291
119763,0,0,-0.008854705352240477
119764,0,0,-0.0883191845178341
119765,0,0,-0.024627320218871096
119766,0,0,-0.02644821769480754
119767,0,0,-0.12317296828406338
119768,0,0,-0.04358021891446323
119769,0,0,-0.15160976024955708
119770,0,0,-0.13741164458160193
119771,0,0,-0.15084715886813843
119772,0,0,-0.1329427655184104
119773,0,0,-0.15727033046751526
119774,0,0,-0.05992377081714684
119775,0,0,-0.057870058560676396
119776,0,0,-0.05962592051353588
119777,0,0,-0.0892927466029913
119778,0,0,-0.10962924741328872
119779,0,0,-0.02612771062630026
119780,0,0,-0.06018804332194466
119781,0,0,-0.13284332434631874
119782,0,0,-0.1286861663309276
119783,0,0,-0.13006124548571413
119784,0,0,-0.12899492198730045
119785,0,0,-0.10173770564463264
119786,0,0,-0.0634751902948072
119787,0,0,-0.06689366646111522
119788,0,0,-0.051466620227016646
119789,0,0,-0.11819297994276229
119790,0,0,-0.05757081827328858
119791,0,0,-0.05946811356538484
119792,0,0,-0.05816909645465684
119793,0,0,-0.06138050151599089
119794,0,0,-0.060580530353226136
119795,0,0,-0.15746452069314965
119796,0,0,-0.15849257772571662
119797,0,0,-0.16142894459775214
119798,0,0,-0.145183702318967
119799,0,0,-0.15968840255716893
119800,0,0,-0.06886415167293014
119801,0,0,-0.11185655004097306
119802,0,0,-0.048308645037976494
119803,0,0,-0.13083553855750574
119804,0,0,-0.12890989307793832
119805,0,0,-0.13126041874859878
119806,0,0,-0.13381430407159217
119807,0,0,-0.10949023354098197
119808,0,0,-0.06478593084273165
119809,0,0,-0.03989015516417471
119810,0,0,-0.06731288324288165
119811,0,0,-0.14050612847279859
119812,0,0,-0.0712018433052456
119813,0,0,-0.13805897420223356
119814,0,0,-0.12426676246137885
119815,0,0,-0.11819297994276229
119816,0,0,-0.08945173866029643
119817,0,0,-0.02788500282944384
119818,0,0,-0.037603561281375875
119819,0,0,-0.15190648640802373
119820,0,0,-0.15607677593572172
119821,0,0,-0.1588530463913782
119822,0,0,-0.1448685061803861
119823,0,0,-0.15911870338923856
119824,0,0,-0.0883191845178341
119825,0,0,-0.10729159640800595
119826,0,0,-0.12138470746865265
119827,0,0,-0.13448427747628533
119828,0,0,-0.13428366258913993
119829,0,0,-0.12997068445071241
119830,0,0,-0.1285648308360004
119831,0,0,-0.10949023354098197
119832,0,0,-0.041774255953247574
119833,0,0,-0.007906179118312096
119834,0,0,-0.006238640399226336
119835,0,0,-0.02612771062630026
119836,0,0,-0.15130210722998044
119837,0,0,-0.15837253854868116
119838,0,0,-0.16122512546002732
119839,0,0,-0.1448685061803861
119840,0,0,-0.048456689846573864
119841,0,0,-0.09644259314288922
119842,0,0,-0.04930904839629213
119843,0,0,-0.04930904839629213
119844,0,0,-0.09317567952015698
119845,0,0,-0.11034491310224748
119846,0,0,-0.06554993830837702
119847,0,0,-0.08151770267634834
119848,0,0,-0.11819297994276229
119849,0,0,-0.06974136505040124
119850,0,0,-0.12695201805932727
119851,0,0,-0.12695201805932727
119852,0,0,-0.1258765776973344
119853,0,0,-0.13126156291114832
119854,0,0,-0.11819297994276229
119855,0,0,-0.10949023354098197
119856,0,0,-0.06478593084273165
119857,0,0,-0.06782107347670402
119858,0,0,-0.024627320218871096
119859,0,0,-0.02792385524588703
119860,0,0,-0.14670653379233006
119861,0,0,-0.08306932109706394
119862,0,0,-0.0841961539765978
119863,0,0,-0.0624773301614816
119864,0,0,-0.033638033880533935
119865,0,0,-0.033412533221270635
119866,0,0,-0.11819297994276229
119867,0,0,-0.15436334468789253
119868,0,0,-0.15007936921752096
119869,0,0,-0.15901569278370464
119870,0,0,-0.14204994813817828
119871,0,0,-0.15711059253419002
119872,0,0,-0.06584378185822798
119873,0,0,-0.13892448810853214
119874,0,0,-0.06936232031473594
119875,0,0,-0.14050612847279859
119876,0,0,-0.12426676246137885
119877,0,0,-0.10075111796338992
119878,0,0,-0.13372567892374382
119879,0,0,-0.13400900951282885
119880,0,0,-0.13159886727565667
119881,0,0,-0.1305367632612625
119882,0,0,-0.07783091284274363
119883,0,0,-0.10880629653940294
119884,0,0,-0.04349659641495629
119885,0,0,-0.037603561281375875
119886,0,0,-0.008854705352240477
119887,0,0,-0.008854705352240477
119888,0,0,-0.08826141389400394
119889,0,0,-0.02644821769480754
119890,0,0,-0.15050554135171357
119891,0,0,-0.15498949085203717
119892,0,0,-0.1557293477360593
119893,0,0,-0.13346247648005627
119894,0,0,-0.15103501844567063
119895,0,0,-0.0892927466029913
119896,0,0,-0.10658475851518473
119897,0,0,-0.11819297994276229
119898,0,0,-0.12355989858909189
119899,0,0,-0.12623901372916674
119900,0,0,-0.1333160299347413
119901,0,0,-0.13240393396251104
119902,0,0,-0.02612771062630026
119903,0,0,-0.10786247089661294
119904,0,0,-0.06408820241613361
119905,0,0,-0.11819297994276229
119906,0,0,-0.12226268987903754
119907,0,0,-0.153630373165988
119908,0,0,-0.15707527606584842
119909,0,0,-0.15394775391348714
119910,0,0,-0.14338036467289117
119911,0,0,-0.14929966001528638
119912,0,0,-0.07572582721687432
119913,0,0,-0.10235028774136196
119914,0,0,-0.11819297994276229
119915,0,0,-0.12946138577797367
119916,0,0,-0.12911126149220453
119917,0,0,-0.13187037358281584
119918,0,0,-0.12845127330063694
119919,0,0,-0.10786247089661294
119920,0,0,-0.06382016576772376
119921,0,0,-0.04742140055879185
119922,0,0,-0.06584378185822798
119923,0,0,-0.14008340708724004
119924,0,0,-0.06361760802127003
119925,0,0,-0.13868584318979282
119926,0,0,-0.12426676246137885
119927,0,0,-0.08544684409923403
119928,0,0,-0.14231402007563065
119929,0,0,-0.13653881304778637
119930,0,0,-0.14523539837480526
119931,0,0,-0.03894569674543247
119932,0,0,-0.14170416712699652
119933,0,0,-0.15274972035862477
119934,0,0,-0.08474740218420235
119935,0,0,-0.10471208215882521
119936,0,0,-0.1269527758692271
119937,0,0,-0.1285152955647476
119938,0,0,-0.13309165351102292
119939,0,0,-0.12623054478364804
119940,0,0,-0.10286981248843435
119941,0,0,-0.06369133888934864
119942,0,0,-0.008854705352240477
119943,0,0,-0.008239010455991291
119944,0,0,-0.05014122847163638
119945,0,0,-0.11819297994276229
119946,0,0,-0.02751048368457437
119947,0,0,-0.02612771062630026
119948,0,0,-0.15508826371648138
119949,0,0,-0.16065083338671127
119950,0,0,-0.16079505695338248
119951,0,0,-0.1457394627919602
119952,0,0,-0.16079505695338248
119953,0,0,-0.06635369754896198
119954,0,0,-0.11098142526746896
119955,0,0,-0.051466620227016646
119956,0,0,-0.11819297994276229
119957,0,0,-0.12423713532950775
119958,0,0,-0.12826386905119025
119959,0,0,-0.1263507390082424
119960,0,0,-0.1283347267721932
119961,0,0,-0.10185345257905315
119962,0,0,-0.06511549144208123
119963,0,0,-0.07577581046877113
119964,0,0,-0.04757470905900868
119965,0,0,-0.15371222334776774
119966,0,0,-0.15637554347264332
119967,0,0,-0.15290147566996043
119968,0,0,-0.1395711674847815
119969,0,0,-0.15659959273515262
119970,0,0,-0.06635369754896198
119971,0,0,-0.14050612847279859
119972,0,0,-0.06689366646111522
119973,0,0,-0.13868584318979282
119974,0,0,-0.12426676246137885
119975,0,0,-0.10632121552242568
119976,0,0,-0.07783091284274363
119977,0,0,-0.13136370480952264
119978,0,0,-0.13293464426177487
119979,0,0,-0.1307730632853628
119980,0,0,-0.13096689018183472
119981,0,0,-0.11819297994276229
119982,0,0,-0.0675098533985477
119983,0,0,-0.024627320218871096
119984,0,0,-0.02792385524588703
119985,0,0,-0.1083821547384724
119986,0,0,-0.041774255953247574
119987,0,0,-0.037603561281375875
119988,0,0,-0.08335131528128292
119989,0,0,-0.0841961539765978
119990,0,0,-0.08826141389400394
119991,0,0,-0.033638033880533935
119992,0,0,-0.10300238834622988
119993,0,0,-0.15682469897364432
119994,0,0,-0.15637554347264332
119995,0,0,-0.15453501285922272
119996,0,0,-0.14423158327096997
119997,0,0,-0.15104688134819616
119998,0,0,-0.11552164318399749
119999,0,0,-0.02644821769480754
120000,0,0,-0.12336196977663677
120001,0,0,-0.13160712854465273
120002,0,0,-0.13316785831980943
120003,0,0,-0.13412940094520454
120004,0,0,-0.1070045137198199
120005,0,0,-0.041774255953247574
120006,0,0,-0.02612771062630026
120007,0,0,-0.02644821769480754
120008,0,0,-0.008854705352240477
120009,0,0,-0.008854705352240477
120010,0,0,-0.1507139060357907
120011,0,0,-0.15284432776817164
120012,0,0,-0.1553239296634048
120013,0,0,-0.14408448529409462
120014,0,0,-0.1468965147719803
120015,0,0,-0.02644821769480754
120016,0,0,-0.0892927466029913
120017,0,0,-0.08050399922254342
120018,0,0,-0.1069633902781722
120019,0,0,-0.09639628697104813
120020,0,0,-0.1260424935713052
120021,0,0,-0.12282143715557442
120022,0,0,-0.13308224556341053
120023,0,0,-0.13407805880839946
120024,0,0,-0.1070045137198199
120025,0,0,-0.06478593084273165
120026,0,0,-0.06929894076874155
120027,0,0,-0.05007957658646511
120028,0,0,-0.05962592051353588
120029,0,0,-0.06601367222041976
120030,0,0,-0.14050612847279859
120031,0,0,-0.06767026561641565
120032,0,0,-0.13664830384733617
120033,0,0,-0.12281607402419564
120034,0,0,-0.07811645006358009
120035,0,0,-0.12300867361285855
120036,0,0,-0.15473080325199456
120037,0,0,-0.15399069564640733
120038,0,0,-0.037603561281375875
120039,0,0,-0.14335248083369345
120040,0,0,-0.14113961113645168
120041,0,0,-0.15360321380571873
120042,0,0,-0.09098541950800582
120043,0,0,-0.09839019502405666
120044,0,0,-0.09326283541708474
120045,0,0,-0.09843216369560703
120046,0,0,-0.05578692221165532
120047,0,0,-0.05177677765083899
120048,0,0,-0.047358090078034654
120049,0,0,-0.02800765874634953
120050,0,0,-0.1286512432632712
120051,0,0,-0.12555073394223598
120052,0,0,-0.13250321057083247
120053,0,0,-0.1326091707454083
120054,0,0,-0.10217708201340142
120055,0,0,-0.06064344499904151
120056,0,0,-0.008239010455991291
120057,0,0,-0.006572599589195038
120058,0,0,-0.12003320545050156
120059,0,0,-0.15399069564640733
120060,0,0,-0.15289384099295072
120061,0,0,-0.15497832672444456
120062,0,0,-0.14170416712699652
120063,0,0,-0.1553959012734742
120064,0,0,-0.02612771062630026
120065,0,0,-0.10808749687656827
120066,0,0,-0.04150515752551953
120067,0,0,-0.024627320218871096
120068,0,0,-0.02612771062630026
120069,0,0,-0.12549702864813023
120070,0,0,-0.12650432837291886
120071,0,0,-0.12521438609125674
120072,0,0,-0.13250321057083247
120073,0,0,-0.11819297994276229
120074,0,0,-0.10136877733269095
120075,0,0,-0.0634751902948072
120076,0,0,-0.11819297994276229
120077,0,0,-0.07350552450851583
120078,0,0,-0.11819297994276229
120079,0,0,-0.11819297994276229
120080,0,0,-0.02751048368457437
120081,0,0,-0.024627320218871096
120082,0,0,-0.15911286429413163
120083,0,0,-0.15801218220663976
120084,0,0,-0.15875467345778738
120085,0,0,-0.14454073044698823
120086,0,0,-0.15253556683409247
120087,0,0,-0.0677236608070621
120088,0,0,-0.1378655172683379
120089,0,0,-0.06856413752743962
120090,0,0,-0.14050612847279859
120091,0,0,-0.1161422075301094
120092,0,0,-0.12426676246137885
120093,0,0,-0.13110418199146634
120094,0,0,-0.13240880837053953
120095,0,0,-0.13110418199146634
120096,0,0,-0.1314514008822788
120097,0,0,-0.07937720137510856
120098,0,0,-0.0992866762801794
120099,0,0,-0.041774255953247574
120100,0,0,-0.031445626702809926
120101,0,0,-0.10112193743054643
120102,0,0,-0.04233324874582389
120103,0,0,-0.1542298633298938
120104,0,0,-0.15535499370304934
120105,0,0,-0.15358600509590786
120106,0,0,-0.13425702898182001
120107,0,0,-0.14761274829544324
120108,0,0,-0.06081611355321703
120109,0,0,-0.05976607060290595
120110,0,0,-0.05992377081714684
120111,0,0,-0.11451651535175639
120112,0,0,-0.06018804332194466
120113,0,0,-0.12914826665846318
120114,0,0,-0.13175544649675175
120115,0,0,-0.1368142906631291
120116,0,0,-0.130500844385542
120117,0,0,-0.06629229474541165
120118,0,0,-0.024627320218871096
120119,0,0,-0.02792385524588703
120120,0,0,-0.11819297994276229
120121,0,0,-0.10777149867527025
120122,0,0,-0.041774255953247574
120123,0,0,-0.062122518281721884
120124,0,0,-0.08306932109706394
120125,0,0,-0.0841961539765978
120126,0,0,-0.02612771062630026
120127,0,0,-0.05924494729243046
120128,0,0,-0.059327868620296764
120129,0,0,-0.057271375455510476
120130,0,0,-0.05964049880050537
120131,0,0,-0.06138050151599089
120132,0,0,-0.007856786372152647
120133,0,0,-0.006572599589195038
120134,0,0,-0.06584378185822798
120135,0,0,-0.051466620227016646
120136,0,0,-0.033638033880533935
120137,0,0,-0.11819297994276229
120138,0,0,-0.04874990964087378
120139,0,0,-0.11819297994276229
120140,0,0,-0.15457931202738756
120141,0,0,-0.15121001469089096
120142,0,0,-0.15054467582271358
120143,0,0,-0.13850361157061636
120144,0,0,-0.15734167885138134
120145,0,0,-0.059877263341538256
120146,0,0,-0.06080011310289962
120147,0,0,-0.06168666187035515
120148,0,0,-0.059877263341538256
120149,0,0,-0.1106174232030051
120150,0,0,-0.059877263341538256
120151,0,0,-0.06168666187035515
120152,0,0,-0.02644821769480754
120153,0,0,-0.0633183171027411
120154,0,0,-0.13474969621481142
120155,0,0,-0.13480094411485255
120156,0,0,-0.127971798761415
120157,0,0,-0.12999565052145412
120158,0,0,-0.10382987845866914
120159,0,0,-0.06470694739072563
120160,0,0,-0.06018804332194466
120161,0,0,-0.06866839129221997
120162,0,0,-0.1382365120416168
120163,0,0,-0.07018944528017418
120164,0,0,-0.1378655172683379
120165,0,0,-0.12281607402419564
120166,0,0,-0.07783091284274363
120167,0,0,-0.14315811131126033
120168,0,0,-0.031445626702809926
120169,0,0,-0.1494594042305677
120170,0,0,-0.14451483508886176
120171,0,0,-0.141461667042859
120172,0,0,-0.14611696922372946
120173,0,0,-0.10368917491729213
120174,0,0,-0.09285386608796614
120175,0,0,-0.12317296828406338
120176,0,0,-0.11819297994276229
120177,0,0,-0.02644821769480754
120178,0,0,-0.02644821769480754
120179,0,0,-0.12206077040897356
120180,0,0,-0.12472799057697315
120181,0,0,-0.12276817754570785
120182,0,0,-0.12472799057697315
120183,0,0,-0.10097591566136044
120184,0,0,-0.041774255953247574
120185,0,0,-0.0481802137409757
120186,0,0,-0.006572599589195038
120187,0,0,-0.12138470746865265
120188,0,0,-0.14304818782030365
120189,0,0,-0.1449156594566391
120190,0,0,-0.14823492716575926
120191,0,0,-0.1411006115209606
120192,0,0,-0.1381053936056949
120193,0,0,-0.1012920348226376
120194,0,0,-0.02612771062630026
120195,0,0,-0.1327490095141054
120196,0,0,-0.12584362655913556
120197,0,0,-0.13118649769826018
120198,0,0,-0.1327490095141054
120199,0,0,-0.10286981248843435
120200,0,0,-0.05928501641632061
120201,0,0,-0.11819297994276229
120202,0,0,-0.07870223191178305
120203,0,0,-0.1555385075646053
120204,0,0,-0.15661137709746603
120205,0,0,-0.15485447039579153
120206,0,0,-0.1434176972340535
120207,0,0,-0.14658051628558483
120208,0,0,-0.06994465334897487
120209,0,0,-0.13868584318979282
120210,0,0,-0.06801781229127951
120211,0,0,-0.13664830384733617
120212,0,0,-0.11834668909828999
120213,0,0,-0.12426676246137885
120214,0,0,-0.13179248809474348
120215,0,0,-0.12684999404037178
120216,0,0,-0.12260239313756272
120217,0,0,-0.1315934217984035
120218,0,0,-0.1020070733272831
120219,0,0,-0.050673019767140226
120220,0,0,-0.031445626702809926
120221,0,0,-0.07783091284274363
120222,0,0,-0.08660558494951476
120223,0,0,-0.11819297994276229
120224,0,0,-0.02751048368457437
120225,0,0,-0.042939309321598285
120226,0,0,-0.1578207874019465
120227,0,0,-0.1488794268770362
120228,0,0,-0.15758919529220916
120229,0,0,-0.1452239600024396
120230,0,0,-0.15348475686610102
120231,0,0,-0.10488995035274157
120232,0,0,-0.042939309321598285
120233,0,0,-0.06101055762888813
120234,0,0,-0.06083132833913202
120235,0,0,-0.12458173780059562
120236,0,0,-0.12219978396045106
120237,0,0,-0.12432764899515208
120238,0,0,-0.1281224620965391
120239,0,0,-0.09973124672803763
120240,0,0,-0.05634947117039113
120241,0,0,-0.02612771062630026
120242,0,0,-0.042939309321598285
120243,0,0,-0.11819297994276229
120244,0,0,-0.15461619294384177
120245,0,0,-0.15381750172670172
120246,0,0,-0.1526665540950174
120247,0,0,-0.14423158327096997
120248,0,0,-0.15549639413632776
120249,0,0,-0.11552164318399749
120250,0,0,-0.02644821769480754
120251,0,0,-0.07757226572473075
120252,0,0,-0.07408193089539872
120253,0,0,-0.1311239447604034
120254,0,0,-0.13432923901060229
120255,0,0,-0.1297695994293936
120256,0,0,-0.07018944528017418
120257,0,0,-0.024627320218871096
120258,0,0,-0.02792385524588703
120259,0,0,-0.13432923901060229
120260,0,0,-0.09639628697104813
120261,0,0,-0.08306932109706394
120262,0,0,-0.0841961539765978
120263,0,0,-0.10510054356872789
120264,0,0,-0.05634947117039113
120265,0,0,-0.06689366646111522
120266,0,0,-0.13868584318979282
120267,0,0,-0.06937657628475508
120268,0,0,-0.14000594541415146
120269,0,0,-0.12426676246137885
120270,0,0,-0.08544684409923403
120271,0,0,-0.033638033880533935
120272,0,0,-0.11819297994276229
120273,0,0,-0.15733090624818985
120274,0,0,-0.1566203476612678
120275,0,0,-0.1573666053232518
120276,0,0,-0.031445626702809926
120277,0,0,-0.14454073044698823
120278,0,0,-0.1468757178439088
120279,0,0,-0.1168239309586181
120280,0,0,-0.09285386608796614
120281,0,0,-0.1287413349831611
120282,0,0,-0.12789050552163023
120283,0,0,-0.1294737995333473
120284,0,0,-0.13241272089649253
120285,0,0,-0.11214812144762082
120286,0,0,-0.0634751902948072
120287,0,0,-0.15704801460299816
120288,0,0,-0.16024594308765883
120289,0,0,-0.15831243132983702
120290,0,0,-0.14433784249924847
120291,0,0,-0.16052966688862708
120292,0,0,-0.06601367222041976
120293,0,0,-0.11473812293633678
120294,0,0,-0.050710267528048636
120295,0,0,-0.02612771062630026
120296,0,0,-0.1346487245348289
120297,0,0,-0.13245152411043515
120298,0,0,-0.1346487245348289
120299,0,0,-0.1272793635654469
120300,0,0,-0.11214812144762082
120301,0,0,-0.06103154090259583
120302,0,0,-0.09639628697104813
120303,0,0,-0.07543608780464289
120304,0,0,-0.14642113851384486
120305,0,0,-0.15126280003954978
120306,0,0,-0.14031723038754207
120307,0,0,-0.14433784249924847
120308,0,0,-0.15983086300551147
120309,0,0,-0.11706472393153594
120310,0,0,-0.06361760802127003
120311,0,0,-0.13868584318979282
120312,0,0,-0.06696026438380603
120313,0,0,-0.13868584318979282
120314,0,0,-0.12426676246137885
120315,0,0,-0.08544684409923403
120316,0,0,-0.13003084267474474
120317,0,0,-0.12997068445071241
120318,0,0,-0.13473149677006224
120319,0,0,-0.13024344417157518
120320,0,0,-0.10909859830041102
120321,0,0,-0.06103154090259583
120322,0,0,-0.031445626702809926
120323,0,0,-0.08558941003357701
120324,0,0,-0.10002915207959318
120325,0,0,-0.14992584426318378
120326,0,0,-0.1550407208614467
120327,0,0,-0.15131044108322533
120328,0,0,-0.1362759354167673
120329,0,0,-0.14510108586088932
120330,0,0,-0.10863720097582863
120331,0,0,-0.13121667649956026
120332,0,0,-0.1267288799872392
120333,0,0,-0.12461461588817974
120334,0,0,-0.13159146825922613
120335,0,0,-0.1054616176361517
120336,0,0,-0.06064344499904151
120337,0,0,-0.11819297994276229
120338,0,0,-0.02612771062630026
120339,0,0,-0.06747406290293151
120340,0,0,-0.02788500282944384
120341,0,0,-0.15381750172670172
120342,0,0,-0.14953194898741995
120343,0,0,-0.1527807001607201
120344,0,0,-0.1452239600024396
120345,0,0,-0.1547423003192233
120346,0,0,-0.11664701155758989
120347,0,0,-0.11819297994276229
120348,0,0,-0.05850664305098513
120349,0,0,-0.13226530590214103
120350,0,0,-0.12461461588817974
120351,0,0,-0.13480094411485255
120352,0,0,-0.13474969621481142
120353,0,0,-0.10531564968924761
120354,0,0,-0.060981615227406916
120355,0,0,-0.06635369754896198
120356,0,0,-0.14008340708724004
120357,0,0,-0.06636805311740912
120358,0,0,-0.13880473555453
120359,0,0,-0.12250782464594245
120360,0,0,-0.06880389811786075
120361,0,0,-0.14704219268602364
120362,0,0,-0.1302062935777975
120363,0,0,-0.15669452844740855
120364,0,0,-0.1384135370573935
120365,0,0,-0.031445626702809926
120366,0,0,-0.1572125222216066
120367,0,0,-0.11695956278835412
120368,0,0,-0.09098541950800582
120369,0,0,-0.12483513481177966
120370,0,0,-0.0993916043971767
120371,0,0,-0.05608736905049183
120372,0,0,-0.04938055669719249
120373,0,0,-0.04822333812996943
120374,0,0,-0.06664699747023678
120375,0,0,-0.02792385524588703
120376,0,0,-0.12835102272674576
120377,0,0,-0.13369062928827785
120378,0,0,-0.1291991014378262
120379,0,0,-0.13515510018464943
120380,0,0,-0.11819297994276229
120381,0,0,-0.08306932109706394
120382,0,0,-0.0841961539765978
120383,0,0,-0.02852557200355965
120384,0,0,-0.11018280388695212
120385,0,0,-0.060981615227406916
120386,0,0,-0.11636858085286927
120387,0,0,-0.032590405948182855
120388,0,0,-0.11819297994276229
120389,0,0,-0.1477115521957435
120390,0,0,-0.1539660847870527
120391,0,0,-0.14928684454231622
120392,0,0,-0.1398319161705387
120393,0,0,-0.15929588946240208
120394,0,0,-0.11120557979093038
120395,0,0,-0.04156948847230585
120396,0,0,-0.030675263786169915
120397,0,0,-0.024627320218871096
120398,0,0,-0.02612771062630026
120399,0,0,-0.13640002812594137
120400,0,0,-0.13640002812594137
120401,0,0,-0.13640002812594137
120402,0,0,-0.13040563059583093
120403,0,0,-0.11059053005983294
120404,0,0,-0.06242719000730912
120405,0,0,-0.11819297994276229
120406,0,0,-0.11819297994276229
120407,0,0,-0.11819297994276229
120408,0,0,-0.06993483561557351
120409,0,0,-0.024627320218871096
120410,0,0,-0.12852736725405633
120411,0,0,-0.15225483727210504
120412,0,0,-0.15225483727210504
120413,0,0,-0.1434176972340535
120414,0,0,-0.1550837310815874
120415,0,0,-0.11863891394692638
120416,0,0,-0.07058645795287127
120417,0,0,-0.14050612847279859
120418,0,0,-0.07173577538974651
120419,0,0,-0.13735893549438466
120420,0,0,-0.12426676246137885
120421,0,0,-0.08572723022798157
120422,0,0,-0.11819297994276229
120423,0,0,-0.13521342359560612
120424,0,0,-0.1272945607614075
120425,0,0,-0.13516535156766601
120426,0,0,-0.13040563059583093
120427,0,0,-0.11032697179160739
120428,0,0,-0.060981615227406916
120429,0,0,-0.031445626702809926
120430,0,0,-0.08660558494951476
120431,0,0,-0.040032070444653456
120432,0,0,-0.04281283445521317
120433,0,0,-0.1512137648571164
120434,0,0,-0.15326874935578877
120435,0,0,-0.15339263285759902
120436,0,0,-0.1452239600024396
120437,0,0,-0.14750761916543986
120438,0,0,-0.05924494729243046
120439,0,0,-0.05976607060290595
120440,0,0,-0.11453689124946836
120441,0,0,-0.06018804332194466
120442,0,0,-0.13474969621481142
120443,0,0,-0.12809028174891318
120444,0,0,-0.1307792371567562
120445,0,0,-0.12047010926948831
120446,0,0,-0.1313214275327566
120447,0,0,-0.10439241439106994
120448,0,0,-0.06253869849553195
120449,0,0,-0.06731288324288165
120450,0,0,-0.051466620227016646
120451,0,0,-0.024627320218871096
120452,0,0,-0.02612771062630026
120453,0,0,-0.15214014408096632
120454,0,0,-0.14974258242226568
120455,0,0,-0.15371487078080315
120456,0,0,-0.13891051811407185
120457,0,0,-0.1560978279549824
120458,0,0,-0.10712105191990778
120459,0,0,-0.11819297994276229
120460,0,0,-0.05790882193760866
120461,0,0,-0.06168666187035515
120462,0,0,-0.05964049880050537
120463,0,0,-0.05904421302825219
120464,0,0,-0.05964049880050537
120465,0,0,-0.06078657186154618
120466,0,0,-0.13330969211096216
120467,0,0,-0.12883956927278323
120468,0,0,-0.13510651515430933
120469,0,0,-0.13315295139741368
120470,0,0,-0.10382987845866914
120471,0,0,-0.06253869849553195
120472,0,0,-0.06554993830837702
120473,0,0,-0.14000594541415146
120474,0,0,-0.06606019911782729
120475,0,0,-0.14050612847279859
120476,0,0,-0.11819297994276229
120477,0,0,-0.04874990964087378
120478,0,0,-0.12684751833114433
120479,0,0,-0.07481208409480267
120480,0,0,-0.02788500282944384
120481,0,0,-0.152038599300591
120482,0,0,-0.14715704935911939
120483,0,0,-0.1568837148605029
120484,0,0,-0.13504915558442843
120485,0,0,-0.1535541753763217
120486,0,0,-0.031445626702809926
120487,0,0,-0.10427550013330528
120488,0,0,-0.09098541950800582
120489,0,0,-0.12300867361285855
120490,0,0,-0.125986046593347
120491,0,0,-0.12330576995688647
120492,0,0,-0.12911126149220453
120493,0,0,-0.13281534346902912
120494,0,0,-0.1077421904363629
120495,0,0,-0.06316641676412754
120496,0,0,-0.1529237429665778
120497,0,0,-0.15507372175559275
120498,0,0,-0.1551121205260219
120499,0,0,-0.13579357849437013
120500,0,0,-0.15507372175559275
120501,0,0,-0.12010608266386313
120502,0,0,-0.02612771062630026
120503,0,0,-0.06689366646111522
120504,0,0,-0.024627320218871096
120505,0,0,-0.02792385524588703
120506,0,0,-0.13246940958278103
120507,0,0,-0.12998322190127704
120508,0,0,-0.13367424944605616
120509,0,0,-0.11819297994276229
120510,0,0,-0.12355989858909189
120511,0,0,-0.08306932109706394
120512,0,0,-0.0841961539765978
120513,0,0,-0.1077421904363629
120514,0,0,-0.06085048258124326
120515,0,0,-0.11819297994276229
120516,0,0,-0.06671325865591426
120517,0,0,-0.033638033880533935
120518,0,0,-0.11819297994276229
120519,0,0,-0.13690104530585084
120520,0,0,-0.1553924123361068
120521,0,0,-0.15612952169520217
120522,0,0,-0.1353232261218748
120523,0,0,-0.14566628526668274
120524,0,0,-0.12010608266386313
120525,0,0,-0.0584434507084719
120526,0,0,-0.14050612847279859
120527,0,0,-0.06767026561641565
120528,0,0,-0.13805897420223356
120529,0,0,-0.1316354055526085
120530,0,0,-0.07163696572951989
120531,0,0,-0.1350508666457227
120532,0,0,-0.13557424231738652
120533,0,0,-0.13557424231738652
120534,0,0,-0.12674445299782172
120535,0,0,-0.11214812144762082
120536,0,0,-0.06085048258124326
120537,0,0,-0.031445626702809926
120538,0,0,-0.08826141389400394
120539,0,0,-0.15806230098194102
120540,0,0,-0.14972262736054476
120541,0,0,-0.13359219684571083
120542,0,0,-0.15553115780133664
120543,0,0,-0.10921128534046987
120544,0,0,-0.11819297994276229
120545,0,0,-0.12873915585521184
120546,0,0,-0.13279184084841067
120547,0,0,-0.12668461937833791
120548,0,0,-0.13134319535505523
120549,0,0,-0.10954502557063728
120550,0,0,-0.060981615227406916
120551,0,0,-0.02612771062630026
120552,0,0,-0.15478825330043494
120553,0,0,-0.15455106265736962
120554,0,0,-0.15443003558278695
120555,0,0,-0.13344494325609768
120556,0,0,-0.15441439343406538
120557,0,0,-0.09990792715975133
120558,0,0,-0.11819297994276229
120559,0,0,-0.11819297994276229
120560,0,0,-0.05946731841933173
120561,0,0,-0.12506923922238866
120562,0,0,-0.12506923922238866
120563,0,0,-0.1291236605544504
120564,0,0,-0.1278840073595453
120565,0,0,-0.10934575606704283
120566,0,0,-0.06144436759200861
120567,0,0,-0.12047010926948831
120568,0,0,-0.06554993830837702
120569,0,0,-0.13868584318979282
120570,0,0,-0.06361760802127003
120571,0,0,-0.1420630068043991
120572,0,0,-0.12281607402419564
120573,0,0,-0.07354741830304795
120574,0,0,-0.14773517284465731
120575,0,0,-0.1547960677339294
120576,0,0,-0.15194332189629456
120577,0,0,-0.031445626702809926
120578,0,0,-0.1367935778769318
120579,0,0,-0.1547960677339294
120580,0,0,-0.11026282145272043
120581,0,0,-0.09285386608796614
120582,0,0,-0.12623901372916674
120583,0,0,-0.13236817963290748
120584,0,0,-0.13236817963290748
120585,0,0,-0.12971200234213281
120586,0,0,-0.10786247089661294
120587,0,0,-0.06253869849553195
120588,0,0,-0.11819297994276229
120589,0,0,-0.02788500282944384
120590,0,0,-0.06568479227303603
120591,0,0,-0.14898371797712112
120592,0,0,-0.14501414244405192
120593,0,0,-0.15433454288747273
120594,0,0,-0.13239999753950482
120595,0,0,-0.1564029738994741
120596,0,0,-0.10425260562809646
120597,0,0,-0.051466620227016646
120598,0,0,-0.07431859985097355
120599,0,0,-0.09612119816235942
120600,0,0,-0.09168600131106336
120601,0,0,-0.06584378185822798
120602,0,0,-0.08151770267634834
120603,0,0,-0.07090421921560758
120604,0,0,-0.08236625938863462
120605,0,0,-0.06974136505040124
120606,0,0,-0.12621509545723197
120607,0,0,-0.13157047058699683
120608,0,0,-0.12621509545723197
120609,0,0,-0.13265256031218897
120610,0,0,-0.1066791675680141
120611,0,0,-0.06253869849553195
120612,0,0,-0.02612771062630026
120613,0,0,-0.1487498262330485
120614,0,0,-0.14578819161793755
120615,0,0,-0.14718427753343477
120616,0,0,-0.06756299388472709
120617,0,0,-0.11819297994276229
120618,0,0,-0.1495611839444489
120619,0,0,-0.15108103101525866
120620,0,0,-0.15075446239539098
120621,0,0,-0.1363892908986093
120622,0,0,-0.15113228163189363
120623,0,0,-0.09970767411281828
120624,0,0,-0.06635369754896198
120625,0,0,-0.13984870279971917
120626,0,0,-0.07040707005607644
120627,0,0,-0.14050612847279859
120628,0,0,-0.12281607402419564
120629,0,0,-0.07798552490111116
120630,0,0,-0.06721713747132485
120631,0,0,-0.024627320218871096
120632,0,0,-0.02792385524588703
120633,0,0,-0.13470713215400787
120634,0,0,-0.13474969621481142
120635,0,0,-0.12461461588817974
120636,0,0,-0.1335577058443393
120637,0,0,-0.08306932109706394
120638,0,0,-0.0841961539765978
120639,0,0,-0.11819297994276229
120640,0,0,-0.10412466114363089
120641,0,0,-0.06144436759200861
120642,0,0,-0.031445626702809926
120643,0,0,-0.08660558494951476
120644,0,0,-0.11188446603196323
120645,0,0,-0.03307206184686151
120646,0,0,-0.15418090842131488
120647,0,0,-0.15546483990755772
120648,0,0,-0.1294737995333473
120649,0,0,-0.13650449293337846
120650,0,0,-0.1515219380401862
120651,0,0,-0.10723578768562259
120652,0,0,-0.12976788699095837
120653,0,0,-0.12629542252878911
120654,0,0,-0.13316785831980943
120655,0,0,-0.12529992649357907
120656,0,0,-0.1070045137198199
120657,0,0,-0.06511549144208123
120658,0,0,-0.02612771062630026
120659,0,0,-0.1480630407186978
120660,0,0,-0.1533093092954081
120661,0,0,-0.13437164723162914
120662,0,0,-0.1519055719633256
120663,0,0,-0.15100999147953836
120664,0,0,-0.1043014228151341
120665,0,0,-0.05846922420430556
120666,0,0,-0.11495622705582809
120667,0,0,-0.12956598656852109
120668,0,0,-0.13357841285052152
120669,0,0,-0.12629542252878911
120670,0,0,-0.12627150786665065
120671,0,0,-0.1070045137198199
120672,0,0,-0.06103154090259583
120673,0,0,-0.06959319538883868
120674,0,0,-0.14050612847279859
120675,0,0,-0.06772544015838222
120676,0,0,-0.13868584318979282
120677,0,0,-0.12568384417542877
120678,0,0,-0.08251321150110352
120679,0,0,-0.15413635974421697
120680,0,0,-0.14792303324427297
120681,0,0,-0.15622569501405487
120682,0,0,-0.13399127593597032
120683,0,0,-0.15771326692698084
120684,0,0,-0.031445626702809926
120685,0,0,-0.1110967809353941
120686,0,0,-0.0883191845178341
120687,0,0,-0.13006617814248017
120688,0,0,-0.13341066280890024
120689,0,0,-0.13480094411485255
120690,0,0,-0.13470713215400787
120691,0,0,-0.10255518731556273
120692,0,0,-0.0551035244062924
120693,0,0,-0.12047010926948831
120694,0,0,-0.09326283541708474
120695,0,0,-0.09843216369560703
120696,0,0,-0.05608736905049183
120697,0,0,-0.050911144833651945
120698,0,0,-0.04730540913715647
120699,0,0,-0.029762888070925475
120700,0,0,-0.1530084568570278
120701,0,0,-0.1477872229191894
120702,0,0,-0.15206253595697972
120703,0,0,-0.13619794082458303
120704,0,0,-0.14294592409811502
120705,0,0,-0.11247150125073008
120706,0,0,-0.040032070444653456
120707,0,0,-0.02644821769480754
120708,0,0,-0.024627320218871096
120709,0,0,-0.11819297994276229
120710,0,0,-0.1275878359016555
120711,0,0,-0.1303163856507984
120712,0,0,-0.024627320218871096
120713,0,0,-0.12883956927278323
120714,0,0,-0.127971798761415
120715,0,0,-0.10439241439106994
120716,0,0,-0.05634947117039113
120717,0,0,-0.02612771062630026
120718,0,0,-0.11819297994276229
120719,0,0,-0.11819297994276229
120720,0,0,-0.11819297994276229
120721,0,0,-0.0778987042641438
120722,0,0,-0.11819297994276229
120723,0,0,-0.02788500282944384
120724,0,0,-0.1539660847870527
120725,0,0,-0.15666368029426975
120726,0,0,-0.1581114961235791
120727,0,0,-0.1359048297844993
120728,0,0,-0.15151041641297203
120729,0,0,-0.11551451298224824
120730,0,0,-0.06689366646111522
120731,0,0,-0.14050612847279859
120732,0,0,-0.06606019911782729
120733,0,0,-0.1378655172683379
120734,0,0,-0.12281607402419564
120735,0,0,-0.08866320564944674
120736,0,0,-0.13341066280890024
120737,0,0,-0.13474969621481142
120738,0,0,-0.13510651515430933
120739,0,0,-0.13480094411485255
120740,0,0,-0.10439241439106994
120741,0,0,-0.06103154090259583
120742,0,0,-0.031762536958989396
120743,0,0,-0.08660558494951476
120744,0,0,-0.0411948412235264
120745,0,0,-0.06691383399113071
120746,0,0,-0.15661137709746603
120747,0,0,-0.15589384059381256
120748,0,0,-0.15736138857478932
120749,0,0,-0.13338029822043918
120750,0,0,-0.06138050151599089
120751,0,0,-0.05993833924398295
120752,0,0,-0.05962592051353588
120753,0,0,-0.15520279101828965
120754,0,0,-0.10786204008787892
120755,0,0,-0.059169954865996466
120756,0,0,-0.05964049880050537
120757,0,0,-0.059169954865996466
120758,0,0,-0.057870058560676396
120759,0,0,-0.0669400990159153
120760,0,0,-0.024627320218871096
120761,0,0,-0.02792385524588703
120762,0,0,-0.08306932109706394
120763,0,0,-0.0841961539765978
120764,0,0,-0.12906738775674087
120765,0,0,-0.13543137458011106
120766,0,0,-0.1284928728654678
120767,0,0,-0.1287503505966942
120768,0,0,-0.11819297994276229
120769,0,0,-0.11059053005983294
120770,0,0,-0.05802699038180387
120771,0,0,-0.06511161703191809
120772,0,0,-0.051466620227016646
120773,0,0,-0.0417541152600483
120774,0,0,-0.11819297994276229
120775,0,0,-0.033638033880533935
120776,0,0,-0.15648864403083312
120777,0,0,-0.15409897145341245
120778,0,0,-0.15444805452490484
120779,0,0,-0.02612771062630026
120780,0,0,-0.1434176972340535
120781,0,0,-0.15798907254286837
120782,0,0,-0.10312734467844514
120783,0,0,-0.062006963011660254
120784,0,0,-0.06307625275756062
120785,0,0,-0.062122518281721884
120786,0,0,-0.11819297994276229
120787,0,0,-0.12438035920207863
120788,0,0,-0.13240880837053953
120789,0,0,-0.13245164023288497
120790,0,0,-0.12957626624859087
120791,0,0,-0.10136877733269095
120792,0,0,-0.05634947117039113
120793,0,0,-0.06885594240109605
120794,0,0,-0.14050612847279859
120795,0,0,-0.06456356498071769
120796,0,0,-0.13959917653677856
120797,0,0,-0.12127400479991507
120798,0,0,-0.09029978685971718
120799,0,0,-0.1526311918833264
120800,0,0,-0.15698044964854185
120801,0,0,-0.15644065736785195
120802,0,0,-0.1350072650477237
120803,0,0,-0.1557023291280064
120804,0,0,-0.10828690394108909
120805,0,0,-0.031445626702809926
120806,0,0,-0.08826141389400394
120807,0,0,-0.12138470746865265
120808,0,0,-0.02644821769480754
120809,0,0,-0.02644821769480754
120810,0,0,-0.13289192845402048
120811,0,0,-0.13027175431359472
120812,0,0,-0.13502919997673485
120813,0,0,-0.13108682749306316
120814,0,0,-0.11061117873347232
120815,0,0,-0.06103154090259583
120816,0,0,-0.11819297994276229
120817,0,0,-0.15995102217151635
120818,0,0,-0.15929401776530439
120819,0,0,-0.15929401776530439
120820,0,0,-0.1349412833353129
120821,0,0,-0.1515199026962205
120822,0,0,-0.1038406414680017
120823,0,0,-0.13056481966558053
120824,0,0,-0.12851462942455094
120825,0,0,-0.13105399212742042
120826,0,0,-0.12851462942455094
120827,0,0,-0.11061117873347232
120828,0,0,-0.06064344499904151
120829,0,0,-0.12226268987903754
120830,0,0,-0.02612771062630026
120831,0,0,-0.06431797649316218
120832,0,0,-0.11819297994276229
120833,0,0,-0.15453501285922272
120834,0,0,-0.13540249282866823
120835,0,0,-0.1487441727219368
120836,0,0,-0.13866612724567579
120837,0,0,-0.15758919529220916
120838,0,0,-0.1060028527433729
120839,0,0,-0.0669400990159153
120840,0,0,-0.13868584318979282
120841,0,0,-0.06689366646111522
120842,0,0,-0.14005906103574717
120843,0,0,-0.12127400479991507
120844,0,0,-0.13328203832223362
120845,0,0,-0.12772054841287017
120846,0,0,-0.07395415559492086
120847,0,0,-0.13081468991397366
120848,0,0,-0.13081468991397366
120849,0,0,-0.11061117873347232
120850,0,0,-0.06478593084273165
120851,0,0,-0.031445626702809926
120852,0,0,-0.11819297994276229
120853,0,0,-0.08660558494951476
120854,0,0,-0.02751048368457437
120855,0,0,-0.15719104172228315
120856,0,0,-0.12889726854939576
120857,0,0,-0.16141096152003126
120858,0,0,-0.13558139088815235
120859,0,0,-0.1475027942080394
120860,0,0,-0.1053226648728513
120861,0,0,-0.12688831998085376
120862,0,0,-0.13452270997166554
120863,0,0,-0.13356220099968474
120864,0,0,-0.13248279078912978
120865,0,0,-0.10864702839826335
120866,0,0,-0.06318496856305239
120867,0,0,-0.0439484583562601
120868,0,0,-0.15456164843504527
120869,0,0,-0.15190648640802373
120870,0,0,-0.15590066274805825
120871,0,0,-0.13850361157061636
120872,0,0,-0.15590066274805825
120873,0,0,-0.1103977160394406
120874,0,0,-0.02612771062630026
120875,0,0,-0.06689366646111522
120876,0,0,-0.024627320218871096
120877,0,0,-0.02792385524588703
120878,0,0,-0.059401859297561865
120879,0,0,-0.05706250921912487
120880,0,0,-0.08306932109706394
120881,0,0,-0.0841961539765978
120882,0,0,-0.13248279078912978
120883,0,0,-0.13143478156476646
120884,0,0,-0.12727300405264463
120885,0,0,-0.13248279078912978
120886,0,0,-0.11819297994276229
120887,0,0,-0.09639628697104813
120888,0,0,-0.10891172290877266
120889,0,0,-0.06253869849553195
120890,0,0,-0.06660636746490295
120891,0,0,-0.14000594541415146
120892,0,0,-0.06635369754896198
120893,0,0,-0.13735893549438466
120894,0,0,-0.11819297994276229
120895,0,0,-0.12036878289225972
120896,0,0,-0.03269047017046023
120897,0,0,-0.08989730554716269
120898,0,0,-0.15197373953976484
120899,0,0,-0.14463369804890025
120900,0,0,-0.15464741118613506
120901,0,0,-0.14403283601166034
120902,0,0,-0.1521243868595225
120903,0,0,-0.031445626702809926
120904,0,0,-0.1166903954556549
120905,0,0,-0.08660558494951476
120906,0,0,-0.13158740931213653
120907,0,0,-0.13210625131866893
120908,0,0,-0.13158740931213653
120909,0,0,-0.1347197911602323
120910,0,0,-0.11214812144762082
120911,0,0,-0.05634947117039113
120912,0,0,-0.06866839129221997
120913,0,0,-0.14951429287259438
120914,0,0,-0.14882863434620253
120915,0,0,-0.051466620227016646
120916,0,0,-0.1407249571776492
120917,0,0,-0.13321439829399295
120918,0,0,-0.14450205217777795
120919,0,0,-0.10878320976273415
120920,0,0,-0.13158740931213653
120921,0,0,-0.13557424231738652
120922,0,0,-0.13158740931213653
120923,0,0,-0.13557424231738652
120924,0,0,-0.11214812144762082
120925,0,0,-0.06253869849553195
120926,0,0,-0.02612771062630026
120927,0,0,-0.06993483561557351
120928,0,0,-0.09639628697104813
120929,0,0,-0.15602050419906222
120930,0,0,-0.16063537494057062
120931,0,0,-0.15774724892775305
120932,0,0,-0.1448685061803861
120933,0,0,-0.15131584446816415
120934,0,0,-0.11478554226132603
120935,0,0,-0.06635369754896198
120936,0,0,-0.13880473555453
120937,0,0,-0.06902465406994152
120938,0,0,-0.14050612847279859
120939,0,0,-0.13158740931213653
120940,0,0,-0.1288331434083046
120941,0,0,-0.13455669319148233
120942,0,0,-0.13391063432553058
120943,0,0,-0.12281607402419564
120944,0,0,-0.07620188595286975
120945,0,0,-0.11129582441689745
120946,0,0,-0.06103154090259583
120947,0,0,-0.031445626702809926
120948,0,0,-0.08660558494951476
120949,0,0,-0.10342782352993685
120950,0,0,-0.14375672665532785
120951,0,0,-0.15559300162783274
120952,0,0,-0.15367230486178296
120953,0,0,-0.14272266466053213
120954,0,0,-0.15535499370304934
120955,0,0,-0.10282005125492888
120956,0,0,-0.13665005239408567
120957,0,0,-0.13565497224803236
120958,0,0,-0.1312452753422924
120959,0,0,-0.12579632090334525
120960,0,0,-0.10871826777502286
120961,0,0,-0.06103154090259583
120962,0,0,-0.11819297994276229
120963,0,0,-0.02788500282944384
120964,0,0,-0.15705680815618672
120965,0,0,-0.15388293163421507
120966,0,0,-0.15081070455553125
120967,0,0,-0.14488249722006324
120968,0,0,-0.15682469897364432
120969,0,0,-0.11664701155758989
120970,0,0,-0.02612771062630026
120971,0,0,-0.06700631538534407
120972,0,0,-0.07161545219638837
120973,0,0,-0.13025076172170869
120974,0,0,-0.12818361962123404
120975,0,0,-0.12889726854939576
120976,0,0,-0.12914826665846318
120977,0,0,-0.10957621651728011
120978,0,0,-0.06253869849553195
120979,0,0,-0.11819297994276229
120980,0,0,-0.06936232031473594
120981,0,0,-0.14050612847279859
120982,0,0,-0.06760959735713223
120983,0,0,-0.13805897420223356
120984,0,0,-0.12426676246137885
120985,0,0,-0.0896718433207358
120986,0,0,-0.14926489127189324
120987,0,0,-0.1453984961677145
120988,0,0,-0.15318693345064677
120989,0,0,-0.031445626702809926
120990,0,0,-0.11580694291518656
120991,0,0,-0.08660558494951476
120992,0,0,-0.06635369754896198
120993,0,0,-0.024627320218871096
120994,0,0,-0.02792385524588703
120995,0,0,-0.08306932109706394
120996,0,0,-0.0841961539765978
120997,0,0,-0.13114056572435095
120998,0,0,-0.13079202810635904
120999,0,0,-0.13114056572435095
121000,0,0,-0.1357984886115437
121001,0,0,-0.10833535688746104
121002,0,0,-0.06078889915335073
121003,0,0,-0.11819297994276229
121004,0,0,-0.11819297994276229
121005,0,0,-0.11248751773839982
121006,0,0,-0.09843216369560703
121007,0,0,-0.05608736905049183
121008,0,0,-0.06105577175864774
121009,0,0,-0.04822333812996943
121010,0,0,-0.029443428471948696
121011,0,0,-0.1459620128628462
121012,0,0,-0.15990802226941953
121013,0,0,-0.16079505695338248
121014,0,0,-0.1453984961677145
121015,0,0,-0.15242778438885324
121016,0,0,-0.11816338545409982
121017,0,0,-0.03940923312346578
121018,0,0,-0.029888511510953786
121019,0,0,-0.024627320218871096
121020,0,0,-0.11819297994276229
121021,0,0,-0.1355025549327818
121022,0,0,-0.13197394393411616
121023,0,0,-0.12998142334000473
121024,0,0,-0.13620425933143165
121025,0,0,-0.10956597352358305
121026,0,0,-0.06253869849553195
121027,0,0,-0.11819297994276229
121028,0,0,-0.11819297994276229
121029,0,0,-0.02644821769480754
121030,0,0,-0.02612771062630026
121031,0,0,-0.08068681763956098
121032,0,0,-0.15229786606410983
121033,0,0,-0.1470496041770934
121034,0,0,-0.11819297994276229
121035,0,0,-0.1465925966418714
121036,0,0,-0.14170416712699652
121037,0,0,-0.15632587262483566
121038,0,0,-0.11175203075809848
121039,0,0,-0.13984870279971917
121040,0,0,-0.05904054886608073
121041,0,0,-0.06635369754896198
121042,0,0,-0.14000594541415146
121043,0,0,-0.05933258545306691
121044,0,0,-0.059877263341538256
121045,0,0,-0.061983118376130686
121046,0,0,-0.06257542999157117
121047,0,0,-0.13763022483080306
121048,0,0,-0.12998142334000473
121049,0,0,-0.1355025549327818
121050,0,0,-0.13629175038517866
121051,0,0,-0.12426676246137885
121052,0,0,-0.07781275890968736
121053,0,0,-0.1086526804716319
121054,0,0,-0.060981615227406916
121055,0,0,-0.11819297994276229
121056,0,0,-0.031445626702809926
121057,0,0,-0.08660558494951476
121058,0,0,-0.04077932226983044
121059,0,0,-0.14939685046852708
121060,0,0,-0.1547106770204975
121061,0,0,-0.1536304108525941
121062,0,0,-0.05992377081714684
121063,0,0,-0.060063826114955365
121064,0,0,-0.05946811356538484
121065,0,0,-0.1452239600024396
121066,0,0,-0.1349736852429047
121067,0,0,-0.11681661503850216
121068,0,0,-0.06018804332194466
121069,0,0,-0.1286765444732451
121070,0,0,-0.13187094482354594
121071,0,0,-0.06731288324288165
121072,0,0,-0.1286765444732451
121073,0,0,-0.1343607910932234
121074,0,0,-0.11004174867505173
121075,0,0,-0.060981615227406916
121076,0,0,-0.1202132376511475
121077,0,0,-0.051466620227016646
121078,0,0,-0.09644259314288922
121079,0,0,-0.047781809930273145
121080,0,0,-0.04930904839629213
121081,0,0,-0.09317567952015698
121082,0,0,-0.06723586492720857
121083,0,0,-0.15500588256522052
121084,0,0,-0.08151770267634834
121085,0,0,-0.15039727527519975
121086,0,0,-0.15705680815618672
121087,0,0,-0.14488249722006324
121088,0,0,-0.15705680815618672
121089,0,0,-0.11681661503850216
121090,0,0,-0.06974136505040124
121091,0,0,-0.02612771062630026
121092,0,0,-0.14789244989014333
121093,0,0,-0.14789244989014333
121094,0,0,-0.14990330346560904
121095,0,0,-0.07813175741467615
121096,0,0,-0.13347441781922953
121097,0,0,-0.1312452753422924
121098,0,0,-0.13272128410215617
121099,0,0,-0.12649000501529012
121100,0,0,-0.10851816387926871
121101,0,0,-0.060981615227406916
121102,0,0,-0.11819297994276229
121103,0,0,-0.06138050151599089
121104,0,0,-0.05964049880050537
121105,0,0,-0.06138050151599089
121106,0,0,-0.059327868620296764
121107,0,0,-0.059327868620296764
121108,0,0,-0.11819297994276229
121109,0,0,-0.06801781229127951
121110,0,0,-0.13868584318979282
121111,0,0,-0.06584378185822798
121112,0,0,-0.14050612847279859
121113,0,0,-0.02751048368457437
121114,0,0,-0.12426676246137885
121115,0,0,-0.09029978685971718
121116,0,0,-0.04874990964087378
121117,0,0,-0.15599051205267583
121118,0,0,-0.15024757570886366
121119,0,0,-0.15589384059381256
121120,0,0,-0.1434176972340535
121121,0,0,-0.15855363065322808
121122,0,0,-0.031445626702809926
121123,0,0,-0.10513067643760882
121124,0,0,-0.08474740218420235
121125,0,0,-0.12317296828406338
121126,0,0,-0.13546948369606965
121127,0,0,-0.127388353229983
121128,0,0,-0.127388353229983
121129,0,0,-0.1244571110031204
121130,0,0,-0.10483326959391609
121131,0,0,-0.06114754645148579
121132,0,0,-0.1523665993313726
121133,0,0,-0.15750827823062336
121134,0,0,-0.1562908623474712
121135,0,0,-0.1434176972340535
121136,0,0,-0.1591554889503244
121137,0,0,-0.10840125415104307
121138,0,0,-0.06584378185822798
121139,0,0,-0.024627320218871096
121140,0,0,-0.02792385524588703
121141,0,0,-0.08306932109706394
121142,0,0,-0.0841961539765978
121143,0,0,-0.12766419897456605
121144,0,0,-0.12741219642585622
121145,0,0,-0.13049558868286715
121146,0,0,-0.13295644968129056
121147,0,0,-0.1056345493223605
121148,0,0,-0.06059641574985608
121149,0,0,-0.11819297994276229
121150,0,0,-0.02612771062630026
121151,0,0,-0.11819297994276229
121152,0,0,-0.07595329066399481
121153,0,0,-0.033638033880533935
121154,0,0,-0.15850434083922577
121155,0,0,-0.15762084752647315
121156,0,0,-0.15607431310622555
121157,0,0,-0.14414923281221204
121158,0,0,-0.1524972221828857
121159,0,0,-0.11819297994276229
121160,0,0,-0.11820667963823084
121161,0,0,-0.14000594541415146
121162,0,0,-0.057762343770003
121163,0,0,-0.06689366646111522
121164,0,0,-0.1395877075084907
121165,0,0,-0.13462764337336292
121166,0,0,-0.1343216713145568
121167,0,0,-0.13180072440516866
121168,0,0,-0.12406894254136297
121169,0,0,-0.12281607402419564
121170,0,0,-0.1077421904363629
121171,0,0,-0.05634947117039113
121172,0,0,-0.0866667469513338
121173,0,0,-0.031445626702809926
121174,0,0,-0.08558941003357701
121175,0,0,-0.15759306365570203
121176,0,0,-0.15329605310702282
121177,0,0,-0.15639746752668177
121178,0,0,-0.14374192579671924
121179,0,0,-0.14832045179705333
121180,0,0,-0.11659449359023727
121181,0,0,-0.1307965645562113
121182,0,0,-0.12587918069157716
121183,0,0,-0.1340394031937055
121184,0,0,-0.1287503505966942
121185,0,0,-0.11032697179160739
121186,0,0,-0.041774255953247574
121187,0,0,-0.11819297994276229
121188,1,1,0.17155943221880843
121189,1,1,0.19644961929901616
121190,1,1,0.08339958193321506
121191,0,0,-0.15665765639594154
121192,0,0,-0.15456945833387237
121193,0,0,-0.15479548679323096
121194,0,0,-0.14408448529409462
121195,0,0,-0.15498902142069204
121196,0,0,-0.11819297994276229
121197,0,0,-0.02612771062630026
121198,0,0,-0.10272012630847555
121199,0,0,-0.12844300536074565
121200,0,0,-0.12639428096479083
121201,0,0,-0.12926211005319915
121202,0,0,-0.13369062928827785
121203,0,0,-0.11018280388695212
121204,0,0,-0.059880577879818486
121205,0,0,-0.11819297994276229
121206,0,0,-0.11580685067257318
121207,0,0,-0.07660020062258488
121208,0,0,-0.11787346588919134
121209,0,0,-0.06554993830837702
121210,0,0,-0.14050612847279859
121211,0,0,-0.06801781229127951
121212,0,0,-0.14050612847279859
121213,0,0,-0.06925281099777875
121214,0,0,-0.0018680904855272185
121215,0,0,-0.06509721055433854
121216,0,0,-0.06543426331970337
121217,0,0,-0.00993771421255124
121218,0,1,0.00873748430842436
121219,0,0,-0.008596892493613562
121220,0,0,-0.030141014455594917
121221,0,0,-0.12778496209130036
121222,0,0,-0.13082941267016696
121223,0,0,-0.13196809895445183
121224,0,0,-0.11955835661665903
121225,0,0,-0.13481201892002048
121226,0,0,-0.15382295081945763
121227,0,0,-0.14644020244135864
121228,0,0,-0.050069621653398955
121229,0,0,-0.15565335260404728
121230,0,0,-0.1364588571082101
121231,0,0,-0.1312390270220808
121232,0,0,-0.14662016097029773
121233,0,0,-0.15284317106336692
121234,0,0,-0.1568837148605029
121235,0,0,-0.1447331576188905
121236,0,0,-0.14741656098940698
121237,0,0,-0.14294444519581034
121238,0,0,-0.11170927354697863
121239,0,0,-0.15340137041151986
121240,0,0,-0.1455433387920418
121241,0,0,-0.14806939010945624
121242,0,0,-0.109934590824243
121243,0,0,-0.0032878897661719475
121244,0,0,-0.005917079193359209
121245,0,0,-0.08660558494951476
121246,0,0,-0.1333160299347413
121247,0,0,-0.1257089575861181
121248,0,0,-0.1333674789910455
121249,0,0,-0.13211936081004877
121250,0,0,-0.10806249701172305
121251,0,0,-0.09012301404588763
121252,0,0,-0.09939753485627623
121253,0,0,-0.043759566455879584
121254,0,0,-0.060991094452053474
121255,0,0,-0.11819297994276229
121256,0,0,-0.007787724566511445
121257,0,0,-0.02788500282944384
121258,0,0,-0.06606019911782729
121259,0,0,-0.051466620227016646
121260,0,0,-0.144730761941317
121261,0,0,-0.1477810548424448
121262,0,0,-0.1517196897971077
121263,0,0,-0.14460081444229572
121264,0,0,-0.1517196897971077
121265,0,0,-0.13538164074617287
121266,0,0,-0.13738844063337263
121267,0,0,-0.1364354630732933
121268,0,0,-0.13561114052427758
121269,0,0,-0.10880876671600181
121270,0,1,0.14834183540649104
121271,0,0,-0.11326922968983538
121272,0,0,-0.041774255953247574
121273,0,0,-0.02612771062630026
121274,0,0,-0.05812781574940873
121275,0,0,-0.15888858689072916
121276,0,0,-0.15995102217151635
121277,0,0,-0.00892925666213329
121278,0,0,-0.1603646360019056
121279,0,0,-0.06584378185822798
121280,0,0,-0.13937296475069422
121281,0,0,-0.0667442960105682
121282,0,0,-0.13959917653677856
121283,0,0,-0.1448685061803861
121284,0,0,-0.15837253854868116
121285,0,0,-0.0676517684704166
121286,0,0,-0.11819297994276229
121287,0,0,-0.07194195639745576
121288,0,0,-0.06802648484852908
121289,0,0,-0.06672698655879339
121290,0,0,-0.02792385524588703
121291,0,0,-0.014828137829318466
121292,0,0,-0.08335131528128292
121293,0,0,-0.0841961539765978
121294,0,1,0.013250030185540607
121295,0,0,-0.1367460763996387
121296,0,0,-0.1373375558332925
121297,0,0,-0.12855730672445348
121298,0,0,-0.13009165370390657
121299,0,0,-0.11819297994276229
121300,0,0,-0.10918696680982493
121301,0,0,-0.051585654607156584
121302,0,0,-0.030141014455594917
121303,0,0,-0.1303959262889251
121304,0,0,-0.15452822064803667
121305,0,0,-0.14759823730426463
121306,0,0,-0.1554829374851186
121307,0,0,-0.11979061959729109
121308,0,0,-0.15342535160322246
121309,0,0,-0.15613145284985824
121310,0,0,-0.14589457614581208
121311,0,0,-0.14272266466053213
121312,0,0,-0.1528526364057245
121313,0,0,-0.1469816621345285
121314,0,0,-0.1580866130572059
121315,0,0,-0.11725165719092528
121316,0,0,-0.15771326692698084
121317,0,0,-0.13861043117712596
121318,0,0,-0.15333032051805318
121319,0,0,-0.11570763097123732
121320,0,0,-0.10345558884668188
121321,0,0,-0.08826141389400394
121322,0,0,-0.10929547725939337
121323,0,0,-0.09374066167956485
121324,0,0,-0.1262650687085347
121325,0,0,-0.12852165638530133
121326,0,0,-0.12319126104763412
121327,0,0,-0.12852165638530133
121328,0,0,-0.10705942653874712
121329,0,0,-0.09939753485627623
121330,0,0,-0.03519682249793893
121331,0,0,-0.06059675611218618
121332,0,0,-0.15573264188627828
121333,0,0,-0.1517834996810004
121334,0,0,-0.15490424482715826
121335,0,0,-0.14338036467289117
121336,0,0,-0.15443924675237553
121337,0,0,-0.02612771062630026
121338,0,0,-0.12992919742431686
121339,0,0,-0.1286683622718261
121340,0,0,-0.13146999058805575
121341,0,0,-0.1340987324959868
121342,0,0,-0.1077421904363629
121343,0,0,-0.10075111796338992
121344,0,0,-0.04234796403082641
121345,0,0,-0.1577102349768581
121346,0,0,-0.11495622705582809
121347,0,0,-0.15354065013513596
121348,0,0,-0.15507232506958973
121349,0,0,-0.1422618354733577
121350,0,0,-0.14948555429258453
121351,0,0,-0.06671325865591426
121352,0,0,-0.06689366646111522
121353,0,0,-0.14000594541415146
121354,0,0,-0.06664699747023678
121355,0,0,-0.1395253019661275
121356,0,0,-0.050006483519048905
121357,0,0,-0.03214807618516352
121358,0,0,-0.12139739422258844
121359,0,0,-0.08474740218420235
121360,0,0,-0.13206932112570907
121361,0,0,-0.13448427747628533
121362,0,0,-0.13448427747628533
121363,0,0,-0.12991471653202408
121364,0,0,-0.11004174867505173
121365,0,0,-0.15575940067976368
121366,0,0,-0.15569786884095427
121367,0,0,-0.15705680815618672
121368,0,0,-0.14488249722006324
121369,0,0,-0.15637554347264332
121370,0,0,-0.09424930674591997
121371,0,0,-0.041774255953247574
121372,0,0,-0.09843216369560703
121373,0,0,-0.05608736905049183
121374,0,0,-0.09081252841509169
121375,0,0,-0.050911144833651945
121376,0,0,-0.07492719382288665
121377,0,0,-0.0411948412235264
121378,0,0,-0.03271527401924201
121379,0,0,-0.024627320218871096
121380,0,0,-0.1275753801829138
121381,0,0,-0.13448427747628533
121382,0,0,-0.13024344417157518
121383,0,0,-0.12997068445071241
121384,0,0,-0.11004174867505173
121385,0,0,-0.11819297994276229
121386,0,0,-0.15102547841027636
121387,0,0,-0.1552165720582735
121388,0,0,-0.15746123890186509
121389,0,0,-0.14423158327096997
121390,0,0,-0.15154627987535052
121391,0,0,-0.11819297994276229
121392,0,0,-0.11819297994276229
121393,0,0,-0.11121006553184293
121394,0,0,-0.05634947117039113
121395,0,0,-0.02751048368457437
121396,0,0,-0.02644821769480754
121397,0,0,-0.02612771062630026
121398,0,0,-0.0726074324293422
121399,0,0,-0.06635369754896198
121400,0,0,-0.140092293824291
121401,0,0,-0.05815922582677058
121402,0,0,-0.13868584318979282
121403,0,0,-0.11819297994276229
121404,0,0,-0.13448427747628533
121405,0,0,-0.13448427747628533
121406,0,0,-0.12941841475184973
121407,0,0,-0.13156152100734486
121408,0,0,-0.1103054998560663
121409,0,0,-0.10170057572847052
121410,0,0,-0.04234796403082641
121411,0,0,-0.03214807618516352
121412,0,0,-0.14550048655314296
121413,0,0,-0.15292160060102966
121414,0,0,-0.153702477388594
121415,0,0,-0.14423158327096997
121416,0,0,-0.15234012121604973
121417,0,0,-0.12139739422258844
121418,0,0,-0.08660558494951476
121419,0,0,-0.0411948412235264
121420,0,0,-0.06022141966747646
121421,0,0,-0.05993833924398295
121422,0,0,-0.05992377081714684
121423,0,0,-0.06725315404906362
121424,0,0,-0.024627320218871096
121425,0,0,-0.02792385524588703
121426,0,0,-0.08306932109706394
121427,0,0,-0.0841961539765978
121428,0,0,-0.06830998667609717
121429,0,0,-0.06018804332194466
121430,0,0,-0.129963238301386
121431,0,0,-0.13091894795363995
121432,0,0,-0.051466620227016646
121433,0,0,-0.12559306256433123
121434,0,0,-0.133422507317357
121435,0,0,-0.11819297994276229
121436,0,0,-0.1103054998560663
121437,0,0,-0.08888146575477945
121438,0,0,-0.04234796403082641
121439,0,0,-0.14931521664538422
121440,0,0,-0.1515708601565503
121441,0,0,-0.15452997193577656
121442,0,0,-0.1443457330096659
121443,0,0,-0.14931521664538422
121444,0,0,-0.07307579284382915
121445,0,0,-0.11819297994276229
121446,0,0,-0.12744865284922946
121447,0,0,-0.1320182965447479
121448,0,0,-0.12838295920163328
121449,0,0,-0.02612771062630026
121450,0,0,-0.12577509051663754
121451,0,0,-0.10795633266822463
121452,0,0,-0.15888858689072916
121453,0,0,-0.1603646360019056
121454,0,0,-0.15877144276900979
121455,0,0,-0.1448685061803861
121456,0,0,-0.1565159707922389
121457,0,0,-0.07757226572473075
121458,0,0,-0.06635369754896198
121459,0,0,-0.13805897420223356
121460,0,0,-0.06833313629543408
121461,0,0,-0.13937296475069422
121462,0,0,-0.09198023035550495
121463,0,0,-0.041774255953247574
121464,0,0,-0.11819297994276229
121465,0,0,-0.05934245677407329
121466,0,0,-0.05904421302825219
121467,0,0,-0.060063826114955365
121468,0,0,-0.057271375455510476
121469,0,0,-0.05992377081714684
121470,0,0,-0.024433020879376544
121471,0,0,-0.03214807618516352
121472,0,0,-0.048308645037976494
121473,0,0,-0.12139739422258844
121474,0,0,-0.08474740218420235
121475,0,0,-0.12024085934504541
121476,0,0,-0.02644821769480754
121477,0,0,-0.02644821769480754
121478,0,0,-0.13522022980680587
121479,0,0,-0.13272128410215617
121480,0,0,-0.13649425453819536
121481,0,0,-0.1312452753422924
121482,0,0,-0.10825320300200603
121483,0,0,-0.09691937166963621
121484,0,0,-0.04234796403082641
121485,0,0,-0.11819297994276229
121486,0,0,-0.1526665540950174
121487,0,0,-0.14815496547692625
121488,0,0,-0.14850643742095454
121489,0,0,-0.14423158327096997
121490,0,0,-0.1572472263450888
121491,0,0,-0.0776850988623472
121492,0,0,-0.128686411112039
121493,0,0,-0.13120506550813293
121494,0,0,-0.13177148624458085
121495,0,0,-0.13347441781922953
121496,0,0,-0.10825320300200603
121497,0,0,-0.14704219268602364
121498,0,0,-0.14807213378535727
121499,0,0,-0.15644714669674192
121500,0,0,-0.14407010026916311
121501,0,0,-0.1582543813882371
121502,0,0,-0.09729259211659996
121503,0,0,-0.041774255953247574
121504,0,0,-0.02612771062630026
121505,0,0,-0.12047010926948831
121506,0,0,-0.07451375068452193
121507,0,0,-0.06606019911782729
121508,0,0,-0.13984870279971917
121509,0,0,-0.06635369754896198
121510,0,0,-0.13805897420223356
121511,0,0,-0.11819297994276229
121512,0,0,-0.13451662737096481
121513,0,0,-0.13084383130280242
121514,0,0,-0.13064993977223677
121515,0,0,-0.12889726854939576
121516,0,0,-0.09794949449867285
121517,0,0,-0.10943177085458938
121518,0,0,-0.04234796403082641
121519,0,0,-0.03214807618516352
121520,0,0,-0.15458882684791592
121521,0,0,-0.11819297994276229
121522,0,0,-0.15440099764744364
121523,0,0,-0.1553239296634048
121524,0,0,-0.13540568197721625
121525,0,0,-0.1553239296634048
121526,0,0,-0.12139739422258844
121527,0,0,-0.08558941003357701
121528,0,0,-0.02751048368457437
121529,0,0,-0.13024344417157518
121530,0,0,-0.12941841475184973
121531,0,0,-0.1302337356061986
121532,0,0,-0.13448427747628533
121533,0,0,-0.10949023354098197
121534,0,0,-0.09794949449867285
121535,0,0,-0.04234796403082641
121536,0,0,-0.15395338723848323
121537,0,0,-0.1561151408148897
121538,0,0,-0.15544976890948747
121539,0,0,-0.14423158327096997
121540,0,0,-0.15411703050310832
121541,0,0,-0.07307579284382915
121542,0,0,-0.026465057230180722
121543,0,1,0.003258674139304918
121544,0,0,-0.07375783417074422
121545,0,0,-0.029443428471948696
121546,0,0,-0.06635369754896198
121547,0,0,-0.024627320218871096
121548,0,0,-0.02792385524588703
121549,0,0,-0.08306932109706394
121550,0,0,-0.0841961539765978
121551,0,0,-0.06342575892959279
121552,0,0,-0.07288566807464447
121553,0,0,-0.07927161495953705
121554,0,0,-0.05959804474857916
121555,0,0,-0.13448427747628533
121556,0,0,-0.13448427747628533
121557,0,0,-0.09639628697104813
121558,0,0,-0.1328844544784537
121559,0,0,-0.13448427747628533
121560,0,0,-0.13276240436780645
121561,0,1,0.012579905861075824
121562,0,0,-0.10949023354098197
121563,0,0,-0.10170057572847052
121564,0,0,-0.04234796403082641
121565,0,0,-0.02612771062630026
121566,0,1,3.329528395168424e-05
121567,0,0,-0.033638033880533935
121568,0,0,-0.06944039045138184
121569,0,0,-0.13868584318979282
121570,0,0,-0.06635369754896198
121571,0,0,-0.13777185380934764
121572,0,0,-0.130297368382625
121573,0,0,-0.050006483519048905
121574,0,0,-0.11819297994276229
121575,0,1,0.0003717254443184048
121576,0,0,-0.1475798949512624
121577,0,0,-0.15192936748313096
121578,0,0,-0.13105886804658184
121579,0,0,-0.11753072452734081
121580,0,0,-0.09854098661049404
121581,0,0,-0.15056525466708404
121582,0,0,-0.14917004189412075
121583,0,0,-0.13210625131866893
121584,0,0,-0.1450022601982972
121585,0,0,-0.03246740392300612
121586,0,0,-0.08660558494951476
121587,0,0,-0.005574525864874225
121588,0,0,-0.15056525466708404
121589,0,0,-0.15191414183292573
121590,0,0,-0.13066845616981282
121591,0,0,-0.11879763900468321
121592,0,0,-0.13057532682873513
121593,0,0,-0.1470592549598918
121594,0,0,-0.1252354549680872
121595,0,0,-0.12498180860839253
121596,0,0,-0.0953324912647347
121597,0,0,-0.10120574039141766
121598,0,0,-0.13160014114868807
121599,0,0,-0.12924585404773453
121600,0,0,-0.153848601211462
121601,0,0,-0.1333986547560022
121602,0,0,-0.04170846653948579
121603,0,0,-0.06718949439498717
121604,0,0,-0.1020070733272831
121605,0,1,0.005999207787637961
121606,0,0,-0.050069621653398955
121607,0,0,-0.06606019911782729
121608,0,0,-0.051466620227016646
121609,0,0,-0.06331478114265704
121610,0,0,-0.1282012001972268
121611,0,0,-0.1328179294568702
121612,0,0,-0.13232552102184414
121613,0,0,-0.13287650557902508
121614,0,0,-0.06718949439498717
121615,0,0,-0.11029295503996889
121616,0,0,-0.11819297994276229
121617,0,0,-0.07534494851802237
121618,0,0,-0.02612771062630026
121619,0,0,-0.06584378185822798
121620,0,0,-0.13664830384733617
121621,0,0,-0.06568479227303603
121622,0,0,-0.14008340708724004
121623,0,0,-0.12426676246137885
121624,0,0,-0.1315631330583641
121625,0,0,-0.13729343792664728
121626,0,0,-0.12828345429283272
121627,0,0,-0.13129134683740734
121628,0,0,-0.11819297994276229
121629,0,0,-0.10976525718032565
121630,0,0,-0.06718949439498717
121631,0,0,-0.031445626702809926
121632,0,0,-0.08474740218420235
121633,0,0,-0.07783091284274363
121634,0,0,-0.12963006435816948
121635,0,0,-0.13015166292842706
121636,0,0,-0.13399320192991115
121637,0,0,-0.12990134393325808
121638,0,0,-0.059880577879818486
121639,0,0,-0.10786247089661294
121640,0,0,-0.11819297994276229
121641,0,0,-0.02751048368457437
121642,0,0,-0.12300867361285855
121643,0,0,-0.07127428476627506
121644,0,0,-0.12640915921489182
121645,0,0,-0.13399320192991115
121646,0,0,-0.13015166292842706
121647,0,0,-0.12373126367601556
121648,0,0,-0.06116116123302756
121649,0,0,-0.10714610096749444
121650,0,0,-0.02612771062630026
121651,0,0,-0.06361760802127003
121652,0,0,-0.14008340708724004
121653,0,0,-0.07066430616608321
121654,0,0,-0.13955825594825388
121655,0,0,-0.12426676246137885
121656,0,0,-0.11819297994276229
121657,0,0,-0.031445626702809926
121658,0,0,-0.06584378185822798
121659,0,0,-0.024627320218871096
121660,0,0,-0.02792385524588703
121661,0,0,-0.08306932109706394
121662,0,0,-0.0841961539765978
121663,0,0,-0.08660558494951476
121664,0,0,-0.11819297994276229
121665,0,0,-0.1307491122237845
121666,0,0,-0.13729343792664728
121667,0,0,-0.1315631330583641
121668,0,0,-0.1270919350335607
121669,0,0,-0.06030484160238159
121670,0,0,-0.11061117873347232
121671,0,0,-0.07937720137510856
121672,0,0,-0.11819297994276229
121673,0,0,-0.040032070444653456
121674,0,0,-0.032649700572263185
121675,0,0,-0.024627320218871096
121676,0,0,-0.12361736295691694
121677,0,0,-0.12791024122858058
121678,0,0,-0.13348126334192983
121679,0,0,-0.13160712854465273
121680,0,0,-0.06748222901881157
121681,0,0,-0.1080083937199186
121682,0,0,-0.11819297994276229
121683,0,0,-0.11819297994276229
121684,0,0,-0.0685217648427559
121685,0,0,-0.02612771062630026
121686,0,0,-0.02644821769480754
121687,0,0,-0.06782107347670402
121688,0,0,-0.13735893549438466
121689,0,0,-0.06937657628475508
121690,0,0,-0.13937296475069422
121691,0,0,-0.12426676246137885
121692,0,0,-0.12922341192907338
121693,0,0,-0.13443553388136137
121694,0,0,-0.13412940094520454
121695,0,0,-0.13263540676528351
121696,0,0,-0.1080083937199186
121697,0,0,-0.06748222901881157
121698,0,0,-0.031445626702809926
121699,0,0,-0.0994145921916581
121700,0,0,-0.08660558494951476
121701,0,0,-0.06852207012817096
121702,0,0,-0.12226268987903754
121703,0,0,-0.039720757134857565
121704,0,0,-0.0437791288962483
121705,0,0,-0.05993833924398295
121706,0,0,-0.05962592051353588
121707,0,0,-0.07040707005607644
121708,0,0,-0.051466620227016646
121709,0,0,-0.06018804332194466
121710,0,0,-0.13208185968910174
121711,0,0,-0.12758132174292103
121712,0,0,-0.1364354630732933
121713,0,0,-0.1368423605364159
121714,0,0,-0.1099856631585357
121715,0,0,-0.06748222901881157
121716,0,0,-0.06792283083252543
121717,0,0,-0.12752059252535036
121718,0,0,-0.1340817474626389
121719,0,0,-0.1302186086754264
121720,0,0,-0.13318675206619685
121721,0,0,-0.10483326959391609
121722,0,0,-0.059880577879818486
121723,0,0,-0.11819297994276229
121724,0,0,-0.0657055666305727
121725,0,0,-0.13664830384733617
121726,0,0,-0.06782107347670402
121727,0,0,-0.14050612847279859
121728,0,0,-0.02612771062630026
121729,0,0,-0.05992377081714684
121730,0,0,-0.05964049880050537
121731,0,0,-0.057870058560676396
121732,0,0,-0.05976607060290595
121733,0,0,-0.12426676246137885
121734,0,0,-0.02751048368457437
121735,0,0,-0.11819297994276229
121736,0,0,-0.031445626702809926
121737,0,0,-0.06018804332194466
121738,0,0,-0.08474740218420235
121739,0,0,-0.07783091284274363
121740,0,0,-0.13091894795363995
121741,0,0,-0.12958547067369197
121742,0,0,-0.12997068445071241
121743,0,0,-0.1343338326567426
121744,0,0,-0.11004174867505173
121745,0,0,-0.06718949439498717
121746,0,0,-0.06789315880821761
121747,0,0,-0.024627320218871096
121748,0,0,-0.02792385524588703
121749,0,0,-0.08335131528128292
121750,0,0,-0.0841961539765978
121751,0,1,8.348493595944362e-05
121752,0,0,-0.032928884145691506
121753,0,0,-0.1269894581047593
121754,0,0,-0.11819297994276229
121755,0,0,-0.13024344417157524
121756,0,0,-0.13003084267474474
121757,0,0,-0.1302337356061986
121758,0,0,-0.11004174867505173
121759,0,0,-0.059880577879818486
121760,0,0,-0.062329463116804096
121761,0,0,-0.029443428471948696
121762,0,0,-0.1467294894068154
121763,0,0,-0.1299581287614186
121764,0,0,-0.11869124670578785
121765,0,0,-0.153848601211462
121766,0,0,-0.13475548859845676
121767,0,0,-0.14379751847327776
121768,0,0,-0.11377845966927114
121769,0,0,-0.1275546430740308
121770,0,0,-0.14514640797349004
121771,0,0,-0.06209344304038589
121772,0,0,-0.13166561895011597
121773,0,0,-0.05995566709056138
121774,0,0,-0.057354490054235374
121775,0,0,-0.010240825626440575
121776,0,0,-0.055831612069646985
121777,0,1,0.016644847151497166
121778,0,0,-0.1334159136846762
121779,0,1,0.003114130195679299
121780,0,0,-0.06747406290293151
121781,0,0,-0.06801781229127951
121782,0,0,-0.13868584318979282
121783,0,0,-0.06979197318768571
121784,0,0,-0.1378655172683379
121785,0,0,-0.13213821954179006
121786,0,0,-0.02612771062630026
121787,0,0,-0.050006483519048905
121788,0,0,-0.09887030955827525
121789,0,0,-0.08921844263017492
121790,0,0,-0.13429991806366626
121791,0,0,-0.13241166131463195
121792,0,0,-0.13380472775852575
121793,0,0,-0.13236007812969852
121794,0,0,-0.10975966814229199
121795,0,0,-0.045162406171970815
121796,0,0,-0.03246740392300612
121797,0,0,-0.11819297994276229
121798,0,1,8.348493595944362e-05
121799,0,0,-0.03269047017046023
121800,0,0,-0.08660558494951476
121801,0,0,-0.11595326093679054
121802,0,0,-0.13473149677006224
121803,0,0,-0.13011645055754356
121804,0,0,-0.11879763900468321
121805,0,0,-0.12292009410442722
121806,0,0,-0.14894036796822036
121807,0,0,-0.12670678632562793
121808,0,0,-0.15179199918371478
121809,0,0,-0.11237707676323816
121810,0,0,-0.14077673413856823
121811,0,0,-0.1459104347453748
121812,0,0,-0.1179053827795904
121813,0,0,-0.10276304533704089
121814,0,0,-0.12924585404773453
121815,0,0,-0.13204152800040897
121816,0,0,-0.13299740246935204
121817,0,0,-0.12905112321315054
121818,0,0,-0.06325552529075268
121819,0,0,-0.10281408373496431
121820,0,1,0.003114130195679299
121821,0,0,-0.11819297994276229
121822,0,0,-0.07431859985097355
121823,0,0,-0.09612119816235942
121824,0,0,-0.09168600131106336
121825,0,0,-0.06721516377107961
121826,0,0,-0.06545387484200887
121827,0,0,-0.07090421921560758
121828,0,0,-0.08236625938863462
121829,0,0,-0.08151770267634834
121830,0,0,-0.11819297994276229
121831,0,0,-0.06974136505040124
121832,0,0,-0.07196525883910854
121833,0,0,-0.14542494122391608
121834,0,0,-0.14638324641638328
121835,0,0,-0.14898739691618662
121836,0,0,-0.12666931790768882
121837,0,0,-0.13091894795363995
121838,0,0,-0.12969027187999627
121839,0,0,-0.1286765444732451
121840,0,0,-0.10836979576774053
121841,0,0,-0.07947790023471679
121842,0,0,-0.005574525864874225
121843,0,0,-0.07173577538974651
121844,0,0,-0.14050612847279859
121845,0,0,-0.06689366646111522
121846,0,0,-0.13868584318979282
121847,0,0,-0.02612771062630026
121848,0,0,-0.12143539174421347
121849,0,0,-0.031445626702809926
121850,0,0,-0.11819297994276229
121851,0,0,-0.08660558494951476
121852,0,0,-0.1305441474073576
121853,0,0,-0.12659744042534493
121854,0,0,-0.13309165351102292
121855,0,0,-0.12623054478364804
121856,0,0,-0.060178255944014436
121857,0,0,-0.10266713627604024
121858,0,0,-0.08213831116571269
121859,0,0,-0.11819297994276229
121860,0,0,-0.05858397712164615
121861,0,0,-0.051466620227016646
121862,0,0,-0.02788500282944384
121863,0,0,-0.12317296828406338
121864,0,0,-0.13480094411485255
121865,0,0,-0.13024590573165656
121866,0,0,-0.13097306081223398
121867,0,0,-0.1307792371567562
121868,0,0,-0.06634493803497865
121869,0,0,-0.101990038930106
121870,0,0,-0.07074505177580376
121871,0,0,-0.06664699747023678
121872,0,0,-0.024627320218871096
121873,0,0,-0.02792385524588703
121874,0,0,-0.06949937177190707
121875,0,0,-0.13868584318979282
121876,0,0,-0.06972821112989319
121877,0,0,-0.14008340708724004
121878,0,0,-0.0841961539765978
121879,0,0,-0.02612771062630026
121880,0,0,-0.11872724360363635
121881,0,0,-0.13425096734027153
121882,0,0,-0.12783971965529167
121883,0,0,-0.12461461588817974
121884,0,0,-0.11819297994276229
121885,0,0,-0.1267288799872392
121886,0,0,-0.059880577879818486
121887,0,0,-0.10475442655530715
121888,0,0,-0.031445626702809926
121889,0,0,-0.11819297994276229
121890,0,0,-0.11819297994276229
121891,0,1,0.0003717254443184048
121892,0,0,-0.048009694557346605
121893,0,0,-0.08660558494951476
121894,0,0,-0.08558630122685285
121895,0,0,-0.13079016221028095
121896,0,0,-0.15222810547773347
121897,0,0,-0.11724698179274284
121898,0,0,-0.13349115437924786
121899,0,0,-0.129963238301386
121900,0,0,-0.1506687782049485
121901,0,0,-0.11237707676323816
121902,0,0,-0.11329729192550542
121903,0,0,-0.1261208183953228
121904,0,0,-0.12616562566554362
121905,0,0,-0.15255253689431364
121906,0,0,-0.0060615312784245146
121907,0,0,-0.1267444348278831
121908,0,0,-0.13282846225050332
121909,0,0,-0.126600473634206
121910,0,0,-0.1343216713145568
121911,0,0,-0.10806249701172305
121912,0,0,-0.059880577879818486
121913,0,1,0.002093965483924709
121914,0,0,-0.07791886601414444
121915,0,0,-0.06657648865244081
121916,0,0,-0.13427035615879818
121917,0,0,-0.12961279857232755
121918,0,0,-0.1267444348278831
121919,0,0,-0.12941826046765448
121920,0,0,-0.059880577879818486
121921,0,0,-0.10806249701172305
121922,0,0,-0.06606019911782729
121923,0,0,-0.1378655172683379
121924,0,0,-0.06885594240109605
121925,0,0,-0.13984870279971917
121926,0,0,-0.08306932109706394
121927,0,0,-0.11819297994276229
121928,0,0,-0.12143539174421347
121929,0,0,-0.02612771062630026
121930,0,0,-0.031445626702809926
121931,0,0,-0.08660558494951476
121932,0,0,-0.11819297994276229
121933,0,0,-0.12138470746865265
121934,0,0,-0.1339680126366446
121935,0,0,-0.12922911227735046
121936,0,0,-0.12706959259436224
121937,0,0,-0.13107613940015517
121938,0,0,-0.059880577879818486
121939,0,0,-0.11032697179160739
121940,0,0,-0.08185549600180841
121941,0,0,-0.04341721823562239
121942,0,0,-0.03147617950906595
121943,0,0,-0.024627320218871096
121944,0,0,-0.1339680126366446
121945,0,0,-0.1339680126366446
121946,0,0,-0.13241875902870476
121947,0,0,-0.13297585862090072
121948,0,0,-0.059880577879818486
121949,0,0,-0.11032697179160739
121950,0,0,-0.11819297994276229
121951,0,0,-0.11819297994276229
121952,0,0,-0.11819297994276229
121953,0,0,-0.07979869519091592
121954,0,0,-0.02751048368457437
121955,0,0,-0.024627320218871096
121956,0,0,-0.06664699747023678
121957,0,0,-0.13868584318979282
121958,0,0,-0.0677236608070621
121959,0,0,-0.14050612847279859
121960,0,0,-0.06721516377107961
121961,0,0,-0.02644821769480754
121962,0,0,-0.024627320218871096
121963,0,0,-0.11997377151726457
121964,0,0,-0.1266771893848337
121965,0,0,-0.12900144807481828
121966,0,0,-0.13107613940015517
121967,0,0,-0.13563135988610847
121968,0,0,-0.11032697179160739
121969,0,0,-0.06748222901881157
121970,0,0,-0.02612771062630026
121971,0,0,-0.031445626702809926
121972,0,0,-0.08660558494951476
121973,0,0,-0.11819297994276229
121974,0,0,-0.04150515752551953
121975,0,0,-0.060580530353226136
121976,0,0,-0.057870058560676396
121977,0,0,-0.05962592051353588
121978,0,0,-0.08448949429891373
121979,0,0,-0.06692422342949811
121980,0,0,-0.024627320218871096
121981,0,0,-0.02792385524588703
121982,0,0,-0.08306932109706394
121983,0,0,-0.0841961539765978
121984,0,0,-0.0584434507084719
121985,0,0,-0.051466620227016646
121986,0,0,-0.06018804332194466
121987,0,0,-0.12432764899515208
121988,0,0,-0.1310524153296903
121989,0,0,-0.11819297994276229
121990,0,0,-0.12884431523645506
121991,0,0,-0.13255761527671178
121992,0,0,-0.10000197149418893
121993,0,0,-0.06748222901881157
121994,0,0,-0.11819297994276229
121995,0,0,-0.0708602276131785
121996,0,0,-0.05032242006036558
121997,0,0,-0.04705314379741693
121998,0,0,-0.04998164909740255
121999,0,0,-0.09506513227883412
122000,0,0,-0.09194967735091131
122001,0,0,-0.04839332537163865
122002,0,0,-0.04930904839629213
122003,0,0,-0.1315631330583641
122004,0,0,-0.13122921234561175
122005,0,0,-0.13122921234561175
122006,0,0,-0.13065770048950287
122007,0,0,-0.11029295503996889
122008,0,0,-0.06748222901881157
122009,0,0,-0.06601367222041976
122010,0,0,-0.13664830384733617
122011,0,0,-0.06689366646111522
122012,0,0,-0.14050612847279859
122013,0,0,-0.1491789147334172
122014,0,0,-0.12143539174421347
122015,0,0,-0.060063826114955365
122016,0,0,-0.05992377081714684
122017,0,0,-0.05976607060290595
122018,0,0,-0.057870058560676396
122019,0,0,-0.060063826114955365
122020,0,0,-0.02612771062630026
122021,0,0,-0.031445626702809926
122022,0,0,-0.06018804332194466
122023,0,0,-0.08660558494951476
122024,0,0,-0.02644821769480754
122025,0,0,-0.02644821769480754
122026,0,0,-0.13433707640971643
122027,0,0,-0.13369062928827785
122028,0,0,-0.1307965645562113
122029,0,0,-0.12639428096479083
122030,0,0,-0.11032697179160739
122031,0,0,-0.06748222901881157
122032,0,0,-0.08213831116571269
122033,0,0,-0.09639628697104813
122034,0,0,-0.12200703150659231
122035,0,0,-0.12587918069157716
122036,0,0,-0.12844300536074565
122037,0,0,-0.12821134039173787
122038,0,0,-0.12898862642787545
122039,0,0,-0.11059053005983294
122040,0,0,-0.06708998281387962
122041,0,0,-0.06976850278333757
122042,0,0,-0.06635369754896198
122043,0,0,-0.13937296475069422
122044,0,0,-0.06748515989722731
122045,0,0,-0.14008340708724004
122046,0,0,-0.12143539174421347
122047,0,0,-0.12926211005319915
122048,0,0,-0.13499866132041316
122049,0,0,-0.12926211005319915
122050,0,0,-0.02612771062630026
122051,0,0,-0.1289481377345127
122052,0,0,-0.06708998281387962
122053,0,0,-0.11059053005983294
122054,0,0,-0.031445626702809926
122055,0,0,-0.11819297994276229
122056,0,0,-0.02644821769480754
122057,0,0,-0.08660558494951476
122058,0,0,-0.11819297994276229
122059,0,0,-0.02751048368457437
122060,0,0,-0.07054787531173229
122061,0,0,-0.1262650687085347
122062,0,0,-0.13294565673398012
122063,0,0,-0.12928009945786006
122064,0,0,-0.12928009945786006
122065,0,0,-0.06748222901881157
122066,0,0,-0.1066791675680141
122067,0,0,-0.005574525864874225
122068,0,0,-0.06635369754896198
122069,0,0,-0.024627320218871096
122070,0,0,-0.02792385524588703
122071,0,0,-0.08306932109706394
122072,0,0,-0.0841961539765978
122073,0,0,-0.08068681763956104
122074,0,0,-0.1258793443668506
122075,0,0,-0.1258793443668506
122076,0,0,-0.12928009945786006
122077,0,0,-0.12615630723613186
122078,0,0,-0.09639628697104813
122079,0,0,-0.06748222901881157
122080,0,0,-0.1066791675680141
122081,0,0,-0.11819297994276229
122082,0,0,-0.06936232031473594
122083,0,0,-0.13777185380934764
122084,0,0,-0.06554993830837702
122085,0,0,-0.14050612847279859
122086,0,0,-0.12143539174421347
122087,0,0,-0.02612771062630026
122088,0,0,-0.031445626702809926
122089,0,0,-0.09547608968013471
122090,0,0,-0.09317567952015698
122091,0,0,-0.08660558494951476
122092,0,0,-0.06702003400325335
122093,0,0,-0.08151770267634834
122094,0,0,-0.13456461097050532
122095,0,0,-0.13462970173446065
122096,0,0,-0.11819297994276229
122097,0,0,-0.13068287390719352
122098,0,0,-0.13348815354364418
122099,0,0,-0.06748222901881157
122100,0,0,-0.10822149433595879
122101,0,0,-0.06974136505040124
122102,0,0,-0.08034361384782385
122103,0,0,-0.14895453766547512
122104,0,0,-0.14694548647159872
122105,0,0,-0.051466620227016646
122106,0,0,-0.12934515609923003
122107,0,0,-0.12609784748979558
122108,0,0,-0.12959585127620193
122109,0,0,-0.131842596344048
122110,0,0,-0.06748222901881157
122111,0,0,-0.10146815564982653
122112,0,0,-0.06609972508138168
122113,0,0,-0.11819297994276229
122114,0,0,-0.07091162617309893
122115,0,0,-0.13959917653677856
122116,0,0,-0.06731288324288165
122117,0,0,-0.14050612847279859
122118,0,0,-0.12143539174421347
122119,0,0,-0.12138470746865265
122120,0,0,-0.12623054478364804
122121,0,0,-0.13309165351102292
122122,0,0,-0.13304016574849425
122123,0,0,-0.12924585404773453
122124,0,0,-0.10266713627604024
122125,0,0,-0.059880577879818486
122126,0,0,-0.02612771062630026
122127,0,0,-0.031445626702809926
122128,0,0,-0.08660558494951476
122129,0,0,-0.08308596709039268
122130,0,0,-0.11819297994276229
122131,0,0,-0.02644821769480754
122132,0,0,-0.12704671508723764
122133,0,0,-0.12932187606559564
122134,0,0,-0.13752571279190473
122135,0,0,-0.13747484725504489
122136,0,0,-0.06718949439498717
122137,0,0,-0.1089173711593191
122138,0,0,-0.11819297994276229
122139,0,0,-0.02751048368457437
122140,0,0,-0.06642000358122058
122141,0,0,-0.12945342915670832
122142,0,0,-0.13527298676518462
122143,0,0,-0.13197394393411616
122144,0,0,-0.13383312770215494
122145,0,0,-0.1086526804716319
122146,0,0,-0.06718949439498717
122147,0,0,-0.06361760802127003
122148,0,0,-0.1378655172683379
122149,0,0,-0.06689366646111522
122150,0,0,-0.14000594541415146
122151,0,0,-0.12143539174421347
122152,0,0,-0.0584434507084719
122153,0,0,-0.024627320218871096
122154,0,0,-0.02792385524588703
122155,0,0,-0.031445626702809926
122156,0,0,-0.02612771062630026
122157,0,0,-0.08306932109706394
122158,0,0,-0.0841961539765978
122159,0,0,-0.08660558494951476
122160,0,0,-0.0741735865713763
122161,0,0,-0.13597113767390423
122162,0,0,-0.13415421021236573
122163,0,0,-0.12828345429283272
122164,0,0,-0.13097962265232233
122165,0,0,-0.11819297994276229
122166,0,0,-0.11055653631567891
122167,0,0,-0.059880577879818486
122168,0,0,-0.11819297994276229
122169,0,0,-0.11819297994276229
122170,0,0,-0.04150515752551953
122171,0,0,-0.030039756519928296
122172,0,0,-0.024627320218871096
122173,0,0,-0.1251550930948826
122174,0,0,-0.13552249241941627
122175,0,0,-0.13456461097050532
122176,0,0,-0.12810468621097348
122177,0,0,-0.10954461493824441
122178,0,0,-0.059880577879818486
122179,0,0,-0.11819297994276229
122180,0,0,-0.11819297994276229
122181,0,0,-0.07292801320925357
122182,0,0,-0.06568479227303603
122183,0,0,-0.13959917653677856
122184,0,0,-0.06780237134516309
122185,0,0,-0.13936545634366254
122186,0,0,-0.12143539174421347
122187,0,0,-0.13582745972164556
122188,0,0,-0.13168775816111083
122189,0,0,-0.13168775816111083
122190,0,0,-0.12835622038903582
122191,0,0,-0.10940015758387078
122192,0,0,-0.059880577879818486
122193,0,0,-0.02644821769480754
122194,0,0,-0.02612771062630026
122195,0,0,-0.031445626702809926
122196,0,0,-0.08558941003357701
122197,0,0,-0.08213831116571269
122198,0,0,-0.11495622705582809
122199,0,0,-0.06307625275756062
122200,0,0,-0.062122518281721884
122201,0,0,-0.06773975031621521
122202,0,0,-0.051466620227016646
122203,0,0,-0.12275352013358148
122204,0,0,-0.13557424231738652
122205,0,0,-0.1314163246234722
122206,0,0,-0.1292230217498943
122207,0,0,-0.13537422566216423
122208,0,0,-0.05114423277559216
122209,0,0,-0.11129582441689745
122210,0,0,-0.05001511150764254
122211,0,0,-0.1337285276822468
122212,0,0,-0.12695201805932727
122213,0,0,-0.13448427747628533
122214,0,0,-0.13448427747628533
122215,0,0,-0.059880577879818486
122216,0,0,-0.10989747524597965
122217,0,0,-0.11819297994276229
122218,0,0,-0.06606019911782729
122219,0,0,-0.13664830384733617
122220,0,0,-0.06847010212153076
122221,0,0,-0.14050612847279859
122222,0,0,-0.12647013062597973
122223,0,0,-0.02788500282944384
122224,0,0,-0.05924494729243046
122225,0,0,-0.060063826114955365
122226,0,0,-0.060063826114955365
122227,0,0,-0.05992377081714684
122228,0,0,-0.06138050151599089
122229,0,0,-0.0852410964370463
122230,0,0,-0.031445626702809926
122231,0,0,-0.02612771062630026
122232,0,0,-0.08660558494951476
122233,0,0,-0.06018804332194466
122234,0,0,-0.13607423481906034
122235,0,0,-0.12878639313990475
122236,0,0,-0.13690104530585084
122237,0,0,-0.1326734755835397
122238,0,0,-0.059880577879818486
122239,0,0,-0.11093927602712372
122240,0,0,-0.11819297994276229
122241,0,0,-0.06885594240109605
122242,0,0,-0.024627320218871096
122243,0,0,-0.02792385524588703
122244,0,0,-0.08306932109706394
122245,0,0,-0.0841961539765978
122246,0,0,-0.1366879453229271
122247,0,0,-0.1318716760419381
122248,0,0,-0.1337022557218246
122249,0,0,-0.130834445566832
122250,0,0,-0.059880577879818486
122251,0,0,-0.11093927602712372
122252,0,0,-0.11819297994276229
122253,0,0,-0.11819297994276229
122254,0,0,-0.06801413329253919
122255,0,0,-0.06925166269718741
122256,0,0,-0.1378655172683379
122257,0,0,-0.06689366646111522
122258,0,0,-0.14050612847279859
122259,0,0,-0.12143539174421347
122260,0,0,-0.12652893721560976
122261,0,0,-0.13451146293520766
122262,0,0,-0.1311239447604034
122263,0,0,-0.1241063108259568
122264,0,0,-0.06708998281387962
122265,0,0,-0.10439241439106994
122266,0,0,-0.08100590151010423
122267,0,0,-0.031445626702809926
122268,0,0,-0.08660558494951476
122269,0,0,-0.02612771062630026
122270,0,0,-0.005574525864874225
122271,0,0,-0.11819297994276229
122272,0,0,-0.12439919570389518
122273,0,0,-0.13443169873796335
122274,0,0,-0.12732392518525437
122275,0,0,-0.13473757873411596
122276,0,0,-0.07947790023471679
122277,0,0,-0.10707070092240345
122278,0,0,-0.11819297994276229
122279,0,0,-0.11819297994276229
122280,0,0,-0.0693205446883654
122281,0,0,-0.12226268987903754
122282,0,0,-0.13353623614481652
122283,0,0,-0.12952976325784937
122284,0,0,-0.13239127157431207
122285,0,0,-0.13239127157431207
122286,0,0,-0.10488404196616963
122287,0,0,-0.06580937330723441
122288,0,0,-0.06689366646111522
122289,0,0,-0.13868584318979282
122290,0,0,-0.06731694893814172
122291,0,0,-0.13868584318979282
122292,0,0,-0.12143539174421347
122293,0,0,-0.0744615974522011
122294,0,0,-0.031445626702809926
122295,0,0,-0.08660558494951476
122296,0,0,-0.02612771062630026
122297,0,0,-0.13474969621481142
122298,0,0,-0.1267288799872392
122299,0,0,-0.1269813447021349
122300,0,0,-0.13315295139741368
122301,0,0,-0.06748222901881157
122302,0,0,-0.10463319276369726
122303,0,0,-0.11819297994276229
122304,0,0,-0.11819297994276229
122305,0,0,-0.061983118376130686
122306,0,0,-0.050710267528048636
122307,0,0,-0.02788500282944384
122308,0,0,-0.1321430344848103
122309,0,0,-0.1366879453229271
122310,0,0,-0.13607423481906034
122311,0,0,-0.12886851777162783
122312,0,0,-0.059880577879818486
122313,0,0,-0.10983326661442189
122314,0,0,-0.07683848200950444
122315,0,0,-0.06601367222041976
122316,0,0,-0.024627320218871096
122317,0,0,-0.02792385524588703
122318,0,0,-0.08335131528128292
122319,0,0,-0.0841961539765978
122320,0,0,-0.0653872538536987
122321,0,0,-0.13868584318979282
122322,0,0,-0.06820429487695645
122323,0,0,-0.13777185380934764
122324,0,0,-0.12143539174421347
122325,0,0,-0.08270336777044102
122326,0,0,-0.13775039414680051
122327,0,0,-0.1318716760419381
122328,0,0,-0.130834445566832
122329,0,0,-0.13239011771057707
122330,0,0,-0.059880577879818486
122331,0,0,-0.10983326661442189
122332,0,0,-0.11819297994276229
122333,0,0,-0.11819297994276229
122334,0,0,-0.005574525864874225
122335,0,0,-0.031445626702809926
122336,0,0,-0.08660558494951476
122337,0,0,-0.02612771062630026
122338,0,0,-0.11819297994276229
122339,0,0,-0.12858193201901535
122340,0,0,-0.13207104594499064
122341,0,0,-0.13557424231738652
122342,0,0,-0.13557424231738652
122343,0,0,-0.11214812144762082
122344,0,0,-0.06708998281387962
122345,0,0,-0.06627261641278454
122346,0,0,-0.13557424231738652
122347,0,0,-0.13447256394392015
122348,0,0,-0.13557424231738652
122349,0,0,-0.13391063432553058
122350,0,0,-0.11214812144762082
122351,0,0,-0.06311126194709504
122352,0,0,-0.06584378185822798
122353,0,0,-0.13937296475069422
122354,0,0,-0.07202543510240417
122355,0,0,-0.13868584318979282
122356,0,0,-0.12143539174421347
122357,0,0,-0.11819297994276229
122358,0,0,-0.0744615974522011
122359,0,0,-0.031445626702809926
122360,0,0,-0.08474740218420235
122361,0,0,-0.12200703150659231
122362,0,0,-0.1269813447021349
122363,0,0,-0.02612771062630026
122364,0,0,-0.13341066280890024
122365,0,0,-0.13097306081223398
122366,0,0,-0.13226530590214103
122367,0,0,-0.10531564968924761
122368,0,0,-0.059880577879818486
122369,0,0,-0.11819297994276229
122370,0,0,-0.04150515752551953
122371,0,0,-0.02644821769480754
122372,0,0,-0.024627320218871096
122373,0,0,-0.12407588100402017
122374,0,0,-0.1303163856507984
122375,0,0,-0.1307792371567562
122376,0,0,-0.1283056719981308
122377,0,0,-0.10531564968924761
122378,0,0,-0.06689656164390478
122379,0,0,-0.11819297994276229
122380,0,0,-0.11819297994276229
122381,0,0,-0.11819297994276229
122382,0,0,-0.07364967285866936
122383,0,0,-0.02751048368457437
122384,0,0,-0.024627320218871096
122385,0,0,-0.06606019911782729
122386,0,0,-0.13664830384733617
122387,0,0,-0.06938733144403131
122388,0,0,-0.14000594541415146
122389,0,0,-0.12143539174421347
122390,0,0,-0.13341066280890024
122391,0,0,-0.13425096734027153
122392,0,0,-0.127971798761415
122393,0,0,-0.13480094411485255
122394,0,0,-0.10412466114363089
122395,0,0,-0.06634493803497865
122396,0,0,-0.07088828083809151
122397,0,0,-0.031445626702809926
122398,0,0,-0.08558941003357701
122399,0,0,-0.042642795077371565
122400,0,0,-0.02612771062630026
122401,0,0,-0.06697459987226712
122402,0,0,-0.024627320218871096
122403,0,0,-0.02792385524588703
122404,0,0,-0.05962592051353588
122405,0,0,-0.057870058560676396
122406,0,0,-0.057870058560676396
122407,0,0,-0.08306932109706394
122408,0,0,-0.0841961539765978
122409,0,0,-0.06871168083085316
122410,0,0,-0.051466620227016646
122411,0,0,-0.11819297994276229
122412,0,0,-0.06018804332194466
122413,0,0,-0.13555282782517963
122414,0,0,-0.13690104530585084
122415,0,0,-0.12878639313990475
122416,0,0,-0.1318716760419381
122417,0,0,-0.10976525718032565
122418,0,0,-0.06634493803497865
122419,0,0,-0.11819297994276229
122420,0,0,-0.11819297994276229
122421,0,0,-0.05992377081714684
122422,0,0,-0.05992377081714684
122423,0,0,-0.06081611355321703
122424,0,0,-0.05946811356538484
122425,0,0,-0.05993833924398295
122426,0,0,-0.005574525864874225
122427,0,0,-0.0610931467841504
122428,0,0,-0.06078657186154618
122429,0,0,-0.06138050151599089
122430,0,0,-0.05904421302825219
122431,0,0,-0.05992377081714684
122432,0,0,-0.07258601000267689
122433,0,0,-0.13623355525840108
122434,0,0,-0.13600418052577945
122435,0,0,-0.1303959262889251
122436,0,0,-0.125920385598022
122437,0,0,-0.11032697179160739
122438,0,0,-0.06748222901881157
122439,0,0,-0.04075475260597489
122440,0,0,-0.06725315404906362
122441,0,0,-0.14000594541415146
122442,0,0,-0.06801781229127951
122443,0,0,-0.13936545634366254
122444,0,0,-0.12143539174421347
122445,0,0,-0.061342977084022254
122446,0,0,-0.0744615974522011
122447,0,0,-0.059985517466964566
122448,0,0,-0.059169954865996466
122449,0,0,-0.05904421302825219
122450,0,0,-0.031445626702809926
122451,0,0,-0.08474740218420235
122452,0,0,-0.02644821769480754
122453,0,0,-0.02644821769480754
122454,0,0,-0.1339418406804786
122455,0,0,-0.1339418406804786
122456,0,0,-0.12541396615809552
122457,0,0,-0.13303130136058977
122458,0,0,-0.06018804332194466
122459,0,0,-0.06748222901881157
122460,0,0,-0.024627320218871096
122461,0,0,-0.10694519305591982
122462,0,0,-0.02612771062630026
122463,0,0,-0.11495622705582809
122464,0,0,-0.12047010926948831
122465,0,0,-0.1258793443668506
122466,0,0,-0.13115044269973125
122467,0,0,-0.13344200872436074
122468,0,0,-0.06748222901881157
122469,0,0,-0.10694519305591982
122470,0,0,-0.06800481174457934
122471,0,0,-0.06909588622258339
122472,0,0,-0.13777185380934764
122473,0,0,-0.0675098533985477
122474,0,0,-0.14050612847279859
122475,0,0,-0.12143539174421347
122476,0,0,-0.13399320192991115
122477,0,0,-0.12777172706844758
122478,0,0,-0.13303130136058977
122479,0,0,-0.12963006435816948
122480,0,0,-0.08213831116571269
122481,0,0,-0.0701790842897449
122482,0,0,-0.10694519305591982
122483,0,0,-0.031445626702809926
122484,0,0,-0.11819297994276229
122485,0,0,-0.08660558494951476
122486,0,0,-0.02751048368457437
122487,0,0,-0.02612771062630026
122488,0,0,-0.11819297994276229
122489,0,0,-0.1355025549327818
122490,0,0,-0.1355025549327818
122491,0,0,-0.13752571279190473
122492,0,0,-0.1304195703654668
122493,0,0,-0.0701790842897449
122494,0,0,-0.10806050214945023
122495,0,0,-0.005574525864874225
122496,0,0,-0.06635369754896198
122497,0,0,-0.024627320218871096
122498,0,0,-0.02792385524588703
122499,0,0,-0.08335131528128292
122500,0,0,-0.0841961539765978
122501,0,0,-0.06636857114339523
122502,0,0,-0.1360455870948442
122503,0,0,-0.13383312770215494
122504,0,0,-0.12945342915670832
122505,0,0,-0.13629175038517866
122506,0,0,-0.11819297994276229
122507,0,0,-0.10880876671600181
122508,0,0,-0.06634493803497865
122509,0,0,-0.09639628697104813
122510,0,0,-0.06361760802127003
122511,0,0,-0.14050612847279859
122512,0,0,-0.06731090997928374
122513,0,0,-0.13959917653677856
122514,0,0,-0.12143539174421347
122515,0,0,-0.0757332708777203
122516,0,0,-0.031445626702809926
122517,0,0,-0.08660558494951476
122518,0,0,-0.12780290884442402
122519,0,0,-0.13707017678938999
122520,0,0,-0.13576956831520187
122521,0,0,-0.12772054841287017
122522,0,0,-0.07853023195186398
122523,0,0,-0.11061117873347232
122524,0,0,-0.02612771062630026
122525,0,0,-0.06801781229127951
122526,0,0,-0.051466620227016646
122527,0,0,-0.11819297994276229
122528,0,0,-0.1314545027214601
122529,0,0,-0.1301869261803532
122530,0,0,-0.12889726854939576
122531,0,0,-0.13347441781922953
122532,0,0,-0.10825320300200603
122533,0,0,-0.07824497478492026
122534,0,0,-0.07585392732709817
122535,0,0,-0.11819297994276229
122536,0,0,-0.0669400990159153
122537,0,0,-0.14050612847279859
122538,0,0,-0.06866839129221997
122539,0,0,-0.13937296475069422
122540,0,0,-0.12317296828406338
122541,0,0,-0.11872724360363635
122542,0,0,-0.085358468938865
122543,0,0,-0.1314545027214601
122544,0,0,-0.13665005239408567
122545,0,0,-0.13506112837837242
122546,0,0,-0.13649425453819536
122547,0,0,-0.10825320300200603
122548,0,0,-0.07824497478492026
122549,0,0,-0.031445626702809926
122550,0,0,-0.08660558494951476
122551,0,0,-0.02612771062630026
122552,0,0,-0.12670678632562793
122553,0,0,-0.12559306256433123
122554,0,0,-0.129963238301386
122555,0,0,-0.1286765444732451
122556,0,0,-0.10989747524597965
122557,0,0,-0.06748222901881157
122558,0,0,-0.11819297994276229
122559,0,0,-0.11819297994276229
122560,0,0,-0.02788500282944384
122561,0,0,-0.07624280657133686
122562,0,0,-0.13423274304519767
122563,0,0,-0.13128231399129608
122564,0,0,-0.12892769187069303
122565,0,0,-0.12666931790768882
122566,0,0,-0.10989747524597965
122567,0,0,-0.059880577879818486
122568,0,0,-0.0669400990159153
122569,0,0,-0.14099225675852994
122570,0,0,-0.06811743910076562
122571,0,0,-0.14000594541415146
122572,0,0,-0.12143539174421347
122573,0,0,-0.07067479447185643
122574,0,0,-0.06639022259390848
122575,0,0,-0.024627320218871096
122576,0,0,-0.02792385524588703
122577,0,0,-0.08306932109706394
122578,0,0,-0.0841961539765978
122579,0,0,-0.031445626702809926
122580,0,0,-0.057870058560676396
122581,0,0,-0.05964049880050537
122582,0,0,-0.060580530353226136
122583,0,0,-0.05946811356538484
122584,0,0,-0.06022141966747646
122585,0,0,-0.08558941003357701
122586,0,0,-0.13256586708225354
122587,0,0,-0.13256586708225354
122588,0,0,-0.13162276017447205
122589,0,0,-0.13127467818507305
122590,0,0,-0.11819297994276229
122591,0,0,-0.1054616176361517
122592,0,0,-0.06210712033111632
122593,0,0,-0.11819297994276229
122594,0,0,-0.048308645037976494
122595,0,0,-0.02612771062630026
122596,0,0,-0.11819297994276229
122597,0,0,-0.039720757134857565
122598,0,0,-0.024627320218871096
122599,0,0,-0.024627320218871096
122600,0,0,-0.13003918034454393
122601,0,0,-0.1252380210893418
122602,0,0,-0.13059810936725158
122603,0,0,-0.1277892937332447
122604,0,0,-0.10822149433595879
122605,0,0,-0.06718949439498717
122606,0,0,-0.11819297994276229
122607,0,0,-0.11819297994276229
122608,0,0,-0.07585968079993982
122609,0,0,-0.06936232031473594
122610,0,0,-0.14050612847279859
122611,0,0,-0.07008294760550648
122612,0,0,-0.13868584318979282
122613,0,0,-0.12143539174421347
122614,0,0,-0.085358468938865
122615,0,0,-0.12501284547540564
122616,0,0,-0.13480735731259902
122617,0,0,-0.1344633001526197
122618,0,0,-0.1320182965447479
122619,0,0,-0.06748222901881157
122620,0,0,-0.10833535688746104
122621,0,0,-0.031445626702809926
122622,0,0,-0.024627320218871096
122623,0,0,-0.08558941003357701
122624,0,0,-0.06263680458977688
122625,0,0,-0.06263680458977688
122626,0,0,-0.024627320218871096
122627,0,0,-0.06635369754896198
122628,0,0,-0.051466620227016646
122629,0,0,-0.02612771062630026
122630,0,0,-0.12175120010066143
122631,0,0,-0.13107613940015517
122632,0,0,-0.13297585862090072
122633,0,0,-0.13241875902870476
122634,0,0,-0.12926211005319915
122635,0,0,-0.06030484160238159
122636,0,0,-0.11032697179160739
122637,0,0,-0.09639628697104813
122638,0,0,-0.06484607477285387
122639,0,0,-0.13284268451384623
122640,0,0,-0.13522022980680587
122641,0,0,-0.13439817974420193
122642,0,0,-0.12579632090334525
122643,0,0,-0.06030484160238159
122644,0,0,-0.10957621651728011
122645,0,0,-0.11819297994276229
122646,0,0,-0.06606019911782729
122647,0,0,-0.14050612847279859
122648,0,0,-0.13868584318979282
122649,0,0,-0.0584434507084719
122650,0,0,-0.12143539174421347
122651,0,0,-0.07045442868688273
122652,0,0,-0.02788500282944384
122653,0,0,-0.031445626702809926
122654,0,0,-0.05992377081714684
122655,0,0,-0.05993833924398295
122656,0,0,-0.06138050151599089
122657,0,0,-0.060580530353226136
122658,0,0,-0.05934245677407329
122659,0,0,-0.08660558494951476
122660,0,0,-0.1275546208479128
122661,0,0,-0.12826386905119025
122662,0,0,-0.12498180860839253
122663,0,0,-0.1252354549680872
122664,0,0,-0.06748222901881157
122665,0,0,-0.10266713627604024
122666,0,0,-0.06018804332194466
122667,0,0,-0.02612771062630026
122668,0,0,-0.06871168083085316
122669,0,0,-0.02792385524588703
122670,0,0,-0.024627320218871096
122671,0,0,-0.08306932109706394
122672,0,0,-0.0841961539765978
122673,0,0,-0.11819297994276229
122674,0,0,-0.13557424231738652
122675,0,0,-0.13338260790083561
122676,0,0,-0.1272793635654469
122677,0,0,-0.11819297994276229
122678,0,0,-0.13207104594499064
122679,0,0,-0.06634493803497865
122680,0,0,-0.11166907264152992
122681,0,0,-0.11819297994276229
122682,0,0,-0.07431859985097355
122683,0,0,-0.07037372522060265
122684,0,0,-0.09612119816235942
122685,0,0,-0.09168600131106336
122686,0,0,-0.07499790388919131
122687,0,0,-0.06754288486312332
122688,0,0,-0.07090421921560758
122689,0,0,-0.0829310077486678
122690,0,0,-0.06974136505040124
122691,0,0,-0.1468663069059471
122692,0,0,-0.06692422342949811
122693,0,0,-0.14050612847279859
122694,0,0,-0.06574736603961856
122695,0,0,-0.14050612847279859
122696,0,0,-0.14758235622876376
122697,0,0,-0.14977664334865232
122698,0,0,-0.12143539174421347
122699,0,0,-0.07239519011257889
122700,0,0,-0.1255842451398988
122701,0,0,-0.13187094482354594
122702,0,0,-0.12695201805932727
122703,0,0,-0.1343338326567426
122704,0,0,-0.06761265111571108
122705,0,0,-0.1103054998560663
122706,0,0,-0.031445626702809926
122707,0,0,-0.08660558494951476
122708,0,0,-0.02612771062630026
122709,0,0,-0.12946138577797367
122710,0,0,-0.125986046593347
122711,0,0,-0.13240393396251104
122712,0,0,-0.12524336742890846
122713,0,0,-0.059880577879818486
122714,0,0,-0.10694519305591982
122715,0,0,-0.11819297994276229
122716,0,0,-0.11819297994276229
122717,0,0,-0.11819297994276229
122718,0,0,-0.07225476333891806
122719,0,0,-0.12317296828406338
122720,0,0,-0.1333160299347413
122721,0,0,-0.1333160299347413
122722,0,0,-0.12330576995688647
122723,0,0,-0.12623901372916674
122724,0,0,-0.10400182252092666
122725,0,0,-0.059880577879818486
122726,0,0,-0.06601367222041976
122727,0,0,-0.14008340708724004
122728,0,0,-0.06811743910076562
122729,0,0,-0.13868584318979282
122730,0,0,-0.11997377151726457
122731,0,0,-0.08344927427309617
122732,0,0,-0.09547608968013471
122733,0,0,-0.047781809930273145
122734,0,0,-0.04930904839629213
122735,0,0,-0.09524457075943304
122736,0,0,-0.031445626702809926
122737,0,0,-0.06511161703191803
122738,0,0,-0.08151770267634834
122739,0,0,-0.08826141389400394
122740,0,0,-0.06974136505040124
122741,0,0,-0.12941805232012854
122742,0,0,-0.130066908743247
122743,0,0,-0.13233612701662217
122744,0,0,-0.12361736295691694
122745,0,0,-0.10788815801861928
122746,0,0,-0.06325552529075268
122747,0,0,-0.1461439132044705
122748,0,0,-0.14638324641638328
122749,0,0,-0.051466620227016646
122750,0,0,-0.11819297994276229
122751,0,0,-0.02612771062630026
122752,0,0,-0.02788500282944384
122753,0,0,-0.11819297994276229
122754,0,0,-0.13144559055075972
122755,0,0,-0.12899492198730045
122756,0,0,-0.1327490095141054
122757,0,0,-0.12880005935591776
122758,0,0,-0.10254526224926575
122759,0,0,-0.06325552529075268
122760,0,0,-0.0763910354352102
122761,0,0,-0.0712018433052456
122762,0,0,-0.024627320218871096
122763,0,0,-0.02792385524588703
122764,0,0,-0.08306932109706394
122765,0,0,-0.0841961539765978
122766,0,0,-0.06860196344658359
122767,0,0,-0.13959917653677856
122768,0,0,-0.06957741706254789
122769,0,0,-0.14050612847279859
122770,0,0,-0.12143539174421347
122771,0,0,-0.085358468938865
122772,0,0,-0.12782868297248057
122773,0,0,-0.13509701808270352
122774,0,0,-0.11819297994276229
122775,0,0,-0.12963876607771385
122776,0,0,-0.13430397221753637
122777,0,0,-0.11032697179160739
122778,0,0,-0.06325552529075268
122779,0,0,-0.11819297994276229
122780,0,0,-0.031445626702809926
122781,0,0,-0.08660558494951476
122782,0,0,-0.02612771062630026
122783,0,0,-0.1311452737350131
122784,0,0,-0.130500844385542
122785,0,0,-0.1311452737350131
122786,0,0,-0.10856682055549699
122787,0,0,-0.06325552529075268
122788,0,0,-0.060063826114955365
122789,0,0,-0.05992377081714684
122790,0,0,-0.05924494729243046
122791,0,0,-0.11819297994276229
122792,0,0,-0.06018804332194466
122793,0,0,-0.0669400990159153
122794,0,0,-0.06642000358122058
122795,0,0,-0.0663931967788352
122796,0,0,-0.05962592051353588
122797,0,0,-0.13473149677006224
122798,0,0,-0.13052632426017524
122799,0,0,-0.12559306256433123
122800,0,0,-0.13052632426017524
122801,0,0,-0.059880577879818486
122802,0,0,-0.10989747524597965
122803,0,0,-0.06568479227303603
122804,0,0,-0.13880473555453
122805,0,0,-0.06664699747023678
122806,0,0,-0.14050612847279859
122807,0,0,-0.12143539174421347
122808,0,0,-0.07101509939565492
122809,0,0,-0.031445626702809926
122810,0,0,-0.11819297994276229
122811,0,0,-0.08660558494951476
122812,0,0,-0.12317296828406338
122813,0,0,-0.06747406290293151
122814,0,0,-0.1269916928163034
122815,0,0,-0.12439919570389518
122816,0,0,-0.12982813437359153
122817,0,0,-0.13353623614481652
122818,0,0,-0.059880577879818486
122819,0,0,-0.1087360894460388
122820,0,0,-0.02612771062630026
122821,0,0,-0.11819297994276229
122822,0,0,-0.12439919570389518
122823,0,0,-0.13473757873411596
122824,0,0,-0.13018783570974318
122825,0,0,-0.13443169873796335
122826,0,0,-0.059880577879818486
122827,0,0,-0.1087360894460388
122828,0,0,-0.11819297994276229
122829,0,0,-0.11819297994276229
122830,0,0,-0.06671325865591426
122831,0,0,-0.026175269655974664
122832,0,0,-0.04036682877049502
122833,0,0,-0.028452901362409466
122834,0,0,-0.06672698655879339
122835,0,0,-0.13937296475069422
122836,0,0,-0.06558624034645322
122837,0,0,-0.14050612847279859
122838,0,0,-0.11819297994276229
122839,0,0,-0.12143539174421347
122840,0,0,-0.085358468938865
122841,0,0,-0.13443169873796335
122842,0,0,-0.12704782734813408
122843,0,0,-0.13304001174670993
122844,0,0,-0.1245720682226178
122845,0,0,-0.059880577879818486
122846,0,0,-0.10755542232453758
122847,0,0,-0.031445626702809926
122848,0,0,-0.08558941003357701
122849,0,0,-0.06391275851716877
122850,0,0,-0.024627320218871096
122851,0,0,-0.02792385524588703
122852,0,0,-0.08306932109706394
122853,0,0,-0.0841961539765978
122854,0,0,-0.02313568898948387
122855,0,0,-0.05934245677407329
122856,0,0,-0.06108363714993381
122857,0,0,-0.05924494729243046
122858,0,0,-0.05946811356538484
122859,0,0,-0.060063826114955365
122860,0,0,-0.05858397712164615
122861,0,0,-0.051466620227016646
122862,0,0,-0.11819297994276229
122863,0,0,-0.02612771062630026
122864,0,0,-0.12735015763156793
122865,0,0,-0.13392201660835207
122866,0,0,-0.04874990964087378
122867,0,0,-0.12327462350618795
122868,0,0,-0.12623901372916674
122869,0,0,-0.062122518281721884
122870,0,0,-0.061983118376130686
122871,0,0,-0.059880577879818486
122872,0,0,-0.11819297994276229
122873,0,0,-0.1066791675680141
122874,0,0,-0.11819297994276229
122875,0,0,-0.07350520010144335
122876,0,0,-0.13407805880839946
122877,0,0,-0.12529992649357907
122878,0,0,-0.130788430451171
122879,0,0,-0.12627150786665065
122880,0,0,-0.059880577879818486
122881,0,0,-0.10593949173966244
122882,0,0,-0.06796267506702725
122883,0,0,-0.1378655172683379
122884,0,0,-0.06635369754896198
122885,0,0,-0.14000594541415146
122886,0,0,-0.12143539174421347
122887,0,0,-0.0829270903925749
122888,0,0,-0.031445626702809926
122889,0,0,-0.03778359443244245
122890,0,0,-0.04233324874582389
122891,0,0,-0.08660558494951476
122892,0,0,-0.060580530353226136
122893,0,0,-0.05962592051353588
122894,0,0,-0.024627320218871096
122895,0,0,-0.02644821769480754
122896,0,0,-0.13002622875157605
122897,0,0,-0.1282012001972268
122898,0,0,-0.1282012001972268
122899,0,0,-0.13729343792664728
122900,0,0,-0.06748222901881157
122901,0,0,-0.11061117873347232
122902,0,0,-0.06018804332194466
122903,0,0,-0.02644821769480754
122904,0,0,-0.02612771062630026
122905,0,0,-0.11495622705582809
122906,0,0,-0.12138470746865265
122907,0,0,-0.12926211005319915
122908,0,0,-0.12596194849409798
122909,0,0,-0.12922911227735046
122910,0,0,-0.13527505417731595
122911,0,0,-0.059880577879818486
122912,0,0,-0.11018280388695212
122913,0,0,-0.07138566188369111
122914,0,0,-0.06601367222041976
122915,0,0,-0.14050612847279859
122916,0,0,-0.0675098533985477
122917,0,0,-0.14050612847279859
122918,0,0,-0.12143539174421347
122919,0,0,-0.08507783322685297
122920,0,0,-0.13058368506567225
122921,0,0,-0.12898862642787545
122922,0,0,-0.12562597001526976
122923,0,0,-0.13563135988610847
122924,0,0,-0.06748222901881157
122925,0,0,-0.11032697179160739
122926,0,0,-0.031445626702809926
122927,0,0,-0.11819297994276229
122928,0,0,-0.08558941003357701
122929,0,0,-0.02751048368457437
122930,0,0,-0.1333674789910455
122931,0,0,-0.12596211213316105
122932,0,0,-0.13026979000350591
122933,0,0,-0.12938412282688172
122934,0,0,-0.06708998281387962
122935,0,0,-0.10694519305591982
122936,0,0,-0.02612771062630026
122937,0,0,-0.11819297994276229
122938,0,0,-0.06689366646111522
122939,0,0,-0.024627320218871096
122940,0,0,-0.02792385524588703
122941,0,0,-0.08306932109706394
122942,0,0,-0.0841961539765978
122943,0,0,-0.0663931967788352
122944,0,0,-0.11819297994276229
122945,0,0,-0.13316648734653952
122946,0,0,-0.13166561895011597
122947,0,0,-0.13397918997841346
122948,0,0,-0.13447256394392015
122949,0,0,-0.09639628697104813
122950,0,0,-0.1101668730023575
122951,0,0,-0.08019100928883915
122952,0,0,-0.06635369754896198
122953,0,0,-0.14000594541415146
122954,0,0,-0.06606019911782729
122955,0,0,-0.14050612847279859
122956,0,0,-0.12143539174421347
122957,0,0,-0.0831673463890168
122958,0,0,-0.031445626702809926
122959,0,0,-0.08660558494951476
122960,0,0,-0.13561114052427758
122961,0,0,-0.12758132174292103
122962,0,0,-0.1368423605364159
122963,0,0,-0.13738844063337263
122964,0,0,-0.10907335183358974
122965,0,0,-0.06708998281387962
122966,0,0,-0.06830998667609717
122967,0,0,-0.051466620227016646
122968,0,0,-0.02612771062630026
122969,0,0,-0.1272945607614075
122970,0,0,-0.12963876607771385
122971,0,0,-0.11819297994276229
122972,0,0,-0.1271530718258579
122973,0,0,-0.125920385598022
122974,0,0,-0.11059053005983294
122975,0,0,-0.06708998281387962
122976,0,0,-0.06801413329253919
122977,0,0,-0.07040707005607644
122978,0,0,-0.13937296475069422
122979,0,0,-0.07091162617309893
122980,0,0,-0.14050612847279859
122981,0,0,-0.11819297994276229
122982,0,0,-0.12138470746865265
122983,0,0,-0.11997377151726457
122984,0,0,-0.085358468938865
122985,0,0,-0.13600418052577945
122986,0,0,-0.13640002812594137
122987,0,0,-0.13014577261492383
122988,0,0,-0.13435528265665997
122989,0,0,-0.11032697179160739
122990,0,0,-0.06748222901881157
122991,0,0,-0.031445626702809926
122992,0,0,-0.08660558494951476
122993,0,0,-0.1312452753422924
122994,0,0,-0.13565497224803236
122995,0,0,-0.13284268451384623
122996,0,0,-0.13272128410215617
122997,0,0,-0.10825320300200603
122998,0,0,-0.06748222901881157
122999,0,0,-0.11819297994276229
123000,0,0,-0.02612771062630026
123001,0,0,-0.02788500282944384
123002,0,0,-0.11819297994276229
123003,0,0,-0.06405153984385276
123004,0,0,-0.13451662737096481
123005,0,0,-0.1312452753422924
123006,0,0,-0.12889726854939576
123007,0,0,-0.1301869261803532
123008,0,0,-0.06718949439498717
123009,0,0,-0.10878294554825962
123010,0,0,-0.06584378185822798
123011,0,0,-0.14008340708724004
123012,0,0,-0.06635369754896198
123013,0,0,-0.13984870279971917
123014,0,0,-0.12143539174421347
123015,0,0,-0.08344927427309617
123016,0,0,-0.06672698655879339
123017,0,0,-0.024627320218871096
123018,0,0,-0.02792385524588703
123019,0,0,-0.08306932109706394
123020,0,0,-0.0841961539765978
123021,0,0,-0.031445626702809926
123022,0,0,-0.08660558494951476
123023,0,0,-0.11819297994276229
123024,0,0,-0.127664198974566
123025,0,0,-0.13451146293520766
123026,0,0,-0.13432923901060229
123027,0,0,-0.12499594839376155
123028,0,0,-0.11819297994276229
123029,0,0,-0.10349514445374369
123030,0,0,-0.08060112749354653
123031,0,0,-0.02612771062630026
123032,0,0,-0.13398096160337175
123033,0,0,-0.12777252175954718
123034,0,0,-0.13546948369606965
123035,0,0,-0.12741219642585622
123036,0,0,-0.06718949439498717
123037,0,0,-0.10532802648649542
123038,0,0,-0.11819297994276229
123039,0,0,-0.11819297994276229
123040,0,0,-0.06692683511830971
123041,0,0,-0.06635369754896198
123042,0,0,-0.13777185380934764
123043,0,0,-0.06635369754896198
123044,0,0,-0.14050612847279859
123045,0,0,-0.12143539174421347
123046,0,0,-0.08507783322685297
123047,0,0,-0.1297695994293936
123048,0,0,-0.13546948369606965
123049,0,0,-0.13451146293520766
123050,0,0,-0.1244571110031204
123051,0,0,-0.06718949439498717
123052,0,0,-0.10532802648649542
123053,0,0,-0.031445626702809926
123054,0,0,-0.08660558494951476
123055,0,0,-0.04161986115176647
123056,0,0,-0.030675263786169915
123057,0,0,-0.024627320218871096
123058,0,0,-0.0411948412235264
123059,0,0,-0.040032070444653456
123060,0,0,-0.06731288324288165
123061,0,0,-0.05976607060290595
123062,0,0,-0.05962592051353588
123063,0,0,-0.051466620227016646
123064,0,0,-0.11819297994276229
123065,0,0,-0.12226268987903754
123066,0,0,-0.11819297994276229
123067,0,0,-0.06018804332194466
123068,0,0,-0.13058568241979246
123069,0,0,-0.13381430407159217
123070,0,0,-0.12920403791018292
123071,0,0,-0.12890989307793832
123072,0,0,-0.05114423277559216
123073,0,0,-0.10863209585279093
123074,0,0,-0.02612771062630026
123075,0,0,-0.02644821769480754
123076,0,0,-0.11819297994276229
123077,0,0,-0.0663931967788352
123078,0,0,-0.12361736295691694
123079,0,0,-0.12336196977663677
123080,0,0,-0.12504632376919605
123081,0,0,-0.12451598057597174
123082,0,0,-0.059880577879818486
123083,0,0,-0.10727031915742152
123084,0,0,-0.11819297994276229
123085,0,0,-0.06361760802127003
123086,0,0,-0.14000594541415146
123087,0,0,-0.06584378185822798
123088,0,0,-0.13735893549438466
123089,0,0,-0.12143539174421347
123090,0,0,-0.08332613156547597
123091,0,0,-0.02788500282944384
123092,0,0,-0.031445626702809926
123093,0,0,-0.060063826114955365
123094,0,0,-0.06138050151599089
123095,0,0,-0.06108363714993381
123096,0,0,-0.05964049880050537
123097,0,0,-0.06138050151599089
123098,0,0,-0.08660558494951476
123099,0,0,-0.12858193201901535
123100,0,0,-0.13455669319148233
123101,0,0,-0.13391063432553058
123102,0,0,-0.13184931114964965
123103,0,0,-0.06748222901881157
123104,0,0,-0.11214812144762082
123105,0,0,-0.06018804332194466
123106,0,0,-0.06584378185822798
123107,0,0,-0.024627320218871096
123108,0,0,-0.02792385524588703
123109,0,0,-0.08306932109706394
123110,0,0,-0.0841961539765978
123111,0,0,-0.02612771062630026
123112,0,0,-0.11819297994276229
123113,0,0,-0.13470713215400787
123114,0,0,-0.13341066280890024
123115,0,0,-0.13226530590214103
123116,0,0,-0.13470713215400787
123117,0,0,-0.060178255944014436
123118,0,0,-0.11819297994276229
123119,0,0,-0.101990038930106
123120,0,0,-0.11819297994276229
123121,0,0,-0.06277371853895225
123122,0,0,-0.06635369754896198
123123,0,0,-0.13880473555453
123124,0,0,-0.06885594240109605
123125,0,0,-0.13937296475069422
123126,0,0,-0.12143539174421347
123127,0,0,-0.085358468938865
123128,0,0,-0.12461461588817974
123129,0,0,-0.13470713215400787
123130,0,0,-0.13474969621481142
123131,0,0,-0.13226530590214103
123132,0,0,-0.059880577879818486
123133,0,0,-0.10475442655530715
123134,0,0,-0.031445626702809926
123135,0,0,-0.08660558494951476
123136,0,0,-0.13250321057083247
123137,0,0,-0.12908615958132985
123138,0,0,-0.1284562001218511
123139,0,0,-0.1326091707454083
123140,0,0,-0.10229906893757951
123141,0,0,-0.060178255944014436
123142,0,0,-0.02612771062630026
123143,0,0,-0.11819297994276229
123144,0,0,-0.06700631538534407
123145,0,0,-0.0994145921916581
123146,0,0,-0.11895925703160332
123147,0,0,-0.05992377081714684
123148,0,0,-0.05992377081714684
123149,0,0,-0.059327868620296764
123150,0,0,-0.059327868620296764
123151,0,0,-0.13240880837053953
123152,0,0,-0.1299516188092742
123153,0,0,-0.12241873070767861
123154,0,0,-0.13194977349134906
123155,0,0,-0.10229906893757951
123156,0,0,-0.060178255944014436
123157,0,0,-0.06885594240109605
123158,0,0,-0.13880473555453
123159,0,0,-0.06703733174765092
123160,0,0,-0.13735893549438466
123161,0,0,-0.047697014931938175
123162,0,0,-0.12143539174421347
123163,0,0,-0.08344927427309617
123164,0,0,-0.031445626702809926
123165,0,0,-0.08660558494951476
123166,0,0,-0.13241272089649253
123167,0,0,-0.13447256394392015
123168,0,0,-0.13338260790083561
123169,0,0,-0.13185725521873232
123170,0,0,-0.11214812144762082
123171,0,0,-0.06708998281387962
123172,0,0,-0.06821155135606644
123173,0,0,-0.051466620227016646
123174,0,0,-0.11819297994276229
123175,0,0,-0.02788500282944384
123176,0,0,-0.02612771062630026
123177,0,0,-0.12609784748979558
123178,0,0,-0.12905112321315054
123179,0,0,-0.12609784748979558
123180,0,0,-0.12285764883271427
123181,0,0,-0.10173770564463264
123182,0,0,-0.06708998281387962
123183,0,0,-0.11819297994276229
123184,0,0,-0.07185663831642541
123185,0,0,-0.06635369754896198
123186,0,0,-0.024627320218871096
123187,0,0,-0.02792385524588703
123188,0,0,-0.08306932109706394
123189,0,0,-0.0841961539765978
123190,0,0,-0.06907085816537428
123191,0,0,-0.1378655172683379
123192,0,0,-0.06860196344658359
123193,0,0,-0.14081632793153576
123194,0,0,-0.12143539174421347
123195,0,0,-0.08636747160417524
123196,0,0,-0.11819297994276229
123197,0,0,-0.13120506550813293
123198,0,0,-0.12620695474472887
123199,0,0,-0.1362698273792738
123200,0,0,-0.12993663105189096
123201,0,0,-0.10822149433595879
123202,0,0,-0.06708998281387962
123203,0,0,-0.11819297994276229
123204,0,0,-0.031445626702809926
123205,0,0,-0.08660558494951476
123206,0,0,-0.13181232809002452
123207,0,0,-0.1315407256937119
123208,0,0,-0.13494726322572165
123209,0,0,-0.1336138791592394
123210,0,0,-0.06748222901881157
123211,0,0,-0.11140074259337285
123212,0,0,-0.02612771062630026
123213,0,0,-0.11819297994276229
123214,0,0,-0.07605666448876591
123215,0,0,-0.13683197236976397
123216,0,0,-0.1381377653635883
123217,0,0,-0.12924518847800903
123218,0,0,-0.13778391059728057
123219,0,0,-0.059880577879818486
123220,0,0,-0.11046087907218077
123221,0,0,-0.06635369754896198
123222,0,0,-0.13868584318979282
123223,0,0,-0.0705751747506852
123224,0,0,-0.13777185380934764
123225,0,0,-0.12143539174421347
123226,0,0,-0.08344927427309617
123227,0,0,-0.031445626702809926
123228,0,0,-0.08660558494951476
123229,0,0,-0.1212990586144872
123230,0,0,-0.11819297994276229
123231,0,0,-0.1314163246234722
123232,0,0,-0.13210625131866893
123233,0,0,-0.13557424231738652
123234,0,0,-0.13184931114964965
123235,0,0,-0.060178255944014436
123236,0,0,-0.11200462731638833
123237,0,0,-0.02612771062630026
123238,0,0,-0.13207104594499064
123239,0,0,-0.1294737995333473
123240,0,0,-0.13397918997841346
123241,0,0,-0.12968181752551483
123242,0,0,-0.059880577879818486
123243,0,0,-0.11121006553184293
123244,0,0,-0.11819297994276229
123245,0,0,-0.11819297994276229
123246,0,0,-0.11819297994276229
123247,0,0,-0.06859828942279683
123248,0,0,-0.04077932226983044
123249,0,0,-0.04233324874582389
123250,0,0,-0.06081611355321703
123251,0,0,-0.05924494729243046
123252,0,0,-0.05298818446226067
123253,0,0,-0.051126261059816436
123254,0,0,-0.02788500282944384
123255,0,0,-0.06754584561620464
123256,0,0,-0.14050612847279859
123257,0,0,-0.06601367222041976
123258,0,0,-0.13777185380934764
123259,0,0,-0.0436106018575631
123260,0,0,-0.12143539174421347
123261,0,0,-0.08448949429891373
123262,0,0,-0.13473149677006224
123263,0,0,-0.12892769187069303
123264,0,0,-0.1280567302527752
123265,0,0,-0.13003084267474474
123266,0,0,-0.11004174867505173
123267,0,0,-0.06634493803497865
123268,0,0,-0.031445626702809926
123269,0,0,-0.08660558494951476
123270,0,0,-0.06938733144403131
123271,0,0,-0.024627320218871096
123272,0,0,-0.02792385524588703
123273,0,0,-0.0841961539765978
123274,0,0,-0.04161986115176647
123275,0,0,-0.030675263786169915
123276,0,0,-0.024627320218871096
123277,0,0,-0.062122518281721884
123278,0,0,-0.06772544015838222
123279,0,0,-0.059985517466964566
123280,0,0,-0.05946811356538484
123281,0,0,-0.06078657186154618
123282,0,0,-0.051466620227016646
123283,0,0,-0.024627320218871096
123284,0,0,-0.11819297994276229
123285,0,0,-0.11819297994276229
123286,0,0,-0.12906766536238973
123287,0,0,-0.12905387399563933
123288,0,0,-0.06018804332194466
123289,0,0,-0.12969027187999627
123290,0,0,-0.12969027187999627
123291,0,0,-0.06634493803497865
123292,0,0,-0.11004174867505173
123293,0,0,-0.11819297994276229
123294,0,0,-0.02612771062630026
123295,0,0,-0.024627320218871096
123296,0,0,-0.11819297994276229
123297,0,0,-0.06662678586330817
123298,0,0,-0.1261208183953228
123299,0,0,-0.1335394470059012
123300,0,0,-0.12969027187999627
123301,0,0,-0.13284441987273515
123302,0,0,-0.06634493803497865
123303,0,0,-0.11004174867505173
123304,0,0,-0.06584378185822798
123305,0,0,-0.14050612847279859
123306,0,0,-0.06737765825862835
123307,0,0,-0.13937296475069422
123308,0,0,-0.12143539174421347
123309,0,0,-0.0831673463890168
123310,0,0,-0.061342977084022254
123311,0,0,-0.031445626702809926
123312,0,0,-0.057271375455510476
123313,0,0,-0.059169954865996466
123314,0,0,-0.059169954865996466
123315,0,0,-0.08474740218420235
123316,0,0,-0.02644821769480754
123317,0,0,-0.024627320218871096
123318,0,0,-0.08306932109706394
123319,0,0,-0.133422507317357
123320,0,0,-0.13004923730026852
123321,0,0,-0.13024344417157518
123322,0,0,-0.1280567302527752
123323,0,0,-0.10909859830041102
123324,0,0,-0.06689656164390478
123325,0,0,-0.06018804332194466
123326,0,0,-0.024627320218871096
123327,0,0,-0.12275352013358148
123328,0,0,-0.024627320218871096
123329,0,0,-0.02612771062630026
123330,0,0,-0.1340274182996039
123331,0,0,-0.1347197911602323
123332,0,0,-0.12972440770137006
123333,0,0,-0.11200462731638833
123334,0,0,-0.06689656164390478
123335,0,0,-0.09639628697104813
123336,0,0,-0.06668646998451033
123337,0,0,-0.06635369754896198
123338,0,0,-0.14000594541415146
123339,0,0,-0.06361760802127003
123340,0,0,-0.13963581395286417
123341,0,0,-0.12143539174421347
123342,0,0,-0.085358468938865
123343,0,0,-0.1354806290005951
123344,0,0,-0.1347197911602323
123345,0,0,-0.13158740931213653
123346,0,0,-0.1294737995333473
123347,0,0,-0.11214812144762082
123348,0,0,-0.06634493803497865
123349,0,0,-0.11819297994276229
123350,0,0,-0.031445626702809926
123351,0,0,-0.08660558494951476
123352,0,0,-0.02751048368457437
123353,0,0,-0.12946138577797367
123354,0,0,-0.13187037358281584
123355,0,0,-0.12951007144385662
123356,0,0,-0.13083995398281956
123357,0,0,-0.1077421904363629
123358,0,0,-0.06748222901881157
123359,0,0,-0.06869805588004374
123360,0,0,-0.024627320218871096
123361,0,0,-0.02792385524588703
123362,0,0,-0.02612771062630026
123363,0,0,-0.08306932109706394
123364,0,0,-0.0841961539765978
123365,0,0,-0.11819297994276229
123366,0,0,-0.06789367501227989
123367,0,0,-0.11819297994276229
123368,0,0,-0.12844300536074565
123369,0,0,-0.1321402016377186
123370,0,0,-0.13433707640971643
123371,0,0,-0.13369062928827785
123372,0,0,-0.11032697179160739
123373,0,0,-0.06718949439498717
123374,0,0,-0.09639628697104813
123375,0,0,-0.06525589588072994
123376,0,0,-0.14000594541415146
123377,0,0,-0.06689366646111522
123378,0,0,-0.13917443296995913
123379,0,0,-0.12143539174421347
123380,0,0,-0.08308596709039268
123381,0,0,-0.031445626702809926
123382,0,0,-0.08660558494951476
123383,0,0,-0.13557458860652555
123384,0,0,-0.13318675206619685
123385,0,0,-0.06635369754896198
123386,0,0,-0.13557458860652555
123387,0,0,-0.13295572535718103
123388,0,0,-0.10506090647559174
123389,0,0,-0.06718949439498717
123390,0,0,-0.051466620227016646
123391,0,0,-0.13132111186248974
123392,0,0,-0.1287505130158506
123393,0,0,-0.02612771062630026
123394,0,0,-0.12845127330063694
123395,0,0,-0.125986046593347
123396,0,0,-0.10694519305591982
123397,0,0,-0.06708998281387962
123398,0,0,-0.07431859985097355
123399,0,0,-0.09612119816235942
123400,0,0,-0.09168600131106336
123401,0,0,-0.07090421921560758
123402,0,0,-0.08151770267634834
123403,0,0,-0.08236625938863462
123404,0,0,-0.07408225486378939
123405,0,0,-0.11819297994276229
123406,0,0,-0.06974136505040124
123407,0,0,-0.14895453766547512
123408,0,0,-0.14990330346560904
123409,0,0,-0.1496663526819923
123410,0,0,-0.06697657466959561
123411,0,0,-0.13959917653677856
123412,0,0,-0.06782107347670402
123413,0,0,-0.13880473555453
123414,0,0,-0.12317296828406338
123415,0,0,-0.12143539174421347
123416,0,0,-0.085358468938865
123417,0,0,-0.11819297994276229
123418,0,0,-0.1230196500258548
123419,0,0,-0.12355989858909189
123420,0,0,-0.13026979000350591
123421,0,0,-0.12938412282688172
123422,0,0,-0.10694519305591982
123423,0,0,-0.06634493803497865
123424,0,0,-0.031445626702809926
123425,0,0,-0.08660558494951476
123426,0,0,-0.12898862642787545
123427,0,0,-0.12821134039173787
123428,0,0,-0.13499866132041316
123429,0,0,-0.12926211005319915
123430,0,0,-0.11059053005983294
123431,0,0,-0.06634493803497865
123432,0,0,-0.11819297994276229
123433,0,0,-0.02788500282944384
123434,0,0,-0.02612771062630026
123435,0,0,-0.07465211202553818
123436,0,0,-0.11819297994276229
123437,0,0,-0.13499866132041316
123438,0,0,-0.13058368506567225
123439,0,0,-0.12821134039173787
123440,0,0,-0.1321487507518484
123441,0,0,-0.11059053005983294
123442,0,0,-0.0701790842897449
123443,0,0,-0.06936232031473594
123444,0,0,-0.13936545634366254
123445,0,0,-0.06737038776541515
123446,0,0,-0.14050612847279859
123447,0,0,-0.0667442960105682
123448,0,0,-0.024627320218871096
123449,0,0,-0.02792385524588703
123450,0,0,-0.12143539174421347
123451,0,0,-0.08306932109706394
123452,0,0,-0.0841961539765978
123453,0,0,-0.076222884526716
123454,0,0,-0.031445626702809926
123455,0,0,-0.08660558494951476
123456,0,0,-0.11819297994276229
123457,0,0,-0.13107190025211218
123458,0,0,-0.13107190025211218
123459,0,0,-0.13480094411485255
123460,0,0,-0.12883956927278323
123461,0,0,-0.07853023195186398
123462,0,0,-0.10412466114363089
123463,0,0,-0.11819297994276229
123464,0,0,-0.13480094411485255
123465,0,0,-0.12407588100402017
123466,0,0,-0.12999565052145412
123467,0,0,-0.127971798761415
123468,0,0,-0.06718949439498717
123469,0,0,-0.1046599865415967
123470,0,0,-0.02612771062630026
123471,0,0,-0.11819297994276229
123472,0,0,-0.06509721055433854
123473,0,0,-0.11819297994276229
123474,0,0,-0.06994465334897487
123475,0,0,-0.13777185380934764
123476,0,0,-0.07091162617309893
123477,0,0,-0.13937296475069422
123478,0,0,-0.12143539174421347
123479,0,0,-0.07337472169379355
123480,0,0,-0.13480094411485255
123481,0,0,-0.12928970644385618
123482,0,0,-0.1335577058443393
123483,0,0,-0.13070156349816775
123484,0,0,-0.10531564968924761
123485,0,0,-0.06748222901881157
123486,0,0,-0.031445626702809926
123487,0,0,-0.08660558494951476
123488,0,0,-0.09547608968013471
123489,0,0,-0.047781809930273145
123490,0,0,-0.04930904839629213
123491,0,0,-0.0674512544199945
123492,0,0,-0.09524457075943304
123493,0,0,-0.08151770267634834
123494,0,0,-0.051466620227016646
123495,0,0,-0.04067770510490615
123496,0,0,-0.030675263786169915
123497,0,0,-0.024627320218871096
123498,0,0,-0.05992377081714684
123499,0,0,-0.05992377081714684
123500,0,0,-0.05992377081714684
123501,0,0,-0.060580530353226136
123502,0,0,-0.05976607060290595
123503,0,0,-0.06974136505040124
123504,0,0,-0.12317296828406338
123505,0,0,-0.14922480691661566
123506,0,0,-0.14922480691661566
123507,0,0,-0.06018804332194466
123508,0,0,-0.12597757191591685
123509,0,0,-0.12285764883271427
123510,0,0,-0.11819297994276229
123511,0,0,-0.11819297994276229
123512,0,0,-0.1333986547560022
123513,0,0,-0.13304016574849425
123514,0,0,-0.06718949439498717
123515,0,0,-0.10146815564982653
123516,0,0,-0.02644821769480754
123517,0,0,-0.02612771062630026
123518,0,0,-0.06748839213964924
123519,0,0,-0.1252354549680872
123520,0,0,-0.12959585127620193
123521,0,0,-0.13143594747006443
123522,0,0,-0.12656598069249347
123523,0,0,-0.06718949439498717
123524,0,0,-0.11819297994276229
123525,0,0,-0.10146815564982653
123526,0,0,-0.11819297994276229
123527,0,0,-0.06635369754896198
123528,0,0,-0.14008340708724004
123529,0,0,-0.06554993830837702
123530,0,0,-0.14050612847279859
123531,0,0,-0.12143539174421347
123532,0,0,-0.08344927427309617
123533,0,0,-0.02751048368457437
123534,0,0,-0.031445626702809926
123535,0,0,-0.08660558494951476
123536,0,0,-0.061983118376130686
123537,0,0,-0.059327868620296764
123538,0,0,-0.060063826114955365
123539,0,0,-0.059327868620296764
123540,0,0,-0.05964049880050537
123541,0,0,-0.13657416936794647
123542,0,0,-0.13621878560567657
123543,0,0,-0.13084383130280242
123544,0,0,-0.12579632090334525
123545,0,0,-0.059880577879818486
123546,0,0,-0.10913579365339887
123547,0,0,-0.06830998667609717
123548,0,0,-0.024627320218871096
123549,0,0,-0.02792385524588703
123550,0,0,-0.04874990964087378
123551,0,0,-0.08306932109706394
123552,0,0,-0.0841961539765978
123553,0,0,-0.11819297994276229
123554,0,0,-0.13590355268738252
123555,0,0,-0.13355254306193942
123556,0,0,-0.12711564820276378
123557,0,0,-0.125920385598022
123558,0,0,-0.10972017010482327
123559,0,0,-0.07853023195186398
123560,0,0,-0.11819297994276229
123561,0,0,-0.02612771062630026
123562,0,0,-0.07309251680744189
123563,0,0,-0.11819297994276229
123564,0,0,-0.0669400990159153
123565,0,0,-0.13777185380934764
123566,0,0,-0.06635369754896198
123567,0,0,-0.13868584318979282
123568,0,0,-0.12143539174421347
123569,0,0,-0.0834946804628971
123570,0,0,-0.13590355268738252
123571,0,0,-0.1354444529240733
123572,0,0,-0.13013299051564275
123573,0,0,-0.13172084642334814
123574,0,0,-0.10938451125565657
123575,0,0,-0.06748222901881157
123576,0,0,-0.031445626702809926
123577,0,0,-0.08660558494951476
123578,0,0,-0.12629542252878911
123579,0,0,-0.13233612701662217
123580,0,0,-0.13348126334192983
123581,0,0,-0.13423489224108287
123582,0,0,-0.1080083937199186
123583,0,0,-0.06748222901881157
123584,0,0,-0.11819297994276229
123585,0,0,-0.02612771062630026
123586,0,0,-0.07097985890756892
123587,0,0,-0.12275352013358148
123588,0,0,-0.13443553388136137
123589,0,0,-0.1301543228424204
123590,0,0,-0.12976788699095837
123591,0,0,-0.12911024656187625
123592,0,0,-0.1080083937199186
123593,0,0,-0.06748222901881157
123594,0,0,-0.11495622705582809
123595,0,0,-0.06689366646111522
123596,0,0,-0.13892448810853214
123597,0,0,-0.06689366646111522
123598,0,0,-0.14000594541415146
123599,0,0,-0.12143539174421347
123600,0,0,-0.08185549600180841
123601,0,0,-0.031445626702809926
123602,0,0,-0.08660558494951476
123603,0,0,-0.06635369754896198
123604,0,0,-0.13555282782517963
123605,0,0,-0.1279065028429512
123606,0,0,-0.13555282782517963
123607,0,0,-0.13500724371923772
123608,0,0,-0.051466620227016646
123609,0,0,-0.059880577879818486
123610,0,0,-0.11002919536843142
123611,0,0,-0.11819297994276229
123612,0,0,-0.02788500282944384
123613,0,0,-0.13465243991415765
123614,0,0,-0.12482529208744964
123615,0,0,-0.13424308876963398
123616,0,0,-0.12802923583978887
123617,0,0,-0.10864702839826335
123618,0,0,-0.059880577879818486
123619,0,0,-0.02612771062630026
123620,0,0,-0.06361760802127003
123621,0,0,-0.024627320218871096
123622,0,0,-0.02792385524588703
123623,0,0,-0.07778699027449315
123624,0,0,-0.08306932109706394
123625,0,0,-0.0841961539765978
123626,0,0,-0.11819297994276229
123627,0,0,-0.0712018433052456
123628,0,0,-0.13955825594825388
123629,0,0,-0.06731288324288165
123630,0,0,-0.14050612847279859
123631,0,0,-0.11819297994276229
123632,0,0,-0.12143539174421347
123633,0,0,-0.0843392284565791
123634,0,0,-0.13194977349134906
123635,0,0,-0.12809065792642155
123636,0,0,-0.1299516188092742
123637,0,0,-0.12555073394223598
123638,0,0,-0.059880577879818486
123639,0,0,-0.10136877733269095
123640,0,0,-0.11819297994276229
123641,0,0,-0.031445626702809926
123642,0,0,-0.08660558494951476
123643,0,0,-0.13690401074687264
123644,0,0,-0.13081468991397366
123645,0,0,-0.12660984922015256
123646,0,0,-0.134227939905964
123647,0,0,-0.059880577879818486
123648,0,0,-0.11061117873347232
123649,0,0,-0.06294908044503883
123650,0,0,-0.05976607060290595
123651,0,0,-0.02612771062630026
123652,0,0,-0.07309886305433577
123653,0,0,-0.12891645996570528
123654,0,0,-0.1297606550791014
123655,0,0,-0.12330576995688647
123656,0,0,-0.1333674789910455
123657,0,0,-0.059880577879818486
123658,0,0,-0.1066791675680141
123659,0,0,-0.11819297994276229
123660,0,0,-0.06971396680089381
123661,0,0,-0.13777185380934764
123662,0,0,-0.06584378185822798
123663,0,0,-0.13868584318979282
123664,0,0,-0.11997377151726457
123665,0,0,-0.08344927427309617
123666,0,0,-0.031445626702809926
123667,0,0,-0.08660558494951476
123668,0,0,-0.1202132376511475
123669,0,0,-0.050069621653398955
123670,0,0,-0.13318675206619685
123671,0,0,-0.13546948369606965
123672,0,0,-0.1344261637546424
123673,0,0,-0.127664198974566
123674,0,0,-0.06325552529075268
123675,0,0,-0.10639470106548238
123676,0,0,-0.11819297994276229
123677,0,0,-0.1244571110031204
123678,0,0,-0.13150896520428634
123679,0,0,-0.13398096160337175
123680,0,0,-0.1297695994293936
123681,0,0,-0.06325552529075268
123682,0,0,-0.10639470106548238
123683,0,0,-0.11819297994276229
123684,0,0,-0.11819297994276229
123685,0,0,-0.02612771062630026
123686,0,0,-0.06830631016567507
123687,0,0,-0.02751048368457437
123688,0,0,-0.11819297994276229
123689,0,0,-0.06606019911782729
123690,0,0,-0.13933262878221608
123691,0,0,-0.06307625275756062
123692,0,0,-0.14049275007617767
123693,0,0,-0.12143539174421347
123694,0,0,-0.0737128865183952
123695,0,0,-0.13087428382040678
123696,0,0,-0.13150896520428634
123697,0,0,-0.1244571110031204
123698,0,0,-0.1311239447604034
123699,0,0,-0.1062490783328301
123700,0,0,-0.059880577879818486
123701,0,0,-0.031445626702809926
123702,0,0,-0.0675098533985477
123703,0,0,-0.024627320218871096
123704,0,0,-0.02792385524588703
123705,0,0,-0.08660558494951476
123706,0,0,-0.08306932109706394
123707,0,0,-0.0841961539765978
123708,0,0,-0.06689366646111522
123709,0,0,-0.051466620227016646
123710,0,0,-0.05992377081714684
123711,0,0,-0.06051886720077909
123712,0,0,-0.06138050151599089
123713,0,0,-0.06138050151599089
123714,0,0,-0.05876656560986443
123715,0,0,-0.04161986115176647
123716,0,0,-0.030675263786169915
123717,0,0,-0.024627320218871096
123718,0,0,-0.11819297994276229
123719,0,0,-0.06018804332194466
123720,0,0,-0.1353011918044003
123721,0,0,-0.1343626193854473
123722,0,0,-0.13358644646163587
123723,0,0,-0.12577509051663754
123724,0,0,-0.10913579365339887
123725,0,0,-0.059880577879818486
123726,0,0,-0.11819297994276229
123727,0,0,-0.11819297994276229
123728,0,0,-0.02644821769480754
123729,0,0,-0.02612771062630026
123730,0,0,-0.06735914859347869
123731,0,0,-0.1281869616586404
123732,0,0,-0.129543045476199
123733,0,0,-0.13114056572435095
123734,0,0,-0.1358495893565863
123735,0,0,-0.10913579365339887
123736,0,0,-0.059880577879818486
123737,0,0,-0.11819297994276229
123738,0,0,-0.05921945269746709
123739,0,0,-0.13664830384733617
123740,0,0,-0.06920800238106184
123741,0,0,-0.13937296475069422
123742,0,0,-0.12143539174421347
123743,0,0,-0.0757332708777203
123744,0,0,-0.031445626702809926
123745,0,0,-0.061826156123928444
123746,0,0,-0.08660558494951476
123747,0,0,-0.02644821769480754
123748,0,0,-0.05946811356538484
123749,0,0,-0.05946811356538484
123750,0,0,-0.059327868620296764
123751,0,0,-0.13055803411152078
123752,0,0,-0.13397625813305153
123753,0,0,-0.1302337356061986
123754,0,0,-0.13371159453113857
123755,0,0,-0.11004174867505173
123756,0,0,-0.059880577879818486
123757,0,0,-0.06018804332194466
123758,0,0,-0.024627320218871096
123759,0,0,-0.12226268987903754
123760,0,0,-0.13480094411485255
123761,0,0,-0.12407588100402017
123762,0,0,-0.12461461588817974
123763,0,0,-0.13226530590214103
123764,0,0,-0.10412466114363089
123765,0,0,-0.059880577879818486
123766,0,0,-0.11819297994276229
123767,0,0,-0.02644821769480754
123768,0,0,-0.02644821769480754
123769,0,0,-0.06480286171364291
123770,0,0,-0.11819297994276229
123771,0,0,-0.06983818737352754
123772,0,0,-0.13937296475069422
123773,0,0,-0.06901038644938906
123774,0,0,-0.14005906103574717
123775,0,0,-0.12143539174421347
123776,0,0,-0.08490030209494226
123777,0,0,-0.13226530590214103
123778,0,0,-0.13341066280890024
123779,0,0,-0.13184064412616142
123780,0,0,-0.1267288799872392
123781,0,0,-0.050218061274682924
123782,0,0,-0.10450738978772867
123783,0,0,-0.11819297994276229
123784,0,0,-0.031445626702809926
123785,0,0,-0.08660558494951476
123786,0,0,-0.02751048368457437
123787,0,0,-0.13537886729751536
123788,0,0,-0.1285669682185101
123789,0,0,-0.12861604253147507
123790,0,0,-0.1348851379852123
123791,0,0,-0.10913579365339887
123792,0,0,-0.08225830799049283
123793,0,0,-0.06361760802127003
123794,0,0,-0.024627320218871096
123795,0,0,-0.02792385524588703
123796,0,0,-0.08306932109706394
123797,0,0,-0.0841961539765978
123798,0,0,-0.11819297994276229
123799,0,0,-0.02612771062630026
123800,0,0,-0.07022411243327564
123801,0,0,-0.12924353431908103
123802,0,0,-0.12872065501145957
123803,0,0,-0.1298996904098328
123804,0,0,-0.12544447514194867
123805,0,0,-0.06748222901881157
123806,0,0,-0.10054287183017352
123807,0,0,-0.09639628697104813
123808,0,0,-0.11819297994276229
123809,0,0,-0.06361760802127003
123810,0,0,-0.14000594541415146
123811,0,0,-0.06509424235127775
123812,0,0,-0.13959917653677856
123813,0,0,-0.12143539174421347
123814,0,0,-0.0831673463890168
123815,0,0,-0.031445626702809926
123816,0,0,-0.08660558494951476
123817,0,0,-0.06689366646111522
123818,0,0,-0.051466620227016646
123819,0,0,-0.12821987583598504
123820,0,0,-0.1294973534679092
123821,0,0,-0.13040563059583093
123822,0,0,-0.13410792431121638
123823,0,0,-0.06748222901881157
123824,0,0,-0.11032697179160739
123825,0,0,-0.12961380819139035
123826,0,0,-0.13305691596892938
123827,0,0,-0.1304649814841406
123828,0,0,-0.12681212465248104
123829,0,0,-0.11241044796765043
123830,0,0,-0.06708998281387962
123831,0,0,-0.06489282405982888
123832,0,0,-0.02612771062630026
123833,0,0,-0.06909588622258339
123834,0,0,-0.13777185380934764
123835,0,0,-0.06635369754896198
123836,0,0,-0.14050612847279859
123837,0,0,-0.12317296828406338
123838,0,0,-0.12143539174421347
123839,0,0,-0.085358468938865
123840,0,0,-0.13436338268500714
123841,0,0,-0.1349418581230007
123842,0,0,-0.12836785229842174
123843,0,0,-0.12811632599301315
123844,0,0,-0.06708998281387962
123845,0,0,-0.11241044796765043
123846,0,0,-0.09639628697104813
123847,0,0,-0.031445626702809926
123848,0,0,-0.08660558494951476
123849,0,0,-0.12976322147004282
123850,0,0,-0.12840794362224295
123851,0,0,-0.12872237303605605
123852,0,0,-0.13161321623701894
123853,0,0,-0.06748222901881157
123854,0,0,-0.10975966814229199
123855,0,0,-0.11819297994276229
123856,0,0,-0.02788500282944384
123857,0,0,-0.06822973379263131
123858,0,0,-0.02612771062630026
123859,0,0,-0.13446727583450985
123860,0,0,-0.12871262453245974
123861,0,0,-0.13482437067505293
123862,0,0,-0.1346239424495324
123863,0,0,-0.10975966814229199
123864,0,0,-0.06748222901881157
123865,0,0,-0.06606019911782729
123866,0,0,-0.13959917653677856
123867,0,0,-0.06723586492720857
123868,0,0,-0.14050612847279859
123869,0,0,-0.06957741706254789
123870,0,0,-0.024627320218871096
123871,0,0,-0.02792385524588703
123872,0,0,-0.08306932109706394
123873,0,0,-0.0841961539765978
123874,0,0,-0.11819297994276229
123875,0,0,-0.12143539174421347
123876,0,0,-0.08344927427309617
123877,0,0,-0.031445626702809926
123878,0,0,-0.11819297994276229
123879,0,0,-0.08660558494951476
123880,0,0,-0.1275878359016555
123881,0,0,-0.12809028174891318
123882,0,0,-0.13480094411485255
123883,0,0,-0.13425096734027153
123884,0,0,-0.06748222901881157
123885,0,0,-0.10195759665983545
123886,0,0,-0.11819297994276229
123887,0,0,-0.1335577058443393
123888,0,0,-0.13341066280890024
123889,0,0,-0.13184064412616142
123890,0,0,-0.13480094411485255
123891,0,0,-0.10249585248701304
123892,0,0,-0.06718949439498717
123893,0,0,-0.11819297994276229
123894,0,0,-0.07027913434759614
123895,0,0,-0.02612771062630026
123896,0,0,-0.06635369754896198
123897,0,0,-0.13777185380934764
123898,0,0,-0.07054041635960062
123899,0,0,-0.13777185380934764
123900,0,0,-0.12143539174421347
123901,0,0,-0.085358468938865
123902,0,0,-0.11819297994276229
123903,0,0,-0.13097306081223398
123904,0,0,-0.12999565052145412
123905,0,0,-0.13170624185075092
123906,0,0,-0.1267288799872392
123907,0,0,-0.10249585248701304
123908,0,0,-0.06718949439498717
123909,0,0,-0.031445626702809926
123910,0,0,-0.08660558494951476
123911,0,0,-0.06909588622258339
123912,0,0,-0.050710267528048636
123913,0,0,-0.06051886720077909
123914,0,0,-0.058946637550705006
123915,0,0,-0.057870058560676396
123916,0,0,-0.06138050151599089
123917,0,0,-0.05992377081714684
123918,0,0,-0.04150515752551953
123919,0,0,-0.03163441284553925
123920,0,0,-0.024627320218871096
123921,0,0,-0.12317296828406338
123922,0,0,-0.06018804332194466
123923,0,0,-0.1294906099625574
123924,0,0,-0.12498180860839253
123925,0,0,-0.126096690021811
123926,0,0,-0.12826386905119025
123927,0,0,-0.1020070733272831
123928,0,0,-0.06718949439498717
123929,0,0,-0.11819297994276229
123930,0,0,-0.11819297994276229
123931,0,0,-0.024627320218871096
123932,0,0,-0.06215225933901669
123933,0,0,-0.024627320218871096
123934,0,0,-0.12285764883271427
123935,0,0,-0.12623054478364804
123936,0,0,-0.12344246927884195
123937,0,0,-0.1275546208479128
123938,0,0,-0.10097591566136044
123939,0,0,-0.07853023195186398
123940,0,0,-0.02612771062630026
123941,0,0,-0.11819297994276229
123942,0,0,-0.06636805311740912
123943,0,0,-0.13937296475069422
123944,0,0,-0.13777185380934764
123945,0,0,-0.05858397712164615
123946,0,0,-0.12143539174421347
123947,0,0,-0.11819297994276229
123948,0,0,-0.08360795205401317
123949,0,0,-0.02788500282944384
123950,0,0,-0.031445626702809926
123951,0,0,-0.08660558494951476
123952,0,0,-0.13158740931213653
123953,0,0,-0.13160014114868807
123954,0,0,-0.12674445299782172
123955,0,0,-0.1354806290005951
123956,0,0,-0.11214812144762082
123957,0,0,-0.059880577879818486
123958,0,0,-0.06138050151599089
123959,0,0,-0.057271375455510476
123960,0,0,-0.060063826114955365
123961,0,0,-0.05946811356538484
123962,0,0,-0.06897734588992599
123963,0,0,-0.024627320218871096
123964,0,0,-0.02792385524588703
123965,0,0,-0.08306932109706394
123966,0,0,-0.0841961539765978
123967,0,0,-0.04874990964087378
123968,0,0,-0.11819297994276229
123969,0,0,-0.13107007921318636
123970,0,0,-0.13309797210884577
123971,0,0,-0.1346487245348289
123972,0,0,-0.1306645304974905
123973,0,0,-0.059880577879818486
123974,0,0,-0.11214812144762082
123975,0,0,-0.11819297994276229
123976,0,0,-0.07870223191178305
123977,0,0,-0.02612771062630026
123978,0,0,-0.06725315404906362
123979,0,0,-0.14050612847279859
123980,0,0,-0.06725315404906362
123981,0,0,-0.14000594541415146
123982,0,0,-0.12143539174421347
123983,0,0,-0.085358468938865
123984,0,0,-0.11819297994276229
123985,0,0,-0.13057532682873513
123986,0,0,-0.1309222975500393
123987,0,0,-0.1282129244612108
123988,0,0,-0.13065176632639375
123989,0,0,-0.11048519965086828
123990,0,0,-0.059880577879818486
123991,0,0,-0.031445626702809926
123992,0,0,-0.08474740218420235
123993,0,0,-0.13443185752337405
123994,0,0,-0.13128095420117752
123995,0,0,-0.1331177598966521
123996,0,0,-0.13128095420117752
123997,0,0,-0.11046711597727821
123998,0,0,-0.059880577879818486
123999,0,0,-0.11819297994276229
124000,0,0,-0.06848188430839236
124001,0,0,-0.12317296828406338
124002,0,0,-0.13634021069044666
124003,0,0,-0.13599362953916605
124004,0,0,-0.12828345429283272
124005,0,0,-0.1315631330583641
124006,0,0,-0.059880577879818486
124007,0,0,-0.11046711597727821
124008,0,0,-0.02612771062630026
124009,0,0,-0.06606019911782729
124010,0,0,-0.13868584318979282
124011,0,0,-0.07087689501497674
124012,0,0,-0.14050612847279859
124013,0,0,-0.12143539174421347
124014,0,0,-0.0831673463890168
124015,0,0,-0.09639628697104813
124016,0,0,-0.031445626702809926
124017,0,0,-0.08660558494951476
124018,0,0,-0.05858397712164615
124019,0,0,-0.051466620227016646
124020,0,0,-0.12355989858909189
124021,0,0,-0.13132111186248974
124022,0,0,-0.12998322190127704
124023,0,0,-0.13240393396251104
124024,0,0,-0.059880577879818486
124025,0,0,-0.10786247089661294
124026,0,0,-0.11819297994276229
124027,0,0,-0.02788500282944384
124028,0,0,-0.12361671172644528
124029,0,0,-0.12640414352870477
124030,0,0,-0.12930849191297722
124031,0,0,-0.13407805880839946
124032,0,0,-0.10620601751284903
124033,0,0,-0.06708998281387962
124034,0,0,-0.06601367222041976
124035,0,0,-0.024627320218871096
124036,0,0,-0.02792385524588703
124037,0,0,-0.08306932109706394
124038,0,0,-0.0841961539765978
124039,0,0,-0.06089770531117378
124040,0,0,-0.02612771062630026
124041,0,0,-0.11819297994276229
124042,0,0,-0.06629229474541165
124043,0,0,-0.13818430195821113
124044,0,0,-0.06689366646111522
124045,0,0,-0.14008340708724004
124046,0,0,-0.12143539174421347
124047,0,0,-0.085358468938865
124048,0,0,-0.1332884008374769
124049,0,0,-0.13295572647375992
124050,0,0,-0.11819297994276229
124051,0,0,-0.12775276374267425
124052,0,0,-0.13134319535505523
124053,0,0,-0.06634493803497865
124054,0,0,-0.10949023354098197
124055,0,0,-0.11819297994276229
124056,0,0,-0.031445626702809926
124057,0,0,-0.08474740218420235
124058,0,0,-0.13303130136058977
124059,0,0,-0.1286683622718261
124060,0,0,-0.13115044269973125
124061,0,0,-0.12908538660995905
124062,0,0,-0.06708998281387962
124063,0,0,-0.10694519305591982
124064,0,0,-0.06424999464579578
124065,0,0,-0.13294565673398012
124066,0,0,-0.13219926043704833
124067,0,0,-0.12373126367601556
124068,0,0,-0.12852165638530133
124069,0,0,-0.1077421904363629
124070,0,0,-0.06748222901881157
124071,0,0,-0.02612771062630026
124072,0,0,-0.06606019911782729
124073,0,0,-0.13868584318979282
124074,0,0,-0.0669400990159153
124075,0,0,-0.13868584318979282
124076,0,0,-0.12143539174421347
124077,0,0,-0.08448949429891373
124078,0,0,-0.11819297994276229
124079,0,0,-0.031445626702809926
124080,0,0,-0.08660558494951476
124081,0,0,-0.12226268987903754
124082,0,0,-0.13425096734027153
124083,0,0,-0.1313214275327566
124084,0,0,-0.12461461588817974
124085,0,0,-0.12461461588817974
124086,0,0,-0.06748222901881157
124087,0,0,-0.1054616176361517
124088,0,0,-0.11819297994276229
124089,0,0,-0.1269813447021349
124090,0,0,-0.13086396013433987
124091,0,0,-0.12461461588817974
124092,0,0,-0.13510651515430933
124093,0,0,-0.10519458804177556
124094,0,0,-0.06748222901881157
124095,0,0,-0.11819297994276229
124096,0,0,-0.11819297994276229
124097,0,0,-0.0740761533073403
124098,0,0,-0.02788500282944384
124099,0,0,-0.02612771062630026
124100,0,0,-0.06584378185822798
124101,0,0,-0.13880473555453
124102,0,0,-0.06361760802127003
124103,0,0,-0.13805897420223356
124104,0,0,-0.12143539174421347
124105,0,0,-0.085358468938865
124106,0,0,-0.11819297994276229
124107,0,0,-0.127971798761415
124108,0,0,-0.12783971965529167
124109,0,0,-0.1349062417850081
124110,0,0,-0.12461461588817974
124111,0,0,-0.10450738978772867
124112,0,0,-0.059880577879818486
124113,0,0,-0.031445626702809926
124114,0,0,-0.06645106194242939
124115,0,0,-0.024627320218871096
124116,0,0,-0.02792385524588703
124117,0,0,-0.08306932109706394
124118,0,0,-0.0841961539765978
124119,0,0,-0.08660558494951476
124120,0,0,-0.06743287014356636
124121,0,0,-0.051466620227016646
124122,0,0,-0.05992377081714684
124123,0,0,-0.05976607060290595
124124,0,0,-0.06138050151599089
124125,0,0,-0.05876656560986443
124126,0,0,-0.06108363714993381
124127,0,0,-0.11819297994276229
124128,0,0,-0.06018804332194466
124129,0,0,-0.12959585127620193
124130,0,0,-0.13309165351102292
124131,0,0,-0.12959585127620193
124132,0,0,-0.12659744042534493
124133,0,0,-0.10266713627604024
124134,0,0,-0.059880577879818486
124135,0,0,-0.11819297994276229
124136,0,0,-0.05976607060290595
124137,0,0,-0.05992377081714684
124138,0,0,-0.05992377081714684
124139,0,0,-0.057271375455510476
124140,0,0,-0.09547608968013471
124141,0,0,-0.04808767108669676
124142,0,0,-0.04930904839629213
124143,0,0,-0.09317567952015698
124144,0,0,-0.06894125845345112
124145,0,0,-0.08151770267634834
124146,0,0,-0.12285764883271427
124147,0,0,-0.13299740246935204
124148,0,0,-0.12924585404773453
124149,0,0,-0.13319744402012562
124150,0,0,-0.10266713627604024
124151,0,0,-0.059880577879818486
124152,0,0,-0.06974136505040124
124153,0,0,-0.02612771062630026
124154,0,0,-0.04105277463233786
124155,0,0,-0.024627320218871096
124156,0,0,-0.047697014931938175
124157,0,0,-0.02612771062630026
124158,0,0,-0.06885594240109605
124159,0,0,-0.13777185380934764
124160,0,0,-0.07149186414686354
124161,0,0,-0.13777185380934764
124162,0,0,-0.14758235622876376
124163,0,0,-0.14758235622876376
124164,0,0,-0.14782071653897444
124165,0,0,-0.12143539174421347
124166,0,0,-0.08344927427309617
124167,0,0,-0.11819297994276229
124168,0,0,-0.11819297994276229
124169,0,0,-0.031445626702809926
124170,0,0,-0.08660558494951476
124171,0,0,-0.02644821769480754
124172,0,0,-0.13207104594499064
124173,0,0,-0.1272793635654469
124174,0,0,-0.13447256394392015
124175,0,0,-0.061983118376130686
124176,0,0,-0.06168666187035515
124177,0,0,-0.1292230217498943
124178,0,0,-0.11200462731638833
124179,0,0,-0.059880577879818486
124180,0,0,-0.12317296828406338
124181,0,0,-0.024627320218871096
124182,0,0,-0.1267288799872392
124183,0,0,-0.12461461588817974
124184,0,0,-0.127971798761415
124185,0,0,-0.127971798761415
124186,0,0,-0.06311126194709504
124187,0,0,-0.10463319276369726
124188,0,0,-0.11819297994276229
124189,0,0,-0.06918165562354328
124190,0,0,-0.06584378185822798
124191,0,0,-0.13868584318979282
124192,0,0,-0.07091162617309893
124193,0,0,-0.13805897420223356
124194,0,0,-0.02612771062630026
124195,0,0,-0.02644821769480754
124196,0,0,-0.12143539174421347
124197,0,0,-0.085358468938865
124198,0,0,-0.12783971965529167
124199,0,0,-0.13425096734027153
124200,0,0,-0.13480094411485255
124201,0,0,-0.128336985171695
124202,0,0,-0.06634493803497865
124203,0,0,-0.10356174447833166
124204,0,0,-0.11819297994276229
124205,0,0,-0.11819297994276229
124206,0,0,-0.031445626702809926
124207,0,0,-0.08660558494951476
124208,0,0,-0.02751048368457437
124209,0,0,-0.1285648308360004
124210,0,0,-0.13448427747628533
124211,0,0,-0.1302417145366685
124212,0,0,-0.1285648308360004
124213,0,0,-0.11004174867505173
124214,0,0,-0.06748222901881157
124215,0,0,-0.06635369754896198
124216,0,0,-0.024627320218871096
124217,0,0,-0.02792385524588703
124218,0,0,-0.08306932109706394
124219,0,0,-0.0841961539765978
124220,0,0,-0.11819297994276229
124221,0,0,-0.07460710721139902
124222,0,0,-0.07431859985097355
124223,0,0,-0.13244295596823152
124224,0,0,-0.09612119816235942
124225,0,0,-0.09644259314288922
124226,0,0,-0.13657416936794647
124227,0,0,-0.13064993977223677
124228,0,0,-0.1362698273792738
124229,0,0,-0.06568479227303603
124230,0,0,-0.06689656164390478
124231,0,0,-0.10842174987280045
124232,0,0,-0.07090421921560758
124233,0,0,-0.0829310077486678
124234,0,0,-0.09639628697104813
124235,0,0,-0.0712018433052456
124236,0,0,-0.14000594541415146
124237,0,0,-0.06316694064918438
124238,0,0,-0.14050612847279859
124239,0,0,-0.06974136505040124
124240,0,0,-0.02612771062630026
124241,0,0,-0.12143539174421347
124242,0,0,-0.0831673463890168
124243,0,0,-0.14895453766547512
124244,0,0,-0.04808767108669676
124245,0,0,-0.11819297994276229
124246,0,0,-0.031445626702809926
124247,0,0,-0.04930904839629213
124248,0,0,-0.06733466164601537
124249,0,0,-0.08660558494951476
124250,0,0,-0.050710267528048636
124251,0,0,-0.12734326615573222
124252,0,0,-0.12844681974073374
124253,0,0,-0.13491712289906366
124254,0,0,-0.12844681974073374
124255,0,0,-0.06748222901881157
124256,0,0,-0.10789122647094096
124257,0,0,-0.04930904839629213
124258,0,0,-0.12586236492809688
124259,0,0,-0.12586236492809688
124260,0,0,-0.12281018322982429
124261,0,0,-0.12492298108597327
124262,0,0,-0.10984062276981116
124263,0,0,-0.06748222901881157
124264,0,0,-0.07196525883910854
124265,0,0,-0.06907085816537428
124266,0,0,-0.14050612847279859
124267,0,0,-0.07018944528017418
124268,0,0,-0.13735893549438466
124269,0,0,-0.02612771062630026
124270,0,0,-0.12317296828406338
124271,0,0,-0.12143539174421347
124272,0,0,-0.08507783322685297
124273,0,0,-0.12466912323918955
124274,0,0,-0.12568862162389982
124275,0,0,-0.12392716069653703
124276,0,0,-0.12466912323918955
124277,0,0,-0.06748222901881157
124278,0,0,-0.10984062276981116
124279,0,0,-0.031445626702809926
124280,0,0,-0.11977603812899273
124281,0,0,-0.08660558494951476
124282,0,0,-0.13048024714066553
124283,0,0,-0.13088697887860856
124284,0,0,-0.13400867652727771
124285,0,0,-0.1272793635654469
124286,0,0,-0.06708998281387962
124287,0,0,-0.11241044796765043
124288,0,0,-0.11819297994276229
124289,0,0,-0.02751048368457437
124290,0,0,-0.06247746432826501
124291,0,0,-0.13391063432553058
124292,0,0,-0.1346487245348289
124293,0,0,-0.12789050552163023
124294,0,0,-0.13316648734653952
124295,0,0,-0.11241044796765043
124296,0,0,-0.06708998281387962
124297,0,0,-0.06635369754896198
124298,0,0,-0.024627320218871096
124299,0,0,-0.02792385524588703
124300,0,0,-0.08306932109706394
124301,0,0,-0.0841961539765978
124302,0,0,-0.06966783165937923
124303,0,0,-0.14050612847279859
124304,0,0,-0.0684843876278316
124305,0,0,-0.14172021689504843
124306,0,0,-0.02612771062630026
124307,0,0,-0.12143539174421347
124308,0,0,-0.085358468938865
124309,0,0,-0.11819297994276229
124310,0,0,-0.11819297994276229
124311,0,0,-0.031445626702809926
124312,0,0,-0.08660558494951476
124313,0,0,-0.1292790233514986
124314,0,0,-0.1345371028724628
124315,0,0,-0.13018783570974318
124316,0,0,-0.13304001174670993
124317,0,0,-0.10755542232453758
124318,0,0,-0.07853023195186398
124319,0,0,-0.11819297994276229
124320,0,0,-0.12526301461873623
124321,0,0,-0.13239127157431207
124322,0,0,-0.13053694369401853
124323,0,0,-0.13347095057983088
124324,0,0,-0.10707070092240345
124325,0,0,-0.07862347489566701
124326,0,0,-0.11819297994276229
124327,0,0,-0.07161545219638837
124328,0,0,-0.06568479227303603
124329,0,0,-0.14050612847279859
124330,0,0,-0.07008294760550648
124331,0,0,-0.13805897420223356
124332,0,0,-0.02612771062630026
124333,0,0,-0.12143539174421347
124334,0,0,-0.0831673463890168
124335,0,0,-0.13239127157431207
124336,0,0,-0.13015790247095854
124337,0,0,-0.13347095057983088
124338,0,0,-0.12439919570389518
124339,0,0,-0.1087360894460388
124340,0,0,-0.059880577879818486
124341,0,0,-0.031445626702809926
124342,0,0,-0.048546304637694826
124343,0,0,-0.11819297994276229
124344,0,0,-0.06840549067354651
124345,0,0,-0.08660558494951476
124346,0,0,-0.050710267528048636
124347,0,0,-0.05876656560986443
124348,0,0,-0.05757081827328858
124349,0,0,-0.060063826114955365
124350,0,0,-0.05992377081714684
124351,0,0,-0.060063826114955365
124352,0,0,-0.12317296828406338
124353,0,0,-0.06018804332194466
124354,0,0,-0.13281534346902912
124355,0,0,-0.12855196925833895
124356,0,0,-0.12596211213316105
124357,0,0,-0.12951007144385662
124358,0,0,-0.10422993835997496
124359,0,0,-0.06673411772263249
124360,0,0,-0.11819297994276229
124361,0,0,-0.07196525883910854
124362,0,0,-0.12330576995688647
124363,0,0,-0.12951007144385662
124364,0,0,-0.13367424944605616
124365,0,0,-0.12609485759928107
124366,0,0,-0.10806249701172305
124367,0,0,-0.06748222901881157
124368,0,0,-0.11819297994276229
124369,0,0,-0.06636805311740912
124370,0,0,-0.13868584318979282
124371,0,0,-0.06584378185822798
124372,0,0,-0.13868584318979282
124373,0,0,-0.04233324874582389
124374,0,0,-0.024627320218871096
124375,0,0,-0.12143539174421347
124376,0,0,-0.02612771062630026
124377,0,0,-0.024494473206347955
124378,0,0,-0.08344927427309617
124379,0,0,-0.02788500282944384
124380,0,0,-0.031445626702809926
124381,0,0,-0.11819297994276229
124382,0,0,-0.11819297994276229
124383,0,0,-0.08558941003357701
124384,0,0,-0.12741219642585622
124385,0,0,-0.1297695994293936
124386,0,0,-0.12777252175954718
124387,0,0,-0.127664198974566
124388,0,0,-0.10510054356872789
124389,0,0,-0.06718949439498717
124390,0,0,-0.06645106194242939
124391,0,0,-0.024627320218871096
124392,0,0,-0.02792385524588703
124393,0,0,-0.06101055762888813
124394,0,0,-0.06081611355321703
124395,0,0,-0.059327868620296764
124396,0,0,-0.05904421302825219
124397,0,0,-0.060580530353226136
124398,0,0,-0.08306932109706394
124399,0,0,-0.0841961539765978
124400,0,0,-0.04874990964087378
124401,0,0,-0.11819297994276229
124402,0,0,-0.13304016574849425
124403,0,0,-0.1305441474073576
124404,0,0,-0.1294906099625574
124405,0,0,-0.13304016574849425
124406,0,0,-0.06030484160238159
124407,0,0,-0.10281408373496437
124408,0,0,-0.11819297994276229
124409,0,0,-0.06359871951774321
124410,0,0,-0.06689366646111522
124411,0,0,-0.14000594541415146
124412,0,0,-0.06801781229127951
124413,0,0,-0.13937296475069422
124414,0,0,-0.12143539174421347
124415,0,0,-0.08507783322685297
124416,0,0,-0.02612771062630026
124417,0,0,-0.13299740246935204
124418,0,0,-0.12285764883271427
124419,0,0,-0.12924585404773453
124420,0,0,-0.13309165351102292
124421,0,0,-0.06030484160238159
124422,0,0,-0.10281408373496437
124423,0,0,-0.031445626702809926
124424,0,0,-0.08660558494951476
124425,0,0,-0.11819297994276229
124426,0,0,-0.13406942760899038
124427,0,0,-0.13187094482354594
124428,0,0,-0.13456425997177152
124429,0,0,-0.12777486726503984
124430,0,0,-0.11004174867505173
124431,0,0,-0.06030484160238159
124432,0,0,-0.11819297994276229
124433,0,0,-0.07011555125868257
124434,0,0,-0.12226268987903754
124435,0,0,-0.12969027187999627
124436,0,0,-0.1261208183953228
124437,0,0,-0.1261208183953228
124438,0,0,-0.12914568267487286
124439,0,0,-0.06116116123302756
124440,0,0,-0.10918482293074222
124441,0,0,-0.06635369754896198
124442,0,0,-0.14050612847279859
124443,0,0,-0.06699907887796241
124444,0,0,-0.13937296475069422
124445,0,0,-0.12143539174421347
124446,0,0,-0.0831673463890168
124447,0,0,-0.02612771062630026
124448,0,0,-0.031445626702809926
124449,0,0,-0.06725315404906362
124450,0,0,-0.08660558494951476
124451,0,0,-0.09639628697104813
124452,0,0,-0.051466620227016646
124453,0,0,-0.13003084267474474
124454,0,0,-0.12559306256433123
124455,0,0,-0.12976888425782634
124456,0,0,-0.1343338326567426
124457,0,0,-0.06748222901881157
124458,0,0,-0.10909859830041102
124459,0,0,-0.11819297994276229
124460,0,0,-0.02788500282944384
124461,0,0,-0.13520181299447975
124462,0,0,-0.13136370480952264
124463,0,0,-0.13430823680260667
124464,0,0,-0.13424308876963398
124465,0,0,-0.1095603346405421
124466,0,0,-0.06748222901881157
124467,0,0,-0.06965358533149213
124468,0,0,-0.024627320218871096
124469,0,0,-0.02792385524588703
124470,0,0,-0.08335131528128292
124471,0,0,-0.0841961539765978
124472,0,0,-0.07225476333891806
124473,0,0,-0.11819297994276229
124474,0,0,-0.06801781229127951
124475,0,0,-0.14000594541415146
124476,0,0,-0.066645213679774
124477,0,0,-0.14000594541415146
124478,0,0,-0.057870058560676396
124479,0,0,-0.060580530353226136
124480,0,0,-0.12143539174421347
124481,0,0,-0.05993833924398295
124482,0,0,-0.05992377081714684
124483,0,0,-0.08507783322685297
124484,0,0,-0.060580530353226136
124485,0,0,-0.1284928728654678
124486,0,0,-0.12922911227735046
124487,0,0,-0.13241875902870476
124488,0,0,-0.13527505417731595
124489,0,0,-0.02612771062630026
124490,0,0,-0.11018280388695212
124491,0,0,-0.06748222901881157
124492,0,0,-0.11819297994276229
124493,0,0,-0.031445626702809926
124494,0,0,-0.08660558494951476
124495,0,0,-0.06018804332194466
124496,0,0,-0.11819297994276229
124497,0,0,-0.13451662737096481
124498,0,0,-0.12889726854939576
124499,0,0,-0.13119232001783437
124500,0,0,-0.1355050166838549
124501,0,0,-0.10931197174617946
124502,0,0,-0.06748222901881157
124503,0,0,-0.06178807319990265
124504,0,0,-0.13522022980680587
124505,0,0,-0.12843510041209372
124506,0,0,-0.1312452753422924
124507,0,0,-0.12928468465579407
124508,0,0,-0.10851816387926871
124509,0,0,-0.059880577879818486
124510,0,0,-0.06613742666479544
124511,0,0,-0.13937296475069422
124512,0,0,-0.0584434507084719
124513,0,0,-0.1378655172683379
124514,0,0,-0.12143539174421347
124515,0,0,-0.08344927427309617
124516,0,0,-0.02612771062630026
124517,0,0,-0.031445626702809926
124518,0,0,-0.08558941003357701
124519,0,0,-0.12317296828406338
124520,0,0,-0.12675266912232558
124521,0,0,-0.12556124558448517
124522,0,0,-0.13315053337442279
124523,0,0,-0.12923984355665935
124524,0,0,-0.10173770564463264
124525,0,0,-0.059880577879818486
124526,0,0,-0.09639628697104813
124527,0,0,-0.12589728214964963
124528,0,0,-0.12939716230481868
124529,0,0,-0.12899492198730045
124530,0,0,-0.1302940940516698
124531,0,0,-0.10173770564463264
124532,0,0,-0.059880577879818486
124533,0,0,-0.11819297994276229
124534,0,0,-0.11819297994276229
124535,0,0,-0.07305608313714035
124536,0,0,-0.02788500282944384
124537,0,0,-0.06754288486312332
124538,0,0,-0.13984870279971917
124539,0,0,-0.06907085816537428
124540,0,0,-0.14050612847279859
124541,0,0,-0.12143539174421347
124542,0,0,-0.08558630122685285
124543,0,0,-0.12801227236833407
124544,0,0,-0.12398281329185601
124545,0,0,-0.13315053337442279
124546,0,0,-0.13284332434631874
124547,0,0,-0.06325552529075268
124548,0,0,-0.10254526224926575
124549,0,0,-0.02612771062630026
124550,0,0,-0.06529222248857919
124551,0,0,-0.024627320218871096
124552,0,0,-0.02792385524588703
124553,0,0,-0.08306932109706394
124554,0,0,-0.0841961539765978
124555,0,0,-0.031445626702809926
124556,0,0,-0.0686162445877041
124557,0,0,-0.051466620227016646
124558,0,0,-0.08826141389400394
124559,0,0,-0.11819297994276229
124560,0,0,-0.11819297994276229
124561,0,0,-0.06081611355321703
124562,0,0,-0.06108363714993381
124563,0,0,-0.060580530353226136
124564,0,0,-0.057870058560676396
124565,0,0,-0.060580530353226136
124566,0,0,-0.06018804332194466
124567,0,0,-0.13315295139741368
124568,0,0,-0.1267288799872392
124569,0,0,-0.1269813447021349
124570,0,0,-0.12999565052145412
124571,0,0,-0.06325552529075268
124572,0,0,-0.10519458804177556
124573,0,0,-0.11819297994276229
124574,0,0,-0.06609972508138168
124575,0,0,-0.13425096734027153
124576,0,0,-0.13097306081223398
124577,0,0,-0.13159146825922613
124578,0,0,-0.1349062417850081
124579,0,0,-0.059880577879818486
124580,0,0,-0.10531564968924761
124581,0,0,-0.06606019911782729
124582,0,0,-0.14050612847279859
124583,0,0,-0.06707757744572479
124584,0,0,-0.1378655172683379
124585,0,0,-0.12143539174421347
124586,0,0,-0.08344927427309617
124587,0,0,-0.04341721823562239
124588,0,0,-0.024627320218871096
124589,0,0,-0.024494473206347955
124590,0,0,-0.02612771062630026
124591,0,0,-0.031445626702809926
124592,0,0,-0.08558941003357701
124593,0,0,-0.11819297994276229
124594,0,0,-0.02644821769480754
124595,0,0,-0.11819297994276229
124596,0,0,-0.128750704574134
124597,0,0,-0.13250321057083247
124598,0,0,-0.12549702864813023
124599,0,0,-0.1259985821487934
124600,0,0,-0.059880577879818486
124601,0,0,-0.10229906893757951
124602,0,0,-0.05946811356538484
124603,0,0,-0.05992377081714684
124604,0,0,-0.059327868620296764
124605,0,0,-0.05993833924398295
124606,0,0,-0.12226268987903754
124607,0,0,-0.048308645037976494
124608,0,0,-0.12472799057697315
124609,0,0,-0.12276817754570785
124610,0,0,-0.12398281329185601
124611,0,0,-0.13284332434631874
124612,0,0,-0.024627320218871096
124613,0,0,-0.059880577879818486
124614,0,0,-0.10254526224926575
124615,0,0,-0.07196525883910854
124616,0,0,-0.11819297994276229
124617,0,0,-0.024627320218871096
124618,0,0,-0.06689366646111522
124619,0,0,-0.14005906103574717
124620,0,0,-0.06361760802127003
124621,0,0,-0.13735893549438466
124622,0,0,-0.12143539174421347
124623,0,0,-0.085358468938865
124624,0,0,-0.13284332434631874
124625,0,0,-0.12260239313756272
124626,0,0,-0.12206077040897356
124627,0,0,-0.13294918645605142
124628,0,0,-0.059880577879818486
124629,0,0,-0.10266713627604024
124630,0,0,-0.024627320218871096
124631,0,0,-0.11819297994276229
124632,0,0,-0.02612771062630026
124633,0,0,-0.031445626702809926
124634,0,0,-0.08660558494951476
124635,0,0,-0.02751048368457437
124636,0,0,-0.11819297994276229
124637,0,0,-0.13135080250566966
124638,0,0,-0.13241272089649253
124639,0,0,-0.13241272089649253
124640,0,0,-0.13057532682873513
124641,0,0,-0.11214812144762082
124642,0,0,-0.059880577879818486
124643,0,0,-0.06635369754896198
124644,0,0,-0.024627320218871096
124645,0,0,-0.02792385524588703
124646,0,0,-0.08306932109706394
124647,0,0,-0.0841961539765978
124648,0,0,-0.11819297994276229
124649,0,0,-0.07446666250753464
124650,0,0,-0.13468182997214928
124651,0,0,-0.1313947513889534
124652,0,0,-0.13701351736600842
124653,0,0,-0.1286190836108519
124654,0,0,-0.1075060324436099
124655,0,0,-0.060178255944014436
124656,0,0,-0.09639628697104813
124657,0,0,-0.06584378185822798
124658,0,0,-0.13937296475069422
124659,0,0,-0.06979197318768571
124660,0,0,-0.13868584318979282
124661,0,0,-0.12143539174421347
124662,0,0,-0.0825214285590346
124663,0,0,-0.031445626702809926
124664,0,0,-0.02612771062630026
124665,0,0,-0.06743287014356636
124666,0,0,-0.050710267528048636
124667,0,0,-0.08660558494951476
124668,0,0,-0.13299740246935204
124669,0,0,-0.12826386905119025
124670,0,0,-0.1305441474073576
124671,0,0,-0.13169486508317463
124672,0,0,-0.059880577879818486
124673,0,0,-0.10146815564982653
124674,0,0,-0.11819297994276229
124675,0,0,-0.1325231774664425
124676,0,0,-0.1361458044452843
124677,0,0,-0.13752571279190473
124678,0,0,-0.13747484725504489
124679,0,0,-0.10838781063725039
124680,0,0,-0.059880577879818486
124681,0,0,-0.06609972508138168
124682,0,0,-0.02644821769480754
124683,0,0,-0.06635369754896198
124684,0,0,-0.13777185380934764
124685,0,0,-0.06936232031473594
124686,0,0,-0.14000594541415146
124687,0,0,-0.12275352013358148
124688,0,0,-0.12143539174421347
124689,0,0,-0.085358468938865
124690,0,0,-0.1313190498217473
124691,0,0,-0.12945342915670832
124692,0,0,-0.13657309599607387
124693,0,0,-0.1360455870948442
124694,0,0,-0.10838781063725039
124695,0,0,-0.06718949439498717
124696,0,0,-0.02612771062630026
124697,0,0,-0.031445626702809926
124698,0,0,-0.08660558494951476
124699,0,0,-0.11495622705582809
124700,0,0,-0.13662922611185246
124701,0,0,-0.12758132174292103
124702,0,0,-0.13102114814648813
124703,0,0,-0.13635061292359646
124704,0,0,-0.10907335183358974
124705,0,0,-0.06748222901881157
124706,0,0,-0.11819297994276229
124707,0,0,-0.02751048368457437
124708,0,0,-0.05495589900798803
124709,0,0,-0.13102114814648813
124710,0,0,-0.1364354630732933
124711,0,0,-0.13749299225188716
124712,0,0,-0.1299726628440397
124713,0,0,-0.1093377579970537
124714,0,0,-0.06748222901881157
124715,0,0,-0.06635369754896198
124716,0,0,-0.024627320218871096
124717,0,0,-0.02792385524588703
124718,0,0,-0.08306932109706394
124719,0,0,-0.0841961539765978
124720,0,0,-0.06949937177190707
124721,0,0,-0.13959917653677856
124722,0,0,-0.06936232031473594
124723,0,0,-0.14050612847279859
124724,0,0,-0.12143539174421347
124725,0,0,-0.0831673463890168
124726,0,0,-0.11819297994276229
124727,0,0,-0.031445626702809926
124728,0,0,-0.02612771062630026
124729,0,0,-0.08558941003357701
124730,0,0,-0.1271801874956086
124731,0,0,-0.13134300137446536
124732,0,0,-0.13443169873796335
124733,0,0,-0.13347095057983088
124734,0,0,-0.10888079239581694
124735,0,0,-0.07947790023471679
124736,0,0,-0.11819297994276229
124737,0,0,-0.11819297994276229
124738,0,0,-0.132938938959342
124739,0,0,-0.13443169873796335
124740,0,0,-0.12818036078880735
124741,0,0,-0.13018783570974318
124742,0,0,-0.10782085515098239
124743,0,0,-0.06634493803497865
124744,0,0,-0.11819297994276229
124745,0,0,-0.07408225486378939
124746,0,0,-0.06747406290293151
124747,0,0,-0.06635369754896198
124748,0,0,-0.13664830384733617
124749,0,0,-0.06747933775105458
124750,0,0,-0.13805897420223356
124751,0,0,-0.12111528416616901
124752,0,0,-0.0843392284565791
124753,0,0,-0.13438039902220733
124754,0,0,-0.1273000763405958
124755,0,0,-0.12963016692662316
124756,0,0,-0.13018783570974318
124757,0,0,-0.10755542232453758
124758,0,0,-0.06748222901881157
124759,0,0,-0.06731090997928374
124760,0,0,-0.031445626702809926
124761,0,0,-0.050710267528048636
124762,0,0,-0.02612771062630026
124763,0,0,-0.08660558494951476
124764,0,0,-0.060063826114955365
124765,0,0,-0.05992377081714684
124766,0,0,-0.06138050151599089
124767,0,0,-0.05976607060290595
124768,0,0,-0.05976607060290595
124769,0,0,-0.11819297994276229
124770,0,0,-0.12138470746865265
124771,0,0,-0.06018804332194466
124772,0,0,-0.1257089575861181
124773,0,0,-0.13187037358281584
124774,0,0,-0.12855196925833895
124775,0,0,-0.13108891013398133
124776,0,0,-0.06748222901881157
124777,0,0,-0.1066791675680141
124778,0,0,-0.11819297994276229
124779,0,0,-0.06618742637117137
124780,0,0,-0.12681735087188772
124781,0,0,-0.13347318997151858
124782,0,0,-0.12998322190127704
124783,0,0,-0.12609485759928107
124784,0,0,-0.059880577879818486
124785,0,0,-0.10786247089661294
124786,0,0,-0.11819297994276229
124787,0,0,-0.06635369754896198
124788,0,0,-0.14000594541415146
124789,0,0,-0.06694296356040957
124790,0,0,-0.14050612847279859
124791,0,0,-0.12143539174421347
124792,0,0,-0.08344927427309617
124793,0,0,-0.02788500282944384
124794,0,0,-0.031445626702809926
124795,0,0,-0.02612771062630026
124796,0,0,-0.03872083081252714
124797,0,0,-0.024627320218871096
124798,0,0,-0.08660558494951476
124799,0,0,-0.02612771062630026
124800,0,0,-0.13158740931213653
124801,0,0,-0.1347197911602323
124802,0,0,-0.13391063432553058
124803,0,0,-0.13391063432553058
124804,0,0,-0.06907085816537428
124805,0,0,-0.024627320218871096
124806,0,0,-0.02792385524588703
124807,0,0,-0.11214812144762082
124808,0,0,-0.06718949439498717
124809,0,0,-0.08306932109706394
124810,0,0,-0.0841961539765978
124811,0,0,-0.11819297994276229
124812,0,0,-0.11819297994276229
124813,0,0,-0.06138050151599089
124814,0,0,-0.06028312455448559
124815,0,0,-0.05904421302825219
124816,0,0,-0.060063826114955365
124817,0,0,-0.059327868620296764
124818,0,0,-0.11819297994276229
124819,0,0,-0.048308645037976494
124820,0,0,-0.1291804431617093
124821,0,0,-0.1304599050131523
124822,0,0,-0.13239127157431207
124823,0,0,-0.13443169873796335
124824,0,0,-0.1087360894460388
124825,0,0,-0.06748222901881157
124826,0,0,-0.11819297994276229
124827,0,0,-0.06420377671602628
124828,0,0,-0.06635369754896198
124829,0,0,-0.13664830384733617
124830,0,0,-0.06324468310456577
124831,0,0,-0.14050612847279859
124832,0,0,-0.12143539174421347
124833,0,0,-0.08558630122685285
124834,0,0,-0.13058548804061293
124835,0,0,-0.13058548804061293
124836,0,0,-0.13105726508997162
124837,0,0,-0.13353623614481652
124838,0,0,-0.059880577879818486
124839,0,0,-0.10888079239581694
124840,0,0,-0.031445626702809926
124841,0,0,-0.02612771062630026
124842,0,0,-0.08660558494951476
124843,0,0,-0.11819297994276229
124844,0,0,-0.13284268451384623
124845,0,0,-0.13665005239408567
124846,0,0,-0.13649425453819536
124847,0,0,-0.13654525766102577
124848,0,0,-0.060178255944014436
124849,0,0,-0.10957621651728011
124850,0,0,-0.11819297994276229
124851,0,0,-0.12317296828406338
124852,0,0,-0.06425032609270587
124853,0,0,-0.12914826665846318
124854,0,0,-0.13684936919040197
124855,0,0,-0.13428643824542447
124856,0,0,-0.12889726854939576
124857,0,0,-0.059880577879818486
124858,0,0,-0.10957621651728011
124859,0,0,-0.0669400990159153
124860,0,0,-0.13664830384733617
124861,0,0,-0.066645213679774
124862,0,0,-0.13868584318979282
124863,0,0,-0.11981886822256621
124864,0,0,-0.08344927427309617
124865,0,0,-0.11819297994276229
124866,0,0,-0.0667442960105682
124867,0,0,-0.031445626702809926
124868,0,0,-0.051466620227016646
124869,0,0,-0.02612771062630026
124870,0,0,-0.08660558494951476
124871,0,0,-0.13341066280890024
124872,0,0,-0.13480094411485255
124873,0,0,-0.13226530590214103
124874,0,0,-0.13470713215400787
124875,0,0,-0.059880577879818486
124876,0,0,-0.1054616176361517
124877,0,0,-0.11819297994276229
124878,0,0,-0.11819297994276229
124879,0,0,-0.02788500282944384
124880,0,0,-0.13460532514645324
124881,0,0,-0.13231718205727538
124882,0,0,-0.12652893721560976
124883,0,0,-0.06635369754896198
124884,0,0,-0.024627320218871096
124885,0,0,-0.02792385524588703
124886,0,0,-0.13164343947231033
124887,0,0,-0.10450738978772867
124888,0,0,-0.054965217673273226
124889,0,0,-0.08306932109706394
124890,0,0,-0.0841961539765978
124891,0,0,-0.06662678586330817
124892,0,0,-0.11819297994276229
124893,0,0,-0.06635369754896198
124894,0,0,-0.13735893549438466
124895,0,0,-0.06949937177190707
124896,0,0,-0.14050612847279859
124897,0,0,-0.12143539174421347
124898,0,0,-0.085358468938865
124899,0,0,-0.13607423481906034
124900,0,0,-0.130834445566832
124901,0,0,-0.1299675546077398
124902,0,0,-0.13555282782517963
124903,0,0,-0.1106306421338607
124904,0,0,-0.059880577879818486
124905,0,0,-0.11819297994276229
124906,0,0,-0.031445626702809926
124907,0,0,-0.08660558494951476
124908,0,0,-0.02612771062630026
124909,0,0,-0.02644821769480754
124910,0,0,-0.02644821769480754
124911,0,0,-0.11819297994276229
124912,0,0,-0.12835247299986852
124913,0,0,-0.1310896381420587
124914,0,0,-0.13271799164753328
124915,0,0,-0.12623901372916674
124916,0,0,-0.10786247089661294
124917,0,0,-0.059880577879818486
124918,0,0,-0.0470164814922992
124919,0,0,-0.04998164909740255
124920,0,0,-0.04808767108669676
124921,0,0,-0.04930904839629213
124922,0,0,-0.09547608968013471
124923,0,0,-0.09317567952015698
124924,0,0,-0.06529222248857919
124925,0,0,-0.08151770267634834
124926,0,0,-0.02644821769480754
124927,0,0,-0.06974136505040124
124928,0,0,-0.1494292415264714
124929,0,0,-0.14519466295118483
124930,0,0,-0.14519466295118483
124931,0,0,-0.07186222429311778
124932,0,0,-0.12831768043483482
124933,0,0,-0.13245164023288497
124934,0,0,-0.1313996829452701
124935,0,0,-0.1298996904098328
124936,0,0,-0.09973124672803763
124937,0,0,-0.06708998281387962
124938,0,0,-0.06635369754896198
124939,0,0,-0.13818430195821113
124940,0,0,-0.06860196344658359
124941,0,0,-0.14050612847279859
124942,0,0,-0.12143539174421347
124943,0,0,-0.08344927427309617
124944,0,0,-0.031445626702809926
124945,0,0,-0.08660558494951476
124946,0,0,-0.12138470746865265
124947,0,0,-0.02612771062630026
124948,0,0,-0.12569228136585248
124949,0,0,-0.13325731666362672
124950,0,0,-0.1284121495712402
124951,0,0,-0.12569228136585248
124952,0,0,-0.10848647665961508
124953,0,0,-0.06708998281387962
124954,0,0,-0.09639628697104813
124955,0,0,-0.13582745972164556
124956,0,0,-0.13447932419384168
124957,0,0,-0.13552249241941627
124958,0,0,-0.13156254985206078
124959,0,0,-0.06748222901881157
124960,0,0,-0.10928034877871301
124961,0,0,-0.11819297994276229
124962,0,0,-0.11819297994276229
124963,0,0,-0.064854148870779
124964,0,0,-0.02788500282944384
124965,0,0,-0.06635369754896198
124966,0,0,-0.13937296475069422
124967,0,0,-0.0679281314555833
124968,0,0,-0.13880473555453
124969,0,0,-0.12143539174421347
124970,0,0,-0.08507783322685297
124971,0,0,-0.06416685067943467
124972,0,0,-0.024627320218871096
124973,0,0,-0.02792385524588703
124974,0,0,-0.1356275820458921
124975,0,0,-0.13447932419384168
124976,0,0,-0.13129129235721404
124977,0,0,-0.13300982384105164
124978,0,0,-0.10954461493824441
124979,0,0,-0.06748222901881157
124980,0,0,-0.08306932109706394
124981,0,0,-0.0841961539765978
124982,0,0,-0.06840549067354651
124983,0,0,-0.051466620227016646
124984,0,0,-0.031445626702809926
124985,0,0,-0.08660558494951476
124986,0,0,-0.11819297994276229
124987,0,0,-0.02612771062630026
124988,0,0,-0.057870058560676396
124989,0,0,-0.05757081827328858
124990,0,0,-0.05992377081714684
124991,0,0,-0.06138050151599089
124992,0,0,-0.05924494729243046
124993,0,0,-0.11819297994276229
124994,0,0,-0.1366879453229271
124995,0,0,-0.13148844126528386
124996,0,0,-0.13690104530585084
124997,0,0,-0.1366879453229271
124998,0,0,-0.06748222901881157
124999,0,0,-0.06624634258419027
125000,0,0,-0.11055653631567891
125001,0,0,-0.05992377081714684
125002,0,0,-0.059169954865996466
125003,0,0,-0.05934245677407329
125004,0,0,-0.060580530353226136
125005,0,0,-0.05962592051353588
125006,0,0,-0.11819297994276229
125007,0,0,-0.02644821769480754
125008,0,0,-0.04075475260597489
125009,0,0,-0.07189906054622625
125010,0,0,-0.1302799034880323
125011,0,0,-0.1344714230273954
125012,0,0,-0.12966981611174178
125013,0,0,-0.12919323438803926
125014,0,0,-0.06748222901881157
125015,0,0,-0.1094405749665402
125016,0,0,-0.07054041635960062
125017,0,0,-0.13805897420223356
125018,0,0,-0.06744718998673238
125019,0,0,-0.14050612847279859
125020,0,0,-0.07431859985097355
125021,0,0,-0.09612119816235942
125022,0,0,-0.09644259314288922
125023,0,0,-0.06635369754896198
125024,0,0,-0.12143539174421347
125025,0,0,-0.0834946804628971
125026,0,0,-0.07090421921560758
125027,0,0,-0.0829310077486678
125028,0,0,-0.06974136505040124
125029,0,0,-0.031445626702809926
125030,0,0,-0.14990330346560904
125031,0,0,-0.08660558494951476
125032,0,0,-0.02644821769480754
125033,0,0,-0.04218940457198561
125034,0,0,-0.02644821769480754
125035,0,0,-0.024627320218871096
125036,0,0,-0.13679108299543413
125037,0,0,-0.1286190836108519
125038,0,0,-0.13469671979652587
125039,0,0,-0.1311452737350131
125040,0,0,-0.059880577879818486
125041,0,0,-0.10780500374496171
125042,0,0,-0.02612771062630026
125043,0,0,-0.02612771062630026
125044,0,0,-0.11819297994276229
125045,0,0,-0.06168666187035515
125046,0,0,-0.06263680458977688
125047,0,0,-0.11819297994276229
125048,0,0,-0.12275352013358148
125049,0,0,-0.12877110598239183
125050,0,0,-0.13087428382040678
125051,0,0,-0.13318675206619685
125052,0,0,-0.13577449535200264
125053,0,0,-0.10276926402056769
125054,0,0,-0.08078966484643468
125055,0,0,-0.0732168665429414
125056,0,0,-0.11819297994276229
125057,0,0,-0.06361760802127003
125058,0,0,-0.14050612847279859
125059,0,0,-0.06635369754896198
125060,0,0,-0.14000594541415146
125061,0,0,-0.12143539174421347
125062,0,0,-0.085358468938865
125063,0,0,-0.12752059252535036
125064,0,0,-0.13546948369606965
125065,0,0,-0.13546948369606965
125066,0,0,-0.1302186086754264
125067,0,0,-0.1056345493223605
125068,0,0,-0.06708998281387962
125069,0,0,-0.11819297994276229
125070,0,0,-0.031445626702809926
125071,0,0,-0.08660558494951476
125072,0,0,-0.02751048368457437
125073,0,0,-0.02612771062630026
125074,0,0,-0.11819297994276229
125075,0,0,-0.06584378185822798
125076,0,0,-0.024627320218871096
125077,0,0,-0.02792385524588703
125078,0,0,-0.13445294948327324
125079,0,0,-0.13599362953916605
125080,0,0,-0.13131376936770578
125081,0,0,-0.13634021069044666
125082,0,0,-0.10982001062169278
125083,0,0,-0.06634493803497865
125084,0,0,-0.08306932109706394
125085,0,0,-0.0841961539765978
125086,0,0,-0.02644821769480754
125087,0,0,-0.11819297994276229
125088,0,0,-0.06449853075234246
125089,0,0,-0.13214075025235328
125090,0,0,-0.13577449535200264
125091,0,0,-0.13318675206619685
125092,0,0,-0.1297695994293936
125093,0,0,-0.059880577879818486
125094,0,0,-0.1062490783328301
125095,0,0,-0.09639628697104813
125096,0,0,-0.06689366646111522
125097,0,0,-0.1378655172683379
125098,0,0,-0.07173577538974651
125099,0,0,-0.13868584318979282
125100,0,0,-0.12143539174421347
125101,0,0,-0.08448949429891373
125102,0,0,-0.06589770573574605
125103,0,0,-0.051466620227016646
125104,0,0,-0.031445626702809926
125105,0,0,-0.08660558494951476
125106,0,0,-0.13470713215400787
125107,0,0,-0.12407588100402017
125108,0,0,-0.13425096734027153
125109,0,0,-0.13097306081223398
125110,0,0,-0.10475442655530715
125111,0,0,-0.06689656164390478
125112,0,0,-0.02612771062630026
125113,0,0,-0.11819297994276229
125114,0,0,-0.13649425453819536
125115,0,0,-0.1314545027214601
125116,0,0,-0.13654525766102577
125117,0,0,-0.12649000501529012
125118,0,0,-0.10863194020972855
125119,0,0,-0.06689656164390478
125120,0,0,-0.06801413329253919
125121,0,0,-0.06584378185822798
125122,0,0,-0.13880473555453
125123,0,0,-0.06422672070860536
125124,0,0,-0.14000594541415146
125125,0,0,-0.12317296828406338
125126,0,0,-0.12143539174421347
125127,0,0,-0.08513605053566087
125128,0,0,-0.13451662737096481
125129,0,0,-0.13684936919040197
125130,0,0,-0.12889726854939576
125131,0,0,-0.13084383130280242
125132,0,0,-0.10878294554825962
125133,0,0,-0.06748222901881157
125134,0,0,-0.031445626702809926
125135,0,0,-0.08660558494951476
125136,0,0,-0.02612771062630026
125137,0,0,-0.13613718989614243
125138,0,0,-0.13635061292359646
125139,0,0,-0.1364354630732933
125140,0,0,-0.1327045896525766
125141,0,0,-0.09639628697104813
125142,0,0,-0.10986603394567585
125143,0,0,-0.06748222901881157
125144,0,0,-0.11819297994276229
125145,0,0,-0.02788500282944384
125146,0,0,-0.06603996014259256
125147,0,0,-0.06606019911782729
125148,0,0,-0.024627320218871096
125149,0,0,-0.02792385524588703
125150,0,0,-0.13208185968910174
125151,0,0,-0.13182490248475792
125152,0,0,-0.13132223381715558
125153,0,0,-0.13231386550186847
125154,0,0,-0.08306932109706394
125155,0,0,-0.0841961539765978
125156,0,0,-0.10713152737670956
125157,0,0,-0.07824497478492026
125158,0,0,-0.06689366646111522
125159,0,0,-0.13959917653677856
125160,0,0,-0.06601367222041976
125161,0,0,-0.13664830384733617
125162,0,0,-0.12143539174421347
125163,0,0,-0.11819297994276229
125164,0,0,-0.0831673463890168
125165,0,0,-0.031445626702809926
125166,0,0,-0.08660558494951476
125167,0,0,-0.13240006265814025
125168,0,0,-0.12884431523645506
125169,0,0,-0.13235722478525613
125170,0,0,-0.12432764899515208
125171,0,0,-0.09946033873123572
125172,0,0,-0.06718949439498717
125173,0,0,-0.11819297994276229
125174,0,0,-0.02612771062630026
125175,0,0,-0.11819297994276229
125176,0,0,-0.1298996904098328
125177,0,0,-0.1276562800835747
125178,0,0,-0.13240006265814025
125179,0,0,-0.12831768043483482
125180,0,0,-0.09973124672803763
125181,0,0,-0.06634493803497865
125182,0,0,-0.11819297994276229
125183,0,0,-0.06336462893903855
125184,0,0,-0.06554993830837702
125185,0,0,-0.13937296475069422
125186,0,0,-0.06584378185822798
125187,0,0,-0.14000594541415146
125188,0,0,-0.12143539174421347
125189,0,0,-0.085358468938865
125190,0,0,-0.13245164023288497
125191,0,0,-0.1309507950932367
125192,0,0,-0.13240006265814025
125193,0,0,-0.1248777361169004
125194,0,0,-0.09973124672803763
125195,0,0,-0.06634493803497865
125196,0,0,-0.06926887128701487
125197,0,0,-0.051466620227016646
125198,0,0,-0.031445626702809926
125199,0,0,-0.08558941003357701
125200,0,0,-0.06138050151599089
125201,0,0,-0.05876656560986443
125202,0,0,-0.06081611355321703
125203,0,0,-0.060580530353226136
125204,0,0,-0.05962592051353588
125205,0,0,-0.02612771062630026
125206,0,0,-0.12047010926948831
125207,0,0,-0.06018804332194466
125208,0,0,-0.12777486726503984
125209,0,0,-0.13398518618729316
125210,0,0,-0.1261208183953228
125211,0,0,-0.12670678632562793
125212,0,0,-0.06748222901881157
125213,0,0,-0.10989747524597965
125214,0,0,-0.11819297994276229
125215,0,0,-0.11819297994276229
125216,0,0,-0.06668646998451033
125217,0,0,-0.13003084267474474
125218,0,0,-0.13473149677006224
125219,0,0,-0.12559306256433123
125220,0,0,-0.12666931790768882
125221,0,0,-0.10989747524597965
125222,0,0,-0.06748222901881157
125223,0,0,-0.11819297994276229
125224,0,0,-0.06601367222041976
125225,0,0,-0.14050612847279859
125226,0,0,-0.06979197318768571
125227,0,0,-0.13735893549438466
125228,0,0,-0.12143539174421347
125229,0,0,-0.08344927427309617
125230,0,0,-0.02788500282944384
125231,0,0,-0.031445626702809926
125232,0,0,-0.08660558494951476
125233,0,0,-0.06635369754896198
125234,0,0,-0.024627320218871096
125235,0,0,-0.02792385524588703
125236,0,0,-0.041929889988351066
125237,0,0,-0.02612771062630026
125238,0,0,-0.024627320218871096
125239,0,0,-0.1348207461629411
125240,0,0,-0.13557424231738652
125241,0,0,-0.12972440770137006
125242,0,0,-0.08306932109706394
125243,0,0,-0.0841961539765978
125244,0,0,-0.13435168787277874
125245,0,0,-0.11214812144762082
125246,0,0,-0.07853023195186398
125247,0,0,-0.024627320218871096
125248,0,0,-0.02612771062630026
125249,0,0,-0.05976607060290595
125250,0,0,-0.057870058560676396
125251,0,0,-0.057271375455510476
125252,0,0,-0.05946811356538484
125253,0,0,-0.05946811356538484
125254,0,0,-0.11819297994276229
125255,0,0,-0.11819297994276229
125256,0,0,-0.11819297994276229
125257,0,0,-0.04874990964087378
125258,0,0,-0.1339680126366446
125259,0,0,-0.13510806624472171
125260,0,0,-0.12951112834658318
125261,0,0,-0.12476298776120415
125262,0,0,-0.11032697179160739
125263,0,0,-0.06718949439498717
125264,0,0,-0.11819297994276229
125265,0,0,-0.06336462893903855
125266,0,0,-0.06584378185822798
125267,0,0,-0.14000594541415146
125268,0,0,-0.06707757744572479
125269,0,0,-0.14050612847279859
125270,0,0,-0.12143539174421347
125271,0,0,-0.08507783322685297
125272,0,0,-0.12926211005319915
125273,0,0,-0.13297585862090072
125274,0,0,-0.13461397024380523
125275,0,0,-0.13510806624472171
125276,0,0,-0.06718949439498717
125277,0,0,-0.11059053005983294
125278,0,0,-0.031445626702809926
125279,0,0,-0.08660558494951476
125280,0,0,-0.02612771062630026
125281,0,0,-0.13018783570974318
125282,0,0,-0.13239127157431207
125283,0,0,-0.132938938959342
125284,0,0,-0.1299935996312589
125285,0,0,-0.10808610844994909
125286,0,0,-0.06718949439498717
125287,0,0,-0.11819297994276229
125288,0,0,-0.11819297994276229
125289,0,0,-0.06131716646237034
125290,0,0,-0.12138470746865265
125291,0,0,-0.1271801874956086
125292,0,0,-0.12707169233405435
125293,0,0,-0.12465258668001944
125294,0,0,-0.1292790233514986
125295,0,0,-0.10755542232453758
125296,0,0,-0.06718949439498717
125297,0,0,-0.0669400990159153
125298,0,0,-0.14000594541415146
125299,0,0,-0.07062121261757104
125300,0,0,-0.14050612847279859
125301,0,0,-0.12143539174421347
125302,0,0,-0.0831673463890168
125303,0,0,-0.06560389868239774
125304,0,0,-0.051466620227016646
125305,0,0,-0.031445626702809926
125306,0,0,-0.08558941003357701
125307,0,0,-0.11819297994276229
125308,0,0,-0.13010139386379066
125309,0,0,-0.12878639313990475
125310,0,0,-0.13401028204806759
125311,0,0,-0.1321430344848103
125312,0,0,-0.1096146310029249
125313,0,0,-0.06748222901881157
125314,0,0,-0.11819297994276229
125315,0,0,-0.02612771062630026
125316,0,0,-0.02788500282944384
125317,0,0,-0.11819297994276229
125318,0,0,-0.06801781229127951
125319,0,0,-0.024627320218871096
125320,0,0,-0.02792385524588703
125321,0,0,-0.13715074477254974
125322,0,0,-0.08306932109706394
125323,0,0,-0.0841961539765978
125324,0,0,-0.13218087342907192
125325,0,0,-0.13730626125800177
125326,0,0,-0.13239011771057707
125327,0,0,-0.1096146310029249
125328,0,0,-0.06748222901881157
125329,0,0,-0.069061522904241
125330,0,0,-0.11819297994276229
125331,0,0,-0.06905364166451744
125332,0,0,-0.13959917653677856
125333,0,0,-0.06643087286250093
125334,0,0,-0.14050612847279859
125335,0,0,-0.12143539174421347
125336,0,0,-0.08507783322685297
125337,0,0,-0.12819318651245476
125338,0,0,-0.12466553409238657
125339,0,0,-0.13248279078912978
125340,0,0,-0.13356220099968474
125341,0,0,-0.1095603346405421
125342,0,0,-0.06748222901881157
125343,0,0,-0.11819297994276229
125344,0,0,-0.031445626702809926
125345,0,0,-0.08660558494951476
125346,0,0,-0.02612771062630026
125347,0,0,-0.13530795751472557
125348,0,0,-0.13119232001783437
125349,0,0,-0.1312452753422924
125350,0,0,-0.1312452753422924
125351,0,0,-0.10943177085458938
125352,0,0,-0.06748222901881157
125353,0,0,-0.11819297994276229
125354,0,0,-0.07225476333891806
125355,0,0,-0.06689366646111522
125356,0,0,-0.06970266067326847
125357,0,0,-0.13565497224803236
125358,0,0,-0.13451662737096481
125359,0,0,-0.12649000501529012
125360,0,0,-0.12928468465579407
125361,0,0,-0.059880577879818486
125362,0,0,-0.10851816387926871
125363,0,0,-0.06822036649670521
125364,0,0,-0.1378655172683379
125365,0,0,-0.06752856818797648
125366,0,0,-0.14050612847279859
125367,0,0,-0.12143539174421347
125368,0,0,-0.08213831116571269
125369,0,0,-0.031445626702809926
125370,0,0,-0.08558941003357701
125371,0,0,-0.12317296828406338
125372,0,0,-0.13300982384105164
125373,0,0,-0.1310976358461769
125374,0,0,-0.1354713457732934
125375,0,0,-0.13552249241941627
125376,0,0,-0.060178255944014436
125377,0,0,-0.10822149433595879
125378,0,0,-0.02612771062630026
125379,0,0,-0.0994145921916581
125380,0,0,-0.12551992466934547
125381,0,0,-0.12810468621097348
125382,0,0,-0.1284121495712402
125383,0,0,-0.13497360227088978
125384,0,0,-0.059880577879818486
125385,0,0,-0.10848647665961508
125386,0,0,-0.11819297994276229
125387,0,0,-0.11819297994276229
125388,0,0,-0.06424999464579578
125389,0,0,-0.02751048368457437
125390,0,0,-0.06689366646111522
125391,0,0,-0.14050612847279859
125392,0,0,-0.06754288486312332
125393,0,0,-0.14050612847279859
125394,0,0,-0.12143539174421347
125395,0,0,-0.0686856231840024
125396,0,0,-0.024627320218871096
125397,0,0,-0.02792385524588703
125398,0,0,-0.0843392284565791
125399,0,0,-0.08306932109706394
125400,0,0,-0.0841961539765978
125401,0,0,-0.13129129235721404
125402,0,0,-0.12810468621097348
125403,0,0,-0.13582745972164556
125404,0,0,-0.1281606532469015
125405,0,0,-0.06725315404906362
125406,0,0,-0.059880577879818486
125407,0,0,-0.10848647665961508
125408,0,0,-0.051466620227016646
125409,0,0,-0.031445626702809926
125410,0,0,-0.11819297994276229
125411,0,0,-0.08474740218420235
125412,0,0,-0.06138050151599089
125413,0,0,-0.057870058560676396
125414,0,0,-0.05993833924398295
125415,0,0,-0.05962592051353588
125416,0,0,-0.05992377081714684
125417,0,0,-0.02612771062630026
125418,0,0,-0.06018804332194466
125419,0,0,-0.13316568423975145
125420,0,0,-0.1313152627275208
125421,0,0,-0.13136370480952264
125422,0,0,-0.13520181299447975
125423,0,0,-0.1094405749665402
125424,0,0,-0.06325552529075268
125425,0,0,-0.11819297994276229
125426,0,0,-0.11819297994276229
125427,0,0,-0.06449853075234246
125428,0,0,-0.05032242006036558
125429,0,0,-0.04705314379741693
125430,0,0,-0.04998164909740255
125431,0,0,-0.09506513227883412
125432,0,0,-0.09194967735091131
125433,0,0,-0.04808767108669676
125434,0,0,-0.04930904839629213
125435,0,0,-0.12482529208744964
125436,0,0,-0.13136370480952264
125437,0,0,-0.12988224025044864
125438,0,0,-0.1307730632853628
125439,0,0,-0.06325552529075268
125440,0,0,-0.1094405749665402
125441,0,0,-0.06697459987226712
125442,0,0,-0.14050612847279859
125443,0,0,-0.06731288324288165
125444,0,0,-0.13777185380934764
125445,0,0,-0.1496663526819923
125446,0,0,-0.14851797669026928
125447,0,0,-0.14990330346560904
125448,0,0,-0.12143539174421347
125449,0,0,-0.08448949429891373
125450,0,0,-0.031445626702809926
125451,0,0,-0.02644821769480754
125452,0,0,-0.08660558494951476
125453,0,0,-0.1292230217498943
125454,0,0,-0.1294737995333473
125455,0,0,-0.13107007921318636
125456,0,0,-0.1350508666457227
125457,0,0,-0.11200462731638833
125458,0,0,-0.059880577879818486
125459,0,0,-0.060063826114955365
125460,0,0,-0.060580530353226136
125461,0,0,-0.04036682877049502
125462,0,0,-0.024627320218871096
125463,0,0,-0.06022141966747646
125464,0,0,-0.06078657186154618
125465,0,0,-0.024494473206347955
125466,0,0,-0.02841346176898185
125467,0,0,-0.11819297994276229
125468,0,0,-0.048308645037976494
125469,0,0,-0.11819297994276229
125470,0,0,-0.12138470746865265
125471,0,0,-0.1302257850908009
125472,0,0,-0.12726937881257672
125473,0,0,-0.1284543538398687
125474,0,0,-0.12887515545105993
125475,0,0,-0.059880577879818486
125476,0,0,-0.10969627492989142
125477,0,0,-0.06633347226250957
125478,0,0,-0.06606019911782729
125479,0,0,-0.14050612847279859
125480,0,0,-0.0675098533985477
125481,0,0,-0.14008340708724004
125482,0,0,-0.12143539174421347
125483,0,0,-0.08609186170153682
125484,0,0,-0.11819297994276229
125485,0,0,-0.13136404441243166
125486,0,0,-0.1289421034168443
125487,0,0,-0.13287962631081462
125488,0,0,-0.12455986796205715
125489,0,0,-0.10969627492989142
125490,0,0,-0.059880577879818486
125491,0,0,-0.11819297994276229
125492,0,0,-0.031445626702809926
125493,0,0,-0.08660558494951476
125494,0,0,-0.02751048368457437
125495,0,0,-0.06584378185822798
125496,0,0,-0.024627320218871096
125497,0,0,-0.02792385524588703
125498,0,0,-0.08306932109706394
125499,0,0,-0.0841961539765978
125500,0,0,-0.13026131401187285
125501,0,0,-0.024494473206347955
125502,0,0,-0.12406894254136297
125503,0,0,-0.13133915342554853
125504,0,0,-0.12958281878903832
125505,0,0,-0.1077421904363629
125506,0,0,-0.059880577879818486
125507,0,0,-0.11819297994276229
125508,0,0,-0.11819297994276229
125509,0,0,-0.0759976044659525
125510,0,0,-0.13233612701662217
125511,0,0,-0.13003906561707235
125512,0,0,-0.130066908743247
125513,0,0,-0.12387128137962988
125514,0,0,-0.10682553072398299
125515,0,0,-0.059880577879818486
125516,0,0,-0.09639628697104813
125517,0,0,-0.06907085816537428
125518,0,0,-0.14000594541415146
125519,0,0,-0.06869805588004374
125520,0,0,-0.13868584318979282
125521,0,0,-0.12143539174421347
125522,0,0,-0.08448949429891373
125523,0,0,-0.06871168083085316
125524,0,0,-0.051466620227016646
125525,0,0,-0.031445626702809926
125526,0,0,-0.08660558494951476
125527,0,0,-0.13160014114868807
125528,0,0,-0.13135080250566966
125529,0,0,-0.13207104594499064
125530,0,0,-0.13210625131866893
125531,0,0,-0.11200462731638833
125532,0,0,-0.059880577879818486
125533,0,0,-0.02612771062630026
125534,0,0,-0.11819297994276229
125535,0,0,-0.13557424231738652
125536,0,0,-0.13455669319148233
125537,0,0,-0.1272793635654469
125538,0,0,-0.1288331434083046
125539,0,0,-0.050218061274682924
125540,0,0,-0.11121006553184293
125541,0,0,-0.06267663568932741
125542,0,0,-0.06464222020697136
125543,0,0,-0.14000594541415146
125544,0,0,-0.07090868846348952
125545,0,0,-0.13937296475069422
125546,0,0,-0.12143539174421347
125547,0,0,-0.12275352013358148
125548,0,0,-0.085358468938865
125549,0,0,-0.12858193201901535
125550,0,0,-0.13241272089649253
125551,0,0,-0.13557424231738652
125552,0,0,-0.13207104594499064
125553,0,0,-0.059880577879818486
125554,0,0,-0.11200462731638833
125555,0,0,-0.031445626702809926
125556,0,0,-0.08660558494951476
125557,0,0,-0.1261208183953228
125558,0,0,-0.129963238301386
125559,0,0,-0.12914568267487286
125560,0,0,-0.1343607910932234
125561,0,0,-0.02612771062630026
125562,0,0,-0.11004174867505173
125563,0,0,-0.06634493803497865
125564,0,0,-0.11819297994276229
125565,0,0,-0.09639628697104813
125566,0,0,-0.02788500282944384
125567,0,0,-0.07153085262277864
125568,0,0,-0.06606019911782729
125569,0,0,-0.024627320218871096
125570,0,0,-0.02792385524588703
125571,0,0,-0.08306932109706394
125572,0,0,-0.0841961539765978
125573,0,0,-0.13473149677006224
125574,0,0,-0.1286765444732451
125575,0,0,-0.06708998281387962
125576,0,0,-0.1103054998560663
125577,0,0,-0.0671544316479567
125578,0,0,-0.13777185380934764
125579,0,0,-0.13868584318979282
125580,0,0,-0.05990508153052965
125581,0,0,-0.11819297994276229
125582,0,0,-0.12143539174421347
125583,0,0,-0.08507783322685297
125584,0,0,-0.031445626702809926
125585,0,0,-0.08660558494951476
125586,0,0,-0.07265100629149107
125587,0,0,-0.10593949173966244
125588,0,0,-0.11819297994276229
125589,0,0,-0.02612771062630026
125590,0,0,-0.11819297994276229
125591,0,0,-0.13164343947231033
125592,0,0,-0.13041626159269953
125593,0,0,-0.06663824388081624
125594,0,0,-0.1040774007576934
125595,0,0,-0.11819297994276229
125596,0,0,-0.06449853075234246
125597,0,0,-0.06554993830837702
125598,0,0,-0.14050612847279859
125599,0,0,-0.0675098533985477
125600,0,0,-0.13777185380934764
125601,0,0,-0.12143539174421347
125602,0,0,-0.085358468938865
125603,0,0,-0.0686856231840024
125604,0,0,-0.13150896520428634
125605,0,0,-0.13546948369606965
125606,0,0,-0.13577449535200264
125607,0,0,-0.13432923901060229
125608,0,0,-0.051466620227016646
125609,0,0,-0.10483326959391609
125610,0,0,-0.06708998281387962
125611,0,0,-0.031445626702809926
125612,0,0,-0.08558941003357701
125613,0,0,-0.06051886720077909
125614,0,0,-0.060063826114955365
125615,0,0,-0.05992377081714684
125616,0,0,-0.05992377081714684
125617,0,0,-0.12275352013358148
125618,0,0,-0.06018804332194466
125619,0,0,-0.1345371028724628
125620,0,0,-0.13303860137665996
125621,0,0,-0.12952976325784937
125622,0,0,-0.13007850288459388
125623,0,0,-0.06748222901881157
125624,0,0,-0.10755542232453758
125625,0,0,-0.02612771062630026
125626,0,0,-0.11819297994276229
125627,0,0,-0.0747544751642572
125628,0,0,-0.13058548804061293
125629,0,0,-0.13058548804061293
125630,0,0,-0.12732392518525437
125631,0,0,-0.12439919570389518
125632,0,0,-0.10707070092240345
125633,0,0,-0.06634493803497865
125634,0,0,-0.11819297994276229
125635,0,0,-0.11819297994276229
125636,0,0,-0.06689366646111522
125637,0,0,-0.14000594541415146
125638,0,0,-0.06856413752743962
125639,0,0,-0.13959917653677856
125640,0,0,-0.12143539174421347
125641,0,0,-0.08332613156547597
125642,0,0,-0.02788500282944384
125643,0,0,-0.07431859985097355
125644,0,0,-0.09612119816235942
125645,0,0,-0.09168600131106336
125646,0,0,-0.031445626702809926
125647,0,0,-0.06909588622258339
125648,0,0,-0.08236625938863462
125649,0,0,-0.07090421921560758
125650,0,0,-0.08151770267634834
125651,0,0,-0.08660558494951476
125652,0,0,-0.06801781229127951
125653,0,0,-0.024627320218871096
125654,0,0,-0.02792385524588703
125655,0,0,-0.0841961539765978
125656,0,0,-0.06974136505040124
125657,0,0,-0.13632864455907323
125658,0,0,-0.1358377758551777
125659,0,0,-0.13108682749306316
125660,0,0,-0.1358377758551777
125661,0,0,-0.06718949439498717
125662,0,0,-0.11061117873347232
125663,0,0,-0.14854480133627046
125664,0,0,-0.14902005926629297
125665,0,0,-0.14758235622876376
125666,0,0,-0.05976607060290595
125667,0,0,-0.05992377081714684
125668,0,0,-0.06108363714993381
125669,0,0,-0.11819297994276229
125670,0,0,-0.05946811356538484
125671,0,0,-0.05946811356538484
125672,0,0,-0.04233324874582389
125673,0,0,-0.024627320218871096
125674,0,0,-0.04874990964087378
125675,0,0,-0.024494473206347955
125676,0,0,-0.02612771062630026
125677,0,0,-0.1316957439554844
125678,0,0,-0.1314946853593974
125679,0,0,-0.1311452737350131
125680,0,0,-0.11819297994276229
125681,0,0,-0.12958740024283005
125682,0,0,-0.11819297994276229
125683,0,0,-0.1071534759974464
125684,0,0,-0.06718949439498717
125685,0,0,-0.11819297994276229
125686,0,0,-0.07066028031106297
125687,0,0,-0.06689366646111522
125688,0,0,-0.13664830384733617
125689,0,0,-0.07029582431853282
125690,0,0,-0.13868584318979282
125691,0,0,-0.12143539174421347
125692,0,0,-0.085358468938865
125693,0,0,-0.13314249473935236
125694,0,0,-0.1293990950030816
125695,0,0,-0.12674263129506042
125696,0,0,-0.13099569652068416
125697,0,0,-0.1071534759974464
125698,0,0,-0.06718949439498717
125699,0,0,-0.031445626702809926
125700,0,0,-0.08660558494951476
125701,0,0,-0.08306932109706394
125702,0,0,-0.126096690021811
125703,0,0,-0.12863406035221514
125704,0,0,-0.13299740246935204
125705,0,0,-0.13309165351102292
125706,0,0,-0.1020070733272831
125707,0,0,-0.06718949439498717
125708,0,0,-0.02612771062630026
125709,0,0,-0.09644259314288922
125710,0,0,-0.047781809930273145
125711,0,0,-0.04930904839629213
125712,0,0,-0.09390963638488536
125713,0,0,-0.06689366646111522
125714,0,0,-0.11819297994276229
125715,0,0,-0.08151770267634834
125716,0,0,-0.11819297994276229
125717,0,0,-0.06974136505040124
125718,0,0,-0.06574624936919637
125719,0,0,-0.12275352013358148
125720,0,0,-0.14798363372839723
125721,0,0,-0.1482217226315687
125722,0,0,-0.13461068374688068
125723,0,0,-0.13292301995476036
125724,0,0,-0.13546539012442
125725,0,0,-0.13461068374688068
125726,0,0,-0.11214812144762082
125727,0,0,-0.06718949439498717
125728,0,0,-0.06743287014356636
125729,0,0,-0.14050612847279859
125730,0,0,-0.07008294760550648
125731,0,0,-0.14050612847279859
125732,0,0,-0.12143539174421347
125733,0,0,-0.06994465334897487
125734,0,0,-0.08185549600180841
125735,0,0,-0.051466620227016646
125736,0,0,-0.031445626702809926
125737,0,0,-0.08660558494951476
125738,0,0,-0.12703313569295788
125739,0,0,-0.13040563059583093
125740,0,0,-0.12958905238655538
125741,0,0,-0.13013299051564275
125742,0,0,-0.05114423277559216
125743,0,0,-0.10947067281960127
125744,0,0,-0.11819297994276229
125745,0,0,-0.11819297994276229
125746,0,0,-0.02751048368457437
125747,0,0,-0.02612771062630026
125748,0,0,-0.06664699747023678
125749,0,0,-0.024627320218871096
125750,0,0,-0.02792385524588703
125751,0,0,-0.0841961539765978
125752,0,0,-0.12703313569295788
125753,0,0,-0.13040563059583093
125754,0,0,-0.12782868297248057
125755,0,0,-0.13640002812594137
125756,0,0,-0.11032697179160739
125757,0,0,-0.059880577879818486
125758,0,0,-0.11819297994276229
125759,0,0,-0.11819297994276229
125760,0,0,-0.06420377671602628
125761,0,0,-0.06635369754896198
125762,0,0,-0.13880473555453
125763,0,0,-0.0701163150092734
125764,0,0,-0.13735893549438466
125765,0,0,-0.12143539174421347
125766,0,0,-0.07408322886598784
125767,0,0,-0.1306538808060444
125768,0,0,-0.13410792431121638
125769,0,0,-0.13509701808270352
125770,0,0,-0.1322140646694701
125771,0,0,-0.054965217673273226
125772,0,0,-0.10938451125565657
125773,0,0,-0.11819297994276229
125774,0,0,-0.031445626702809926
125775,0,0,-0.08660558494951476
125776,0,0,-0.12674445299782172
125777,0,0,-0.13158740931213653
125778,0,0,-0.13391063432553058
125779,0,0,-0.1350508666457227
125780,0,0,-0.059880577879818486
125781,0,0,-0.11200462731638833
125782,0,0,-0.02612771062630026
125783,0,0,-0.08306932109706394
125784,0,0,-0.11819297994276229
125785,0,0,-0.06847799403315108
125786,0,0,-0.13557424231738652
125787,0,0,-0.1292230217498943
125788,0,0,-0.1350508666457227
125789,0,0,-0.1288331434083046
125790,0,0,-0.11214812144762082
125791,0,0,-0.06708998281387962
125792,0,0,-0.06554993830837702
125793,0,0,-0.14005906103574717
125794,0,0,-0.06744718998673238
125795,0,0,-0.14050612847279859
125796,0,0,-0.12143539174421347
125797,0,0,-0.08344927427309617
125798,0,0,-0.050006483519048905
125799,0,0,-0.031445626702809926
125800,0,0,-0.08660558494951476
125801,0,0,-0.12226268987903754
125802,0,0,-0.13059810936725158
125803,0,0,-0.13251288663405553
125804,0,0,-0.1277892937332447
125805,0,0,-0.12988470054923734
125806,0,0,-0.060178255944014436
125807,0,0,-0.10940015758387078
125808,0,0,-0.02612771062630026
125809,0,0,-0.13381707617924998
125810,0,0,-0.1358495893565863
125811,0,0,-0.13043291444371657
125812,0,0,-0.1358495893565863
125813,0,0,-0.10822149433595879
125814,0,0,-0.06060223271263432
125815,0,0,-0.11819297994276229
125816,0,0,-0.11495622705582809
125817,0,0,-0.11819297994276229
125818,0,0,-0.07292801320925357
125819,0,0,-0.02751048368457437
125820,0,0,-0.06664699747023678
125821,0,0,-0.14005906103574717
125822,0,0,-0.06860196344658359
125823,0,0,-0.13868584318979282
125824,0,0,-0.06692422342949811
125825,0,0,-0.024627320218871096
125826,0,0,-0.02792385524588703
125827,0,0,-0.08306932109706394
125828,0,0,-0.0841961539765978
125829,0,0,-0.12143539174421347
125830,0,0,-0.085358468938865
125831,0,0,-0.06783833921921434
125832,0,0,-0.13251288663405553
125833,0,0,-0.1358495893565863
125834,0,0,-0.051466620227016646
125835,0,0,-0.12979360680921026
125836,0,0,-0.13079202810635904
125837,0,0,-0.06708998281387962
125838,0,0,-0.10848647665961508
125839,0,0,-0.11819297994276229
125840,0,0,-0.031445626702809926
125841,0,0,-0.08826141389400394
125842,0,0,-0.06081611355321703
125843,0,0,-0.05934245677407329
125844,0,0,-0.05976607060290595
125845,0,0,-0.05976607060290595
125846,0,0,-0.06018804332194466
125847,0,0,-0.13316648734653952
125848,0,0,-0.13158740931213653
125849,0,0,-0.13184931114964965
125850,0,0,-0.1272793635654469
125851,0,0,-0.11214812144762082
125852,0,0,-0.06748222901881157
125853,0,0,-0.11819297994276229
125854,0,0,-0.02612771062630026
125855,0,0,-0.11819297994276229
125856,0,0,-0.06138050151599089
125857,0,0,-0.06051886720077909
125858,0,0,-0.05946811356538484
125859,0,0,-0.059327868620296764
125860,0,0,-0.07258601000267689
125861,0,0,-0.1350508666457227
125862,0,0,-0.1354806290005951
125863,0,0,-0.13338260790083561
125864,0,0,-0.13107007921318636
125865,0,0,-0.06748222901881157
125866,0,0,-0.11214812144762082
125867,0,0,-0.048308645037976494
125868,0,0,-0.06801781229127951
125869,0,0,-0.13777185380934764
125870,0,0,-0.06893410433879604
125871,0,0,-0.13868584318979282
125872,0,0,-0.12143539174421347
125873,0,0,-0.0829270903925749
125874,0,0,-0.031445626702809926
125875,0,0,-0.02644821769480754
125876,0,0,-0.08474740218420235
125877,0,0,-0.12880654277468156
125878,0,0,-0.12914541096863807
125879,0,0,-0.13316785831980943
125880,0,0,-0.12976788699095837
125881,0,0,-0.10727031915742152
125882,0,0,-0.06718949439498717
125883,0,0,-0.06307625275756062
125884,0,0,-0.06307625275756062
125885,0,0,-0.04150515752551953
125886,0,0,-0.024627320218871096
125887,0,0,-0.12200703150659231
125888,0,0,-0.024494473206347955
125889,0,0,-0.02841346176898185
125890,0,0,-0.13473149677006224
125891,0,0,-0.1343607910932234
125892,0,0,-0.12695201805932727
125893,0,0,-0.12997068445071241
125894,0,0,-0.10989747524597965
125895,0,0,-0.059880577879818486
125896,0,1,0.042689583582014134
125897,0,0,-0.11819297994276229
125898,0,0,-0.11819297994276229
125899,0,0,-0.069165692932388
125900,0,0,-0.06697459987226712
125901,0,0,-0.14000594541415146
125902,0,0,-0.06936232031473594
125903,0,0,-0.14050612847279859
125904,0,0,-0.12143539174421347
125905,0,0,-0.0834946804628971
125906,0,0,-0.13473149677006224
125907,0,0,-0.13366996354048244
125908,0,0,-0.12695201805932727
125909,0,0,-0.13024344417157518
125910,0,0,-0.10909859830041102
125911,0,0,-0.059880577879818486
125912,0,0,-0.11819297994276229
125913,0,0,-0.11819297994276229
125914,0,0,-0.031445626702809926
125915,0,0,-0.08558941003357701
125916,0,0,-0.02751048368457437
125917,0,0,-0.06361760802127003
125918,0,0,-0.024627320218871096
125919,0,0,-0.02792385524588703
125920,0,0,-0.0841961539765978
125921,0,0,-0.13615428296875676
125922,0,0,-0.12851484551288433
125923,0,0,-0.1346099209635842
125924,0,0,-0.12923266266636585
125925,0,0,-0.10901590375981451
125926,0,0,-0.06708998281387962
125927,0,0,-0.11819297994276229
125928,0,0,-0.024494473206347955
125929,0,0,-0.11819297994276229
125930,0,0,-0.07276712098279131
125931,0,0,-0.13235722478525613
125932,0,0,-0.13235722478525613
125933,0,0,-0.12872065501145957
125934,0,0,-0.1310524153296903
125935,0,0,-0.09946033873123572
125936,0,0,-0.06634493803497865
125937,0,0,-0.09639628697104813
125938,0,0,-0.06606019911782729
125939,0,0,-0.14050612847279859
125940,0,0,-0.06636805311740912
125941,0,0,-0.13735893549438466
125942,0,0,-0.12143539174421347
125943,0,0,-0.06801781229127951
125944,0,0,-0.051466620227016646
125945,0,0,-0.08336795001596958
125946,0,0,-0.031445626702809926
125947,0,0,-0.08660558494951476
125948,0,0,-0.1345720520777644
125949,0,0,-0.12868913116003922
125950,0,0,-0.12855730672445348
125951,0,0,-0.12855730672445348
125952,0,0,-0.1101846062508074
125953,0,0,-0.059880577879818486
125954,0,0,-0.08306932109706394
125955,0,0,-0.02612771062630026
125956,0,0,-0.1315629832829579
125957,0,0,-0.13102114814648813
125958,0,0,-0.13635061292359646
125959,0,0,-0.13738844063337263
125960,0,0,-0.10832559336137643
125961,0,0,-0.07947790023471679
125962,0,0,-0.11819297994276229
125963,0,0,-0.06733313702553245
125964,0,0,-0.06361760802127003
125965,0,0,-0.13777185380934764
125966,0,0,-0.06584378185822798
125967,0,0,-0.13855706476674462
125968,0,0,-0.12249819396253825
125969,0,0,-0.12143539174421347
125970,0,0,-0.085358468938865
125971,0,0,-0.1315629832829579
125972,0,0,-0.12715781971524148
125973,0,0,-0.12868913116003922
125974,0,0,-0.12769213788919098
125975,0,0,-0.06748222901881157
125976,0,0,-0.1099856631585357
125977,0,0,-0.031445626702809926
125978,0,0,-0.08660558494951476
125979,0,0,-0.12961380819139035
125980,0,0,-0.13292301995476036
125981,0,0,-0.13546539012442
125982,0,0,-0.13546539012442
125983,0,0,-0.06748222901881157
125984,0,0,-0.11214812144762082
125985,0,0,-0.11819297994276229
125986,0,0,-0.11819297994276229
125987,0,0,-0.02612771062630026
125988,0,0,-0.02788500282944384
125989,0,0,-0.06601367222041976
125990,0,0,-0.024627320218871096
125991,0,0,-0.02792385524588703
125992,0,0,-0.11819297994276229
125993,0,0,-0.07132551500104722
125994,0,0,-0.08306932109706394
125995,0,0,-0.0841961539765978
125996,0,0,-0.12627654352624518
125997,0,0,-0.13088866750839478
125998,0,0,-0.13546539012442
125999,0,0,-0.13444753706156443
126000,0,0,-0.06718949439498717
126001,0,0,-0.11214812144762082
126002,0,0,-0.11819297994276229
126003,0,0,-0.06636805311740912
126004,0,0,-0.13664830384733617
126005,0,0,-0.06626654025674289
126006,0,0,-0.1378655172683379
126007,0,0,-0.12143539174421347
126008,0,0,-0.08448949429891373
126009,0,0,-0.031445626702809926
126010,0,0,-0.08660558494951476
126011,0,0,-0.1223163924347101
126012,0,0,-0.12285764883271427
126013,0,0,-0.12896489219200752
126014,0,0,-0.12858610536060078
126015,0,0,-0.10281408373496431
126016,0,0,-0.06748222901881157
126017,0,0,-0.11819297994276229
126018,0,0,-0.02612771062630026
126019,0,0,-0.1223163924347101
126020,0,0,-0.12964782230700445
126021,0,0,-0.12285764883271427
126022,0,0,-0.13309165351102292
126023,0,0,-0.06708998281387962
126024,0,0,-0.10200707332728298
126025,0,0,-0.11819297994276229
126026,0,0,-0.11819297994276229
126027,0,0,-0.06449853075234246
126028,0,0,-0.06606019911782729
126029,0,0,-0.13735893549438466
126030,0,0,-0.06832427748291187
126031,0,0,-0.13984870279971917
126032,0,0,-0.06743287014356636
126033,0,0,-0.12143539174421347
126034,0,0,-0.08507783322685297
126035,0,0,-0.051466620227016646
126036,0,0,-0.13299740246935204
126037,0,0,-0.13309165351102292
126038,0,0,-0.12302332111133452
126039,0,0,-0.12964782230700445
126040,0,0,-0.10200707332728298
126041,0,0,-0.06708998281387962
126042,0,0,-0.031445626702809926
126043,0,0,-0.08474740218420235
126044,0,0,-0.05964049880050537
126045,0,0,-0.05992377081714684
126046,0,0,-0.05964049880050537
126047,0,0,-0.05964049880050537
126048,0,0,-0.12317296828406338
126049,0,0,-0.04871467572465604
126050,0,0,-0.12946138577797367
126051,0,0,-0.13240393396251104
126052,0,0,-0.12951007144385662
126053,0,0,-0.12596211213316105
126054,0,0,-0.1066791675680141
126055,0,0,-0.07853023195186398
126056,0,0,-0.02612771062630026
126057,0,0,-0.06665556905659809
126058,0,0,-0.13240393396251104
126059,0,0,-0.12891645996570528
126060,0,0,-0.125986046593347
126061,0,0,-0.12951007144385662
126062,0,0,-0.1066791675680141
126063,0,0,-0.07853023195186398
126064,0,0,-0.11819297994276229
126065,0,0,-0.09639628697104813
126066,0,0,-0.06941979474813903
126067,0,0,-0.14102927034021362
126068,0,0,-0.061983118376130686
126069,0,0,-0.13937296475069422
126070,0,0,-0.12143539174421347
126071,0,0,-0.08270336777044102
126072,0,0,-0.02788500282944384
126073,0,0,-0.031445626702809926
126074,0,0,-0.06470358965083678
126075,0,0,-0.024627320218871096
126076,0,0,-0.02792385524588703
126077,0,0,-0.08306932109706394
126078,0,0,-0.0841961539765978
126079,0,0,-0.08660558494951476
126080,0,0,-0.06138050151599089
126081,0,0,-0.05992377081714684
126082,0,0,-0.05962592051353588
126083,0,0,-0.13366996354048244
126084,0,0,-0.133422507317357
126085,0,0,-0.12942650762918956
126086,0,0,-0.12942650762918956
126087,0,0,-0.05946811356538484
126088,0,0,-0.06078657186154618
126089,0,0,-0.10989747524597965
126090,0,0,-0.06748222901881157
126091,0,0,-0.11819297994276229
126092,0,0,-0.048308645037976494
126093,0,0,-0.039720757134857565
126094,0,0,-0.024627320218871096
126095,0,0,-0.13640010087144622
126096,0,0,-0.02612771062630026
126097,0,0,-0.02612771062630026
126098,0,0,-0.1373375558332925
126099,0,0,-0.13117942714607989
126100,0,0,-0.1315629832829579
126101,0,0,-0.1099856631585357
126102,0,0,-0.06748222901881157
126103,0,0,-0.11819297994276229
126104,0,0,-0.11819297994276229
126105,0,0,-0.06426492284255297
126106,0,0,-0.11819297994276229
126107,0,0,-0.0584434507084719
126108,0,0,-0.13984870279971917
126109,0,0,-0.06936232031473594
126110,0,0,-0.14073590549455528
126111,0,0,-0.12143539174421347
126112,0,0,-0.085358468938865
126113,0,0,-0.13009165370390657
126114,0,0,-0.12769213788919098
126115,0,0,-0.13182490248475792
126116,0,0,-0.1367460763996387
126117,0,0,-0.10907335183358974
126118,0,0,-0.06718949439498717
126119,0,0,-0.031445626702809926
126120,0,0,-0.08474740218420235
126121,0,0,-0.12874315362125494
126122,0,0,-0.13597113767390423
126123,0,0,-0.137448893254091
126124,0,0,-0.1368985629726705
126125,0,0,-0.11034763444058393
126126,0,0,-0.06718949439498717
126127,0,0,-0.02612771062630026
126128,0,0,-0.11819297994276229
126129,0,0,-0.06089770531117378
126130,0,0,-0.12047010926948831
126131,0,0,-0.11819297994276229
126132,0,0,-0.1307491122237845
126133,0,0,-0.13105454988978238
126134,0,0,-0.1279495610991344
126135,0,0,-0.13597113767390423
126136,0,0,-0.11034763444058393
126137,0,0,-0.06718949439498717
126138,0,0,-0.06332225776301431
126139,0,0,-0.13959917653677856
126140,0,0,-0.06689366646111522
126141,0,0,-0.14050612847279859
126142,0,0,-0.061342977084022254
126143,0,0,-0.12143539174421347
126144,0,0,-0.051466620227016646
126145,0,0,-0.08344927427309617
126146,0,0,-0.031445626702809926
126147,0,0,-0.08558941003357701
126148,0,0,-0.12763215358050278
126149,0,0,-0.1292363673335823
126150,0,0,-0.1292363673335823
126151,0,0,-0.13381430407159217
126152,0,0,-0.06718949439498717
126153,0,0,-0.10949023354098197
126154,0,0,-0.11819297994276229
126155,0,0,-0.11819297994276229
126156,0,0,-0.02788500282944384
126157,0,0,-0.06565900170957467
126158,0,0,-0.024627320218871096
126159,0,0,-0.02792385524588703
126160,0,0,-0.08306932109706394
126161,0,0,-0.0841961539765978
126162,0,0,-0.12873915585521184
126163,0,0,-0.13381430407159217
126164,0,0,-0.13126041874859878
126165,0,0,-0.13126041874859878
126166,0,0,-0.06210712033111632
126167,0,0,-0.10949023354098197
126168,0,0,-0.02612771062630026
126169,0,0,-0.11819297994276229
126170,0,0,-0.060600514181281984
126171,0,0,-0.11819297994276229
126172,0,0,-0.06689366646111522
126173,0,0,-0.13868584318979282
126174,0,0,-0.06820429487695645
126175,0,0,-0.14000594541415146
126176,0,0,-0.12143539174421347
126177,0,0,-0.0861051557205918
126178,0,0,-0.13557424231738652
126179,0,0,-0.1272793635654469
126180,0,0,-0.13135080250566966
126181,0,0,-0.13493581569684698
126182,0,0,-0.06689656164390478
126183,0,0,-0.11129582441689745
126184,0,0,-0.11819297994276229
126185,0,0,-0.031445626702809926
126186,0,0,-0.08474740218420235
126187,0,0,-0.12886851777162783
126188,0,0,-0.1321430344848103
126189,0,0,-0.13582792431087343
126190,0,0,-0.1364588571082101
126191,0,0,-0.06116116123302756
126192,0,0,-0.10970074180729172
126193,0,0,-0.02612771062630026
126194,0,0,-0.07229672969566131
126195,0,0,-0.11819297994276229
126196,0,0,-0.12843974808303532
126197,0,0,-0.1361959886182303
126198,0,0,-0.13108413345172948
126199,0,0,-0.13194982533345118
126200,0,0,-0.11041245334334909
126201,0,0,-0.06748222901881157
126202,0,0,-0.06965358533149213
126203,0,0,-0.14050612847279859
126204,0,0,-0.06731288324288165
126205,0,0,-0.14050612847279859
126206,0,0,-0.12143539174421347
126207,0,0,-0.08344927427309617
126208,0,0,-0.031445626702809926
126209,0,0,-0.12047010926948831
126210,0,0,-0.08660558494951476
126211,0,0,-0.1345207720576067
126212,0,0,-0.1337697883805175
126213,0,0,-0.1315757159636397
126214,0,0,-0.13034184398163817
126215,0,0,-0.06748222901881157
126216,0,0,-0.1099856631585357
126217,0,0,-0.1315629832829579
126218,0,0,-0.13749299225188716
126219,0,0,-0.13635061292359646
126220,0,0,-0.13183456927253306
126221,0,0,-0.10907335183358974
126222,0,0,-0.059880577879818486
126223,0,0,-0.11819297994276229
126224,0,0,-0.02612771062630026
126225,0,0,-0.11819297994276229
126226,0,0,-0.0716201185947502
126227,0,0,-0.09639628697104813
126228,0,0,-0.02788500282944384
126229,0,0,-0.0675098533985477
126230,0,0,-0.024627320218871096
126231,0,0,-0.02792385524588703
126232,0,0,-0.08306932109706394
126233,0,0,-0.0841961539765978
126234,0,0,-0.06689366646111522
126235,0,0,-0.14073590549455528
126236,0,0,-0.06920800238106184
126237,0,0,-0.13735893549438466
126238,0,0,-0.06664699747023678
126239,0,0,-0.12143539174421347
126240,0,0,-0.08490030209494226
126241,0,0,-0.050710267528048636
126242,0,0,-0.1315629832829579
126243,0,0,-0.13561114052427758
126244,0,0,-0.13561114052427758
126245,0,0,-0.136066486727005
126246,0,0,-0.060178255944014436
126247,0,0,-0.11819297994276229
126248,0,0,-0.10907335183358974
126249,0,0,-0.031445626702809926
126250,0,0,-0.08474740218420235
126251,0,0,-0.03778359443244245
126252,0,0,-0.040032070444653456
126253,0,0,-0.060063826114955365
126254,0,0,-0.06108363714993381
126255,0,0,-0.06018804332194466
126256,0,0,-0.13473149677006224
126257,0,0,-0.13508833348889254
126258,0,0,-0.12559306256433123
126259,0,0,-0.13456425997177152
126260,0,0,-0.11004174867505173
126261,0,0,-0.059880577879818486
126262,0,0,-0.11819297994276229
126263,0,0,-0.02612771062630026
126264,0,0,-0.06704030149397316
126265,0,0,-0.11819297994276229
126266,0,0,-0.12969027187999627
126267,0,0,-0.13508833348889254
126268,0,0,-0.13473149677006224
126269,0,0,-0.13473149677006224
126270,0,0,-0.11004174867505173
126271,0,0,-0.059880577879818486
126272,0,0,-0.06635369754896198
126273,0,0,-0.14008340708724004
126274,0,0,-0.06885594240109605
126275,0,0,-0.13868584318979282
126276,0,0,-0.12143539174421347
126277,0,0,-0.08448949429891373
126278,0,0,-0.031445626702809926
126279,0,0,-0.08660558494951476
126280,0,0,-0.02644821769480754
126281,0,0,-0.06227937437133041
126282,0,0,-0.05992377081714684
126283,0,0,-0.060580530353226136
126284,0,0,-0.05904421302825219
126285,0,0,-0.059327868620296764
126286,0,0,-0.1223163924347101
126287,0,0,-0.12285764883271427
126288,0,0,-0.13169486508317463
126289,0,0,-0.1223163924347101
126290,0,0,-0.10281408373496437
126291,0,0,-0.06325552529075268
126292,0,0,-0.04874990964087378
126293,0,0,-0.12317296828406338
126294,0,0,-0.13473149677006224
126295,0,0,-0.12741295639719652
126296,0,0,-0.07431859985097355
126297,0,0,-0.13508833348889254
126298,0,0,-0.13473149677006224
126299,0,0,-0.10989747524597965
126300,0,0,-0.059880577879818486
126301,0,0,-0.07000499397891796
126302,0,0,-0.06664699747023678
126303,0,0,-0.09612119816235942
126304,0,0,-0.09168600131106336
126305,0,0,-0.04233324874582389
126306,0,0,-0.024627320218871096
126307,0,0,-0.07090421921560758
126308,0,0,-0.0829310077486678
126309,0,0,-0.02841346176898185
126310,0,0,-0.024494473206347955
126311,0,0,-0.11819297994276229
126312,0,0,-0.14902005926629297
126313,0,0,-0.11819297994276229
126314,0,0,-0.14902005926629297
126315,0,0,-0.05563725101241235
126316,0,0,-0.1483764671727612
126317,0,1,0.14941859655326506
